Partition Merge report for fft16OPT
Tue Nov 11 00:14:36 2025
Quartus Prime Version 23.1std.0 Build 991 11/28/2023 SC Lite Edition


---------------------
; Table of Contents ;
---------------------
  1. Legal Notice
  2. Partition Merge Summary
  3. Partition Merge Netlist Types Used
  4. Partition Merge Partition Statistics
  5. Partition Merge Partition Pin Processing
  6. Partition Merge Resource Usage Summary
  7. Partition Merge RAM Summary
  8. Partition Merge DSP Block Usage Summary
  9. Partition Merge Messages



----------------
; Legal Notice ;
----------------
Copyright (C) 2023  Intel Corporation. All rights reserved.
Your use of Intel Corporation's design tools, logic functions 
and other software and tools, and any partner logic 
functions, and any output files from any of the foregoing 
(including device programming or simulation files), and any 
associated documentation or information are expressly subject 
to the terms and conditions of the Intel Program License 
Subscription Agreement, the Intel Quartus Prime License Agreement,
the Intel FPGA IP License Agreement, or other applicable license
agreement, including, without limitation, that your use is for
the sole purpose of programming logic devices manufactured by
Intel and sold by Intel or its authorized distributors.  Please
refer to the applicable agreement for further details, at
https://fpgasoftware.intel.com/eula.



+-------------------------------------------------------------------------------------+
; Partition Merge Summary                                                             ;
+------------------------------------+------------------------------------------------+
; Partition Merge Status             ; Successful - Tue Nov 11 00:14:36 2025          ;
; Quartus Prime Version              ; 23.1std.0 Build 991 11/28/2023 SC Lite Edition ;
; Revision Name                      ; fft16OPT                                       ;
; Top-level Entity Name              ; fft16OPT_sync                                  ;
; Family                             ; MAX 10                                         ;
; Total logic elements               ; 2,898                                          ;
;     Total combinational functions  ; 2,094                                          ;
;     Dedicated logic registers      ; 2,624                                          ;
; Total registers                    ; 2624                                           ;
; Total pins                         ; 302                                            ;
; Total virtual pins                 ; 0                                              ;
; Total memory bits                  ; 327                                            ;
; Embedded Multiplier 9-bit elements ; 32                                             ;
; Total PLLs                         ; 0                                              ;
; UFM blocks                         ; 0                                              ;
; ADC blocks                         ; 0                                              ;
+------------------------------------+------------------------------------------------+


+-------------------------------------------------------------------------------------------------------------------------------+
; Partition Merge Netlist Types Used                                                                                            ;
+--------------------------------+----------------+-------------------+------------------------+--------------------------------+
; Partition Name                 ; Partition Type ; Netlist Type Used ; Netlist Type Requested ; Partition Contents             ;
+--------------------------------+----------------+-------------------+------------------------+--------------------------------+
; Top                            ; User-created   ; Source File       ; Source File            ;                                ;
; hard_block:auto_generated_inst ; Auto-generated ; Source File       ; Source File            ; hard_block:auto_generated_inst ;
+--------------------------------+----------------+-------------------+------------------------+--------------------------------+


+--------------------------------------------------------------------------------------+
; Partition Merge Partition Statistics                                                 ;
+---------------------------------------------+-------+--------------------------------+
; Statistic                                   ; Top   ; hard_block:auto_generated_inst ;
+---------------------------------------------+-------+--------------------------------+
; Estimated Total logic elements              ; 2898  ; 0                              ;
;                                             ;       ;                                ;
; Total combinational functions               ; 2094  ; 0                              ;
; Logic element usage by number of LUT inputs ;       ;                                ;
;     -- 4 input functions                    ; 34    ; 0                              ;
;     -- 3 input functions                    ; 1579  ; 0                              ;
;     -- <=2 input functions                  ; 481   ; 0                              ;
;                                             ;       ;                                ;
; Logic elements by mode                      ;       ;                                ;
;     -- normal mode                          ; 418   ; 0                              ;
;     -- arithmetic mode                      ; 1676  ; 0                              ;
;                                             ;       ;                                ;
; Total registers                             ; 2624  ; 0                              ;
;     -- Dedicated logic registers            ; 2624  ; 0                              ;
;     -- I/O registers                        ; 0     ; 0                              ;
;                                             ;       ;                                ;
; Virtual pins                                ; 0     ; 0                              ;
; I/O pins                                    ; 302   ; 0                              ;
; Embedded Multiplier 9-bit elements          ; 32    ; 0                              ;
; Total memory bits                           ; 327   ; 0                              ;
; Total RAM block bits                        ; 0     ; 0                              ;
;                                             ;       ;                                ;
; Connections                                 ;       ;                                ;
;     -- Input Connections                    ; 0     ; 0                              ;
;     -- Registered Input Connections         ; 0     ; 0                              ;
;     -- Output Connections                   ; 0     ; 0                              ;
;     -- Registered Output Connections        ; 0     ; 0                              ;
;                                             ;       ;                                ;
; Internal Connections                        ;       ;                                ;
;     -- Total Connections                    ; 12865 ; 0                              ;
;     -- Registered Connections               ; 5129  ; 0                              ;
;                                             ;       ;                                ;
; External Connections                        ;       ;                                ;
;     -- Top                                  ; 0     ; 0                              ;
;     -- hard_block:auto_generated_inst       ; 0     ; 0                              ;
;                                             ;       ;                                ;
; Partition Interface                         ;       ;                                ;
;     -- Input Ports                          ; 194   ; 0                              ;
;     -- Output Ports                         ; 108   ; 0                              ;
;     -- Bidir Ports                          ; 0     ; 0                              ;
;                                             ;       ;                                ;
; Registered Ports                            ;       ;                                ;
;     -- Registered Input Ports               ; 0     ; 0                              ;
;     -- Registered Output Ports              ; 0     ; 0                              ;
;                                             ;       ;                                ;
; Port Connectivity                           ;       ;                                ;
;     -- Input Ports driven by GND            ; 0     ; 0                              ;
;     -- Output Ports driven by GND           ; 0     ; 0                              ;
;     -- Input Ports driven by VCC            ; 0     ; 0                              ;
;     -- Output Ports driven by VCC           ; 0     ; 0                              ;
;     -- Input Ports with no Source           ; 0     ; 0                              ;
;     -- Output Ports with no Source          ; 0     ; 0                              ;
;     -- Input Ports with no Fanout           ; 0     ; 0                              ;
;     -- Output Ports with no Fanout          ; 0     ; 0                              ;
+---------------------------------------------+-------+--------------------------------+
Note: Resource usage numbers presented for Partitions containing post-synthesis logic are estimates.  For Partitions containing post-fit logic, resource usage numbers are accurate based on previous placement information.  Actual Fitter results may vary depending on current Fitter Preservation Level assignments.


+----------------------------------------------------------------------------------+
; Partition Merge Partition Pin Processing                                         ;
+-----------------------------+-----------+---------------+----------+-------------+
; Name                        ; Partition ; Type          ; Location ; Status      ;
+-----------------------------+-----------+---------------+----------+-------------+
; clk                         ; Top       ; Input Port    ; n/a      ;             ;
;     -- clk                  ; Top       ; Input Pad     ; Unplaced ; Synthesized ;
;     -- clk~input            ; Top       ; Input Buffer  ; Unplaced ; Synthesized ;
;                             ;           ;               ;          ;             ;
; rst                         ; Top       ; Input Port    ; n/a      ;             ;
;     -- rst                  ; Top       ; Input Pad     ; Unplaced ; Synthesized ;
;     -- rst~input            ; Top       ; Input Buffer  ; Unplaced ; Synthesized ;
;                             ;           ;               ;          ;             ;
; x_in[0][-10]                ; Top       ; Input Port    ; n/a      ;             ;
;     -- x_in[0][-10]         ; Top       ; Input Pad     ; Unplaced ; Synthesized ;
;     -- x_in[0][-10]~input   ; Top       ; Input Buffer  ; Unplaced ; Synthesized ;
;                             ;           ;               ;          ;             ;
; x_in[0][-11]                ; Top       ; Input Port    ; n/a      ;             ;
;     -- x_in[0][-11]         ; Top       ; Input Pad     ; Unplaced ; Synthesized ;
;     -- x_in[0][-11]~input   ; Top       ; Input Buffer  ; Unplaced ; Synthesized ;
;                             ;           ;               ;          ;             ;
; x_in[0][-1]                 ; Top       ; Input Port    ; n/a      ;             ;
;     -- x_in[0][-1]          ; Top       ; Input Pad     ; Unplaced ; Synthesized ;
;     -- x_in[0][-1]~input    ; Top       ; Input Buffer  ; Unplaced ; Synthesized ;
;                             ;           ;               ;          ;             ;
; x_in[0][-2]                 ; Top       ; Input Port    ; n/a      ;             ;
;     -- x_in[0][-2]          ; Top       ; Input Pad     ; Unplaced ; Synthesized ;
;     -- x_in[0][-2]~input    ; Top       ; Input Buffer  ; Unplaced ; Synthesized ;
;                             ;           ;               ;          ;             ;
; x_in[0][-3]                 ; Top       ; Input Port    ; n/a      ;             ;
;     -- x_in[0][-3]          ; Top       ; Input Pad     ; Unplaced ; Synthesized ;
;     -- x_in[0][-3]~input    ; Top       ; Input Buffer  ; Unplaced ; Synthesized ;
;                             ;           ;               ;          ;             ;
; x_in[0][-4]                 ; Top       ; Input Port    ; n/a      ;             ;
;     -- x_in[0][-4]          ; Top       ; Input Pad     ; Unplaced ; Synthesized ;
;     -- x_in[0][-4]~input    ; Top       ; Input Buffer  ; Unplaced ; Synthesized ;
;                             ;           ;               ;          ;             ;
; x_in[0][-5]                 ; Top       ; Input Port    ; n/a      ;             ;
;     -- x_in[0][-5]          ; Top       ; Input Pad     ; Unplaced ; Synthesized ;
;     -- x_in[0][-5]~input    ; Top       ; Input Buffer  ; Unplaced ; Synthesized ;
;                             ;           ;               ;          ;             ;
; x_in[0][-6]                 ; Top       ; Input Port    ; n/a      ;             ;
;     -- x_in[0][-6]          ; Top       ; Input Pad     ; Unplaced ; Synthesized ;
;     -- x_in[0][-6]~input    ; Top       ; Input Buffer  ; Unplaced ; Synthesized ;
;                             ;           ;               ;          ;             ;
; x_in[0][-7]                 ; Top       ; Input Port    ; n/a      ;             ;
;     -- x_in[0][-7]          ; Top       ; Input Pad     ; Unplaced ; Synthesized ;
;     -- x_in[0][-7]~input    ; Top       ; Input Buffer  ; Unplaced ; Synthesized ;
;                             ;           ;               ;          ;             ;
; x_in[0][-8]                 ; Top       ; Input Port    ; n/a      ;             ;
;     -- x_in[0][-8]          ; Top       ; Input Pad     ; Unplaced ; Synthesized ;
;     -- x_in[0][-8]~input    ; Top       ; Input Buffer  ; Unplaced ; Synthesized ;
;                             ;           ;               ;          ;             ;
; x_in[0][-9]                 ; Top       ; Input Port    ; n/a      ;             ;
;     -- x_in[0][-9]          ; Top       ; Input Pad     ; Unplaced ; Synthesized ;
;     -- x_in[0][-9]~input    ; Top       ; Input Buffer  ; Unplaced ; Synthesized ;
;                             ;           ;               ;          ;             ;
; x_in[0][0]                  ; Top       ; Input Port    ; n/a      ;             ;
;     -- x_in[0][0]           ; Top       ; Input Pad     ; Unplaced ; Synthesized ;
;     -- x_in[0][0]~input     ; Top       ; Input Buffer  ; Unplaced ; Synthesized ;
;                             ;           ;               ;          ;             ;
; x_in[10][-10]               ; Top       ; Input Port    ; n/a      ;             ;
;     -- x_in[10][-10]        ; Top       ; Input Pad     ; Unplaced ; Synthesized ;
;     -- x_in[10][-10]~input  ; Top       ; Input Buffer  ; Unplaced ; Synthesized ;
;                             ;           ;               ;          ;             ;
; x_in[10][-11]               ; Top       ; Input Port    ; n/a      ;             ;
;     -- x_in[10][-11]        ; Top       ; Input Pad     ; Unplaced ; Synthesized ;
;     -- x_in[10][-11]~input  ; Top       ; Input Buffer  ; Unplaced ; Synthesized ;
;                             ;           ;               ;          ;             ;
; x_in[10][-1]                ; Top       ; Input Port    ; n/a      ;             ;
;     -- x_in[10][-1]         ; Top       ; Input Pad     ; Unplaced ; Synthesized ;
;     -- x_in[10][-1]~input   ; Top       ; Input Buffer  ; Unplaced ; Synthesized ;
;                             ;           ;               ;          ;             ;
; x_in[10][-2]                ; Top       ; Input Port    ; n/a      ;             ;
;     -- x_in[10][-2]         ; Top       ; Input Pad     ; Unplaced ; Synthesized ;
;     -- x_in[10][-2]~input   ; Top       ; Input Buffer  ; Unplaced ; Synthesized ;
;                             ;           ;               ;          ;             ;
; x_in[10][-3]                ; Top       ; Input Port    ; n/a      ;             ;
;     -- x_in[10][-3]         ; Top       ; Input Pad     ; Unplaced ; Synthesized ;
;     -- x_in[10][-3]~input   ; Top       ; Input Buffer  ; Unplaced ; Synthesized ;
;                             ;           ;               ;          ;             ;
; x_in[10][-4]                ; Top       ; Input Port    ; n/a      ;             ;
;     -- x_in[10][-4]         ; Top       ; Input Pad     ; Unplaced ; Synthesized ;
;     -- x_in[10][-4]~input   ; Top       ; Input Buffer  ; Unplaced ; Synthesized ;
;                             ;           ;               ;          ;             ;
; x_in[10][-5]                ; Top       ; Input Port    ; n/a      ;             ;
;     -- x_in[10][-5]         ; Top       ; Input Pad     ; Unplaced ; Synthesized ;
;     -- x_in[10][-5]~input   ; Top       ; Input Buffer  ; Unplaced ; Synthesized ;
;                             ;           ;               ;          ;             ;
; x_in[10][-6]                ; Top       ; Input Port    ; n/a      ;             ;
;     -- x_in[10][-6]         ; Top       ; Input Pad     ; Unplaced ; Synthesized ;
;     -- x_in[10][-6]~input   ; Top       ; Input Buffer  ; Unplaced ; Synthesized ;
;                             ;           ;               ;          ;             ;
; x_in[10][-7]                ; Top       ; Input Port    ; n/a      ;             ;
;     -- x_in[10][-7]         ; Top       ; Input Pad     ; Unplaced ; Synthesized ;
;     -- x_in[10][-7]~input   ; Top       ; Input Buffer  ; Unplaced ; Synthesized ;
;                             ;           ;               ;          ;             ;
; x_in[10][-8]                ; Top       ; Input Port    ; n/a      ;             ;
;     -- x_in[10][-8]         ; Top       ; Input Pad     ; Unplaced ; Synthesized ;
;     -- x_in[10][-8]~input   ; Top       ; Input Buffer  ; Unplaced ; Synthesized ;
;                             ;           ;               ;          ;             ;
; x_in[10][-9]                ; Top       ; Input Port    ; n/a      ;             ;
;     -- x_in[10][-9]         ; Top       ; Input Pad     ; Unplaced ; Synthesized ;
;     -- x_in[10][-9]~input   ; Top       ; Input Buffer  ; Unplaced ; Synthesized ;
;                             ;           ;               ;          ;             ;
; x_in[10][0]                 ; Top       ; Input Port    ; n/a      ;             ;
;     -- x_in[10][0]          ; Top       ; Input Pad     ; Unplaced ; Synthesized ;
;     -- x_in[10][0]~input    ; Top       ; Input Buffer  ; Unplaced ; Synthesized ;
;                             ;           ;               ;          ;             ;
; x_in[11][-10]               ; Top       ; Input Port    ; n/a      ;             ;
;     -- x_in[11][-10]        ; Top       ; Input Pad     ; Unplaced ; Synthesized ;
;     -- x_in[11][-10]~input  ; Top       ; Input Buffer  ; Unplaced ; Synthesized ;
;                             ;           ;               ;          ;             ;
; x_in[11][-11]               ; Top       ; Input Port    ; n/a      ;             ;
;     -- x_in[11][-11]        ; Top       ; Input Pad     ; Unplaced ; Synthesized ;
;     -- x_in[11][-11]~input  ; Top       ; Input Buffer  ; Unplaced ; Synthesized ;
;                             ;           ;               ;          ;             ;
; x_in[11][-1]                ; Top       ; Input Port    ; n/a      ;             ;
;     -- x_in[11][-1]         ; Top       ; Input Pad     ; Unplaced ; Synthesized ;
;     -- x_in[11][-1]~input   ; Top       ; Input Buffer  ; Unplaced ; Synthesized ;
;                             ;           ;               ;          ;             ;
; x_in[11][-2]                ; Top       ; Input Port    ; n/a      ;             ;
;     -- x_in[11][-2]         ; Top       ; Input Pad     ; Unplaced ; Synthesized ;
;     -- x_in[11][-2]~input   ; Top       ; Input Buffer  ; Unplaced ; Synthesized ;
;                             ;           ;               ;          ;             ;
; x_in[11][-3]                ; Top       ; Input Port    ; n/a      ;             ;
;     -- x_in[11][-3]         ; Top       ; Input Pad     ; Unplaced ; Synthesized ;
;     -- x_in[11][-3]~input   ; Top       ; Input Buffer  ; Unplaced ; Synthesized ;
;                             ;           ;               ;          ;             ;
; x_in[11][-4]                ; Top       ; Input Port    ; n/a      ;             ;
;     -- x_in[11][-4]         ; Top       ; Input Pad     ; Unplaced ; Synthesized ;
;     -- x_in[11][-4]~input   ; Top       ; Input Buffer  ; Unplaced ; Synthesized ;
;                             ;           ;               ;          ;             ;
; x_in[11][-5]                ; Top       ; Input Port    ; n/a      ;             ;
;     -- x_in[11][-5]         ; Top       ; Input Pad     ; Unplaced ; Synthesized ;
;     -- x_in[11][-5]~input   ; Top       ; Input Buffer  ; Unplaced ; Synthesized ;
;                             ;           ;               ;          ;             ;
; x_in[11][-6]                ; Top       ; Input Port    ; n/a      ;             ;
;     -- x_in[11][-6]         ; Top       ; Input Pad     ; Unplaced ; Synthesized ;
;     -- x_in[11][-6]~input   ; Top       ; Input Buffer  ; Unplaced ; Synthesized ;
;                             ;           ;               ;          ;             ;
; x_in[11][-7]                ; Top       ; Input Port    ; n/a      ;             ;
;     -- x_in[11][-7]         ; Top       ; Input Pad     ; Unplaced ; Synthesized ;
;     -- x_in[11][-7]~input   ; Top       ; Input Buffer  ; Unplaced ; Synthesized ;
;                             ;           ;               ;          ;             ;
; x_in[11][-8]                ; Top       ; Input Port    ; n/a      ;             ;
;     -- x_in[11][-8]         ; Top       ; Input Pad     ; Unplaced ; Synthesized ;
;     -- x_in[11][-8]~input   ; Top       ; Input Buffer  ; Unplaced ; Synthesized ;
;                             ;           ;               ;          ;             ;
; x_in[11][-9]                ; Top       ; Input Port    ; n/a      ;             ;
;     -- x_in[11][-9]         ; Top       ; Input Pad     ; Unplaced ; Synthesized ;
;     -- x_in[11][-9]~input   ; Top       ; Input Buffer  ; Unplaced ; Synthesized ;
;                             ;           ;               ;          ;             ;
; x_in[11][0]                 ; Top       ; Input Port    ; n/a      ;             ;
;     -- x_in[11][0]          ; Top       ; Input Pad     ; Unplaced ; Synthesized ;
;     -- x_in[11][0]~input    ; Top       ; Input Buffer  ; Unplaced ; Synthesized ;
;                             ;           ;               ;          ;             ;
; x_in[12][-10]               ; Top       ; Input Port    ; n/a      ;             ;
;     -- x_in[12][-10]        ; Top       ; Input Pad     ; Unplaced ; Synthesized ;
;     -- x_in[12][-10]~input  ; Top       ; Input Buffer  ; Unplaced ; Synthesized ;
;                             ;           ;               ;          ;             ;
; x_in[12][-11]               ; Top       ; Input Port    ; n/a      ;             ;
;     -- x_in[12][-11]        ; Top       ; Input Pad     ; Unplaced ; Synthesized ;
;     -- x_in[12][-11]~input  ; Top       ; Input Buffer  ; Unplaced ; Synthesized ;
;                             ;           ;               ;          ;             ;
; x_in[12][-1]                ; Top       ; Input Port    ; n/a      ;             ;
;     -- x_in[12][-1]         ; Top       ; Input Pad     ; Unplaced ; Synthesized ;
;     -- x_in[12][-1]~input   ; Top       ; Input Buffer  ; Unplaced ; Synthesized ;
;                             ;           ;               ;          ;             ;
; x_in[12][-2]                ; Top       ; Input Port    ; n/a      ;             ;
;     -- x_in[12][-2]         ; Top       ; Input Pad     ; Unplaced ; Synthesized ;
;     -- x_in[12][-2]~input   ; Top       ; Input Buffer  ; Unplaced ; Synthesized ;
;                             ;           ;               ;          ;             ;
; x_in[12][-3]                ; Top       ; Input Port    ; n/a      ;             ;
;     -- x_in[12][-3]         ; Top       ; Input Pad     ; Unplaced ; Synthesized ;
;     -- x_in[12][-3]~input   ; Top       ; Input Buffer  ; Unplaced ; Synthesized ;
;                             ;           ;               ;          ;             ;
; x_in[12][-4]                ; Top       ; Input Port    ; n/a      ;             ;
;     -- x_in[12][-4]         ; Top       ; Input Pad     ; Unplaced ; Synthesized ;
;     -- x_in[12][-4]~input   ; Top       ; Input Buffer  ; Unplaced ; Synthesized ;
;                             ;           ;               ;          ;             ;
; x_in[12][-5]                ; Top       ; Input Port    ; n/a      ;             ;
;     -- x_in[12][-5]         ; Top       ; Input Pad     ; Unplaced ; Synthesized ;
;     -- x_in[12][-5]~input   ; Top       ; Input Buffer  ; Unplaced ; Synthesized ;
;                             ;           ;               ;          ;             ;
; x_in[12][-6]                ; Top       ; Input Port    ; n/a      ;             ;
;     -- x_in[12][-6]         ; Top       ; Input Pad     ; Unplaced ; Synthesized ;
;     -- x_in[12][-6]~input   ; Top       ; Input Buffer  ; Unplaced ; Synthesized ;
;                             ;           ;               ;          ;             ;
; x_in[12][-7]                ; Top       ; Input Port    ; n/a      ;             ;
;     -- x_in[12][-7]         ; Top       ; Input Pad     ; Unplaced ; Synthesized ;
;     -- x_in[12][-7]~input   ; Top       ; Input Buffer  ; Unplaced ; Synthesized ;
;                             ;           ;               ;          ;             ;
; x_in[12][-8]                ; Top       ; Input Port    ; n/a      ;             ;
;     -- x_in[12][-8]         ; Top       ; Input Pad     ; Unplaced ; Synthesized ;
;     -- x_in[12][-8]~input   ; Top       ; Input Buffer  ; Unplaced ; Synthesized ;
;                             ;           ;               ;          ;             ;
; x_in[12][-9]                ; Top       ; Input Port    ; n/a      ;             ;
;     -- x_in[12][-9]         ; Top       ; Input Pad     ; Unplaced ; Synthesized ;
;     -- x_in[12][-9]~input   ; Top       ; Input Buffer  ; Unplaced ; Synthesized ;
;                             ;           ;               ;          ;             ;
; x_in[12][0]                 ; Top       ; Input Port    ; n/a      ;             ;
;     -- x_in[12][0]          ; Top       ; Input Pad     ; Unplaced ; Synthesized ;
;     -- x_in[12][0]~input    ; Top       ; Input Buffer  ; Unplaced ; Synthesized ;
;                             ;           ;               ;          ;             ;
; x_in[13][-10]               ; Top       ; Input Port    ; n/a      ;             ;
;     -- x_in[13][-10]        ; Top       ; Input Pad     ; Unplaced ; Synthesized ;
;     -- x_in[13][-10]~input  ; Top       ; Input Buffer  ; Unplaced ; Synthesized ;
;                             ;           ;               ;          ;             ;
; x_in[13][-11]               ; Top       ; Input Port    ; n/a      ;             ;
;     -- x_in[13][-11]        ; Top       ; Input Pad     ; Unplaced ; Synthesized ;
;     -- x_in[13][-11]~input  ; Top       ; Input Buffer  ; Unplaced ; Synthesized ;
;                             ;           ;               ;          ;             ;
; x_in[13][-1]                ; Top       ; Input Port    ; n/a      ;             ;
;     -- x_in[13][-1]         ; Top       ; Input Pad     ; Unplaced ; Synthesized ;
;     -- x_in[13][-1]~input   ; Top       ; Input Buffer  ; Unplaced ; Synthesized ;
;                             ;           ;               ;          ;             ;
; x_in[13][-2]                ; Top       ; Input Port    ; n/a      ;             ;
;     -- x_in[13][-2]         ; Top       ; Input Pad     ; Unplaced ; Synthesized ;
;     -- x_in[13][-2]~input   ; Top       ; Input Buffer  ; Unplaced ; Synthesized ;
;                             ;           ;               ;          ;             ;
; x_in[13][-3]                ; Top       ; Input Port    ; n/a      ;             ;
;     -- x_in[13][-3]         ; Top       ; Input Pad     ; Unplaced ; Synthesized ;
;     -- x_in[13][-3]~input   ; Top       ; Input Buffer  ; Unplaced ; Synthesized ;
;                             ;           ;               ;          ;             ;
; x_in[13][-4]                ; Top       ; Input Port    ; n/a      ;             ;
;     -- x_in[13][-4]         ; Top       ; Input Pad     ; Unplaced ; Synthesized ;
;     -- x_in[13][-4]~input   ; Top       ; Input Buffer  ; Unplaced ; Synthesized ;
;                             ;           ;               ;          ;             ;
; x_in[13][-5]                ; Top       ; Input Port    ; n/a      ;             ;
;     -- x_in[13][-5]         ; Top       ; Input Pad     ; Unplaced ; Synthesized ;
;     -- x_in[13][-5]~input   ; Top       ; Input Buffer  ; Unplaced ; Synthesized ;
;                             ;           ;               ;          ;             ;
; x_in[13][-6]                ; Top       ; Input Port    ; n/a      ;             ;
;     -- x_in[13][-6]         ; Top       ; Input Pad     ; Unplaced ; Synthesized ;
;     -- x_in[13][-6]~input   ; Top       ; Input Buffer  ; Unplaced ; Synthesized ;
;                             ;           ;               ;          ;             ;
; x_in[13][-7]                ; Top       ; Input Port    ; n/a      ;             ;
;     -- x_in[13][-7]         ; Top       ; Input Pad     ; Unplaced ; Synthesized ;
;     -- x_in[13][-7]~input   ; Top       ; Input Buffer  ; Unplaced ; Synthesized ;
;                             ;           ;               ;          ;             ;
; x_in[13][-8]                ; Top       ; Input Port    ; n/a      ;             ;
;     -- x_in[13][-8]         ; Top       ; Input Pad     ; Unplaced ; Synthesized ;
;     -- x_in[13][-8]~input   ; Top       ; Input Buffer  ; Unplaced ; Synthesized ;
;                             ;           ;               ;          ;             ;
; x_in[13][-9]                ; Top       ; Input Port    ; n/a      ;             ;
;     -- x_in[13][-9]         ; Top       ; Input Pad     ; Unplaced ; Synthesized ;
;     -- x_in[13][-9]~input   ; Top       ; Input Buffer  ; Unplaced ; Synthesized ;
;                             ;           ;               ;          ;             ;
; x_in[13][0]                 ; Top       ; Input Port    ; n/a      ;             ;
;     -- x_in[13][0]          ; Top       ; Input Pad     ; Unplaced ; Synthesized ;
;     -- x_in[13][0]~input    ; Top       ; Input Buffer  ; Unplaced ; Synthesized ;
;                             ;           ;               ;          ;             ;
; x_in[14][-10]               ; Top       ; Input Port    ; n/a      ;             ;
;     -- x_in[14][-10]        ; Top       ; Input Pad     ; Unplaced ; Synthesized ;
;     -- x_in[14][-10]~input  ; Top       ; Input Buffer  ; Unplaced ; Synthesized ;
;                             ;           ;               ;          ;             ;
; x_in[14][-11]               ; Top       ; Input Port    ; n/a      ;             ;
;     -- x_in[14][-11]        ; Top       ; Input Pad     ; Unplaced ; Synthesized ;
;     -- x_in[14][-11]~input  ; Top       ; Input Buffer  ; Unplaced ; Synthesized ;
;                             ;           ;               ;          ;             ;
; x_in[14][-1]                ; Top       ; Input Port    ; n/a      ;             ;
;     -- x_in[14][-1]         ; Top       ; Input Pad     ; Unplaced ; Synthesized ;
;     -- x_in[14][-1]~input   ; Top       ; Input Buffer  ; Unplaced ; Synthesized ;
;                             ;           ;               ;          ;             ;
; x_in[14][-2]                ; Top       ; Input Port    ; n/a      ;             ;
;     -- x_in[14][-2]         ; Top       ; Input Pad     ; Unplaced ; Synthesized ;
;     -- x_in[14][-2]~input   ; Top       ; Input Buffer  ; Unplaced ; Synthesized ;
;                             ;           ;               ;          ;             ;
; x_in[14][-3]                ; Top       ; Input Port    ; n/a      ;             ;
;     -- x_in[14][-3]         ; Top       ; Input Pad     ; Unplaced ; Synthesized ;
;     -- x_in[14][-3]~input   ; Top       ; Input Buffer  ; Unplaced ; Synthesized ;
;                             ;           ;               ;          ;             ;
; x_in[14][-4]                ; Top       ; Input Port    ; n/a      ;             ;
;     -- x_in[14][-4]         ; Top       ; Input Pad     ; Unplaced ; Synthesized ;
;     -- x_in[14][-4]~input   ; Top       ; Input Buffer  ; Unplaced ; Synthesized ;
;                             ;           ;               ;          ;             ;
; x_in[14][-5]                ; Top       ; Input Port    ; n/a      ;             ;
;     -- x_in[14][-5]         ; Top       ; Input Pad     ; Unplaced ; Synthesized ;
;     -- x_in[14][-5]~input   ; Top       ; Input Buffer  ; Unplaced ; Synthesized ;
;                             ;           ;               ;          ;             ;
; x_in[14][-6]                ; Top       ; Input Port    ; n/a      ;             ;
;     -- x_in[14][-6]         ; Top       ; Input Pad     ; Unplaced ; Synthesized ;
;     -- x_in[14][-6]~input   ; Top       ; Input Buffer  ; Unplaced ; Synthesized ;
;                             ;           ;               ;          ;             ;
; x_in[14][-7]                ; Top       ; Input Port    ; n/a      ;             ;
;     -- x_in[14][-7]         ; Top       ; Input Pad     ; Unplaced ; Synthesized ;
;     -- x_in[14][-7]~input   ; Top       ; Input Buffer  ; Unplaced ; Synthesized ;
;                             ;           ;               ;          ;             ;
; x_in[14][-8]                ; Top       ; Input Port    ; n/a      ;             ;
;     -- x_in[14][-8]         ; Top       ; Input Pad     ; Unplaced ; Synthesized ;
;     -- x_in[14][-8]~input   ; Top       ; Input Buffer  ; Unplaced ; Synthesized ;
;                             ;           ;               ;          ;             ;
; x_in[14][-9]                ; Top       ; Input Port    ; n/a      ;             ;
;     -- x_in[14][-9]         ; Top       ; Input Pad     ; Unplaced ; Synthesized ;
;     -- x_in[14][-9]~input   ; Top       ; Input Buffer  ; Unplaced ; Synthesized ;
;                             ;           ;               ;          ;             ;
; x_in[14][0]                 ; Top       ; Input Port    ; n/a      ;             ;
;     -- x_in[14][0]          ; Top       ; Input Pad     ; Unplaced ; Synthesized ;
;     -- x_in[14][0]~input    ; Top       ; Input Buffer  ; Unplaced ; Synthesized ;
;                             ;           ;               ;          ;             ;
; x_in[15][-10]               ; Top       ; Input Port    ; n/a      ;             ;
;     -- x_in[15][-10]        ; Top       ; Input Pad     ; Unplaced ; Synthesized ;
;     -- x_in[15][-10]~input  ; Top       ; Input Buffer  ; Unplaced ; Synthesized ;
;                             ;           ;               ;          ;             ;
; x_in[15][-11]               ; Top       ; Input Port    ; n/a      ;             ;
;     -- x_in[15][-11]        ; Top       ; Input Pad     ; Unplaced ; Synthesized ;
;     -- x_in[15][-11]~input  ; Top       ; Input Buffer  ; Unplaced ; Synthesized ;
;                             ;           ;               ;          ;             ;
; x_in[15][-1]                ; Top       ; Input Port    ; n/a      ;             ;
;     -- x_in[15][-1]         ; Top       ; Input Pad     ; Unplaced ; Synthesized ;
;     -- x_in[15][-1]~input   ; Top       ; Input Buffer  ; Unplaced ; Synthesized ;
;                             ;           ;               ;          ;             ;
; x_in[15][-2]                ; Top       ; Input Port    ; n/a      ;             ;
;     -- x_in[15][-2]         ; Top       ; Input Pad     ; Unplaced ; Synthesized ;
;     -- x_in[15][-2]~input   ; Top       ; Input Buffer  ; Unplaced ; Synthesized ;
;                             ;           ;               ;          ;             ;
; x_in[15][-3]                ; Top       ; Input Port    ; n/a      ;             ;
;     -- x_in[15][-3]         ; Top       ; Input Pad     ; Unplaced ; Synthesized ;
;     -- x_in[15][-3]~input   ; Top       ; Input Buffer  ; Unplaced ; Synthesized ;
;                             ;           ;               ;          ;             ;
; x_in[15][-4]                ; Top       ; Input Port    ; n/a      ;             ;
;     -- x_in[15][-4]         ; Top       ; Input Pad     ; Unplaced ; Synthesized ;
;     -- x_in[15][-4]~input   ; Top       ; Input Buffer  ; Unplaced ; Synthesized ;
;                             ;           ;               ;          ;             ;
; x_in[15][-5]                ; Top       ; Input Port    ; n/a      ;             ;
;     -- x_in[15][-5]         ; Top       ; Input Pad     ; Unplaced ; Synthesized ;
;     -- x_in[15][-5]~input   ; Top       ; Input Buffer  ; Unplaced ; Synthesized ;
;                             ;           ;               ;          ;             ;
; x_in[15][-6]                ; Top       ; Input Port    ; n/a      ;             ;
;     -- x_in[15][-6]         ; Top       ; Input Pad     ; Unplaced ; Synthesized ;
;     -- x_in[15][-6]~input   ; Top       ; Input Buffer  ; Unplaced ; Synthesized ;
;                             ;           ;               ;          ;             ;
; x_in[15][-7]                ; Top       ; Input Port    ; n/a      ;             ;
;     -- x_in[15][-7]         ; Top       ; Input Pad     ; Unplaced ; Synthesized ;
;     -- x_in[15][-7]~input   ; Top       ; Input Buffer  ; Unplaced ; Synthesized ;
;                             ;           ;               ;          ;             ;
; x_in[15][-8]                ; Top       ; Input Port    ; n/a      ;             ;
;     -- x_in[15][-8]         ; Top       ; Input Pad     ; Unplaced ; Synthesized ;
;     -- x_in[15][-8]~input   ; Top       ; Input Buffer  ; Unplaced ; Synthesized ;
;                             ;           ;               ;          ;             ;
; x_in[15][-9]                ; Top       ; Input Port    ; n/a      ;             ;
;     -- x_in[15][-9]         ; Top       ; Input Pad     ; Unplaced ; Synthesized ;
;     -- x_in[15][-9]~input   ; Top       ; Input Buffer  ; Unplaced ; Synthesized ;
;                             ;           ;               ;          ;             ;
; x_in[15][0]                 ; Top       ; Input Port    ; n/a      ;             ;
;     -- x_in[15][0]          ; Top       ; Input Pad     ; Unplaced ; Synthesized ;
;     -- x_in[15][0]~input    ; Top       ; Input Buffer  ; Unplaced ; Synthesized ;
;                             ;           ;               ;          ;             ;
; x_in[1][-10]                ; Top       ; Input Port    ; n/a      ;             ;
;     -- x_in[1][-10]         ; Top       ; Input Pad     ; Unplaced ; Synthesized ;
;     -- x_in[1][-10]~input   ; Top       ; Input Buffer  ; Unplaced ; Synthesized ;
;                             ;           ;               ;          ;             ;
; x_in[1][-11]                ; Top       ; Input Port    ; n/a      ;             ;
;     -- x_in[1][-11]         ; Top       ; Input Pad     ; Unplaced ; Synthesized ;
;     -- x_in[1][-11]~input   ; Top       ; Input Buffer  ; Unplaced ; Synthesized ;
;                             ;           ;               ;          ;             ;
; x_in[1][-1]                 ; Top       ; Input Port    ; n/a      ;             ;
;     -- x_in[1][-1]          ; Top       ; Input Pad     ; Unplaced ; Synthesized ;
;     -- x_in[1][-1]~input    ; Top       ; Input Buffer  ; Unplaced ; Synthesized ;
;                             ;           ;               ;          ;             ;
; x_in[1][-2]                 ; Top       ; Input Port    ; n/a      ;             ;
;     -- x_in[1][-2]          ; Top       ; Input Pad     ; Unplaced ; Synthesized ;
;     -- x_in[1][-2]~input    ; Top       ; Input Buffer  ; Unplaced ; Synthesized ;
;                             ;           ;               ;          ;             ;
; x_in[1][-3]                 ; Top       ; Input Port    ; n/a      ;             ;
;     -- x_in[1][-3]          ; Top       ; Input Pad     ; Unplaced ; Synthesized ;
;     -- x_in[1][-3]~input    ; Top       ; Input Buffer  ; Unplaced ; Synthesized ;
;                             ;           ;               ;          ;             ;
; x_in[1][-4]                 ; Top       ; Input Port    ; n/a      ;             ;
;     -- x_in[1][-4]          ; Top       ; Input Pad     ; Unplaced ; Synthesized ;
;     -- x_in[1][-4]~input    ; Top       ; Input Buffer  ; Unplaced ; Synthesized ;
;                             ;           ;               ;          ;             ;
; x_in[1][-5]                 ; Top       ; Input Port    ; n/a      ;             ;
;     -- x_in[1][-5]          ; Top       ; Input Pad     ; Unplaced ; Synthesized ;
;     -- x_in[1][-5]~input    ; Top       ; Input Buffer  ; Unplaced ; Synthesized ;
;                             ;           ;               ;          ;             ;
; x_in[1][-6]                 ; Top       ; Input Port    ; n/a      ;             ;
;     -- x_in[1][-6]          ; Top       ; Input Pad     ; Unplaced ; Synthesized ;
;     -- x_in[1][-6]~input    ; Top       ; Input Buffer  ; Unplaced ; Synthesized ;
;                             ;           ;               ;          ;             ;
; x_in[1][-7]                 ; Top       ; Input Port    ; n/a      ;             ;
;     -- x_in[1][-7]          ; Top       ; Input Pad     ; Unplaced ; Synthesized ;
;     -- x_in[1][-7]~input    ; Top       ; Input Buffer  ; Unplaced ; Synthesized ;
;                             ;           ;               ;          ;             ;
; x_in[1][-8]                 ; Top       ; Input Port    ; n/a      ;             ;
;     -- x_in[1][-8]          ; Top       ; Input Pad     ; Unplaced ; Synthesized ;
;     -- x_in[1][-8]~input    ; Top       ; Input Buffer  ; Unplaced ; Synthesized ;
;                             ;           ;               ;          ;             ;
; x_in[1][-9]                 ; Top       ; Input Port    ; n/a      ;             ;
;     -- x_in[1][-9]          ; Top       ; Input Pad     ; Unplaced ; Synthesized ;
;     -- x_in[1][-9]~input    ; Top       ; Input Buffer  ; Unplaced ; Synthesized ;
;                             ;           ;               ;          ;             ;
; x_in[1][0]                  ; Top       ; Input Port    ; n/a      ;             ;
;     -- x_in[1][0]           ; Top       ; Input Pad     ; Unplaced ; Synthesized ;
;     -- x_in[1][0]~input     ; Top       ; Input Buffer  ; Unplaced ; Synthesized ;
;                             ;           ;               ;          ;             ;
; x_in[2][-10]                ; Top       ; Input Port    ; n/a      ;             ;
;     -- x_in[2][-10]         ; Top       ; Input Pad     ; Unplaced ; Synthesized ;
;     -- x_in[2][-10]~input   ; Top       ; Input Buffer  ; Unplaced ; Synthesized ;
;                             ;           ;               ;          ;             ;
; x_in[2][-11]                ; Top       ; Input Port    ; n/a      ;             ;
;     -- x_in[2][-11]         ; Top       ; Input Pad     ; Unplaced ; Synthesized ;
;     -- x_in[2][-11]~input   ; Top       ; Input Buffer  ; Unplaced ; Synthesized ;
;                             ;           ;               ;          ;             ;
; x_in[2][-1]                 ; Top       ; Input Port    ; n/a      ;             ;
;     -- x_in[2][-1]          ; Top       ; Input Pad     ; Unplaced ; Synthesized ;
;     -- x_in[2][-1]~input    ; Top       ; Input Buffer  ; Unplaced ; Synthesized ;
;                             ;           ;               ;          ;             ;
; x_in[2][-2]                 ; Top       ; Input Port    ; n/a      ;             ;
;     -- x_in[2][-2]          ; Top       ; Input Pad     ; Unplaced ; Synthesized ;
;     -- x_in[2][-2]~input    ; Top       ; Input Buffer  ; Unplaced ; Synthesized ;
;                             ;           ;               ;          ;             ;
; x_in[2][-3]                 ; Top       ; Input Port    ; n/a      ;             ;
;     -- x_in[2][-3]          ; Top       ; Input Pad     ; Unplaced ; Synthesized ;
;     -- x_in[2][-3]~input    ; Top       ; Input Buffer  ; Unplaced ; Synthesized ;
;                             ;           ;               ;          ;             ;
; x_in[2][-4]                 ; Top       ; Input Port    ; n/a      ;             ;
;     -- x_in[2][-4]          ; Top       ; Input Pad     ; Unplaced ; Synthesized ;
;     -- x_in[2][-4]~input    ; Top       ; Input Buffer  ; Unplaced ; Synthesized ;
;                             ;           ;               ;          ;             ;
; x_in[2][-5]                 ; Top       ; Input Port    ; n/a      ;             ;
;     -- x_in[2][-5]          ; Top       ; Input Pad     ; Unplaced ; Synthesized ;
;     -- x_in[2][-5]~input    ; Top       ; Input Buffer  ; Unplaced ; Synthesized ;
;                             ;           ;               ;          ;             ;
; x_in[2][-6]                 ; Top       ; Input Port    ; n/a      ;             ;
;     -- x_in[2][-6]          ; Top       ; Input Pad     ; Unplaced ; Synthesized ;
;     -- x_in[2][-6]~input    ; Top       ; Input Buffer  ; Unplaced ; Synthesized ;
;                             ;           ;               ;          ;             ;
; x_in[2][-7]                 ; Top       ; Input Port    ; n/a      ;             ;
;     -- x_in[2][-7]          ; Top       ; Input Pad     ; Unplaced ; Synthesized ;
;     -- x_in[2][-7]~input    ; Top       ; Input Buffer  ; Unplaced ; Synthesized ;
;                             ;           ;               ;          ;             ;
; x_in[2][-8]                 ; Top       ; Input Port    ; n/a      ;             ;
;     -- x_in[2][-8]          ; Top       ; Input Pad     ; Unplaced ; Synthesized ;
;     -- x_in[2][-8]~input    ; Top       ; Input Buffer  ; Unplaced ; Synthesized ;
;                             ;           ;               ;          ;             ;
; x_in[2][-9]                 ; Top       ; Input Port    ; n/a      ;             ;
;     -- x_in[2][-9]          ; Top       ; Input Pad     ; Unplaced ; Synthesized ;
;     -- x_in[2][-9]~input    ; Top       ; Input Buffer  ; Unplaced ; Synthesized ;
;                             ;           ;               ;          ;             ;
; x_in[2][0]                  ; Top       ; Input Port    ; n/a      ;             ;
;     -- x_in[2][0]           ; Top       ; Input Pad     ; Unplaced ; Synthesized ;
;     -- x_in[2][0]~input     ; Top       ; Input Buffer  ; Unplaced ; Synthesized ;
;                             ;           ;               ;          ;             ;
; x_in[3][-10]                ; Top       ; Input Port    ; n/a      ;             ;
;     -- x_in[3][-10]         ; Top       ; Input Pad     ; Unplaced ; Synthesized ;
;     -- x_in[3][-10]~input   ; Top       ; Input Buffer  ; Unplaced ; Synthesized ;
;                             ;           ;               ;          ;             ;
; x_in[3][-11]                ; Top       ; Input Port    ; n/a      ;             ;
;     -- x_in[3][-11]         ; Top       ; Input Pad     ; Unplaced ; Synthesized ;
;     -- x_in[3][-11]~input   ; Top       ; Input Buffer  ; Unplaced ; Synthesized ;
;                             ;           ;               ;          ;             ;
; x_in[3][-1]                 ; Top       ; Input Port    ; n/a      ;             ;
;     -- x_in[3][-1]          ; Top       ; Input Pad     ; Unplaced ; Synthesized ;
;     -- x_in[3][-1]~input    ; Top       ; Input Buffer  ; Unplaced ; Synthesized ;
;                             ;           ;               ;          ;             ;
; x_in[3][-2]                 ; Top       ; Input Port    ; n/a      ;             ;
;     -- x_in[3][-2]          ; Top       ; Input Pad     ; Unplaced ; Synthesized ;
;     -- x_in[3][-2]~input    ; Top       ; Input Buffer  ; Unplaced ; Synthesized ;
;                             ;           ;               ;          ;             ;
; x_in[3][-3]                 ; Top       ; Input Port    ; n/a      ;             ;
;     -- x_in[3][-3]          ; Top       ; Input Pad     ; Unplaced ; Synthesized ;
;     -- x_in[3][-3]~input    ; Top       ; Input Buffer  ; Unplaced ; Synthesized ;
;                             ;           ;               ;          ;             ;
; x_in[3][-4]                 ; Top       ; Input Port    ; n/a      ;             ;
;     -- x_in[3][-4]          ; Top       ; Input Pad     ; Unplaced ; Synthesized ;
;     -- x_in[3][-4]~input    ; Top       ; Input Buffer  ; Unplaced ; Synthesized ;
;                             ;           ;               ;          ;             ;
; x_in[3][-5]                 ; Top       ; Input Port    ; n/a      ;             ;
;     -- x_in[3][-5]          ; Top       ; Input Pad     ; Unplaced ; Synthesized ;
;     -- x_in[3][-5]~input    ; Top       ; Input Buffer  ; Unplaced ; Synthesized ;
;                             ;           ;               ;          ;             ;
; x_in[3][-6]                 ; Top       ; Input Port    ; n/a      ;             ;
;     -- x_in[3][-6]          ; Top       ; Input Pad     ; Unplaced ; Synthesized ;
;     -- x_in[3][-6]~input    ; Top       ; Input Buffer  ; Unplaced ; Synthesized ;
;                             ;           ;               ;          ;             ;
; x_in[3][-7]                 ; Top       ; Input Port    ; n/a      ;             ;
;     -- x_in[3][-7]          ; Top       ; Input Pad     ; Unplaced ; Synthesized ;
;     -- x_in[3][-7]~input    ; Top       ; Input Buffer  ; Unplaced ; Synthesized ;
;                             ;           ;               ;          ;             ;
; x_in[3][-8]                 ; Top       ; Input Port    ; n/a      ;             ;
;     -- x_in[3][-8]          ; Top       ; Input Pad     ; Unplaced ; Synthesized ;
;     -- x_in[3][-8]~input    ; Top       ; Input Buffer  ; Unplaced ; Synthesized ;
;                             ;           ;               ;          ;             ;
; x_in[3][-9]                 ; Top       ; Input Port    ; n/a      ;             ;
;     -- x_in[3][-9]          ; Top       ; Input Pad     ; Unplaced ; Synthesized ;
;     -- x_in[3][-9]~input    ; Top       ; Input Buffer  ; Unplaced ; Synthesized ;
;                             ;           ;               ;          ;             ;
; x_in[3][0]                  ; Top       ; Input Port    ; n/a      ;             ;
;     -- x_in[3][0]           ; Top       ; Input Pad     ; Unplaced ; Synthesized ;
;     -- x_in[3][0]~input     ; Top       ; Input Buffer  ; Unplaced ; Synthesized ;
;                             ;           ;               ;          ;             ;
; x_in[4][-10]                ; Top       ; Input Port    ; n/a      ;             ;
;     -- x_in[4][-10]         ; Top       ; Input Pad     ; Unplaced ; Synthesized ;
;     -- x_in[4][-10]~input   ; Top       ; Input Buffer  ; Unplaced ; Synthesized ;
;                             ;           ;               ;          ;             ;
; x_in[4][-11]                ; Top       ; Input Port    ; n/a      ;             ;
;     -- x_in[4][-11]         ; Top       ; Input Pad     ; Unplaced ; Synthesized ;
;     -- x_in[4][-11]~input   ; Top       ; Input Buffer  ; Unplaced ; Synthesized ;
;                             ;           ;               ;          ;             ;
; x_in[4][-1]                 ; Top       ; Input Port    ; n/a      ;             ;
;     -- x_in[4][-1]          ; Top       ; Input Pad     ; Unplaced ; Synthesized ;
;     -- x_in[4][-1]~input    ; Top       ; Input Buffer  ; Unplaced ; Synthesized ;
;                             ;           ;               ;          ;             ;
; x_in[4][-2]                 ; Top       ; Input Port    ; n/a      ;             ;
;     -- x_in[4][-2]          ; Top       ; Input Pad     ; Unplaced ; Synthesized ;
;     -- x_in[4][-2]~input    ; Top       ; Input Buffer  ; Unplaced ; Synthesized ;
;                             ;           ;               ;          ;             ;
; x_in[4][-3]                 ; Top       ; Input Port    ; n/a      ;             ;
;     -- x_in[4][-3]          ; Top       ; Input Pad     ; Unplaced ; Synthesized ;
;     -- x_in[4][-3]~input    ; Top       ; Input Buffer  ; Unplaced ; Synthesized ;
;                             ;           ;               ;          ;             ;
; x_in[4][-4]                 ; Top       ; Input Port    ; n/a      ;             ;
;     -- x_in[4][-4]          ; Top       ; Input Pad     ; Unplaced ; Synthesized ;
;     -- x_in[4][-4]~input    ; Top       ; Input Buffer  ; Unplaced ; Synthesized ;
;                             ;           ;               ;          ;             ;
; x_in[4][-5]                 ; Top       ; Input Port    ; n/a      ;             ;
;     -- x_in[4][-5]          ; Top       ; Input Pad     ; Unplaced ; Synthesized ;
;     -- x_in[4][-5]~input    ; Top       ; Input Buffer  ; Unplaced ; Synthesized ;
;                             ;           ;               ;          ;             ;
; x_in[4][-6]                 ; Top       ; Input Port    ; n/a      ;             ;
;     -- x_in[4][-6]          ; Top       ; Input Pad     ; Unplaced ; Synthesized ;
;     -- x_in[4][-6]~input    ; Top       ; Input Buffer  ; Unplaced ; Synthesized ;
;                             ;           ;               ;          ;             ;
; x_in[4][-7]                 ; Top       ; Input Port    ; n/a      ;             ;
;     -- x_in[4][-7]          ; Top       ; Input Pad     ; Unplaced ; Synthesized ;
;     -- x_in[4][-7]~input    ; Top       ; Input Buffer  ; Unplaced ; Synthesized ;
;                             ;           ;               ;          ;             ;
; x_in[4][-8]                 ; Top       ; Input Port    ; n/a      ;             ;
;     -- x_in[4][-8]          ; Top       ; Input Pad     ; Unplaced ; Synthesized ;
;     -- x_in[4][-8]~input    ; Top       ; Input Buffer  ; Unplaced ; Synthesized ;
;                             ;           ;               ;          ;             ;
; x_in[4][-9]                 ; Top       ; Input Port    ; n/a      ;             ;
;     -- x_in[4][-9]          ; Top       ; Input Pad     ; Unplaced ; Synthesized ;
;     -- x_in[4][-9]~input    ; Top       ; Input Buffer  ; Unplaced ; Synthesized ;
;                             ;           ;               ;          ;             ;
; x_in[4][0]                  ; Top       ; Input Port    ; n/a      ;             ;
;     -- x_in[4][0]           ; Top       ; Input Pad     ; Unplaced ; Synthesized ;
;     -- x_in[4][0]~input     ; Top       ; Input Buffer  ; Unplaced ; Synthesized ;
;                             ;           ;               ;          ;             ;
; x_in[5][-10]                ; Top       ; Input Port    ; n/a      ;             ;
;     -- x_in[5][-10]         ; Top       ; Input Pad     ; Unplaced ; Synthesized ;
;     -- x_in[5][-10]~input   ; Top       ; Input Buffer  ; Unplaced ; Synthesized ;
;                             ;           ;               ;          ;             ;
; x_in[5][-11]                ; Top       ; Input Port    ; n/a      ;             ;
;     -- x_in[5][-11]         ; Top       ; Input Pad     ; Unplaced ; Synthesized ;
;     -- x_in[5][-11]~input   ; Top       ; Input Buffer  ; Unplaced ; Synthesized ;
;                             ;           ;               ;          ;             ;
; x_in[5][-1]                 ; Top       ; Input Port    ; n/a      ;             ;
;     -- x_in[5][-1]          ; Top       ; Input Pad     ; Unplaced ; Synthesized ;
;     -- x_in[5][-1]~input    ; Top       ; Input Buffer  ; Unplaced ; Synthesized ;
;                             ;           ;               ;          ;             ;
; x_in[5][-2]                 ; Top       ; Input Port    ; n/a      ;             ;
;     -- x_in[5][-2]          ; Top       ; Input Pad     ; Unplaced ; Synthesized ;
;     -- x_in[5][-2]~input    ; Top       ; Input Buffer  ; Unplaced ; Synthesized ;
;                             ;           ;               ;          ;             ;
; x_in[5][-3]                 ; Top       ; Input Port    ; n/a      ;             ;
;     -- x_in[5][-3]          ; Top       ; Input Pad     ; Unplaced ; Synthesized ;
;     -- x_in[5][-3]~input    ; Top       ; Input Buffer  ; Unplaced ; Synthesized ;
;                             ;           ;               ;          ;             ;
; x_in[5][-4]                 ; Top       ; Input Port    ; n/a      ;             ;
;     -- x_in[5][-4]          ; Top       ; Input Pad     ; Unplaced ; Synthesized ;
;     -- x_in[5][-4]~input    ; Top       ; Input Buffer  ; Unplaced ; Synthesized ;
;                             ;           ;               ;          ;             ;
; x_in[5][-5]                 ; Top       ; Input Port    ; n/a      ;             ;
;     -- x_in[5][-5]          ; Top       ; Input Pad     ; Unplaced ; Synthesized ;
;     -- x_in[5][-5]~input    ; Top       ; Input Buffer  ; Unplaced ; Synthesized ;
;                             ;           ;               ;          ;             ;
; x_in[5][-6]                 ; Top       ; Input Port    ; n/a      ;             ;
;     -- x_in[5][-6]          ; Top       ; Input Pad     ; Unplaced ; Synthesized ;
;     -- x_in[5][-6]~input    ; Top       ; Input Buffer  ; Unplaced ; Synthesized ;
;                             ;           ;               ;          ;             ;
; x_in[5][-7]                 ; Top       ; Input Port    ; n/a      ;             ;
;     -- x_in[5][-7]          ; Top       ; Input Pad     ; Unplaced ; Synthesized ;
;     -- x_in[5][-7]~input    ; Top       ; Input Buffer  ; Unplaced ; Synthesized ;
;                             ;           ;               ;          ;             ;
; x_in[5][-8]                 ; Top       ; Input Port    ; n/a      ;             ;
;     -- x_in[5][-8]          ; Top       ; Input Pad     ; Unplaced ; Synthesized ;
;     -- x_in[5][-8]~input    ; Top       ; Input Buffer  ; Unplaced ; Synthesized ;
;                             ;           ;               ;          ;             ;
; x_in[5][-9]                 ; Top       ; Input Port    ; n/a      ;             ;
;     -- x_in[5][-9]          ; Top       ; Input Pad     ; Unplaced ; Synthesized ;
;     -- x_in[5][-9]~input    ; Top       ; Input Buffer  ; Unplaced ; Synthesized ;
;                             ;           ;               ;          ;             ;
; x_in[5][0]                  ; Top       ; Input Port    ; n/a      ;             ;
;     -- x_in[5][0]           ; Top       ; Input Pad     ; Unplaced ; Synthesized ;
;     -- x_in[5][0]~input     ; Top       ; Input Buffer  ; Unplaced ; Synthesized ;
;                             ;           ;               ;          ;             ;
; x_in[6][-10]                ; Top       ; Input Port    ; n/a      ;             ;
;     -- x_in[6][-10]         ; Top       ; Input Pad     ; Unplaced ; Synthesized ;
;     -- x_in[6][-10]~input   ; Top       ; Input Buffer  ; Unplaced ; Synthesized ;
;                             ;           ;               ;          ;             ;
; x_in[6][-11]                ; Top       ; Input Port    ; n/a      ;             ;
;     -- x_in[6][-11]         ; Top       ; Input Pad     ; Unplaced ; Synthesized ;
;     -- x_in[6][-11]~input   ; Top       ; Input Buffer  ; Unplaced ; Synthesized ;
;                             ;           ;               ;          ;             ;
; x_in[6][-1]                 ; Top       ; Input Port    ; n/a      ;             ;
;     -- x_in[6][-1]          ; Top       ; Input Pad     ; Unplaced ; Synthesized ;
;     -- x_in[6][-1]~input    ; Top       ; Input Buffer  ; Unplaced ; Synthesized ;
;                             ;           ;               ;          ;             ;
; x_in[6][-2]                 ; Top       ; Input Port    ; n/a      ;             ;
;     -- x_in[6][-2]          ; Top       ; Input Pad     ; Unplaced ; Synthesized ;
;     -- x_in[6][-2]~input    ; Top       ; Input Buffer  ; Unplaced ; Synthesized ;
;                             ;           ;               ;          ;             ;
; x_in[6][-3]                 ; Top       ; Input Port    ; n/a      ;             ;
;     -- x_in[6][-3]          ; Top       ; Input Pad     ; Unplaced ; Synthesized ;
;     -- x_in[6][-3]~input    ; Top       ; Input Buffer  ; Unplaced ; Synthesized ;
;                             ;           ;               ;          ;             ;
; x_in[6][-4]                 ; Top       ; Input Port    ; n/a      ;             ;
;     -- x_in[6][-4]          ; Top       ; Input Pad     ; Unplaced ; Synthesized ;
;     -- x_in[6][-4]~input    ; Top       ; Input Buffer  ; Unplaced ; Synthesized ;
;                             ;           ;               ;          ;             ;
; x_in[6][-5]                 ; Top       ; Input Port    ; n/a      ;             ;
;     -- x_in[6][-5]          ; Top       ; Input Pad     ; Unplaced ; Synthesized ;
;     -- x_in[6][-5]~input    ; Top       ; Input Buffer  ; Unplaced ; Synthesized ;
;                             ;           ;               ;          ;             ;
; x_in[6][-6]                 ; Top       ; Input Port    ; n/a      ;             ;
;     -- x_in[6][-6]          ; Top       ; Input Pad     ; Unplaced ; Synthesized ;
;     -- x_in[6][-6]~input    ; Top       ; Input Buffer  ; Unplaced ; Synthesized ;
;                             ;           ;               ;          ;             ;
; x_in[6][-7]                 ; Top       ; Input Port    ; n/a      ;             ;
;     -- x_in[6][-7]          ; Top       ; Input Pad     ; Unplaced ; Synthesized ;
;     -- x_in[6][-7]~input    ; Top       ; Input Buffer  ; Unplaced ; Synthesized ;
;                             ;           ;               ;          ;             ;
; x_in[6][-8]                 ; Top       ; Input Port    ; n/a      ;             ;
;     -- x_in[6][-8]          ; Top       ; Input Pad     ; Unplaced ; Synthesized ;
;     -- x_in[6][-8]~input    ; Top       ; Input Buffer  ; Unplaced ; Synthesized ;
;                             ;           ;               ;          ;             ;
; x_in[6][-9]                 ; Top       ; Input Port    ; n/a      ;             ;
;     -- x_in[6][-9]          ; Top       ; Input Pad     ; Unplaced ; Synthesized ;
;     -- x_in[6][-9]~input    ; Top       ; Input Buffer  ; Unplaced ; Synthesized ;
;                             ;           ;               ;          ;             ;
; x_in[6][0]                  ; Top       ; Input Port    ; n/a      ;             ;
;     -- x_in[6][0]           ; Top       ; Input Pad     ; Unplaced ; Synthesized ;
;     -- x_in[6][0]~input     ; Top       ; Input Buffer  ; Unplaced ; Synthesized ;
;                             ;           ;               ;          ;             ;
; x_in[7][-10]                ; Top       ; Input Port    ; n/a      ;             ;
;     -- x_in[7][-10]         ; Top       ; Input Pad     ; Unplaced ; Synthesized ;
;     -- x_in[7][-10]~input   ; Top       ; Input Buffer  ; Unplaced ; Synthesized ;
;                             ;           ;               ;          ;             ;
; x_in[7][-11]                ; Top       ; Input Port    ; n/a      ;             ;
;     -- x_in[7][-11]         ; Top       ; Input Pad     ; Unplaced ; Synthesized ;
;     -- x_in[7][-11]~input   ; Top       ; Input Buffer  ; Unplaced ; Synthesized ;
;                             ;           ;               ;          ;             ;
; x_in[7][-1]                 ; Top       ; Input Port    ; n/a      ;             ;
;     -- x_in[7][-1]          ; Top       ; Input Pad     ; Unplaced ; Synthesized ;
;     -- x_in[7][-1]~input    ; Top       ; Input Buffer  ; Unplaced ; Synthesized ;
;                             ;           ;               ;          ;             ;
; x_in[7][-2]                 ; Top       ; Input Port    ; n/a      ;             ;
;     -- x_in[7][-2]          ; Top       ; Input Pad     ; Unplaced ; Synthesized ;
;     -- x_in[7][-2]~input    ; Top       ; Input Buffer  ; Unplaced ; Synthesized ;
;                             ;           ;               ;          ;             ;
; x_in[7][-3]                 ; Top       ; Input Port    ; n/a      ;             ;
;     -- x_in[7][-3]          ; Top       ; Input Pad     ; Unplaced ; Synthesized ;
;     -- x_in[7][-3]~input    ; Top       ; Input Buffer  ; Unplaced ; Synthesized ;
;                             ;           ;               ;          ;             ;
; x_in[7][-4]                 ; Top       ; Input Port    ; n/a      ;             ;
;     -- x_in[7][-4]          ; Top       ; Input Pad     ; Unplaced ; Synthesized ;
;     -- x_in[7][-4]~input    ; Top       ; Input Buffer  ; Unplaced ; Synthesized ;
;                             ;           ;               ;          ;             ;
; x_in[7][-5]                 ; Top       ; Input Port    ; n/a      ;             ;
;     -- x_in[7][-5]          ; Top       ; Input Pad     ; Unplaced ; Synthesized ;
;     -- x_in[7][-5]~input    ; Top       ; Input Buffer  ; Unplaced ; Synthesized ;
;                             ;           ;               ;          ;             ;
; x_in[7][-6]                 ; Top       ; Input Port    ; n/a      ;             ;
;     -- x_in[7][-6]          ; Top       ; Input Pad     ; Unplaced ; Synthesized ;
;     -- x_in[7][-6]~input    ; Top       ; Input Buffer  ; Unplaced ; Synthesized ;
;                             ;           ;               ;          ;             ;
; x_in[7][-7]                 ; Top       ; Input Port    ; n/a      ;             ;
;     -- x_in[7][-7]          ; Top       ; Input Pad     ; Unplaced ; Synthesized ;
;     -- x_in[7][-7]~input    ; Top       ; Input Buffer  ; Unplaced ; Synthesized ;
;                             ;           ;               ;          ;             ;
; x_in[7][-8]                 ; Top       ; Input Port    ; n/a      ;             ;
;     -- x_in[7][-8]          ; Top       ; Input Pad     ; Unplaced ; Synthesized ;
;     -- x_in[7][-8]~input    ; Top       ; Input Buffer  ; Unplaced ; Synthesized ;
;                             ;           ;               ;          ;             ;
; x_in[7][-9]                 ; Top       ; Input Port    ; n/a      ;             ;
;     -- x_in[7][-9]          ; Top       ; Input Pad     ; Unplaced ; Synthesized ;
;     -- x_in[7][-9]~input    ; Top       ; Input Buffer  ; Unplaced ; Synthesized ;
;                             ;           ;               ;          ;             ;
; x_in[7][0]                  ; Top       ; Input Port    ; n/a      ;             ;
;     -- x_in[7][0]           ; Top       ; Input Pad     ; Unplaced ; Synthesized ;
;     -- x_in[7][0]~input     ; Top       ; Input Buffer  ; Unplaced ; Synthesized ;
;                             ;           ;               ;          ;             ;
; x_in[8][-10]                ; Top       ; Input Port    ; n/a      ;             ;
;     -- x_in[8][-10]         ; Top       ; Input Pad     ; Unplaced ; Synthesized ;
;     -- x_in[8][-10]~input   ; Top       ; Input Buffer  ; Unplaced ; Synthesized ;
;                             ;           ;               ;          ;             ;
; x_in[8][-11]                ; Top       ; Input Port    ; n/a      ;             ;
;     -- x_in[8][-11]         ; Top       ; Input Pad     ; Unplaced ; Synthesized ;
;     -- x_in[8][-11]~input   ; Top       ; Input Buffer  ; Unplaced ; Synthesized ;
;                             ;           ;               ;          ;             ;
; x_in[8][-1]                 ; Top       ; Input Port    ; n/a      ;             ;
;     -- x_in[8][-1]          ; Top       ; Input Pad     ; Unplaced ; Synthesized ;
;     -- x_in[8][-1]~input    ; Top       ; Input Buffer  ; Unplaced ; Synthesized ;
;                             ;           ;               ;          ;             ;
; x_in[8][-2]                 ; Top       ; Input Port    ; n/a      ;             ;
;     -- x_in[8][-2]          ; Top       ; Input Pad     ; Unplaced ; Synthesized ;
;     -- x_in[8][-2]~input    ; Top       ; Input Buffer  ; Unplaced ; Synthesized ;
;                             ;           ;               ;          ;             ;
; x_in[8][-3]                 ; Top       ; Input Port    ; n/a      ;             ;
;     -- x_in[8][-3]          ; Top       ; Input Pad     ; Unplaced ; Synthesized ;
;     -- x_in[8][-3]~input    ; Top       ; Input Buffer  ; Unplaced ; Synthesized ;
;                             ;           ;               ;          ;             ;
; x_in[8][-4]                 ; Top       ; Input Port    ; n/a      ;             ;
;     -- x_in[8][-4]          ; Top       ; Input Pad     ; Unplaced ; Synthesized ;
;     -- x_in[8][-4]~input    ; Top       ; Input Buffer  ; Unplaced ; Synthesized ;
;                             ;           ;               ;          ;             ;
; x_in[8][-5]                 ; Top       ; Input Port    ; n/a      ;             ;
;     -- x_in[8][-5]          ; Top       ; Input Pad     ; Unplaced ; Synthesized ;
;     -- x_in[8][-5]~input    ; Top       ; Input Buffer  ; Unplaced ; Synthesized ;
;                             ;           ;               ;          ;             ;
; x_in[8][-6]                 ; Top       ; Input Port    ; n/a      ;             ;
;     -- x_in[8][-6]          ; Top       ; Input Pad     ; Unplaced ; Synthesized ;
;     -- x_in[8][-6]~input    ; Top       ; Input Buffer  ; Unplaced ; Synthesized ;
;                             ;           ;               ;          ;             ;
; x_in[8][-7]                 ; Top       ; Input Port    ; n/a      ;             ;
;     -- x_in[8][-7]          ; Top       ; Input Pad     ; Unplaced ; Synthesized ;
;     -- x_in[8][-7]~input    ; Top       ; Input Buffer  ; Unplaced ; Synthesized ;
;                             ;           ;               ;          ;             ;
; x_in[8][-8]                 ; Top       ; Input Port    ; n/a      ;             ;
;     -- x_in[8][-8]          ; Top       ; Input Pad     ; Unplaced ; Synthesized ;
;     -- x_in[8][-8]~input    ; Top       ; Input Buffer  ; Unplaced ; Synthesized ;
;                             ;           ;               ;          ;             ;
; x_in[8][-9]                 ; Top       ; Input Port    ; n/a      ;             ;
;     -- x_in[8][-9]          ; Top       ; Input Pad     ; Unplaced ; Synthesized ;
;     -- x_in[8][-9]~input    ; Top       ; Input Buffer  ; Unplaced ; Synthesized ;
;                             ;           ;               ;          ;             ;
; x_in[8][0]                  ; Top       ; Input Port    ; n/a      ;             ;
;     -- x_in[8][0]           ; Top       ; Input Pad     ; Unplaced ; Synthesized ;
;     -- x_in[8][0]~input     ; Top       ; Input Buffer  ; Unplaced ; Synthesized ;
;                             ;           ;               ;          ;             ;
; x_in[9][-10]                ; Top       ; Input Port    ; n/a      ;             ;
;     -- x_in[9][-10]         ; Top       ; Input Pad     ; Unplaced ; Synthesized ;
;     -- x_in[9][-10]~input   ; Top       ; Input Buffer  ; Unplaced ; Synthesized ;
;                             ;           ;               ;          ;             ;
; x_in[9][-11]                ; Top       ; Input Port    ; n/a      ;             ;
;     -- x_in[9][-11]         ; Top       ; Input Pad     ; Unplaced ; Synthesized ;
;     -- x_in[9][-11]~input   ; Top       ; Input Buffer  ; Unplaced ; Synthesized ;
;                             ;           ;               ;          ;             ;
; x_in[9][-1]                 ; Top       ; Input Port    ; n/a      ;             ;
;     -- x_in[9][-1]          ; Top       ; Input Pad     ; Unplaced ; Synthesized ;
;     -- x_in[9][-1]~input    ; Top       ; Input Buffer  ; Unplaced ; Synthesized ;
;                             ;           ;               ;          ;             ;
; x_in[9][-2]                 ; Top       ; Input Port    ; n/a      ;             ;
;     -- x_in[9][-2]          ; Top       ; Input Pad     ; Unplaced ; Synthesized ;
;     -- x_in[9][-2]~input    ; Top       ; Input Buffer  ; Unplaced ; Synthesized ;
;                             ;           ;               ;          ;             ;
; x_in[9][-3]                 ; Top       ; Input Port    ; n/a      ;             ;
;     -- x_in[9][-3]          ; Top       ; Input Pad     ; Unplaced ; Synthesized ;
;     -- x_in[9][-3]~input    ; Top       ; Input Buffer  ; Unplaced ; Synthesized ;
;                             ;           ;               ;          ;             ;
; x_in[9][-4]                 ; Top       ; Input Port    ; n/a      ;             ;
;     -- x_in[9][-4]          ; Top       ; Input Pad     ; Unplaced ; Synthesized ;
;     -- x_in[9][-4]~input    ; Top       ; Input Buffer  ; Unplaced ; Synthesized ;
;                             ;           ;               ;          ;             ;
; x_in[9][-5]                 ; Top       ; Input Port    ; n/a      ;             ;
;     -- x_in[9][-5]          ; Top       ; Input Pad     ; Unplaced ; Synthesized ;
;     -- x_in[9][-5]~input    ; Top       ; Input Buffer  ; Unplaced ; Synthesized ;
;                             ;           ;               ;          ;             ;
; x_in[9][-6]                 ; Top       ; Input Port    ; n/a      ;             ;
;     -- x_in[9][-6]          ; Top       ; Input Pad     ; Unplaced ; Synthesized ;
;     -- x_in[9][-6]~input    ; Top       ; Input Buffer  ; Unplaced ; Synthesized ;
;                             ;           ;               ;          ;             ;
; x_in[9][-7]                 ; Top       ; Input Port    ; n/a      ;             ;
;     -- x_in[9][-7]          ; Top       ; Input Pad     ; Unplaced ; Synthesized ;
;     -- x_in[9][-7]~input    ; Top       ; Input Buffer  ; Unplaced ; Synthesized ;
;                             ;           ;               ;          ;             ;
; x_in[9][-8]                 ; Top       ; Input Port    ; n/a      ;             ;
;     -- x_in[9][-8]          ; Top       ; Input Pad     ; Unplaced ; Synthesized ;
;     -- x_in[9][-8]~input    ; Top       ; Input Buffer  ; Unplaced ; Synthesized ;
;                             ;           ;               ;          ;             ;
; x_in[9][-9]                 ; Top       ; Input Port    ; n/a      ;             ;
;     -- x_in[9][-9]          ; Top       ; Input Pad     ; Unplaced ; Synthesized ;
;     -- x_in[9][-9]~input    ; Top       ; Input Buffer  ; Unplaced ; Synthesized ;
;                             ;           ;               ;          ;             ;
; x_in[9][0]                  ; Top       ; Input Port    ; n/a      ;             ;
;     -- x_in[9][0]           ; Top       ; Input Pad     ; Unplaced ; Synthesized ;
;     -- x_in[9][0]~input     ; Top       ; Input Buffer  ; Unplaced ; Synthesized ;
;                             ;           ;               ;          ;             ;
; z_out[0][-10]               ; Top       ; Output Port   ; n/a      ;             ;
;     -- z_out[0][-10]        ; Top       ; Output Pad    ; Unplaced ; Synthesized ;
;     -- z_out[0][-10]~output ; Top       ; Output Buffer ; Unplaced ; Synthesized ;
;                             ;           ;               ;          ;             ;
; z_out[0][-11]               ; Top       ; Output Port   ; n/a      ;             ;
;     -- z_out[0][-11]        ; Top       ; Output Pad    ; Unplaced ; Synthesized ;
;     -- z_out[0][-11]~output ; Top       ; Output Buffer ; Unplaced ; Synthesized ;
;                             ;           ;               ;          ;             ;
; z_out[0][-1]                ; Top       ; Output Port   ; n/a      ;             ;
;     -- z_out[0][-1]         ; Top       ; Output Pad    ; Unplaced ; Synthesized ;
;     -- z_out[0][-1]~output  ; Top       ; Output Buffer ; Unplaced ; Synthesized ;
;                             ;           ;               ;          ;             ;
; z_out[0][-2]                ; Top       ; Output Port   ; n/a      ;             ;
;     -- z_out[0][-2]         ; Top       ; Output Pad    ; Unplaced ; Synthesized ;
;     -- z_out[0][-2]~output  ; Top       ; Output Buffer ; Unplaced ; Synthesized ;
;                             ;           ;               ;          ;             ;
; z_out[0][-3]                ; Top       ; Output Port   ; n/a      ;             ;
;     -- z_out[0][-3]         ; Top       ; Output Pad    ; Unplaced ; Synthesized ;
;     -- z_out[0][-3]~output  ; Top       ; Output Buffer ; Unplaced ; Synthesized ;
;                             ;           ;               ;          ;             ;
; z_out[0][-4]                ; Top       ; Output Port   ; n/a      ;             ;
;     -- z_out[0][-4]         ; Top       ; Output Pad    ; Unplaced ; Synthesized ;
;     -- z_out[0][-4]~output  ; Top       ; Output Buffer ; Unplaced ; Synthesized ;
;                             ;           ;               ;          ;             ;
; z_out[0][-5]                ; Top       ; Output Port   ; n/a      ;             ;
;     -- z_out[0][-5]         ; Top       ; Output Pad    ; Unplaced ; Synthesized ;
;     -- z_out[0][-5]~output  ; Top       ; Output Buffer ; Unplaced ; Synthesized ;
;                             ;           ;               ;          ;             ;
; z_out[0][-6]                ; Top       ; Output Port   ; n/a      ;             ;
;     -- z_out[0][-6]         ; Top       ; Output Pad    ; Unplaced ; Synthesized ;
;     -- z_out[0][-6]~output  ; Top       ; Output Buffer ; Unplaced ; Synthesized ;
;                             ;           ;               ;          ;             ;
; z_out[0][-7]                ; Top       ; Output Port   ; n/a      ;             ;
;     -- z_out[0][-7]         ; Top       ; Output Pad    ; Unplaced ; Synthesized ;
;     -- z_out[0][-7]~output  ; Top       ; Output Buffer ; Unplaced ; Synthesized ;
;                             ;           ;               ;          ;             ;
; z_out[0][-8]                ; Top       ; Output Port   ; n/a      ;             ;
;     -- z_out[0][-8]         ; Top       ; Output Pad    ; Unplaced ; Synthesized ;
;     -- z_out[0][-8]~output  ; Top       ; Output Buffer ; Unplaced ; Synthesized ;
;                             ;           ;               ;          ;             ;
; z_out[0][-9]                ; Top       ; Output Port   ; n/a      ;             ;
;     -- z_out[0][-9]         ; Top       ; Output Pad    ; Unplaced ; Synthesized ;
;     -- z_out[0][-9]~output  ; Top       ; Output Buffer ; Unplaced ; Synthesized ;
;                             ;           ;               ;          ;             ;
; z_out[0][0]                 ; Top       ; Output Port   ; n/a      ;             ;
;     -- z_out[0][0]          ; Top       ; Output Pad    ; Unplaced ; Synthesized ;
;     -- z_out[0][0]~output   ; Top       ; Output Buffer ; Unplaced ; Synthesized ;
;                             ;           ;               ;          ;             ;
; z_out[1][-10]               ; Top       ; Output Port   ; n/a      ;             ;
;     -- z_out[1][-10]        ; Top       ; Output Pad    ; Unplaced ; Synthesized ;
;     -- z_out[1][-10]~output ; Top       ; Output Buffer ; Unplaced ; Synthesized ;
;                             ;           ;               ;          ;             ;
; z_out[1][-11]               ; Top       ; Output Port   ; n/a      ;             ;
;     -- z_out[1][-11]        ; Top       ; Output Pad    ; Unplaced ; Synthesized ;
;     -- z_out[1][-11]~output ; Top       ; Output Buffer ; Unplaced ; Synthesized ;
;                             ;           ;               ;          ;             ;
; z_out[1][-1]                ; Top       ; Output Port   ; n/a      ;             ;
;     -- z_out[1][-1]         ; Top       ; Output Pad    ; Unplaced ; Synthesized ;
;     -- z_out[1][-1]~output  ; Top       ; Output Buffer ; Unplaced ; Synthesized ;
;                             ;           ;               ;          ;             ;
; z_out[1][-2]                ; Top       ; Output Port   ; n/a      ;             ;
;     -- z_out[1][-2]         ; Top       ; Output Pad    ; Unplaced ; Synthesized ;
;     -- z_out[1][-2]~output  ; Top       ; Output Buffer ; Unplaced ; Synthesized ;
;                             ;           ;               ;          ;             ;
; z_out[1][-3]                ; Top       ; Output Port   ; n/a      ;             ;
;     -- z_out[1][-3]         ; Top       ; Output Pad    ; Unplaced ; Synthesized ;
;     -- z_out[1][-3]~output  ; Top       ; Output Buffer ; Unplaced ; Synthesized ;
;                             ;           ;               ;          ;             ;
; z_out[1][-4]                ; Top       ; Output Port   ; n/a      ;             ;
;     -- z_out[1][-4]         ; Top       ; Output Pad    ; Unplaced ; Synthesized ;
;     -- z_out[1][-4]~output  ; Top       ; Output Buffer ; Unplaced ; Synthesized ;
;                             ;           ;               ;          ;             ;
; z_out[1][-5]                ; Top       ; Output Port   ; n/a      ;             ;
;     -- z_out[1][-5]         ; Top       ; Output Pad    ; Unplaced ; Synthesized ;
;     -- z_out[1][-5]~output  ; Top       ; Output Buffer ; Unplaced ; Synthesized ;
;                             ;           ;               ;          ;             ;
; z_out[1][-6]                ; Top       ; Output Port   ; n/a      ;             ;
;     -- z_out[1][-6]         ; Top       ; Output Pad    ; Unplaced ; Synthesized ;
;     -- z_out[1][-6]~output  ; Top       ; Output Buffer ; Unplaced ; Synthesized ;
;                             ;           ;               ;          ;             ;
; z_out[1][-7]                ; Top       ; Output Port   ; n/a      ;             ;
;     -- z_out[1][-7]         ; Top       ; Output Pad    ; Unplaced ; Synthesized ;
;     -- z_out[1][-7]~output  ; Top       ; Output Buffer ; Unplaced ; Synthesized ;
;                             ;           ;               ;          ;             ;
; z_out[1][-8]                ; Top       ; Output Port   ; n/a      ;             ;
;     -- z_out[1][-8]         ; Top       ; Output Pad    ; Unplaced ; Synthesized ;
;     -- z_out[1][-8]~output  ; Top       ; Output Buffer ; Unplaced ; Synthesized ;
;                             ;           ;               ;          ;             ;
; z_out[1][-9]                ; Top       ; Output Port   ; n/a      ;             ;
;     -- z_out[1][-9]         ; Top       ; Output Pad    ; Unplaced ; Synthesized ;
;     -- z_out[1][-9]~output  ; Top       ; Output Buffer ; Unplaced ; Synthesized ;
;                             ;           ;               ;          ;             ;
; z_out[1][0]                 ; Top       ; Output Port   ; n/a      ;             ;
;     -- z_out[1][0]          ; Top       ; Output Pad    ; Unplaced ; Synthesized ;
;     -- z_out[1][0]~output   ; Top       ; Output Buffer ; Unplaced ; Synthesized ;
;                             ;           ;               ;          ;             ;
; z_out[2][-10]               ; Top       ; Output Port   ; n/a      ;             ;
;     -- z_out[2][-10]        ; Top       ; Output Pad    ; Unplaced ; Synthesized ;
;     -- z_out[2][-10]~output ; Top       ; Output Buffer ; Unplaced ; Synthesized ;
;                             ;           ;               ;          ;             ;
; z_out[2][-11]               ; Top       ; Output Port   ; n/a      ;             ;
;     -- z_out[2][-11]        ; Top       ; Output Pad    ; Unplaced ; Synthesized ;
;     -- z_out[2][-11]~output ; Top       ; Output Buffer ; Unplaced ; Synthesized ;
;                             ;           ;               ;          ;             ;
; z_out[2][-1]                ; Top       ; Output Port   ; n/a      ;             ;
;     -- z_out[2][-1]         ; Top       ; Output Pad    ; Unplaced ; Synthesized ;
;     -- z_out[2][-1]~output  ; Top       ; Output Buffer ; Unplaced ; Synthesized ;
;                             ;           ;               ;          ;             ;
; z_out[2][-2]                ; Top       ; Output Port   ; n/a      ;             ;
;     -- z_out[2][-2]         ; Top       ; Output Pad    ; Unplaced ; Synthesized ;
;     -- z_out[2][-2]~output  ; Top       ; Output Buffer ; Unplaced ; Synthesized ;
;                             ;           ;               ;          ;             ;
; z_out[2][-3]                ; Top       ; Output Port   ; n/a      ;             ;
;     -- z_out[2][-3]         ; Top       ; Output Pad    ; Unplaced ; Synthesized ;
;     -- z_out[2][-3]~output  ; Top       ; Output Buffer ; Unplaced ; Synthesized ;
;                             ;           ;               ;          ;             ;
; z_out[2][-4]                ; Top       ; Output Port   ; n/a      ;             ;
;     -- z_out[2][-4]         ; Top       ; Output Pad    ; Unplaced ; Synthesized ;
;     -- z_out[2][-4]~output  ; Top       ; Output Buffer ; Unplaced ; Synthesized ;
;                             ;           ;               ;          ;             ;
; z_out[2][-5]                ; Top       ; Output Port   ; n/a      ;             ;
;     -- z_out[2][-5]         ; Top       ; Output Pad    ; Unplaced ; Synthesized ;
;     -- z_out[2][-5]~output  ; Top       ; Output Buffer ; Unplaced ; Synthesized ;
;                             ;           ;               ;          ;             ;
; z_out[2][-6]                ; Top       ; Output Port   ; n/a      ;             ;
;     -- z_out[2][-6]         ; Top       ; Output Pad    ; Unplaced ; Synthesized ;
;     -- z_out[2][-6]~output  ; Top       ; Output Buffer ; Unplaced ; Synthesized ;
;                             ;           ;               ;          ;             ;
; z_out[2][-7]                ; Top       ; Output Port   ; n/a      ;             ;
;     -- z_out[2][-7]         ; Top       ; Output Pad    ; Unplaced ; Synthesized ;
;     -- z_out[2][-7]~output  ; Top       ; Output Buffer ; Unplaced ; Synthesized ;
;                             ;           ;               ;          ;             ;
; z_out[2][-8]                ; Top       ; Output Port   ; n/a      ;             ;
;     -- z_out[2][-8]         ; Top       ; Output Pad    ; Unplaced ; Synthesized ;
;     -- z_out[2][-8]~output  ; Top       ; Output Buffer ; Unplaced ; Synthesized ;
;                             ;           ;               ;          ;             ;
; z_out[2][-9]                ; Top       ; Output Port   ; n/a      ;             ;
;     -- z_out[2][-9]         ; Top       ; Output Pad    ; Unplaced ; Synthesized ;
;     -- z_out[2][-9]~output  ; Top       ; Output Buffer ; Unplaced ; Synthesized ;
;                             ;           ;               ;          ;             ;
; z_out[2][0]                 ; Top       ; Output Port   ; n/a      ;             ;
;     -- z_out[2][0]          ; Top       ; Output Pad    ; Unplaced ; Synthesized ;
;     -- z_out[2][0]~output   ; Top       ; Output Buffer ; Unplaced ; Synthesized ;
;                             ;           ;               ;          ;             ;
; z_out[3][-10]               ; Top       ; Output Port   ; n/a      ;             ;
;     -- z_out[3][-10]        ; Top       ; Output Pad    ; Unplaced ; Synthesized ;
;     -- z_out[3][-10]~output ; Top       ; Output Buffer ; Unplaced ; Synthesized ;
;                             ;           ;               ;          ;             ;
; z_out[3][-11]               ; Top       ; Output Port   ; n/a      ;             ;
;     -- z_out[3][-11]        ; Top       ; Output Pad    ; Unplaced ; Synthesized ;
;     -- z_out[3][-11]~output ; Top       ; Output Buffer ; Unplaced ; Synthesized ;
;                             ;           ;               ;          ;             ;
; z_out[3][-1]                ; Top       ; Output Port   ; n/a      ;             ;
;     -- z_out[3][-1]         ; Top       ; Output Pad    ; Unplaced ; Synthesized ;
;     -- z_out[3][-1]~output  ; Top       ; Output Buffer ; Unplaced ; Synthesized ;
;                             ;           ;               ;          ;             ;
; z_out[3][-2]                ; Top       ; Output Port   ; n/a      ;             ;
;     -- z_out[3][-2]         ; Top       ; Output Pad    ; Unplaced ; Synthesized ;
;     -- z_out[3][-2]~output  ; Top       ; Output Buffer ; Unplaced ; Synthesized ;
;                             ;           ;               ;          ;             ;
; z_out[3][-3]                ; Top       ; Output Port   ; n/a      ;             ;
;     -- z_out[3][-3]         ; Top       ; Output Pad    ; Unplaced ; Synthesized ;
;     -- z_out[3][-3]~output  ; Top       ; Output Buffer ; Unplaced ; Synthesized ;
;                             ;           ;               ;          ;             ;
; z_out[3][-4]                ; Top       ; Output Port   ; n/a      ;             ;
;     -- z_out[3][-4]         ; Top       ; Output Pad    ; Unplaced ; Synthesized ;
;     -- z_out[3][-4]~output  ; Top       ; Output Buffer ; Unplaced ; Synthesized ;
;                             ;           ;               ;          ;             ;
; z_out[3][-5]                ; Top       ; Output Port   ; n/a      ;             ;
;     -- z_out[3][-5]         ; Top       ; Output Pad    ; Unplaced ; Synthesized ;
;     -- z_out[3][-5]~output  ; Top       ; Output Buffer ; Unplaced ; Synthesized ;
;                             ;           ;               ;          ;             ;
; z_out[3][-6]                ; Top       ; Output Port   ; n/a      ;             ;
;     -- z_out[3][-6]         ; Top       ; Output Pad    ; Unplaced ; Synthesized ;
;     -- z_out[3][-6]~output  ; Top       ; Output Buffer ; Unplaced ; Synthesized ;
;                             ;           ;               ;          ;             ;
; z_out[3][-7]                ; Top       ; Output Port   ; n/a      ;             ;
;     -- z_out[3][-7]         ; Top       ; Output Pad    ; Unplaced ; Synthesized ;
;     -- z_out[3][-7]~output  ; Top       ; Output Buffer ; Unplaced ; Synthesized ;
;                             ;           ;               ;          ;             ;
; z_out[3][-8]                ; Top       ; Output Port   ; n/a      ;             ;
;     -- z_out[3][-8]         ; Top       ; Output Pad    ; Unplaced ; Synthesized ;
;     -- z_out[3][-8]~output  ; Top       ; Output Buffer ; Unplaced ; Synthesized ;
;                             ;           ;               ;          ;             ;
; z_out[3][-9]                ; Top       ; Output Port   ; n/a      ;             ;
;     -- z_out[3][-9]         ; Top       ; Output Pad    ; Unplaced ; Synthesized ;
;     -- z_out[3][-9]~output  ; Top       ; Output Buffer ; Unplaced ; Synthesized ;
;                             ;           ;               ;          ;             ;
; z_out[3][0]                 ; Top       ; Output Port   ; n/a      ;             ;
;     -- z_out[3][0]          ; Top       ; Output Pad    ; Unplaced ; Synthesized ;
;     -- z_out[3][0]~output   ; Top       ; Output Buffer ; Unplaced ; Synthesized ;
;                             ;           ;               ;          ;             ;
; z_out[4][-10]               ; Top       ; Output Port   ; n/a      ;             ;
;     -- z_out[4][-10]        ; Top       ; Output Pad    ; Unplaced ; Synthesized ;
;     -- z_out[4][-10]~output ; Top       ; Output Buffer ; Unplaced ; Synthesized ;
;                             ;           ;               ;          ;             ;
; z_out[4][-11]               ; Top       ; Output Port   ; n/a      ;             ;
;     -- z_out[4][-11]        ; Top       ; Output Pad    ; Unplaced ; Synthesized ;
;     -- z_out[4][-11]~output ; Top       ; Output Buffer ; Unplaced ; Synthesized ;
;                             ;           ;               ;          ;             ;
; z_out[4][-1]                ; Top       ; Output Port   ; n/a      ;             ;
;     -- z_out[4][-1]         ; Top       ; Output Pad    ; Unplaced ; Synthesized ;
;     -- z_out[4][-1]~output  ; Top       ; Output Buffer ; Unplaced ; Synthesized ;
;                             ;           ;               ;          ;             ;
; z_out[4][-2]                ; Top       ; Output Port   ; n/a      ;             ;
;     -- z_out[4][-2]         ; Top       ; Output Pad    ; Unplaced ; Synthesized ;
;     -- z_out[4][-2]~output  ; Top       ; Output Buffer ; Unplaced ; Synthesized ;
;                             ;           ;               ;          ;             ;
; z_out[4][-3]                ; Top       ; Output Port   ; n/a      ;             ;
;     -- z_out[4][-3]         ; Top       ; Output Pad    ; Unplaced ; Synthesized ;
;     -- z_out[4][-3]~output  ; Top       ; Output Buffer ; Unplaced ; Synthesized ;
;                             ;           ;               ;          ;             ;
; z_out[4][-4]                ; Top       ; Output Port   ; n/a      ;             ;
;     -- z_out[4][-4]         ; Top       ; Output Pad    ; Unplaced ; Synthesized ;
;     -- z_out[4][-4]~output  ; Top       ; Output Buffer ; Unplaced ; Synthesized ;
;                             ;           ;               ;          ;             ;
; z_out[4][-5]                ; Top       ; Output Port   ; n/a      ;             ;
;     -- z_out[4][-5]         ; Top       ; Output Pad    ; Unplaced ; Synthesized ;
;     -- z_out[4][-5]~output  ; Top       ; Output Buffer ; Unplaced ; Synthesized ;
;                             ;           ;               ;          ;             ;
; z_out[4][-6]                ; Top       ; Output Port   ; n/a      ;             ;
;     -- z_out[4][-6]         ; Top       ; Output Pad    ; Unplaced ; Synthesized ;
;     -- z_out[4][-6]~output  ; Top       ; Output Buffer ; Unplaced ; Synthesized ;
;                             ;           ;               ;          ;             ;
; z_out[4][-7]                ; Top       ; Output Port   ; n/a      ;             ;
;     -- z_out[4][-7]         ; Top       ; Output Pad    ; Unplaced ; Synthesized ;
;     -- z_out[4][-7]~output  ; Top       ; Output Buffer ; Unplaced ; Synthesized ;
;                             ;           ;               ;          ;             ;
; z_out[4][-8]                ; Top       ; Output Port   ; n/a      ;             ;
;     -- z_out[4][-8]         ; Top       ; Output Pad    ; Unplaced ; Synthesized ;
;     -- z_out[4][-8]~output  ; Top       ; Output Buffer ; Unplaced ; Synthesized ;
;                             ;           ;               ;          ;             ;
; z_out[4][-9]                ; Top       ; Output Port   ; n/a      ;             ;
;     -- z_out[4][-9]         ; Top       ; Output Pad    ; Unplaced ; Synthesized ;
;     -- z_out[4][-9]~output  ; Top       ; Output Buffer ; Unplaced ; Synthesized ;
;                             ;           ;               ;          ;             ;
; z_out[4][0]                 ; Top       ; Output Port   ; n/a      ;             ;
;     -- z_out[4][0]          ; Top       ; Output Pad    ; Unplaced ; Synthesized ;
;     -- z_out[4][0]~output   ; Top       ; Output Buffer ; Unplaced ; Synthesized ;
;                             ;           ;               ;          ;             ;
; z_out[5][-10]               ; Top       ; Output Port   ; n/a      ;             ;
;     -- z_out[5][-10]        ; Top       ; Output Pad    ; Unplaced ; Synthesized ;
;     -- z_out[5][-10]~output ; Top       ; Output Buffer ; Unplaced ; Synthesized ;
;                             ;           ;               ;          ;             ;
; z_out[5][-11]               ; Top       ; Output Port   ; n/a      ;             ;
;     -- z_out[5][-11]        ; Top       ; Output Pad    ; Unplaced ; Synthesized ;
;     -- z_out[5][-11]~output ; Top       ; Output Buffer ; Unplaced ; Synthesized ;
;                             ;           ;               ;          ;             ;
; z_out[5][-1]                ; Top       ; Output Port   ; n/a      ;             ;
;     -- z_out[5][-1]         ; Top       ; Output Pad    ; Unplaced ; Synthesized ;
;     -- z_out[5][-1]~output  ; Top       ; Output Buffer ; Unplaced ; Synthesized ;
;                             ;           ;               ;          ;             ;
; z_out[5][-2]                ; Top       ; Output Port   ; n/a      ;             ;
;     -- z_out[5][-2]         ; Top       ; Output Pad    ; Unplaced ; Synthesized ;
;     -- z_out[5][-2]~output  ; Top       ; Output Buffer ; Unplaced ; Synthesized ;
;                             ;           ;               ;          ;             ;
; z_out[5][-3]                ; Top       ; Output Port   ; n/a      ;             ;
;     -- z_out[5][-3]         ; Top       ; Output Pad    ; Unplaced ; Synthesized ;
;     -- z_out[5][-3]~output  ; Top       ; Output Buffer ; Unplaced ; Synthesized ;
;                             ;           ;               ;          ;             ;
; z_out[5][-4]                ; Top       ; Output Port   ; n/a      ;             ;
;     -- z_out[5][-4]         ; Top       ; Output Pad    ; Unplaced ; Synthesized ;
;     -- z_out[5][-4]~output  ; Top       ; Output Buffer ; Unplaced ; Synthesized ;
;                             ;           ;               ;          ;             ;
; z_out[5][-5]                ; Top       ; Output Port   ; n/a      ;             ;
;     -- z_out[5][-5]         ; Top       ; Output Pad    ; Unplaced ; Synthesized ;
;     -- z_out[5][-5]~output  ; Top       ; Output Buffer ; Unplaced ; Synthesized ;
;                             ;           ;               ;          ;             ;
; z_out[5][-6]                ; Top       ; Output Port   ; n/a      ;             ;
;     -- z_out[5][-6]         ; Top       ; Output Pad    ; Unplaced ; Synthesized ;
;     -- z_out[5][-6]~output  ; Top       ; Output Buffer ; Unplaced ; Synthesized ;
;                             ;           ;               ;          ;             ;
; z_out[5][-7]                ; Top       ; Output Port   ; n/a      ;             ;
;     -- z_out[5][-7]         ; Top       ; Output Pad    ; Unplaced ; Synthesized ;
;     -- z_out[5][-7]~output  ; Top       ; Output Buffer ; Unplaced ; Synthesized ;
;                             ;           ;               ;          ;             ;
; z_out[5][-8]                ; Top       ; Output Port   ; n/a      ;             ;
;     -- z_out[5][-8]         ; Top       ; Output Pad    ; Unplaced ; Synthesized ;
;     -- z_out[5][-8]~output  ; Top       ; Output Buffer ; Unplaced ; Synthesized ;
;                             ;           ;               ;          ;             ;
; z_out[5][-9]                ; Top       ; Output Port   ; n/a      ;             ;
;     -- z_out[5][-9]         ; Top       ; Output Pad    ; Unplaced ; Synthesized ;
;     -- z_out[5][-9]~output  ; Top       ; Output Buffer ; Unplaced ; Synthesized ;
;                             ;           ;               ;          ;             ;
; z_out[5][0]                 ; Top       ; Output Port   ; n/a      ;             ;
;     -- z_out[5][0]          ; Top       ; Output Pad    ; Unplaced ; Synthesized ;
;     -- z_out[5][0]~output   ; Top       ; Output Buffer ; Unplaced ; Synthesized ;
;                             ;           ;               ;          ;             ;
; z_out[6][-10]               ; Top       ; Output Port   ; n/a      ;             ;
;     -- z_out[6][-10]        ; Top       ; Output Pad    ; Unplaced ; Synthesized ;
;     -- z_out[6][-10]~output ; Top       ; Output Buffer ; Unplaced ; Synthesized ;
;                             ;           ;               ;          ;             ;
; z_out[6][-11]               ; Top       ; Output Port   ; n/a      ;             ;
;     -- z_out[6][-11]        ; Top       ; Output Pad    ; Unplaced ; Synthesized ;
;     -- z_out[6][-11]~output ; Top       ; Output Buffer ; Unplaced ; Synthesized ;
;                             ;           ;               ;          ;             ;
; z_out[6][-1]                ; Top       ; Output Port   ; n/a      ;             ;
;     -- z_out[6][-1]         ; Top       ; Output Pad    ; Unplaced ; Synthesized ;
;     -- z_out[6][-1]~output  ; Top       ; Output Buffer ; Unplaced ; Synthesized ;
;                             ;           ;               ;          ;             ;
; z_out[6][-2]                ; Top       ; Output Port   ; n/a      ;             ;
;     -- z_out[6][-2]         ; Top       ; Output Pad    ; Unplaced ; Synthesized ;
;     -- z_out[6][-2]~output  ; Top       ; Output Buffer ; Unplaced ; Synthesized ;
;                             ;           ;               ;          ;             ;
; z_out[6][-3]                ; Top       ; Output Port   ; n/a      ;             ;
;     -- z_out[6][-3]         ; Top       ; Output Pad    ; Unplaced ; Synthesized ;
;     -- z_out[6][-3]~output  ; Top       ; Output Buffer ; Unplaced ; Synthesized ;
;                             ;           ;               ;          ;             ;
; z_out[6][-4]                ; Top       ; Output Port   ; n/a      ;             ;
;     -- z_out[6][-4]         ; Top       ; Output Pad    ; Unplaced ; Synthesized ;
;     -- z_out[6][-4]~output  ; Top       ; Output Buffer ; Unplaced ; Synthesized ;
;                             ;           ;               ;          ;             ;
; z_out[6][-5]                ; Top       ; Output Port   ; n/a      ;             ;
;     -- z_out[6][-5]         ; Top       ; Output Pad    ; Unplaced ; Synthesized ;
;     -- z_out[6][-5]~output  ; Top       ; Output Buffer ; Unplaced ; Synthesized ;
;                             ;           ;               ;          ;             ;
; z_out[6][-6]                ; Top       ; Output Port   ; n/a      ;             ;
;     -- z_out[6][-6]         ; Top       ; Output Pad    ; Unplaced ; Synthesized ;
;     -- z_out[6][-6]~output  ; Top       ; Output Buffer ; Unplaced ; Synthesized ;
;                             ;           ;               ;          ;             ;
; z_out[6][-7]                ; Top       ; Output Port   ; n/a      ;             ;
;     -- z_out[6][-7]         ; Top       ; Output Pad    ; Unplaced ; Synthesized ;
;     -- z_out[6][-7]~output  ; Top       ; Output Buffer ; Unplaced ; Synthesized ;
;                             ;           ;               ;          ;             ;
; z_out[6][-8]                ; Top       ; Output Port   ; n/a      ;             ;
;     -- z_out[6][-8]         ; Top       ; Output Pad    ; Unplaced ; Synthesized ;
;     -- z_out[6][-8]~output  ; Top       ; Output Buffer ; Unplaced ; Synthesized ;
;                             ;           ;               ;          ;             ;
; z_out[6][-9]                ; Top       ; Output Port   ; n/a      ;             ;
;     -- z_out[6][-9]         ; Top       ; Output Pad    ; Unplaced ; Synthesized ;
;     -- z_out[6][-9]~output  ; Top       ; Output Buffer ; Unplaced ; Synthesized ;
;                             ;           ;               ;          ;             ;
; z_out[6][0]                 ; Top       ; Output Port   ; n/a      ;             ;
;     -- z_out[6][0]          ; Top       ; Output Pad    ; Unplaced ; Synthesized ;
;     -- z_out[6][0]~output   ; Top       ; Output Buffer ; Unplaced ; Synthesized ;
;                             ;           ;               ;          ;             ;
; z_out[7][-10]               ; Top       ; Output Port   ; n/a      ;             ;
;     -- z_out[7][-10]        ; Top       ; Output Pad    ; Unplaced ; Synthesized ;
;     -- z_out[7][-10]~output ; Top       ; Output Buffer ; Unplaced ; Synthesized ;
;                             ;           ;               ;          ;             ;
; z_out[7][-11]               ; Top       ; Output Port   ; n/a      ;             ;
;     -- z_out[7][-11]        ; Top       ; Output Pad    ; Unplaced ; Synthesized ;
;     -- z_out[7][-11]~output ; Top       ; Output Buffer ; Unplaced ; Synthesized ;
;                             ;           ;               ;          ;             ;
; z_out[7][-1]                ; Top       ; Output Port   ; n/a      ;             ;
;     -- z_out[7][-1]         ; Top       ; Output Pad    ; Unplaced ; Synthesized ;
;     -- z_out[7][-1]~output  ; Top       ; Output Buffer ; Unplaced ; Synthesized ;
;                             ;           ;               ;          ;             ;
; z_out[7][-2]                ; Top       ; Output Port   ; n/a      ;             ;
;     -- z_out[7][-2]         ; Top       ; Output Pad    ; Unplaced ; Synthesized ;
;     -- z_out[7][-2]~output  ; Top       ; Output Buffer ; Unplaced ; Synthesized ;
;                             ;           ;               ;          ;             ;
; z_out[7][-3]                ; Top       ; Output Port   ; n/a      ;             ;
;     -- z_out[7][-3]         ; Top       ; Output Pad    ; Unplaced ; Synthesized ;
;     -- z_out[7][-3]~output  ; Top       ; Output Buffer ; Unplaced ; Synthesized ;
;                             ;           ;               ;          ;             ;
; z_out[7][-4]                ; Top       ; Output Port   ; n/a      ;             ;
;     -- z_out[7][-4]         ; Top       ; Output Pad    ; Unplaced ; Synthesized ;
;     -- z_out[7][-4]~output  ; Top       ; Output Buffer ; Unplaced ; Synthesized ;
;                             ;           ;               ;          ;             ;
; z_out[7][-5]                ; Top       ; Output Port   ; n/a      ;             ;
;     -- z_out[7][-5]         ; Top       ; Output Pad    ; Unplaced ; Synthesized ;
;     -- z_out[7][-5]~output  ; Top       ; Output Buffer ; Unplaced ; Synthesized ;
;                             ;           ;               ;          ;             ;
; z_out[7][-6]                ; Top       ; Output Port   ; n/a      ;             ;
;     -- z_out[7][-6]         ; Top       ; Output Pad    ; Unplaced ; Synthesized ;
;     -- z_out[7][-6]~output  ; Top       ; Output Buffer ; Unplaced ; Synthesized ;
;                             ;           ;               ;          ;             ;
; z_out[7][-7]                ; Top       ; Output Port   ; n/a      ;             ;
;     -- z_out[7][-7]         ; Top       ; Output Pad    ; Unplaced ; Synthesized ;
;     -- z_out[7][-7]~output  ; Top       ; Output Buffer ; Unplaced ; Synthesized ;
;                             ;           ;               ;          ;             ;
; z_out[7][-8]                ; Top       ; Output Port   ; n/a      ;             ;
;     -- z_out[7][-8]         ; Top       ; Output Pad    ; Unplaced ; Synthesized ;
;     -- z_out[7][-8]~output  ; Top       ; Output Buffer ; Unplaced ; Synthesized ;
;                             ;           ;               ;          ;             ;
; z_out[7][-9]                ; Top       ; Output Port   ; n/a      ;             ;
;     -- z_out[7][-9]         ; Top       ; Output Pad    ; Unplaced ; Synthesized ;
;     -- z_out[7][-9]~output  ; Top       ; Output Buffer ; Unplaced ; Synthesized ;
;                             ;           ;               ;          ;             ;
; z_out[7][0]                 ; Top       ; Output Port   ; n/a      ;             ;
;     -- z_out[7][0]          ; Top       ; Output Pad    ; Unplaced ; Synthesized ;
;     -- z_out[7][0]~output   ; Top       ; Output Buffer ; Unplaced ; Synthesized ;
;                             ;           ;               ;          ;             ;
; z_out[8][-10]               ; Top       ; Output Port   ; n/a      ;             ;
;     -- z_out[8][-10]        ; Top       ; Output Pad    ; Unplaced ; Synthesized ;
;     -- z_out[8][-10]~output ; Top       ; Output Buffer ; Unplaced ; Synthesized ;
;                             ;           ;               ;          ;             ;
; z_out[8][-11]               ; Top       ; Output Port   ; n/a      ;             ;
;     -- z_out[8][-11]        ; Top       ; Output Pad    ; Unplaced ; Synthesized ;
;     -- z_out[8][-11]~output ; Top       ; Output Buffer ; Unplaced ; Synthesized ;
;                             ;           ;               ;          ;             ;
; z_out[8][-1]                ; Top       ; Output Port   ; n/a      ;             ;
;     -- z_out[8][-1]         ; Top       ; Output Pad    ; Unplaced ; Synthesized ;
;     -- z_out[8][-1]~output  ; Top       ; Output Buffer ; Unplaced ; Synthesized ;
;                             ;           ;               ;          ;             ;
; z_out[8][-2]                ; Top       ; Output Port   ; n/a      ;             ;
;     -- z_out[8][-2]         ; Top       ; Output Pad    ; Unplaced ; Synthesized ;
;     -- z_out[8][-2]~output  ; Top       ; Output Buffer ; Unplaced ; Synthesized ;
;                             ;           ;               ;          ;             ;
; z_out[8][-3]                ; Top       ; Output Port   ; n/a      ;             ;
;     -- z_out[8][-3]         ; Top       ; Output Pad    ; Unplaced ; Synthesized ;
;     -- z_out[8][-3]~output  ; Top       ; Output Buffer ; Unplaced ; Synthesized ;
;                             ;           ;               ;          ;             ;
; z_out[8][-4]                ; Top       ; Output Port   ; n/a      ;             ;
;     -- z_out[8][-4]         ; Top       ; Output Pad    ; Unplaced ; Synthesized ;
;     -- z_out[8][-4]~output  ; Top       ; Output Buffer ; Unplaced ; Synthesized ;
;                             ;           ;               ;          ;             ;
; z_out[8][-5]                ; Top       ; Output Port   ; n/a      ;             ;
;     -- z_out[8][-5]         ; Top       ; Output Pad    ; Unplaced ; Synthesized ;
;     -- z_out[8][-5]~output  ; Top       ; Output Buffer ; Unplaced ; Synthesized ;
;                             ;           ;               ;          ;             ;
; z_out[8][-6]                ; Top       ; Output Port   ; n/a      ;             ;
;     -- z_out[8][-6]         ; Top       ; Output Pad    ; Unplaced ; Synthesized ;
;     -- z_out[8][-6]~output  ; Top       ; Output Buffer ; Unplaced ; Synthesized ;
;                             ;           ;               ;          ;             ;
; z_out[8][-7]                ; Top       ; Output Port   ; n/a      ;             ;
;     -- z_out[8][-7]         ; Top       ; Output Pad    ; Unplaced ; Synthesized ;
;     -- z_out[8][-7]~output  ; Top       ; Output Buffer ; Unplaced ; Synthesized ;
;                             ;           ;               ;          ;             ;
; z_out[8][-8]                ; Top       ; Output Port   ; n/a      ;             ;
;     -- z_out[8][-8]         ; Top       ; Output Pad    ; Unplaced ; Synthesized ;
;     -- z_out[8][-8]~output  ; Top       ; Output Buffer ; Unplaced ; Synthesized ;
;                             ;           ;               ;          ;             ;
; z_out[8][-9]                ; Top       ; Output Port   ; n/a      ;             ;
;     -- z_out[8][-9]         ; Top       ; Output Pad    ; Unplaced ; Synthesized ;
;     -- z_out[8][-9]~output  ; Top       ; Output Buffer ; Unplaced ; Synthesized ;
;                             ;           ;               ;          ;             ;
; z_out[8][0]                 ; Top       ; Output Port   ; n/a      ;             ;
;     -- z_out[8][0]          ; Top       ; Output Pad    ; Unplaced ; Synthesized ;
;     -- z_out[8][0]~output   ; Top       ; Output Buffer ; Unplaced ; Synthesized ;
;                             ;           ;               ;          ;             ;
+-----------------------------+-----------+---------------+----------+-------------+


+---------------------------------------------------------+
; Partition Merge Resource Usage Summary                  ;
+---------------------------------------------+-----------+
; Resource                                    ; Usage     ;
+---------------------------------------------+-----------+
; Estimated Total logic elements              ; 2,898     ;
;                                             ;           ;
; Total combinational functions               ; 2094      ;
; Logic element usage by number of LUT inputs ;           ;
;     -- 4 input functions                    ; 34        ;
;     -- 3 input functions                    ; 1579      ;
;     -- <=2 input functions                  ; 481       ;
;                                             ;           ;
; Logic elements by mode                      ;           ;
;     -- normal mode                          ; 418       ;
;     -- arithmetic mode                      ; 1676      ;
;                                             ;           ;
; Total registers                             ; 2624      ;
;     -- Dedicated logic registers            ; 2624      ;
;     -- I/O registers                        ; 0         ;
;                                             ;           ;
; I/O pins                                    ; 302       ;
; Total memory bits                           ; 327       ;
;                                             ;           ;
; Embedded Multiplier 9-bit elements          ; 32        ;
;                                             ;           ;
; Maximum fan-out node                        ; clk~input ;
; Maximum fan-out                             ; 2753      ;
; Total fan-out                               ; 12179     ;
; Average fan-out                             ; 2.22      ;
+---------------------------------------------+-----------+


+--------------------------------------------------------------------------------------------------------------------------------------------------------------------------------------------------------------------------------------------+
; Partition Merge RAM Summary                                                                                                                                                                                                                ;
+----------------------------------------------------------------------------------------------------------------------------------------+------+------------------+--------------+--------------+--------------+--------------+------+------+
; Name                                                                                                                                   ; Type ; Mode             ; Port A Depth ; Port A Width ; Port B Depth ; Port B Width ; Size ; MIF  ;
+----------------------------------------------------------------------------------------------------------------------------------------+------+------------------+--------------+--------------+--------------+--------------+------+------+
; fft16OPT:UUT|altshift_taps:y1r_d_rtl_0|shift_taps_2hl:auto_generated|altsyncram_jo71:altsyncram2|ALTSYNCRAM                            ; AUTO ; Simple Dual Port ; 2            ; 60           ; 2            ; 60           ; 120  ; None ;
; fft16OPT:UUT|altshift_taps:y8r_d_rtl_0|shift_taps_3hl:auto_generated|altsyncram_mo71:altsyncram2|ALTSYNCRAM                            ; AUTO ; Simple Dual Port ; 3            ; 33           ; 3            ; 33           ; 99   ; None ;
; fft16OPT:UUT|calc_pot:\gen_pot:8:calc_Z|altshift_taps:sum_u_rtl_0|shift_taps_4hl:auto_generated|altsyncram_tv21:altsyncram4|ALTSYNCRAM ; AUTO ; Simple Dual Port ; 3            ; 36           ; 3            ; 36           ; 108  ; None ;
+----------------------------------------------------------------------------------------------------------------------------------------+------+------------------+--------------+--------------+--------------+--------------+------+------+


+-----------------------------------------------------+
; Partition Merge DSP Block Usage Summary             ;
+---------------------------------------+-------------+
; Statistic                             ; Number Used ;
+---------------------------------------+-------------+
; Simple Multipliers (9-bit)            ; 0           ;
; Simple Multipliers (18-bit)           ; 16          ;
; Embedded Multiplier Blocks            ; --          ;
; Embedded Multiplier 9-bit elements    ; 32          ;
; Signed Embedded Multipliers           ; 16          ;
; Unsigned Embedded Multipliers         ; 0           ;
; Mixed Sign Embedded Multipliers       ; 0           ;
; Variable Sign Embedded Multipliers    ; 0           ;
; Dedicated Input Shift Register Chains ; 0           ;
+---------------------------------------+-------------+
Note: number of Embedded Multiplier Blocks used is only available after a successful fit.


+--------------------------+
; Partition Merge Messages ;
+--------------------------+
Info: *******************************************************************
Info: Running Quartus Prime Partition Merge
    Info: Version 23.1std.0 Build 991 11/28/2023 SC Lite Edition
    Info: Processing started: Tue Nov 11 00:14:34 2025
Info: Command: quartus_cdb --read_settings_files=off --write_settings_files=off fft16OPT -c fft16OPT --merge=on
Warning (18236): Number of processors has not been specified which may cause overloading on shared machines.  Set the global assignment NUM_PARALLEL_PROCESSORS in your QSF to an appropriate value for best performance.
Critical Warning (138067): Current license file does not support incremental compilation. The Quartus Prime software removes all the user-specified design partitions in the design automatically.
Info (35007): Using synthesis netlist for partition "Top"
Info (35002): Resolved and merged 1 partition(s)
Info (16010): Generating hard_block partition "hard_block:auto_generated_inst"
    Info (16011): Adding 0 node(s), including 0 DDIO, 0 PLL, 0 transceiver and 0 LCELL
Critical Warning (138067): Current license file does not support incremental compilation. The Quartus Prime software removes all the user-specified design partitions in the design automatically.
Warning (21074): Design contains 1 input pin(s) that do not drive logic
    Warning (15610): No output dependent on input pin "rst" File: C:/Users/vitor/elec_num/projet_fft16/jalon_2/Quartus_combi/fft16OPT_sync_e.vhd Line: 11
Info (21057): Implemented 3371 device resources after synthesis - the final resource count might be different
    Info (21058): Implemented 194 input pins
    Info (21059): Implemented 108 output pins
    Info (21061): Implemented 2908 logic cells
    Info (21064): Implemented 129 RAM segments
    Info (21062): Implemented 32 DSP elements
Info: Quartus Prime Partition Merge was successful. 0 errors, 5 warnings
    Info: Peak virtual memory: 4714 megabytes
    Info: Processing ended: Tue Nov 11 00:14:36 2025
    Info: Elapsed time: 00:00:02
    Info: Total CPU time (on all processors): 00:00:02


