Analysis & Synthesis report for fft16OPT
Thu Nov 13 16:15:39 2025
Quartus Prime Version 23.1std.0 Build 991 11/28/2023 SC Lite Edition


---------------------
; Table of Contents ;
---------------------
  1. Legal Notice
  2. Analysis & Synthesis Summary
  3. Analysis & Synthesis Settings
  4. Parallel Compilation
  5. Analysis & Synthesis Source Files Read
  6. Analysis & Synthesis Resource Usage Summary
  7. Analysis & Synthesis Resource Utilization by Entity
  8. Analysis & Synthesis RAM Summary
  9. Analysis & Synthesis DSP Block Usage Summary
 10. Registers Removed During Synthesis
 11. Removed Registers Triggering Further Register Optimizations
 12. General Register Statistics
 13. Registers Packed Into Inferred Megafunctions
 14. Multiplexer Restructuring Statistics (Restructuring Performed)
 15. Source assignments for fft16OPT:UUT|altshift_taps:y8r_d_rtl_0|shift_taps_3hl:auto_generated|altsyncram_mo71:altsyncram2
 16. Source assignments for fft16OPT:UUT|altshift_taps:y1r_d_rtl_0|shift_taps_2hl:auto_generated|altsyncram_jo71:altsyncram2
 17. Source assignments for fft16OPT:UUT|calc_pot:\gen_pot:8:calc_Z|altshift_taps:sum_u_rtl_0|shift_taps_4hl:auto_generated|altsyncram_tv21:altsyncram4
 18. Parameter Settings for Inferred Entity Instance: fft16OPT:UUT|altshift_taps:y8r_d_rtl_0
 19. Parameter Settings for Inferred Entity Instance: fft16OPT:UUT|altshift_taps:y1r_d_rtl_0
 20. Parameter Settings for Inferred Entity Instance: fft16OPT:UUT|calc_pot:\gen_pot:8:calc_Z|altshift_taps:sum_u_rtl_0
 21. Parameter Settings for Inferred Entity Instance: fft16OPT:UUT|calc_pot:\gen_pot:8:calc_Z|lpm_mult:Mult0
 22. Parameter Settings for Inferred Entity Instance: fft16OPT:UUT|calc_pot:\gen_pot:0:calc_Z|lpm_mult:Mult0
 23. Parameter Settings for Inferred Entity Instance: fft16OPT:UUT|calc_pot:\gen_pot:7:calc_Z|lpm_mult:Mult0
 24. Parameter Settings for Inferred Entity Instance: fft16OPT:UUT|calc_pot:\gen_pot:7:calc_Z|lpm_mult:Mult1
 25. Parameter Settings for Inferred Entity Instance: fft16OPT:UUT|calc_pot:\gen_pot:6:calc_Z|lpm_mult:Mult0
 26. Parameter Settings for Inferred Entity Instance: fft16OPT:UUT|calc_pot:\gen_pot:6:calc_Z|lpm_mult:Mult1
 27. Parameter Settings for Inferred Entity Instance: fft16OPT:UUT|calc_pot:\gen_pot:5:calc_Z|lpm_mult:Mult0
 28. Parameter Settings for Inferred Entity Instance: fft16OPT:UUT|calc_pot:\gen_pot:5:calc_Z|lpm_mult:Mult1
 29. Parameter Settings for Inferred Entity Instance: fft16OPT:UUT|calc_pot:\gen_pot:4:calc_Z|lpm_mult:Mult0
 30. Parameter Settings for Inferred Entity Instance: fft16OPT:UUT|calc_pot:\gen_pot:4:calc_Z|lpm_mult:Mult1
 31. Parameter Settings for Inferred Entity Instance: fft16OPT:UUT|calc_pot:\gen_pot:3:calc_Z|lpm_mult:Mult0
 32. Parameter Settings for Inferred Entity Instance: fft16OPT:UUT|calc_pot:\gen_pot:3:calc_Z|lpm_mult:Mult1
 33. Parameter Settings for Inferred Entity Instance: fft16OPT:UUT|calc_pot:\gen_pot:2:calc_Z|lpm_mult:Mult0
 34. Parameter Settings for Inferred Entity Instance: fft16OPT:UUT|calc_pot:\gen_pot:2:calc_Z|lpm_mult:Mult1
 35. Parameter Settings for Inferred Entity Instance: fft16OPT:UUT|calc_pot:\gen_pot:1:calc_Z|lpm_mult:Mult0
 36. Parameter Settings for Inferred Entity Instance: fft16OPT:UUT|calc_pot:\gen_pot:1:calc_Z|lpm_mult:Mult1
 37. altshift_taps Parameter Settings by Entity Instance
 38. lpm_mult Parameter Settings by Entity Instance
 39. Port Connectivity Checks: "fft16OPT:UUT|radix4:UUT17"
 40. Port Connectivity Checks: "fft16OPT:UUT|radix4:UUT16"
 41. Port Connectivity Checks: "fft16OPT:UUT|radix4:UUT15"
 42. Port Connectivity Checks: "fft16OPT:UUT|radix4:UUT14"
 43. Port Connectivity Checks: "fft16OPT:UUT|complex_mult_twiddle:UUT13"
 44. Port Connectivity Checks: "fft16OPT:UUT|complex_mult_twiddle:UUT12"
 45. Port Connectivity Checks: "fft16OPT:UUT|complex_mult_twiddle:UUT11"
 46. Port Connectivity Checks: "fft16OPT:UUT|complex_mult_twiddle:UUT10"
 47. Port Connectivity Checks: "fft16OPT:UUT|complex_mult_twiddle:UUT9"
 48. Port Connectivity Checks: "fft16OPT:UUT|complex_mult_twiddle:UUT8"
 49. Port Connectivity Checks: "fft16OPT:UUT|complex_mult_twiddle:UUT7"
 50. Port Connectivity Checks: "fft16OPT:UUT|complex_mult_twiddle:UUT6"
 51. Port Connectivity Checks: "fft16OPT:UUT|complex_mult_twiddle:UUT5"
 52. Port Connectivity Checks: "fft16OPT:UUT|radix4:UUT4"
 53. Port Connectivity Checks: "fft16OPT:UUT|radix4:UUT3"
 54. Port Connectivity Checks: "fft16OPT:UUT|radix4:UUT2"
 55. Port Connectivity Checks: "fft16OPT:UUT|radix4:UUT1|radix2:UUT4"
 56. Port Connectivity Checks: "fft16OPT:UUT|radix4:UUT1|radix2:UUT3"
 57. Port Connectivity Checks: "fft16OPT:UUT|radix4:UUT1|radix2:UUT2"
 58. Port Connectivity Checks: "fft16OPT:UUT|radix4:UUT1|radix2:UUT1"
 59. Port Connectivity Checks: "fft16OPT:UUT|radix4:UUT1"
 60. Port Connectivity Checks: "fft16OPT:UUT"
 61. Post-Synthesis Netlist Statistics for Top Partition
 62. Elapsed Time Per Partition
 63. Analysis & Synthesis Messages



----------------
; Legal Notice ;
----------------
Copyright (C) 2023  Intel Corporation. All rights reserved.
Your use of Intel Corporation's design tools, logic functions 
and other software and tools, and any partner logic 
functions, and any output files from any of the foregoing 
(including device programming or simulation files), and any 
associated documentation or information are expressly subject 
to the terms and conditions of the Intel Program License 
Subscription Agreement, the Intel Quartus Prime License Agreement,
the Intel FPGA IP License Agreement, or other applicable license
agreement, including, without limitation, that your use is for
the sole purpose of programming logic devices manufactured by
Intel and sold by Intel or its authorized distributors.  Please
refer to the applicable agreement for further details, at
https://fpgasoftware.intel.com/eula.



+-------------------------------------------------------------------------------------+
; Analysis & Synthesis Summary                                                        ;
+------------------------------------+------------------------------------------------+
; Analysis & Synthesis Status        ; Successful - Thu Nov 13 16:15:39 2025          ;
; Quartus Prime Version              ; 23.1std.0 Build 991 11/28/2023 SC Lite Edition ;
; Revision Name                      ; fft16OPT                                       ;
; Top-level Entity Name              ; fft16OPT_sync                                  ;
; Family                             ; MAX 10                                         ;
; Total logic elements               ; 2,791                                          ;
;     Total combinational functions  ; 1,977                                          ;
;     Dedicated logic registers      ; 2,606                                          ;
; Total registers                    ; 2606                                           ;
; Total pins                         ; 302                                            ;
; Total virtual pins                 ; 0                                              ;
; Total memory bits                  ; 327                                            ;
; Embedded Multiplier 9-bit elements ; 32                                             ;
; Total PLLs                         ; 0                                              ;
; UFM blocks                         ; 0                                              ;
; ADC blocks                         ; 0                                              ;
+------------------------------------+------------------------------------------------+


+------------------------------------------------------------------------------------------------------------+
; Analysis & Synthesis Settings                                                                              ;
+------------------------------------------------------------------+--------------------+--------------------+
; Option                                                           ; Setting            ; Default Value      ;
+------------------------------------------------------------------+--------------------+--------------------+
; Device                                                           ; 10M50DAF484C6GES   ;                    ;
; Top-level entity name                                            ; fft16OPT_sync      ; fft16OPT           ;
; Family name                                                      ; MAX 10             ; Cyclone V          ;
; VHDL Show LMF Mapping Messages                                   ; Off                ;                    ;
; VHDL Version                                                     ; VHDL_2008          ; VHDL_1993          ;
; Use smart compilation                                            ; Off                ; Off                ;
; Enable parallel Assembler and Timing Analyzer during compilation ; On                 ; On                 ;
; Enable compact report table                                      ; Off                ; Off                ;
; Restructure Multiplexers                                         ; Auto               ; Auto               ;
; Create Debugging Nodes for IP Cores                              ; Off                ; Off                ;
; Preserve fewer node names                                        ; On                 ; On                 ;
; Intel FPGA IP Evaluation Mode                                    ; Enable             ; Enable             ;
; Verilog Version                                                  ; Verilog_2001       ; Verilog_2001       ;
; State Machine Processing                                         ; Auto               ; Auto               ;
; Safe State Machine                                               ; Off                ; Off                ;
; Extract Verilog State Machines                                   ; On                 ; On                 ;
; Extract VHDL State Machines                                      ; On                 ; On                 ;
; Ignore Verilog initial constructs                                ; Off                ; Off                ;
; Iteration limit for constant Verilog loops                       ; 5000               ; 5000               ;
; Iteration limit for non-constant Verilog loops                   ; 250                ; 250                ;
; Add Pass-Through Logic to Inferred RAMs                          ; On                 ; On                 ;
; Infer RAMs from Raw Logic                                        ; On                 ; On                 ;
; Parallel Synthesis                                               ; On                 ; On                 ;
; DSP Block Balancing                                              ; Auto               ; Auto               ;
; NOT Gate Push-Back                                               ; On                 ; On                 ;
; Power-Up Don't Care                                              ; On                 ; On                 ;
; Remove Redundant Logic Cells                                     ; Off                ; Off                ;
; Remove Duplicate Registers                                       ; On                 ; On                 ;
; Ignore CARRY Buffers                                             ; Off                ; Off                ;
; Ignore CASCADE Buffers                                           ; Off                ; Off                ;
; Ignore GLOBAL Buffers                                            ; Off                ; Off                ;
; Ignore ROW GLOBAL Buffers                                        ; Off                ; Off                ;
; Ignore LCELL Buffers                                             ; Off                ; Off                ;
; Ignore SOFT Buffers                                              ; On                 ; On                 ;
; Limit AHDL Integers to 32 Bits                                   ; Off                ; Off                ;
; Optimization Technique                                           ; Balanced           ; Balanced           ;
; Carry Chain Length                                               ; 70                 ; 70                 ;
; Auto Carry Chains                                                ; On                 ; On                 ;
; Auto Open-Drain Pins                                             ; On                 ; On                 ;
; Perform WYSIWYG Primitive Resynthesis                            ; Off                ; Off                ;
; Auto ROM Replacement                                             ; On                 ; On                 ;
; Auto RAM Replacement                                             ; On                 ; On                 ;
; Auto DSP Block Replacement                                       ; On                 ; On                 ;
; Auto Shift Register Replacement                                  ; Auto               ; Auto               ;
; Allow Shift Register Merging across Hierarchies                  ; Auto               ; Auto               ;
; Auto Clock Enable Replacement                                    ; On                 ; On                 ;
; Strict RAM Replacement                                           ; Off                ; Off                ;
; Allow Synchronous Control Signals                                ; On                 ; On                 ;
; Force Use of Synchronous Clear Signals                           ; Off                ; Off                ;
; Auto RAM Block Balancing                                         ; On                 ; On                 ;
; Auto RAM to Logic Cell Conversion                                ; Off                ; Off                ;
; Auto Resource Sharing                                            ; Off                ; Off                ;
; Allow Any RAM Size For Recognition                               ; Off                ; Off                ;
; Allow Any ROM Size For Recognition                               ; Off                ; Off                ;
; Allow Any Shift Register Size For Recognition                    ; Off                ; Off                ;
; Use LogicLock Constraints during Resource Balancing              ; On                 ; On                 ;
; Ignore translate_off and synthesis_off directives                ; Off                ; Off                ;
; Timing-Driven Synthesis                                          ; On                 ; On                 ;
; Report Parameter Settings                                        ; On                 ; On                 ;
; Report Source Assignments                                        ; On                 ; On                 ;
; Report Connectivity Checks                                       ; On                 ; On                 ;
; Ignore Maximum Fan-Out Assignments                               ; Off                ; Off                ;
; Synchronization Register Chain Length                            ; 2                  ; 2                  ;
; Power Optimization During Synthesis                              ; Normal compilation ; Normal compilation ;
; HDL message level                                                ; Level2             ; Level2             ;
; Suppress Register Optimization Related Messages                  ; Off                ; Off                ;
; Number of Removed Registers Reported in Synthesis Report         ; 5000               ; 5000               ;
; Number of Swept Nodes Reported in Synthesis Report               ; 5000               ; 5000               ;
; Number of Inverted Registers Reported in Synthesis Report        ; 100                ; 100                ;
; Clock MUX Protection                                             ; On                 ; On                 ;
; Auto Gated Clock Conversion                                      ; Off                ; Off                ;
; Block Design Naming                                              ; Auto               ; Auto               ;
; SDC constraint protection                                        ; Off                ; Off                ;
; Synthesis Effort                                                 ; Auto               ; Auto               ;
; Shift Register Replacement - Allow Asynchronous Clear Signal     ; On                 ; On                 ;
; Pre-Mapping Resynthesis Optimization                             ; Off                ; Off                ;
; Analysis & Synthesis Message Level                               ; Medium             ; Medium             ;
; Disable Register Merging Across Hierarchies                      ; Auto               ; Auto               ;
; Resource Aware Inference For Block RAM                           ; On                 ; On                 ;
+------------------------------------------------------------------+--------------------+--------------------+


+------------------------------------------+
; Parallel Compilation                     ;
+----------------------------+-------------+
; Processors                 ; Number      ;
+----------------------------+-------------+
; Number detected on machine ; 12          ;
; Maximum allowed            ; 10          ;
;                            ;             ;
; Average used               ; 1.00        ;
; Maximum used               ; 10          ;
;                            ;             ;
; Usage by Processor         ; % Time Used ;
;     Processor 1            ; 100.0%      ;
;     Processor 2            ;   0.1%      ;
;     Processor 3            ;   0.0%      ;
;     Processor 4            ;   0.0%      ;
;     Processor 5            ;   0.0%      ;
;     Processor 6            ;   0.0%      ;
;     Processor 7            ;   0.0%      ;
;     Processors 8-10        ;   0.0%      ;
+----------------------------+-------------+


+------------------------------------------------------------------------------------------------------------------------------------------------------------------------------------+
; Analysis & Synthesis Source Files Read                                                                                                                                             ;
+----------------------------------+-----------------+------------------------------+--------------------------------------------------------------------------------------+---------+
; File Name with User-Entered Path ; Used in Netlist ; File Type                    ; File Name with Absolute Path                                                         ; Library ;
+----------------------------------+-----------------+------------------------------+--------------------------------------------------------------------------------------+---------+
; fft16OPT_sync_e.vhd              ; yes             ; User VHDL File               ; C:/Users/vitor/elec_num/projet_fft16/jalon_2/Quartus_seq/fft16OPT_sync_e.vhd         ;         ;
; fft16OPT_sync_a1.vhd             ; yes             ; User VHDL File               ; C:/Users/vitor/elec_num/projet_fft16/jalon_2/Quartus_seq/fft16OPT_sync_a1.vhd        ;         ;
; fft16OPT_e.vhd                   ; yes             ; User VHDL File               ; C:/Users/vitor/elec_num/projet_fft16/jalon_2/Quartus_seq/fft16OPT_e.vhd              ;         ;
; fft16OPT_a1.vhd                  ; yes             ; User VHDL File               ; C:/Users/vitor/elec_num/projet_fft16/jalon_2/Quartus_seq/fft16OPT_a1.vhd             ;         ;
; types.vhd                        ; yes             ; User VHDL File               ; C:/Users/vitor/elec_num/projet_fft16/jalon_2/Quartus_seq/types.vhd                   ;         ;
; radix4_e.vhd                     ; yes             ; User VHDL File               ; C:/Users/vitor/elec_num/projet_fft16/jalon_2/Quartus_seq/radix4_e.vhd                ;         ;
; radix4_a1.vhd                    ; yes             ; User VHDL File               ; C:/Users/vitor/elec_num/projet_fft16/jalon_2/Quartus_seq/radix4_a1.vhd               ;         ;
; radix2_e.vhd                     ; yes             ; User VHDL File               ; C:/Users/vitor/elec_num/projet_fft16/jalon_2/Quartus_seq/radix2_e.vhd                ;         ;
; radix2_a3.vhd                    ; yes             ; User VHDL File               ; C:/Users/vitor/elec_num/projet_fft16/jalon_2/Quartus_seq/radix2_a3.vhd               ;         ;
; fixed_pkg_c.vhd                  ; yes             ; User VHDL File               ; C:/Users/vitor/elec_num/projet_fft16/jalon_2/Quartus_seq/fixed_pkg_c.vhd             ;         ;
; fixed_float_types_c.vhd          ; yes             ; User VHDL File               ; C:/Users/vitor/elec_num/projet_fft16/jalon_2/Quartus_seq/fixed_float_types_c.vhd     ;         ;
; complex_mult_twiddle_e.vhd       ; yes             ; User VHDL File               ; C:/Users/vitor/elec_num/projet_fft16/jalon_2/Quartus_seq/complex_mult_twiddle_e.vhd  ;         ;
; complex_mult_twiddle_a1.vhd      ; yes             ; User VHDL File               ; C:/Users/vitor/elec_num/projet_fft16/jalon_2/Quartus_seq/complex_mult_twiddle_a1.vhd ;         ;
; calc_pot_e.vhd                   ; yes             ; User VHDL File               ; C:/Users/vitor/elec_num/projet_fft16/jalon_2/Quartus_seq/calc_pot_e.vhd              ;         ;
; calc_pot_a1.vhd                  ; yes             ; User VHDL File               ; C:/Users/vitor/elec_num/projet_fft16/jalon_2/Quartus_seq/calc_pot_a1.vhd             ;         ;
; altshift_taps.tdf                ; yes             ; Megafunction                 ; c:/intelfpga_lite/23.1std/quartus/libraries/megafunctions/altshift_taps.tdf          ;         ;
; altdpram.inc                     ; yes             ; Megafunction                 ; c:/intelfpga_lite/23.1std/quartus/libraries/megafunctions/altdpram.inc               ;         ;
; lpm_counter.inc                  ; yes             ; Megafunction                 ; c:/intelfpga_lite/23.1std/quartus/libraries/megafunctions/lpm_counter.inc            ;         ;
; lpm_compare.inc                  ; yes             ; Megafunction                 ; c:/intelfpga_lite/23.1std/quartus/libraries/megafunctions/lpm_compare.inc            ;         ;
; lpm_constant.inc                 ; yes             ; Megafunction                 ; c:/intelfpga_lite/23.1std/quartus/libraries/megafunctions/lpm_constant.inc           ;         ;
; db/shift_taps_3hl.tdf            ; yes             ; Auto-Generated Megafunction  ; C:/Users/vitor/elec_num/projet_fft16/jalon_2/Quartus_seq/db/shift_taps_3hl.tdf       ;         ;
; db/altsyncram_mo71.tdf           ; yes             ; Auto-Generated Megafunction  ; C:/Users/vitor/elec_num/projet_fft16/jalon_2/Quartus_seq/db/altsyncram_mo71.tdf      ;         ;
; db/cntr_s3f.tdf                  ; yes             ; Auto-Generated Megafunction  ; C:/Users/vitor/elec_num/projet_fft16/jalon_2/Quartus_seq/db/cntr_s3f.tdf             ;         ;
; db/cmpr_erb.tdf                  ; yes             ; Auto-Generated Megafunction  ; C:/Users/vitor/elec_num/projet_fft16/jalon_2/Quartus_seq/db/cmpr_erb.tdf             ;         ;
; db/shift_taps_2hl.tdf            ; yes             ; Auto-Generated Megafunction  ; C:/Users/vitor/elec_num/projet_fft16/jalon_2/Quartus_seq/db/shift_taps_2hl.tdf       ;         ;
; db/altsyncram_jo71.tdf           ; yes             ; Auto-Generated Megafunction  ; C:/Users/vitor/elec_num/projet_fft16/jalon_2/Quartus_seq/db/altsyncram_jo71.tdf      ;         ;
; db/cntr_q3f.tdf                  ; yes             ; Auto-Generated Megafunction  ; C:/Users/vitor/elec_num/projet_fft16/jalon_2/Quartus_seq/db/cntr_q3f.tdf             ;         ;
; db/shift_taps_4hl.tdf            ; yes             ; Auto-Generated Megafunction  ; C:/Users/vitor/elec_num/projet_fft16/jalon_2/Quartus_seq/db/shift_taps_4hl.tdf       ;         ;
; db/altsyncram_tv21.tdf           ; yes             ; Auto-Generated Megafunction  ; C:/Users/vitor/elec_num/projet_fft16/jalon_2/Quartus_seq/db/altsyncram_tv21.tdf      ;         ;
; db/add_sub_oed.tdf               ; yes             ; Auto-Generated Megafunction  ; C:/Users/vitor/elec_num/projet_fft16/jalon_2/Quartus_seq/db/add_sub_oed.tdf          ;         ;
; lpm_mult.tdf                     ; yes             ; Megafunction                 ; c:/intelfpga_lite/23.1std/quartus/libraries/megafunctions/lpm_mult.tdf               ;         ;
; aglobal231.inc                   ; yes             ; Megafunction                 ; c:/intelfpga_lite/23.1std/quartus/libraries/megafunctions/aglobal231.inc             ;         ;
; lpm_add_sub.inc                  ; yes             ; Megafunction                 ; c:/intelfpga_lite/23.1std/quartus/libraries/megafunctions/lpm_add_sub.inc            ;         ;
; multcore.inc                     ; yes             ; Megafunction                 ; c:/intelfpga_lite/23.1std/quartus/libraries/megafunctions/multcore.inc               ;         ;
; bypassff.inc                     ; yes             ; Megafunction                 ; c:/intelfpga_lite/23.1std/quartus/libraries/megafunctions/bypassff.inc               ;         ;
; altshift.inc                     ; yes             ; Megafunction                 ; c:/intelfpga_lite/23.1std/quartus/libraries/megafunctions/altshift.inc               ;         ;
; db/mult_jgs.tdf                  ; yes             ; Auto-Generated Megafunction  ; C:/Users/vitor/elec_num/projet_fft16/jalon_2/Quartus_seq/db/mult_jgs.tdf             ;         ;
+----------------------------------+-----------------+------------------------------+--------------------------------------------------------------------------------------+---------+


+---------------------------------------------------------+
; Analysis & Synthesis Resource Usage Summary             ;
+---------------------------------------------+-----------+
; Resource                                    ; Usage     ;
+---------------------------------------------+-----------+
; Estimated Total logic elements              ; 2,791     ;
;                                             ;           ;
; Total combinational functions               ; 1977      ;
; Logic element usage by number of LUT inputs ;           ;
;     -- 4 input functions                    ; 12        ;
;     -- 3 input functions                    ; 1496      ;
;     -- <=2 input functions                  ; 469       ;
;                                             ;           ;
; Logic elements by mode                      ;           ;
;     -- normal mode                          ; 314       ;
;     -- arithmetic mode                      ; 1663      ;
;                                             ;           ;
; Total registers                             ; 2606      ;
;     -- Dedicated logic registers            ; 2606      ;
;     -- I/O registers                        ; 0         ;
;                                             ;           ;
; I/O pins                                    ; 302       ;
; Total memory bits                           ; 327       ;
;                                             ;           ;
; Embedded Multiplier 9-bit elements          ; 32        ;
;                                             ;           ;
; Maximum fan-out node                        ; clk~input ;
; Maximum fan-out                             ; 2735      ;
; Total fan-out                               ; 11776     ;
; Average fan-out                             ; 2.20      ;
+---------------------------------------------+-----------+


+--------------------------------------------------------------------------------------------------------------------------------------------------------------------------------------------------------------------------------------------------------------------------------------------------------------------------------------------------------------------------------------+
; Analysis & Synthesis Resource Utilization by Entity                                                                                                                                                                                                                                                                                                                                  ;
+----------------------------------------------+---------------------+---------------------------+-------------+------------+--------------+---------+-----------+------+--------------+------------+--------------------------------------------------------------------------------------------------------------------------------------------+----------------------+--------------+
; Compilation Hierarchy Node                   ; Combinational ALUTs ; Dedicated Logic Registers ; Memory Bits ; UFM Blocks ; DSP Elements ; DSP 9x9 ; DSP 18x18 ; Pins ; Virtual Pins ; ADC blocks ; Full Hierarchy Name                                                                                                                        ; Entity Name          ; Library Name ;
+----------------------------------------------+---------------------+---------------------------+-------------+------------+--------------+---------+-----------+------+--------------+------------+--------------------------------------------------------------------------------------------------------------------------------------------+----------------------+--------------+
; |fft16OPT_sync                               ; 1977 (0)            ; 2606 (276)                ; 327         ; 0          ; 32           ; 0       ; 16        ; 302  ; 0            ; 0          ; |fft16OPT_sync                                                                                                                             ; fft16OPT_sync        ; work         ;
;    |fft16OPT:UUT|                            ; 1977 (0)            ; 2330 (0)                  ; 327         ; 0          ; 32           ; 0       ; 16        ; 0    ; 0            ; 0          ; |fft16OPT_sync|fft16OPT:UUT                                                                                                                ; fft16OPT             ; work         ;
;       |altshift_taps:y1r_d_rtl_0|            ; 1 (0)               ; 1 (0)                     ; 120         ; 0          ; 0            ; 0       ; 0         ; 0    ; 0            ; 0          ; |fft16OPT_sync|fft16OPT:UUT|altshift_taps:y1r_d_rtl_0                                                                                      ; altshift_taps        ; work         ;
;          |shift_taps_2hl:auto_generated|     ; 1 (0)               ; 1 (0)                     ; 120         ; 0          ; 0            ; 0       ; 0         ; 0    ; 0            ; 0          ; |fft16OPT_sync|fft16OPT:UUT|altshift_taps:y1r_d_rtl_0|shift_taps_2hl:auto_generated                                                        ; shift_taps_2hl       ; work         ;
;             |altsyncram_jo71:altsyncram2|    ; 0 (0)               ; 0 (0)                     ; 120         ; 0          ; 0            ; 0       ; 0         ; 0    ; 0            ; 0          ; |fft16OPT_sync|fft16OPT:UUT|altshift_taps:y1r_d_rtl_0|shift_taps_2hl:auto_generated|altsyncram_jo71:altsyncram2                            ; altsyncram_jo71      ; work         ;
;             |cntr_q3f:cntr1|                 ; 1 (1)               ; 1 (1)                     ; 0           ; 0          ; 0            ; 0       ; 0         ; 0    ; 0            ; 0          ; |fft16OPT_sync|fft16OPT:UUT|altshift_taps:y1r_d_rtl_0|shift_taps_2hl:auto_generated|cntr_q3f:cntr1                                         ; cntr_q3f             ; work         ;
;       |altshift_taps:y8r_d_rtl_0|            ; 5 (0)               ; 2 (0)                     ; 99          ; 0          ; 0            ; 0       ; 0         ; 0    ; 0            ; 0          ; |fft16OPT_sync|fft16OPT:UUT|altshift_taps:y8r_d_rtl_0                                                                                      ; altshift_taps        ; work         ;
;          |shift_taps_3hl:auto_generated|     ; 5 (0)               ; 2 (0)                     ; 99          ; 0          ; 0            ; 0       ; 0         ; 0    ; 0            ; 0          ; |fft16OPT_sync|fft16OPT:UUT|altshift_taps:y8r_d_rtl_0|shift_taps_3hl:auto_generated                                                        ; shift_taps_3hl       ; work         ;
;             |altsyncram_mo71:altsyncram2|    ; 0 (0)               ; 0 (0)                     ; 99          ; 0          ; 0            ; 0       ; 0         ; 0    ; 0            ; 0          ; |fft16OPT_sync|fft16OPT:UUT|altshift_taps:y8r_d_rtl_0|shift_taps_3hl:auto_generated|altsyncram_mo71:altsyncram2                            ; altsyncram_mo71      ; work         ;
;             |cntr_s3f:cntr1|                 ; 5 (5)               ; 2 (2)                     ; 0           ; 0          ; 0            ; 0       ; 0         ; 0    ; 0            ; 0          ; |fft16OPT_sync|fft16OPT:UUT|altshift_taps:y8r_d_rtl_0|shift_taps_3hl:auto_generated|cntr_s3f:cntr1                                         ; cntr_s3f             ; work         ;
;       |calc_pot:\gen_pot:0:calc_Z|           ; 0 (0)               ; 12 (12)                   ; 0           ; 0          ; 2            ; 0       ; 1         ; 0    ; 0            ; 0          ; |fft16OPT_sync|fft16OPT:UUT|calc_pot:\gen_pot:0:calc_Z                                                                                     ; calc_pot             ; work         ;
;          |lpm_mult:Mult0|                    ; 0 (0)               ; 0 (0)                     ; 0           ; 0          ; 2            ; 0       ; 1         ; 0    ; 0            ; 0          ; |fft16OPT_sync|fft16OPT:UUT|calc_pot:\gen_pot:0:calc_Z|lpm_mult:Mult0                                                                      ; lpm_mult             ; work         ;
;             |mult_jgs:auto_generated|        ; 0 (0)               ; 0 (0)                     ; 0           ; 0          ; 2            ; 0       ; 1         ; 0    ; 0            ; 0          ; |fft16OPT_sync|fft16OPT:UUT|calc_pot:\gen_pot:0:calc_Z|lpm_mult:Mult0|mult_jgs:auto_generated                                              ; mult_jgs             ; work         ;
;       |calc_pot:\gen_pot:1:calc_Z|           ; 21 (21)             ; 66 (66)                   ; 0           ; 0          ; 4            ; 0       ; 2         ; 0    ; 0            ; 0          ; |fft16OPT_sync|fft16OPT:UUT|calc_pot:\gen_pot:1:calc_Z                                                                                     ; calc_pot             ; work         ;
;          |lpm_mult:Mult0|                    ; 0 (0)               ; 0 (0)                     ; 0           ; 0          ; 2            ; 0       ; 1         ; 0    ; 0            ; 0          ; |fft16OPT_sync|fft16OPT:UUT|calc_pot:\gen_pot:1:calc_Z|lpm_mult:Mult0                                                                      ; lpm_mult             ; work         ;
;             |mult_jgs:auto_generated|        ; 0 (0)               ; 0 (0)                     ; 0           ; 0          ; 2            ; 0       ; 1         ; 0    ; 0            ; 0          ; |fft16OPT_sync|fft16OPT:UUT|calc_pot:\gen_pot:1:calc_Z|lpm_mult:Mult0|mult_jgs:auto_generated                                              ; mult_jgs             ; work         ;
;          |lpm_mult:Mult1|                    ; 0 (0)               ; 0 (0)                     ; 0           ; 0          ; 2            ; 0       ; 1         ; 0    ; 0            ; 0          ; |fft16OPT_sync|fft16OPT:UUT|calc_pot:\gen_pot:1:calc_Z|lpm_mult:Mult1                                                                      ; lpm_mult             ; work         ;
;             |mult_jgs:auto_generated|        ; 0 (0)               ; 0 (0)                     ; 0           ; 0          ; 2            ; 0       ; 1         ; 0    ; 0            ; 0          ; |fft16OPT_sync|fft16OPT:UUT|calc_pot:\gen_pot:1:calc_Z|lpm_mult:Mult1|mult_jgs:auto_generated                                              ; mult_jgs             ; work         ;
;       |calc_pot:\gen_pot:2:calc_Z|           ; 21 (21)             ; 66 (66)                   ; 0           ; 0          ; 4            ; 0       ; 2         ; 0    ; 0            ; 0          ; |fft16OPT_sync|fft16OPT:UUT|calc_pot:\gen_pot:2:calc_Z                                                                                     ; calc_pot             ; work         ;
;          |lpm_mult:Mult0|                    ; 0 (0)               ; 0 (0)                     ; 0           ; 0          ; 2            ; 0       ; 1         ; 0    ; 0            ; 0          ; |fft16OPT_sync|fft16OPT:UUT|calc_pot:\gen_pot:2:calc_Z|lpm_mult:Mult0                                                                      ; lpm_mult             ; work         ;
;             |mult_jgs:auto_generated|        ; 0 (0)               ; 0 (0)                     ; 0           ; 0          ; 2            ; 0       ; 1         ; 0    ; 0            ; 0          ; |fft16OPT_sync|fft16OPT:UUT|calc_pot:\gen_pot:2:calc_Z|lpm_mult:Mult0|mult_jgs:auto_generated                                              ; mult_jgs             ; work         ;
;          |lpm_mult:Mult1|                    ; 0 (0)               ; 0 (0)                     ; 0           ; 0          ; 2            ; 0       ; 1         ; 0    ; 0            ; 0          ; |fft16OPT_sync|fft16OPT:UUT|calc_pot:\gen_pot:2:calc_Z|lpm_mult:Mult1                                                                      ; lpm_mult             ; work         ;
;             |mult_jgs:auto_generated|        ; 0 (0)               ; 0 (0)                     ; 0           ; 0          ; 2            ; 0       ; 1         ; 0    ; 0            ; 0          ; |fft16OPT_sync|fft16OPT:UUT|calc_pot:\gen_pot:2:calc_Z|lpm_mult:Mult1|mult_jgs:auto_generated                                              ; mult_jgs             ; work         ;
;       |calc_pot:\gen_pot:3:calc_Z|           ; 21 (21)             ; 66 (66)                   ; 0           ; 0          ; 4            ; 0       ; 2         ; 0    ; 0            ; 0          ; |fft16OPT_sync|fft16OPT:UUT|calc_pot:\gen_pot:3:calc_Z                                                                                     ; calc_pot             ; work         ;
;          |lpm_mult:Mult0|                    ; 0 (0)               ; 0 (0)                     ; 0           ; 0          ; 2            ; 0       ; 1         ; 0    ; 0            ; 0          ; |fft16OPT_sync|fft16OPT:UUT|calc_pot:\gen_pot:3:calc_Z|lpm_mult:Mult0                                                                      ; lpm_mult             ; work         ;
;             |mult_jgs:auto_generated|        ; 0 (0)               ; 0 (0)                     ; 0           ; 0          ; 2            ; 0       ; 1         ; 0    ; 0            ; 0          ; |fft16OPT_sync|fft16OPT:UUT|calc_pot:\gen_pot:3:calc_Z|lpm_mult:Mult0|mult_jgs:auto_generated                                              ; mult_jgs             ; work         ;
;          |lpm_mult:Mult1|                    ; 0 (0)               ; 0 (0)                     ; 0           ; 0          ; 2            ; 0       ; 1         ; 0    ; 0            ; 0          ; |fft16OPT_sync|fft16OPT:UUT|calc_pot:\gen_pot:3:calc_Z|lpm_mult:Mult1                                                                      ; lpm_mult             ; work         ;
;             |mult_jgs:auto_generated|        ; 0 (0)               ; 0 (0)                     ; 0           ; 0          ; 2            ; 0       ; 1         ; 0    ; 0            ; 0          ; |fft16OPT_sync|fft16OPT:UUT|calc_pot:\gen_pot:3:calc_Z|lpm_mult:Mult1|mult_jgs:auto_generated                                              ; mult_jgs             ; work         ;
;       |calc_pot:\gen_pot:4:calc_Z|           ; 21 (21)             ; 66 (66)                   ; 0           ; 0          ; 4            ; 0       ; 2         ; 0    ; 0            ; 0          ; |fft16OPT_sync|fft16OPT:UUT|calc_pot:\gen_pot:4:calc_Z                                                                                     ; calc_pot             ; work         ;
;          |lpm_mult:Mult0|                    ; 0 (0)               ; 0 (0)                     ; 0           ; 0          ; 2            ; 0       ; 1         ; 0    ; 0            ; 0          ; |fft16OPT_sync|fft16OPT:UUT|calc_pot:\gen_pot:4:calc_Z|lpm_mult:Mult0                                                                      ; lpm_mult             ; work         ;
;             |mult_jgs:auto_generated|        ; 0 (0)               ; 0 (0)                     ; 0           ; 0          ; 2            ; 0       ; 1         ; 0    ; 0            ; 0          ; |fft16OPT_sync|fft16OPT:UUT|calc_pot:\gen_pot:4:calc_Z|lpm_mult:Mult0|mult_jgs:auto_generated                                              ; mult_jgs             ; work         ;
;          |lpm_mult:Mult1|                    ; 0 (0)               ; 0 (0)                     ; 0           ; 0          ; 2            ; 0       ; 1         ; 0    ; 0            ; 0          ; |fft16OPT_sync|fft16OPT:UUT|calc_pot:\gen_pot:4:calc_Z|lpm_mult:Mult1                                                                      ; lpm_mult             ; work         ;
;             |mult_jgs:auto_generated|        ; 0 (0)               ; 0 (0)                     ; 0           ; 0          ; 2            ; 0       ; 1         ; 0    ; 0            ; 0          ; |fft16OPT_sync|fft16OPT:UUT|calc_pot:\gen_pot:4:calc_Z|lpm_mult:Mult1|mult_jgs:auto_generated                                              ; mult_jgs             ; work         ;
;       |calc_pot:\gen_pot:5:calc_Z|           ; 21 (21)             ; 66 (66)                   ; 0           ; 0          ; 4            ; 0       ; 2         ; 0    ; 0            ; 0          ; |fft16OPT_sync|fft16OPT:UUT|calc_pot:\gen_pot:5:calc_Z                                                                                     ; calc_pot             ; work         ;
;          |lpm_mult:Mult0|                    ; 0 (0)               ; 0 (0)                     ; 0           ; 0          ; 2            ; 0       ; 1         ; 0    ; 0            ; 0          ; |fft16OPT_sync|fft16OPT:UUT|calc_pot:\gen_pot:5:calc_Z|lpm_mult:Mult0                                                                      ; lpm_mult             ; work         ;
;             |mult_jgs:auto_generated|        ; 0 (0)               ; 0 (0)                     ; 0           ; 0          ; 2            ; 0       ; 1         ; 0    ; 0            ; 0          ; |fft16OPT_sync|fft16OPT:UUT|calc_pot:\gen_pot:5:calc_Z|lpm_mult:Mult0|mult_jgs:auto_generated                                              ; mult_jgs             ; work         ;
;          |lpm_mult:Mult1|                    ; 0 (0)               ; 0 (0)                     ; 0           ; 0          ; 2            ; 0       ; 1         ; 0    ; 0            ; 0          ; |fft16OPT_sync|fft16OPT:UUT|calc_pot:\gen_pot:5:calc_Z|lpm_mult:Mult1                                                                      ; lpm_mult             ; work         ;
;             |mult_jgs:auto_generated|        ; 0 (0)               ; 0 (0)                     ; 0           ; 0          ; 2            ; 0       ; 1         ; 0    ; 0            ; 0          ; |fft16OPT_sync|fft16OPT:UUT|calc_pot:\gen_pot:5:calc_Z|lpm_mult:Mult1|mult_jgs:auto_generated                                              ; mult_jgs             ; work         ;
;       |calc_pot:\gen_pot:6:calc_Z|           ; 21 (21)             ; 66 (66)                   ; 0           ; 0          ; 4            ; 0       ; 2         ; 0    ; 0            ; 0          ; |fft16OPT_sync|fft16OPT:UUT|calc_pot:\gen_pot:6:calc_Z                                                                                     ; calc_pot             ; work         ;
;          |lpm_mult:Mult0|                    ; 0 (0)               ; 0 (0)                     ; 0           ; 0          ; 2            ; 0       ; 1         ; 0    ; 0            ; 0          ; |fft16OPT_sync|fft16OPT:UUT|calc_pot:\gen_pot:6:calc_Z|lpm_mult:Mult0                                                                      ; lpm_mult             ; work         ;
;             |mult_jgs:auto_generated|        ; 0 (0)               ; 0 (0)                     ; 0           ; 0          ; 2            ; 0       ; 1         ; 0    ; 0            ; 0          ; |fft16OPT_sync|fft16OPT:UUT|calc_pot:\gen_pot:6:calc_Z|lpm_mult:Mult0|mult_jgs:auto_generated                                              ; mult_jgs             ; work         ;
;          |lpm_mult:Mult1|                    ; 0 (0)               ; 0 (0)                     ; 0           ; 0          ; 2            ; 0       ; 1         ; 0    ; 0            ; 0          ; |fft16OPT_sync|fft16OPT:UUT|calc_pot:\gen_pot:6:calc_Z|lpm_mult:Mult1                                                                      ; lpm_mult             ; work         ;
;             |mult_jgs:auto_generated|        ; 0 (0)               ; 0 (0)                     ; 0           ; 0          ; 2            ; 0       ; 1         ; 0    ; 0            ; 0          ; |fft16OPT_sync|fft16OPT:UUT|calc_pot:\gen_pot:6:calc_Z|lpm_mult:Mult1|mult_jgs:auto_generated                                              ; mult_jgs             ; work         ;
;       |calc_pot:\gen_pot:7:calc_Z|           ; 21 (21)             ; 66 (66)                   ; 0           ; 0          ; 4            ; 0       ; 2         ; 0    ; 0            ; 0          ; |fft16OPT_sync|fft16OPT:UUT|calc_pot:\gen_pot:7:calc_Z                                                                                     ; calc_pot             ; work         ;
;          |lpm_mult:Mult0|                    ; 0 (0)               ; 0 (0)                     ; 0           ; 0          ; 2            ; 0       ; 1         ; 0    ; 0            ; 0          ; |fft16OPT_sync|fft16OPT:UUT|calc_pot:\gen_pot:7:calc_Z|lpm_mult:Mult0                                                                      ; lpm_mult             ; work         ;
;             |mult_jgs:auto_generated|        ; 0 (0)               ; 0 (0)                     ; 0           ; 0          ; 2            ; 0       ; 1         ; 0    ; 0            ; 0          ; |fft16OPT_sync|fft16OPT:UUT|calc_pot:\gen_pot:7:calc_Z|lpm_mult:Mult0|mult_jgs:auto_generated                                              ; mult_jgs             ; work         ;
;          |lpm_mult:Mult1|                    ; 0 (0)               ; 0 (0)                     ; 0           ; 0          ; 2            ; 0       ; 1         ; 0    ; 0            ; 0          ; |fft16OPT_sync|fft16OPT:UUT|calc_pot:\gen_pot:7:calc_Z|lpm_mult:Mult1                                                                      ; lpm_mult             ; work         ;
;             |mult_jgs:auto_generated|        ; 0 (0)               ; 0 (0)                     ; 0           ; 0          ; 2            ; 0       ; 1         ; 0    ; 0            ; 0          ; |fft16OPT_sync|fft16OPT:UUT|calc_pot:\gen_pot:7:calc_Z|lpm_mult:Mult1|mult_jgs:auto_generated                                              ; mult_jgs             ; work         ;
;       |calc_pot:\gen_pot:8:calc_Z|           ; 7 (0)               ; 16 (12)                   ; 108         ; 0          ; 2            ; 0       ; 1         ; 0    ; 0            ; 0          ; |fft16OPT_sync|fft16OPT:UUT|calc_pot:\gen_pot:8:calc_Z                                                                                     ; calc_pot             ; work         ;
;          |altshift_taps:sum_u_rtl_0|         ; 7 (0)               ; 4 (0)                     ; 108         ; 0          ; 0            ; 0       ; 0         ; 0    ; 0            ; 0          ; |fft16OPT_sync|fft16OPT:UUT|calc_pot:\gen_pot:8:calc_Z|altshift_taps:sum_u_rtl_0                                                           ; altshift_taps        ; work         ;
;             |shift_taps_4hl:auto_generated|  ; 7 (2)               ; 4 (2)                     ; 108         ; 0          ; 0            ; 0       ; 0         ; 0    ; 0            ; 0          ; |fft16OPT_sync|fft16OPT:UUT|calc_pot:\gen_pot:8:calc_Z|altshift_taps:sum_u_rtl_0|shift_taps_4hl:auto_generated                             ; shift_taps_4hl       ; work         ;
;                |altsyncram_tv21:altsyncram4| ; 0 (0)               ; 0 (0)                     ; 108         ; 0          ; 0            ; 0       ; 0         ; 0    ; 0            ; 0          ; |fft16OPT_sync|fft16OPT:UUT|calc_pot:\gen_pot:8:calc_Z|altshift_taps:sum_u_rtl_0|shift_taps_4hl:auto_generated|altsyncram_tv21:altsyncram4 ; altsyncram_tv21      ; work         ;
;                |cntr_s3f:cntr1|              ; 5 (5)               ; 2 (2)                     ; 0           ; 0          ; 0            ; 0       ; 0         ; 0    ; 0            ; 0          ; |fft16OPT_sync|fft16OPT:UUT|calc_pot:\gen_pot:8:calc_Z|altshift_taps:sum_u_rtl_0|shift_taps_4hl:auto_generated|cntr_s3f:cntr1              ; cntr_s3f             ; work         ;
;          |lpm_mult:Mult0|                    ; 0 (0)               ; 0 (0)                     ; 0           ; 0          ; 2            ; 0       ; 1         ; 0    ; 0            ; 0          ; |fft16OPT_sync|fft16OPT:UUT|calc_pot:\gen_pot:8:calc_Z|lpm_mult:Mult0                                                                      ; lpm_mult             ; work         ;
;             |mult_jgs:auto_generated|        ; 0 (0)               ; 0 (0)                     ; 0           ; 0          ; 2            ; 0       ; 1         ; 0    ; 0            ; 0          ; |fft16OPT_sync|fft16OPT:UUT|calc_pot:\gen_pot:8:calc_Z|lpm_mult:Mult0|mult_jgs:auto_generated                                              ; mult_jgs             ; work         ;
;       |complex_mult_twiddle:UUT10|           ; 138 (138)           ; 120 (120)                 ; 0           ; 0          ; 0            ; 0       ; 0         ; 0    ; 0            ; 0          ; |fft16OPT_sync|fft16OPT:UUT|complex_mult_twiddle:UUT10                                                                                     ; complex_mult_twiddle ; work         ;
;       |complex_mult_twiddle:UUT11|           ; 168 (168)           ; 168 (168)                 ; 0           ; 0          ; 0            ; 0       ; 0         ; 0    ; 0            ; 0          ; |fft16OPT_sync|fft16OPT:UUT|complex_mult_twiddle:UUT11                                                                                     ; complex_mult_twiddle ; work         ;
;       |complex_mult_twiddle:UUT12|           ; 80 (80)             ; 84 (84)                   ; 0           ; 0          ; 0            ; 0       ; 0         ; 0    ; 0            ; 0          ; |fft16OPT_sync|fft16OPT:UUT|complex_mult_twiddle:UUT12                                                                                     ; complex_mult_twiddle ; work         ;
;       |complex_mult_twiddle:UUT13|           ; 107 (107)           ; 110 (110)                 ; 0           ; 0          ; 0            ; 0       ; 0         ; 0    ; 0            ; 0          ; |fft16OPT_sync|fft16OPT:UUT|complex_mult_twiddle:UUT13                                                                                     ; complex_mult_twiddle ; work         ;
;       |complex_mult_twiddle:UUT5|            ; 168 (168)           ; 168 (168)                 ; 0           ; 0          ; 0            ; 0       ; 0         ; 0    ; 0            ; 0          ; |fft16OPT_sync|fft16OPT:UUT|complex_mult_twiddle:UUT5                                                                                      ; complex_mult_twiddle ; work         ;
;       |complex_mult_twiddle:UUT6|            ; 79 (79)             ; 83 (83)                   ; 0           ; 0          ; 0            ; 0       ; 0         ; 0    ; 0            ; 0          ; |fft16OPT_sync|fft16OPT:UUT|complex_mult_twiddle:UUT6                                                                                      ; complex_mult_twiddle ; work         ;
;       |complex_mult_twiddle:UUT7|            ; 107 (107)           ; 107 (107)                 ; 0           ; 0          ; 0            ; 0       ; 0         ; 0    ; 0            ; 0          ; |fft16OPT_sync|fft16OPT:UUT|complex_mult_twiddle:UUT7                                                                                      ; complex_mult_twiddle ; work         ;
;       |complex_mult_twiddle:UUT8|            ; 93 (93)             ; 85 (85)                   ; 0           ; 0          ; 0            ; 0       ; 0         ; 0    ; 0            ; 0          ; |fft16OPT_sync|fft16OPT:UUT|complex_mult_twiddle:UUT8                                                                                      ; complex_mult_twiddle ; work         ;
;       |complex_mult_twiddle:UUT9|            ; 12 (12)             ; 12 (12)                   ; 0           ; 0          ; 0            ; 0       ; 0         ; 0    ; 0            ; 0          ; |fft16OPT_sync|fft16OPT:UUT|complex_mult_twiddle:UUT9                                                                                      ; complex_mult_twiddle ; work         ;
;       |radix4:UUT14|                         ; 89 (89)             ; 96 (96)                   ; 0           ; 0          ; 0            ; 0       ; 0         ; 0    ; 0            ; 0          ; |fft16OPT_sync|fft16OPT:UUT|radix4:UUT14                                                                                                   ; radix4               ; work         ;
;       |radix4:UUT15|                         ; 152 (152)           ; 144 (144)                 ; 0           ; 0          ; 0            ; 0       ; 0         ; 0    ; 0            ; 0          ; |fft16OPT_sync|fft16OPT:UUT|radix4:UUT15                                                                                                   ; radix4               ; work         ;
;       |radix4:UUT16|                         ; 112 (112)           ; 119 (119)                 ; 0           ; 0          ; 0            ; 0       ; 0         ; 0    ; 0            ; 0          ; |fft16OPT_sync|fft16OPT:UUT|radix4:UUT16                                                                                                   ; radix4               ; work         ;
;       |radix4:UUT17|                         ; 152 (152)           ; 144 (144)                 ; 0           ; 0          ; 0            ; 0       ; 0         ; 0    ; 0            ; 0          ; |fft16OPT_sync|fft16OPT:UUT|radix4:UUT17                                                                                                   ; radix4               ; work         ;
;       |radix4:UUT1|                          ; 90 (90)             ; 82 (82)                   ; 0           ; 0          ; 0            ; 0       ; 0         ; 0    ; 0            ; 0          ; |fft16OPT_sync|fft16OPT:UUT|radix4:UUT1                                                                                                    ; radix4               ; work         ;
;       |radix4:UUT2|                          ; 90 (90)             ; 105 (105)                 ; 0           ; 0          ; 0            ; 0       ; 0         ; 0    ; 0            ; 0          ; |fft16OPT_sync|fft16OPT:UUT|radix4:UUT2                                                                                                    ; radix4               ; work         ;
;       |radix4:UUT3|                          ; 90 (90)             ; 105 (105)                 ; 0           ; 0          ; 0            ; 0       ; 0         ; 0    ; 0            ; 0          ; |fft16OPT_sync|fft16OPT:UUT|radix4:UUT3                                                                                                    ; radix4               ; work         ;
;       |radix4:UUT4|                          ; 90 (90)             ; 105 (105)                 ; 0           ; 0          ; 0            ; 0       ; 0         ; 0    ; 0            ; 0          ; |fft16OPT_sync|fft16OPT:UUT|radix4:UUT4                                                                                                    ; radix4               ; work         ;
+----------------------------------------------+---------------------+---------------------------+-------------+------------+--------------+---------+-----------+------+--------------+------------+--------------------------------------------------------------------------------------------------------------------------------------------+----------------------+--------------+
Note: For table entries with two numbers listed, the numbers in parentheses indicate the number of resources of the given type used by the specific entity alone. The numbers listed outside of parentheses indicate the total resources of the given type used by the specific entity and all of its sub-entities in the hierarchy.


+--------------------------------------------------------------------------------------------------------------------------------------------------------------------------------------------------------------------------------------------+
; Analysis & Synthesis RAM Summary                                                                                                                                                                                                           ;
+----------------------------------------------------------------------------------------------------------------------------------------+------+------------------+--------------+--------------+--------------+--------------+------+------+
; Name                                                                                                                                   ; Type ; Mode             ; Port A Depth ; Port A Width ; Port B Depth ; Port B Width ; Size ; MIF  ;
+----------------------------------------------------------------------------------------------------------------------------------------+------+------------------+--------------+--------------+--------------+--------------+------+------+
; fft16OPT:UUT|altshift_taps:y1r_d_rtl_0|shift_taps_2hl:auto_generated|altsyncram_jo71:altsyncram2|ALTSYNCRAM                            ; AUTO ; Simple Dual Port ; 2            ; 60           ; 2            ; 60           ; 120  ; None ;
; fft16OPT:UUT|altshift_taps:y8r_d_rtl_0|shift_taps_3hl:auto_generated|altsyncram_mo71:altsyncram2|ALTSYNCRAM                            ; AUTO ; Simple Dual Port ; 3            ; 33           ; 3            ; 33           ; 99   ; None ;
; fft16OPT:UUT|calc_pot:\gen_pot:8:calc_Z|altshift_taps:sum_u_rtl_0|shift_taps_4hl:auto_generated|altsyncram_tv21:altsyncram4|ALTSYNCRAM ; AUTO ; Simple Dual Port ; 3            ; 36           ; 3            ; 36           ; 108  ; None ;
+----------------------------------------------------------------------------------------------------------------------------------------+------+------------------+--------------+--------------+--------------+--------------+------+------+


+-----------------------------------------------------+
; Analysis & Synthesis DSP Block Usage Summary        ;
+---------------------------------------+-------------+
; Statistic                             ; Number Used ;
+---------------------------------------+-------------+
; Simple Multipliers (9-bit)            ; 0           ;
; Simple Multipliers (18-bit)           ; 16          ;
; Embedded Multiplier Blocks            ; --          ;
; Embedded Multiplier 9-bit elements    ; 32          ;
; Signed Embedded Multipliers           ; 16          ;
; Unsigned Embedded Multipliers         ; 0           ;
; Mixed Sign Embedded Multipliers       ; 0           ;
; Variable Sign Embedded Multipliers    ; 0           ;
; Dedicated Input Shift Register Chains ; 0           ;
+---------------------------------------+-------------+
Note: number of Embedded Multiplier Blocks used is only available after a successful fit.


+---------------------------------------------------------------------------------------------------------------------------+
; Registers Removed During Synthesis                                                                                        ;
+-------------------------------------------------------+-------------------------------------------------------------------+
; Register name                                         ; Reason for Removal                                                ;
+-------------------------------------------------------+-------------------------------------------------------------------+
; fft16OPT:UUT|radix4:UUT17|d21_s                       ; Stuck at GND due to stuck port data_in                            ;
; fft16OPT:UUT|radix4:UUT17|d20_s                       ; Stuck at GND due to stuck port data_in                            ;
; fft16OPT:UUT|radix4:UUT16|d21_s                       ; Stuck at GND due to stuck port data_in                            ;
; fft16OPT:UUT|radix4:UUT16|d20_s                       ; Stuck at GND due to stuck port data_in                            ;
; fft16OPT:UUT|radix4:UUT15|d21_s                       ; Stuck at GND due to stuck port data_in                            ;
; fft16OPT:UUT|radix4:UUT15|d20_s                       ; Stuck at GND due to stuck port data_in                            ;
; fft16OPT:UUT|radix4:UUT14|d21_s                       ; Stuck at GND due to stuck port data_in                            ;
; fft16OPT:UUT|radix4:UUT14|d20_s                       ; Stuck at VCC due to stuck port data_in                            ;
; fft16OPT:UUT|complex_mult_twiddle:UUT13|k_s1a[1,2]    ; Stuck at GND due to stuck port data_in                            ;
; fft16OPT:UUT|complex_mult_twiddle:UUT13|k_s1b[1,2]    ; Stuck at GND due to stuck port data_in                            ;
; fft16OPT:UUT|complex_mult_twiddle:UUT13|pA_s[-12]     ; Stuck at GND due to stuck port data_in                            ;
; fft16OPT:UUT|complex_mult_twiddle:UUT13|pA_s[-13]     ; Stuck at GND due to stuck port data_in                            ;
; fft16OPT:UUT|complex_mult_twiddle:UUT13|pA_s[-14]     ; Stuck at GND due to stuck port data_in                            ;
; fft16OPT:UUT|complex_mult_twiddle:UUT13|pA_s[-15]     ; Stuck at GND due to stuck port data_in                            ;
; fft16OPT:UUT|complex_mult_twiddle:UUT13|pA_s[-16]     ; Stuck at GND due to stuck port data_in                            ;
; fft16OPT:UUT|complex_mult_twiddle:UUT13|pA_s[-17]     ; Stuck at GND due to stuck port data_in                            ;
; fft16OPT:UUT|complex_mult_twiddle:UUT13|pA_s[-18]     ; Stuck at GND due to stuck port data_in                            ;
; fft16OPT:UUT|complex_mult_twiddle:UUT13|pA_s[-19]     ; Stuck at GND due to stuck port data_in                            ;
; fft16OPT:UUT|complex_mult_twiddle:UUT13|pA_s[-20]     ; Stuck at GND due to stuck port data_in                            ;
; fft16OPT:UUT|complex_mult_twiddle:UUT13|pA_s[-21]     ; Stuck at GND due to stuck port data_in                            ;
; fft16OPT:UUT|complex_mult_twiddle:UUT13|pA_s[-22]     ; Stuck at GND due to stuck port data_in                            ;
; fft16OPT:UUT|complex_mult_twiddle:UUT13|pC_s[-12]     ; Stuck at GND due to stuck port data_in                            ;
; fft16OPT:UUT|complex_mult_twiddle:UUT13|pC_s[-13]     ; Stuck at GND due to stuck port data_in                            ;
; fft16OPT:UUT|complex_mult_twiddle:UUT13|pC_s[-14]     ; Stuck at GND due to stuck port data_in                            ;
; fft16OPT:UUT|complex_mult_twiddle:UUT13|pC_s[-15]     ; Stuck at GND due to stuck port data_in                            ;
; fft16OPT:UUT|complex_mult_twiddle:UUT13|pC_s[-16]     ; Stuck at GND due to stuck port data_in                            ;
; fft16OPT:UUT|complex_mult_twiddle:UUT13|pC_s[-17]     ; Stuck at GND due to stuck port data_in                            ;
; fft16OPT:UUT|complex_mult_twiddle:UUT13|pC_s[-18]     ; Stuck at GND due to stuck port data_in                            ;
; fft16OPT:UUT|complex_mult_twiddle:UUT13|pC_s[-19]     ; Stuck at GND due to stuck port data_in                            ;
; fft16OPT:UUT|complex_mult_twiddle:UUT13|pC_s[-20]     ; Stuck at GND due to stuck port data_in                            ;
; fft16OPT:UUT|complex_mult_twiddle:UUT13|pC_s[-21]     ; Stuck at GND due to stuck port data_in                            ;
; fft16OPT:UUT|complex_mult_twiddle:UUT13|pC_s[-22]     ; Stuck at GND due to stuck port data_in                            ;
; fft16OPT:UUT|complex_mult_twiddle:UUT13|pE_s[-12]     ; Stuck at GND due to stuck port data_in                            ;
; fft16OPT:UUT|complex_mult_twiddle:UUT13|pE_s[-13]     ; Stuck at GND due to stuck port data_in                            ;
; fft16OPT:UUT|complex_mult_twiddle:UUT13|pE_s[-14]     ; Stuck at GND due to stuck port data_in                            ;
; fft16OPT:UUT|complex_mult_twiddle:UUT13|pE_s[-15]     ; Stuck at GND due to stuck port data_in                            ;
; fft16OPT:UUT|complex_mult_twiddle:UUT13|pE_s[-16]     ; Stuck at GND due to stuck port data_in                            ;
; fft16OPT:UUT|complex_mult_twiddle:UUT13|pE_s[-17]     ; Stuck at GND due to stuck port data_in                            ;
; fft16OPT:UUT|complex_mult_twiddle:UUT13|pE_s[-18]     ; Stuck at GND due to stuck port data_in                            ;
; fft16OPT:UUT|complex_mult_twiddle:UUT13|pE_s[-19]     ; Stuck at GND due to stuck port data_in                            ;
; fft16OPT:UUT|complex_mult_twiddle:UUT13|pE_s[-20]     ; Stuck at GND due to stuck port data_in                            ;
; fft16OPT:UUT|complex_mult_twiddle:UUT13|pE_s[-21]     ; Stuck at GND due to stuck port data_in                            ;
; fft16OPT:UUT|complex_mult_twiddle:UUT13|pE_s[-22]     ; Stuck at GND due to stuck port data_in                            ;
; fft16OPT:UUT|complex_mult_twiddle:UUT13|k_s2[1,2]     ; Stuck at GND due to stuck port data_in                            ;
; fft16OPT:UUT|complex_mult_twiddle:UUT13|Yi_s2[-11]    ; Lost fanout                                                       ;
; fft16OPT:UUT|complex_mult_twiddle:UUT13|Yi_s1b[-11]   ; Lost fanout                                                       ;
; fft16OPT:UUT|complex_mult_twiddle:UUT13|Yi_s1a[-11]   ; Lost fanout                                                       ;
; fft16OPT:UUT|complex_mult_twiddle:UUT12|k_s1a[0,3]    ; Stuck at GND due to stuck port data_in                            ;
; fft16OPT:UUT|complex_mult_twiddle:UUT12|k_s1b[0,3]    ; Stuck at GND due to stuck port data_in                            ;
; fft16OPT:UUT|complex_mult_twiddle:UUT12|pA_s[-12]     ; Stuck at GND due to stuck port data_in                            ;
; fft16OPT:UUT|complex_mult_twiddle:UUT12|pA_s[-13]     ; Stuck at GND due to stuck port data_in                            ;
; fft16OPT:UUT|complex_mult_twiddle:UUT12|pA_s[-14]     ; Stuck at GND due to stuck port data_in                            ;
; fft16OPT:UUT|complex_mult_twiddle:UUT12|pA_s[-15]     ; Stuck at GND due to stuck port data_in                            ;
; fft16OPT:UUT|complex_mult_twiddle:UUT12|pA_s[-16]     ; Stuck at GND due to stuck port data_in                            ;
; fft16OPT:UUT|complex_mult_twiddle:UUT12|pA_s[-17]     ; Stuck at GND due to stuck port data_in                            ;
; fft16OPT:UUT|complex_mult_twiddle:UUT12|pA_s[-18]     ; Stuck at GND due to stuck port data_in                            ;
; fft16OPT:UUT|complex_mult_twiddle:UUT12|pA_s[-19]     ; Stuck at GND due to stuck port data_in                            ;
; fft16OPT:UUT|complex_mult_twiddle:UUT12|pA_s[-20]     ; Stuck at GND due to stuck port data_in                            ;
; fft16OPT:UUT|complex_mult_twiddle:UUT12|pA_s[-21]     ; Stuck at GND due to stuck port data_in                            ;
; fft16OPT:UUT|complex_mult_twiddle:UUT12|pA_s[-22]     ; Stuck at GND due to stuck port data_in                            ;
; fft16OPT:UUT|complex_mult_twiddle:UUT12|pC_s[-12]     ; Stuck at GND due to stuck port data_in                            ;
; fft16OPT:UUT|complex_mult_twiddle:UUT12|pC_s[-13]     ; Stuck at GND due to stuck port data_in                            ;
; fft16OPT:UUT|complex_mult_twiddle:UUT12|pC_s[-14]     ; Stuck at GND due to stuck port data_in                            ;
; fft16OPT:UUT|complex_mult_twiddle:UUT12|pC_s[-15]     ; Stuck at GND due to stuck port data_in                            ;
; fft16OPT:UUT|complex_mult_twiddle:UUT12|pC_s[-16]     ; Stuck at GND due to stuck port data_in                            ;
; fft16OPT:UUT|complex_mult_twiddle:UUT12|pC_s[-17]     ; Stuck at GND due to stuck port data_in                            ;
; fft16OPT:UUT|complex_mult_twiddle:UUT12|pC_s[-18]     ; Stuck at GND due to stuck port data_in                            ;
; fft16OPT:UUT|complex_mult_twiddle:UUT12|pC_s[-19]     ; Stuck at GND due to stuck port data_in                            ;
; fft16OPT:UUT|complex_mult_twiddle:UUT12|pC_s[-20]     ; Stuck at GND due to stuck port data_in                            ;
; fft16OPT:UUT|complex_mult_twiddle:UUT12|pC_s[-21]     ; Stuck at GND due to stuck port data_in                            ;
; fft16OPT:UUT|complex_mult_twiddle:UUT12|pC_s[-22]     ; Stuck at GND due to stuck port data_in                            ;
; fft16OPT:UUT|complex_mult_twiddle:UUT12|pE_s[-12]     ; Stuck at GND due to stuck port data_in                            ;
; fft16OPT:UUT|complex_mult_twiddle:UUT12|pE_s[-13]     ; Stuck at GND due to stuck port data_in                            ;
; fft16OPT:UUT|complex_mult_twiddle:UUT12|pE_s[-14]     ; Stuck at GND due to stuck port data_in                            ;
; fft16OPT:UUT|complex_mult_twiddle:UUT12|pE_s[-15]     ; Stuck at GND due to stuck port data_in                            ;
; fft16OPT:UUT|complex_mult_twiddle:UUT12|pE_s[-16]     ; Stuck at GND due to stuck port data_in                            ;
; fft16OPT:UUT|complex_mult_twiddle:UUT12|pE_s[-17]     ; Stuck at GND due to stuck port data_in                            ;
; fft16OPT:UUT|complex_mult_twiddle:UUT12|pE_s[-18]     ; Stuck at GND due to stuck port data_in                            ;
; fft16OPT:UUT|complex_mult_twiddle:UUT12|pE_s[-19]     ; Stuck at GND due to stuck port data_in                            ;
; fft16OPT:UUT|complex_mult_twiddle:UUT12|pE_s[-20]     ; Stuck at GND due to stuck port data_in                            ;
; fft16OPT:UUT|complex_mult_twiddle:UUT12|pE_s[-21]     ; Stuck at GND due to stuck port data_in                            ;
; fft16OPT:UUT|complex_mult_twiddle:UUT12|pE_s[-22]     ; Stuck at GND due to stuck port data_in                            ;
; fft16OPT:UUT|complex_mult_twiddle:UUT12|k_s2[0,3]     ; Stuck at GND due to stuck port data_in                            ;
; fft16OPT:UUT|complex_mult_twiddle:UUT11|k_s1a[2,3]    ; Stuck at GND due to stuck port data_in                            ;
; fft16OPT:UUT|complex_mult_twiddle:UUT11|k_s1b[2,3]    ; Stuck at GND due to stuck port data_in                            ;
; fft16OPT:UUT|complex_mult_twiddle:UUT11|pA_s[-12]     ; Stuck at GND due to stuck port data_in                            ;
; fft16OPT:UUT|complex_mult_twiddle:UUT11|pA_s[-13]     ; Stuck at GND due to stuck port data_in                            ;
; fft16OPT:UUT|complex_mult_twiddle:UUT11|pA_s[-14]     ; Stuck at GND due to stuck port data_in                            ;
; fft16OPT:UUT|complex_mult_twiddle:UUT11|pA_s[-15]     ; Stuck at GND due to stuck port data_in                            ;
; fft16OPT:UUT|complex_mult_twiddle:UUT11|pA_s[-16]     ; Stuck at GND due to stuck port data_in                            ;
; fft16OPT:UUT|complex_mult_twiddle:UUT11|pA_s[-17]     ; Stuck at GND due to stuck port data_in                            ;
; fft16OPT:UUT|complex_mult_twiddle:UUT11|pA_s[-18]     ; Stuck at GND due to stuck port data_in                            ;
; fft16OPT:UUT|complex_mult_twiddle:UUT11|pA_s[-19]     ; Stuck at GND due to stuck port data_in                            ;
; fft16OPT:UUT|complex_mult_twiddle:UUT11|pA_s[-20]     ; Stuck at GND due to stuck port data_in                            ;
; fft16OPT:UUT|complex_mult_twiddle:UUT11|pA_s[-21]     ; Stuck at GND due to stuck port data_in                            ;
; fft16OPT:UUT|complex_mult_twiddle:UUT11|pA_s[-22]     ; Stuck at GND due to stuck port data_in                            ;
; fft16OPT:UUT|complex_mult_twiddle:UUT11|pC_s[-12]     ; Stuck at GND due to stuck port data_in                            ;
; fft16OPT:UUT|complex_mult_twiddle:UUT11|pC_s[-13]     ; Stuck at GND due to stuck port data_in                            ;
; fft16OPT:UUT|complex_mult_twiddle:UUT11|pC_s[-14]     ; Stuck at GND due to stuck port data_in                            ;
; fft16OPT:UUT|complex_mult_twiddle:UUT11|pC_s[-15]     ; Stuck at GND due to stuck port data_in                            ;
; fft16OPT:UUT|complex_mult_twiddle:UUT11|pC_s[-16]     ; Stuck at GND due to stuck port data_in                            ;
; fft16OPT:UUT|complex_mult_twiddle:UUT11|pC_s[-17]     ; Stuck at GND due to stuck port data_in                            ;
; fft16OPT:UUT|complex_mult_twiddle:UUT11|pC_s[-18]     ; Stuck at GND due to stuck port data_in                            ;
; fft16OPT:UUT|complex_mult_twiddle:UUT11|pC_s[-19]     ; Stuck at GND due to stuck port data_in                            ;
; fft16OPT:UUT|complex_mult_twiddle:UUT11|pC_s[-20]     ; Stuck at GND due to stuck port data_in                            ;
; fft16OPT:UUT|complex_mult_twiddle:UUT11|pC_s[-21]     ; Stuck at GND due to stuck port data_in                            ;
; fft16OPT:UUT|complex_mult_twiddle:UUT11|pC_s[-22]     ; Stuck at GND due to stuck port data_in                            ;
; fft16OPT:UUT|complex_mult_twiddle:UUT11|pE_s[-12]     ; Stuck at GND due to stuck port data_in                            ;
; fft16OPT:UUT|complex_mult_twiddle:UUT11|pE_s[-13]     ; Stuck at GND due to stuck port data_in                            ;
; fft16OPT:UUT|complex_mult_twiddle:UUT11|pE_s[-14]     ; Stuck at GND due to stuck port data_in                            ;
; fft16OPT:UUT|complex_mult_twiddle:UUT11|pE_s[-15]     ; Stuck at GND due to stuck port data_in                            ;
; fft16OPT:UUT|complex_mult_twiddle:UUT11|pE_s[-16]     ; Stuck at GND due to stuck port data_in                            ;
; fft16OPT:UUT|complex_mult_twiddle:UUT11|pE_s[-17]     ; Stuck at GND due to stuck port data_in                            ;
; fft16OPT:UUT|complex_mult_twiddle:UUT11|pE_s[-18]     ; Stuck at GND due to stuck port data_in                            ;
; fft16OPT:UUT|complex_mult_twiddle:UUT11|pE_s[-19]     ; Stuck at GND due to stuck port data_in                            ;
; fft16OPT:UUT|complex_mult_twiddle:UUT11|pE_s[-20]     ; Stuck at GND due to stuck port data_in                            ;
; fft16OPT:UUT|complex_mult_twiddle:UUT11|pE_s[-21]     ; Stuck at GND due to stuck port data_in                            ;
; fft16OPT:UUT|complex_mult_twiddle:UUT11|pE_s[-22]     ; Stuck at GND due to stuck port data_in                            ;
; fft16OPT:UUT|complex_mult_twiddle:UUT11|k_s2[2,3]     ; Stuck at GND due to stuck port data_in                            ;
; fft16OPT:UUT|complex_mult_twiddle:UUT11|Yi_s2[-11]    ; Lost fanout                                                       ;
; fft16OPT:UUT|complex_mult_twiddle:UUT11|Yi_s1b[-11]   ; Lost fanout                                                       ;
; fft16OPT:UUT|complex_mult_twiddle:UUT11|Yi_s1a[-11]   ; Lost fanout                                                       ;
; fft16OPT:UUT|complex_mult_twiddle:UUT10|k_s1a[0,3]    ; Stuck at GND due to stuck port data_in                            ;
; fft16OPT:UUT|complex_mult_twiddle:UUT10|k_s1b[0,3]    ; Stuck at GND due to stuck port data_in                            ;
; fft16OPT:UUT|complex_mult_twiddle:UUT10|pA_s[-12]     ; Stuck at GND due to stuck port data_in                            ;
; fft16OPT:UUT|complex_mult_twiddle:UUT10|pA_s[-13]     ; Stuck at GND due to stuck port data_in                            ;
; fft16OPT:UUT|complex_mult_twiddle:UUT10|pA_s[-14]     ; Stuck at GND due to stuck port data_in                            ;
; fft16OPT:UUT|complex_mult_twiddle:UUT10|pA_s[-15]     ; Stuck at GND due to stuck port data_in                            ;
; fft16OPT:UUT|complex_mult_twiddle:UUT10|pA_s[-16]     ; Stuck at GND due to stuck port data_in                            ;
; fft16OPT:UUT|complex_mult_twiddle:UUT10|pA_s[-17]     ; Stuck at GND due to stuck port data_in                            ;
; fft16OPT:UUT|complex_mult_twiddle:UUT10|pA_s[-18]     ; Stuck at GND due to stuck port data_in                            ;
; fft16OPT:UUT|complex_mult_twiddle:UUT10|pA_s[-19]     ; Stuck at GND due to stuck port data_in                            ;
; fft16OPT:UUT|complex_mult_twiddle:UUT10|pA_s[-20]     ; Stuck at GND due to stuck port data_in                            ;
; fft16OPT:UUT|complex_mult_twiddle:UUT10|pA_s[-21]     ; Stuck at GND due to stuck port data_in                            ;
; fft16OPT:UUT|complex_mult_twiddle:UUT10|pA_s[-22]     ; Stuck at GND due to stuck port data_in                            ;
; fft16OPT:UUT|complex_mult_twiddle:UUT10|pC_s[-12]     ; Stuck at GND due to stuck port data_in                            ;
; fft16OPT:UUT|complex_mult_twiddle:UUT10|pC_s[-13]     ; Stuck at GND due to stuck port data_in                            ;
; fft16OPT:UUT|complex_mult_twiddle:UUT10|pC_s[-14]     ; Stuck at GND due to stuck port data_in                            ;
; fft16OPT:UUT|complex_mult_twiddle:UUT10|pC_s[-15]     ; Stuck at GND due to stuck port data_in                            ;
; fft16OPT:UUT|complex_mult_twiddle:UUT10|pC_s[-16]     ; Stuck at GND due to stuck port data_in                            ;
; fft16OPT:UUT|complex_mult_twiddle:UUT10|pC_s[-17]     ; Stuck at GND due to stuck port data_in                            ;
; fft16OPT:UUT|complex_mult_twiddle:UUT10|pC_s[-18]     ; Stuck at GND due to stuck port data_in                            ;
; fft16OPT:UUT|complex_mult_twiddle:UUT10|pC_s[-19]     ; Stuck at GND due to stuck port data_in                            ;
; fft16OPT:UUT|complex_mult_twiddle:UUT10|pC_s[-20]     ; Stuck at GND due to stuck port data_in                            ;
; fft16OPT:UUT|complex_mult_twiddle:UUT10|pC_s[-21]     ; Stuck at GND due to stuck port data_in                            ;
; fft16OPT:UUT|complex_mult_twiddle:UUT10|pC_s[-22]     ; Stuck at GND due to stuck port data_in                            ;
; fft16OPT:UUT|complex_mult_twiddle:UUT10|pE_s[-12]     ; Stuck at GND due to stuck port data_in                            ;
; fft16OPT:UUT|complex_mult_twiddle:UUT10|pE_s[-13]     ; Stuck at GND due to stuck port data_in                            ;
; fft16OPT:UUT|complex_mult_twiddle:UUT10|pE_s[-14]     ; Stuck at GND due to stuck port data_in                            ;
; fft16OPT:UUT|complex_mult_twiddle:UUT10|pE_s[-15]     ; Stuck at GND due to stuck port data_in                            ;
; fft16OPT:UUT|complex_mult_twiddle:UUT10|pE_s[-16]     ; Stuck at GND due to stuck port data_in                            ;
; fft16OPT:UUT|complex_mult_twiddle:UUT10|pE_s[-17]     ; Stuck at GND due to stuck port data_in                            ;
; fft16OPT:UUT|complex_mult_twiddle:UUT10|pE_s[-18]     ; Stuck at GND due to stuck port data_in                            ;
; fft16OPT:UUT|complex_mult_twiddle:UUT10|pE_s[-19]     ; Stuck at GND due to stuck port data_in                            ;
; fft16OPT:UUT|complex_mult_twiddle:UUT10|pE_s[-20]     ; Stuck at GND due to stuck port data_in                            ;
; fft16OPT:UUT|complex_mult_twiddle:UUT10|pE_s[-21]     ; Stuck at GND due to stuck port data_in                            ;
; fft16OPT:UUT|complex_mult_twiddle:UUT10|pE_s[-22]     ; Stuck at GND due to stuck port data_in                            ;
; fft16OPT:UUT|complex_mult_twiddle:UUT10|k_s2[0,3]     ; Stuck at GND due to stuck port data_in                            ;
; fft16OPT:UUT|complex_mult_twiddle:UUT9|k_s1a[0,1,3]   ; Stuck at GND due to stuck port data_in                            ;
; fft16OPT:UUT|complex_mult_twiddle:UUT9|k_s1b[0,1,3]   ; Stuck at GND due to stuck port data_in                            ;
; fft16OPT:UUT|complex_mult_twiddle:UUT9|pA_s[-12]      ; Stuck at GND due to stuck port data_in                            ;
; fft16OPT:UUT|complex_mult_twiddle:UUT9|pA_s[-13]      ; Stuck at GND due to stuck port data_in                            ;
; fft16OPT:UUT|complex_mult_twiddle:UUT9|pA_s[-14]      ; Stuck at GND due to stuck port data_in                            ;
; fft16OPT:UUT|complex_mult_twiddle:UUT9|pA_s[-15]      ; Stuck at GND due to stuck port data_in                            ;
; fft16OPT:UUT|complex_mult_twiddle:UUT9|pA_s[-16]      ; Stuck at GND due to stuck port data_in                            ;
; fft16OPT:UUT|complex_mult_twiddle:UUT9|pA_s[-17]      ; Stuck at GND due to stuck port data_in                            ;
; fft16OPT:UUT|complex_mult_twiddle:UUT9|pA_s[-18]      ; Stuck at GND due to stuck port data_in                            ;
; fft16OPT:UUT|complex_mult_twiddle:UUT9|pA_s[-19]      ; Stuck at GND due to stuck port data_in                            ;
; fft16OPT:UUT|complex_mult_twiddle:UUT9|pA_s[-20]      ; Stuck at GND due to stuck port data_in                            ;
; fft16OPT:UUT|complex_mult_twiddle:UUT9|pA_s[-21]      ; Stuck at GND due to stuck port data_in                            ;
; fft16OPT:UUT|complex_mult_twiddle:UUT9|pA_s[-22]      ; Stuck at GND due to stuck port data_in                            ;
; fft16OPT:UUT|complex_mult_twiddle:UUT9|pC_s[-12]      ; Stuck at GND due to stuck port data_in                            ;
; fft16OPT:UUT|complex_mult_twiddle:UUT9|pC_s[-13]      ; Stuck at GND due to stuck port data_in                            ;
; fft16OPT:UUT|complex_mult_twiddle:UUT9|pC_s[-14]      ; Stuck at GND due to stuck port data_in                            ;
; fft16OPT:UUT|complex_mult_twiddle:UUT9|pC_s[-15]      ; Stuck at GND due to stuck port data_in                            ;
; fft16OPT:UUT|complex_mult_twiddle:UUT9|pC_s[-16]      ; Stuck at GND due to stuck port data_in                            ;
; fft16OPT:UUT|complex_mult_twiddle:UUT9|pC_s[-17]      ; Stuck at GND due to stuck port data_in                            ;
; fft16OPT:UUT|complex_mult_twiddle:UUT9|pC_s[-18]      ; Stuck at GND due to stuck port data_in                            ;
; fft16OPT:UUT|complex_mult_twiddle:UUT9|pC_s[-19]      ; Stuck at GND due to stuck port data_in                            ;
; fft16OPT:UUT|complex_mult_twiddle:UUT9|pC_s[-20]      ; Stuck at GND due to stuck port data_in                            ;
; fft16OPT:UUT|complex_mult_twiddle:UUT9|pC_s[-21]      ; Stuck at GND due to stuck port data_in                            ;
; fft16OPT:UUT|complex_mult_twiddle:UUT9|pC_s[-22]      ; Stuck at GND due to stuck port data_in                            ;
; fft16OPT:UUT|complex_mult_twiddle:UUT9|pE_s[-12]      ; Stuck at GND due to stuck port data_in                            ;
; fft16OPT:UUT|complex_mult_twiddle:UUT9|pE_s[-13]      ; Stuck at GND due to stuck port data_in                            ;
; fft16OPT:UUT|complex_mult_twiddle:UUT9|pE_s[-14]      ; Stuck at GND due to stuck port data_in                            ;
; fft16OPT:UUT|complex_mult_twiddle:UUT9|pE_s[-15]      ; Stuck at GND due to stuck port data_in                            ;
; fft16OPT:UUT|complex_mult_twiddle:UUT9|pE_s[-16]      ; Stuck at GND due to stuck port data_in                            ;
; fft16OPT:UUT|complex_mult_twiddle:UUT9|pE_s[-17]      ; Stuck at GND due to stuck port data_in                            ;
; fft16OPT:UUT|complex_mult_twiddle:UUT9|pE_s[-18]      ; Stuck at GND due to stuck port data_in                            ;
; fft16OPT:UUT|complex_mult_twiddle:UUT9|pE_s[-19]      ; Stuck at GND due to stuck port data_in                            ;
; fft16OPT:UUT|complex_mult_twiddle:UUT9|pE_s[-20]      ; Stuck at GND due to stuck port data_in                            ;
; fft16OPT:UUT|complex_mult_twiddle:UUT9|pE_s[-21]      ; Stuck at GND due to stuck port data_in                            ;
; fft16OPT:UUT|complex_mult_twiddle:UUT9|pE_s[-22]      ; Stuck at GND due to stuck port data_in                            ;
; fft16OPT:UUT|complex_mult_twiddle:UUT9|k_s2[0,1,3]    ; Stuck at GND due to stuck port data_in                            ;
; fft16OPT:UUT|complex_mult_twiddle:UUT8|k_s1a[0,2,3]   ; Stuck at GND due to stuck port data_in                            ;
; fft16OPT:UUT|complex_mult_twiddle:UUT8|k_s1b[0,2,3]   ; Stuck at GND due to stuck port data_in                            ;
; fft16OPT:UUT|complex_mult_twiddle:UUT8|pA_s[-12]      ; Stuck at GND due to stuck port data_in                            ;
; fft16OPT:UUT|complex_mult_twiddle:UUT8|pA_s[-13]      ; Stuck at GND due to stuck port data_in                            ;
; fft16OPT:UUT|complex_mult_twiddle:UUT8|pA_s[-14]      ; Stuck at GND due to stuck port data_in                            ;
; fft16OPT:UUT|complex_mult_twiddle:UUT8|pA_s[-15]      ; Stuck at GND due to stuck port data_in                            ;
; fft16OPT:UUT|complex_mult_twiddle:UUT8|pA_s[-16]      ; Stuck at GND due to stuck port data_in                            ;
; fft16OPT:UUT|complex_mult_twiddle:UUT8|pA_s[-17]      ; Stuck at GND due to stuck port data_in                            ;
; fft16OPT:UUT|complex_mult_twiddle:UUT8|pA_s[-18]      ; Stuck at GND due to stuck port data_in                            ;
; fft16OPT:UUT|complex_mult_twiddle:UUT8|pA_s[-19]      ; Stuck at GND due to stuck port data_in                            ;
; fft16OPT:UUT|complex_mult_twiddle:UUT8|pA_s[-20]      ; Stuck at GND due to stuck port data_in                            ;
; fft16OPT:UUT|complex_mult_twiddle:UUT8|pA_s[-21]      ; Stuck at GND due to stuck port data_in                            ;
; fft16OPT:UUT|complex_mult_twiddle:UUT8|pA_s[-22]      ; Stuck at GND due to stuck port data_in                            ;
; fft16OPT:UUT|complex_mult_twiddle:UUT8|pC_s[-12]      ; Stuck at GND due to stuck port data_in                            ;
; fft16OPT:UUT|complex_mult_twiddle:UUT8|pC_s[-13]      ; Stuck at GND due to stuck port data_in                            ;
; fft16OPT:UUT|complex_mult_twiddle:UUT8|pC_s[-14]      ; Stuck at GND due to stuck port data_in                            ;
; fft16OPT:UUT|complex_mult_twiddle:UUT8|pC_s[-15]      ; Stuck at GND due to stuck port data_in                            ;
; fft16OPT:UUT|complex_mult_twiddle:UUT8|pC_s[-16]      ; Stuck at GND due to stuck port data_in                            ;
; fft16OPT:UUT|complex_mult_twiddle:UUT8|pC_s[-17]      ; Stuck at GND due to stuck port data_in                            ;
; fft16OPT:UUT|complex_mult_twiddle:UUT8|pC_s[-18]      ; Stuck at GND due to stuck port data_in                            ;
; fft16OPT:UUT|complex_mult_twiddle:UUT8|pC_s[-19]      ; Stuck at GND due to stuck port data_in                            ;
; fft16OPT:UUT|complex_mult_twiddle:UUT8|pC_s[-20]      ; Stuck at GND due to stuck port data_in                            ;
; fft16OPT:UUT|complex_mult_twiddle:UUT8|pC_s[-21]      ; Stuck at GND due to stuck port data_in                            ;
; fft16OPT:UUT|complex_mult_twiddle:UUT8|pC_s[-22]      ; Stuck at GND due to stuck port data_in                            ;
; fft16OPT:UUT|complex_mult_twiddle:UUT8|pE_s[-12]      ; Stuck at GND due to stuck port data_in                            ;
; fft16OPT:UUT|complex_mult_twiddle:UUT8|pE_s[-13]      ; Stuck at GND due to stuck port data_in                            ;
; fft16OPT:UUT|complex_mult_twiddle:UUT8|pE_s[-14]      ; Stuck at GND due to stuck port data_in                            ;
; fft16OPT:UUT|complex_mult_twiddle:UUT8|pE_s[-15]      ; Stuck at GND due to stuck port data_in                            ;
; fft16OPT:UUT|complex_mult_twiddle:UUT8|pE_s[-16]      ; Stuck at GND due to stuck port data_in                            ;
; fft16OPT:UUT|complex_mult_twiddle:UUT8|pE_s[-17]      ; Stuck at GND due to stuck port data_in                            ;
; fft16OPT:UUT|complex_mult_twiddle:UUT8|pE_s[-18]      ; Stuck at GND due to stuck port data_in                            ;
; fft16OPT:UUT|complex_mult_twiddle:UUT8|pE_s[-19]      ; Stuck at GND due to stuck port data_in                            ;
; fft16OPT:UUT|complex_mult_twiddle:UUT8|pE_s[-20]      ; Stuck at GND due to stuck port data_in                            ;
; fft16OPT:UUT|complex_mult_twiddle:UUT8|pE_s[-21]      ; Stuck at GND due to stuck port data_in                            ;
; fft16OPT:UUT|complex_mult_twiddle:UUT8|pE_s[-22]      ; Stuck at GND due to stuck port data_in                            ;
; fft16OPT:UUT|complex_mult_twiddle:UUT8|k_s2[0,2,3]    ; Stuck at GND due to stuck port data_in                            ;
; fft16OPT:UUT|complex_mult_twiddle:UUT8|Yi_s2[-11]     ; Lost fanout                                                       ;
; fft16OPT:UUT|complex_mult_twiddle:UUT8|Yi_s1b[-11]    ; Lost fanout                                                       ;
; fft16OPT:UUT|complex_mult_twiddle:UUT8|Yi_s1a[-11]    ; Lost fanout                                                       ;
; fft16OPT:UUT|complex_mult_twiddle:UUT7|k_s1a[2,3]     ; Stuck at GND due to stuck port data_in                            ;
; fft16OPT:UUT|complex_mult_twiddle:UUT7|k_s1b[2,3]     ; Stuck at GND due to stuck port data_in                            ;
; fft16OPT:UUT|complex_mult_twiddle:UUT7|pA_s[-12]      ; Stuck at GND due to stuck port data_in                            ;
; fft16OPT:UUT|complex_mult_twiddle:UUT7|pA_s[-13]      ; Stuck at GND due to stuck port data_in                            ;
; fft16OPT:UUT|complex_mult_twiddle:UUT7|pA_s[-14]      ; Stuck at GND due to stuck port data_in                            ;
; fft16OPT:UUT|complex_mult_twiddle:UUT7|pA_s[-15]      ; Stuck at GND due to stuck port data_in                            ;
; fft16OPT:UUT|complex_mult_twiddle:UUT7|pA_s[-16]      ; Stuck at GND due to stuck port data_in                            ;
; fft16OPT:UUT|complex_mult_twiddle:UUT7|pA_s[-17]      ; Stuck at GND due to stuck port data_in                            ;
; fft16OPT:UUT|complex_mult_twiddle:UUT7|pA_s[-18]      ; Stuck at GND due to stuck port data_in                            ;
; fft16OPT:UUT|complex_mult_twiddle:UUT7|pA_s[-19]      ; Stuck at GND due to stuck port data_in                            ;
; fft16OPT:UUT|complex_mult_twiddle:UUT7|pA_s[-20]      ; Stuck at GND due to stuck port data_in                            ;
; fft16OPT:UUT|complex_mult_twiddle:UUT7|pA_s[-21]      ; Stuck at GND due to stuck port data_in                            ;
; fft16OPT:UUT|complex_mult_twiddle:UUT7|pA_s[-22]      ; Stuck at GND due to stuck port data_in                            ;
; fft16OPT:UUT|complex_mult_twiddle:UUT7|pC_s[-12]      ; Stuck at GND due to stuck port data_in                            ;
; fft16OPT:UUT|complex_mult_twiddle:UUT7|pC_s[-13]      ; Stuck at GND due to stuck port data_in                            ;
; fft16OPT:UUT|complex_mult_twiddle:UUT7|pC_s[-14]      ; Stuck at GND due to stuck port data_in                            ;
; fft16OPT:UUT|complex_mult_twiddle:UUT7|pC_s[-15]      ; Stuck at GND due to stuck port data_in                            ;
; fft16OPT:UUT|complex_mult_twiddle:UUT7|pC_s[-16]      ; Stuck at GND due to stuck port data_in                            ;
; fft16OPT:UUT|complex_mult_twiddle:UUT7|pC_s[-17]      ; Stuck at GND due to stuck port data_in                            ;
; fft16OPT:UUT|complex_mult_twiddle:UUT7|pC_s[-18]      ; Stuck at GND due to stuck port data_in                            ;
; fft16OPT:UUT|complex_mult_twiddle:UUT7|pC_s[-19]      ; Stuck at GND due to stuck port data_in                            ;
; fft16OPT:UUT|complex_mult_twiddle:UUT7|pC_s[-20]      ; Stuck at GND due to stuck port data_in                            ;
; fft16OPT:UUT|complex_mult_twiddle:UUT7|pC_s[-21]      ; Stuck at GND due to stuck port data_in                            ;
; fft16OPT:UUT|complex_mult_twiddle:UUT7|pC_s[-22]      ; Stuck at GND due to stuck port data_in                            ;
; fft16OPT:UUT|complex_mult_twiddle:UUT7|pE_s[-12]      ; Stuck at GND due to stuck port data_in                            ;
; fft16OPT:UUT|complex_mult_twiddle:UUT7|pE_s[-13]      ; Stuck at GND due to stuck port data_in                            ;
; fft16OPT:UUT|complex_mult_twiddle:UUT7|pE_s[-14]      ; Stuck at GND due to stuck port data_in                            ;
; fft16OPT:UUT|complex_mult_twiddle:UUT7|pE_s[-15]      ; Stuck at GND due to stuck port data_in                            ;
; fft16OPT:UUT|complex_mult_twiddle:UUT7|pE_s[-16]      ; Stuck at GND due to stuck port data_in                            ;
; fft16OPT:UUT|complex_mult_twiddle:UUT7|pE_s[-17]      ; Stuck at GND due to stuck port data_in                            ;
; fft16OPT:UUT|complex_mult_twiddle:UUT7|pE_s[-18]      ; Stuck at GND due to stuck port data_in                            ;
; fft16OPT:UUT|complex_mult_twiddle:UUT7|pE_s[-19]      ; Stuck at GND due to stuck port data_in                            ;
; fft16OPT:UUT|complex_mult_twiddle:UUT7|pE_s[-20]      ; Stuck at GND due to stuck port data_in                            ;
; fft16OPT:UUT|complex_mult_twiddle:UUT7|pE_s[-21]      ; Stuck at GND due to stuck port data_in                            ;
; fft16OPT:UUT|complex_mult_twiddle:UUT7|pE_s[-22]      ; Stuck at GND due to stuck port data_in                            ;
; fft16OPT:UUT|complex_mult_twiddle:UUT7|k_s2[2,3]      ; Stuck at GND due to stuck port data_in                            ;
; fft16OPT:UUT|complex_mult_twiddle:UUT7|Yi_s2[-11]     ; Lost fanout                                                       ;
; fft16OPT:UUT|complex_mult_twiddle:UUT7|Yi_s1b[-11]    ; Lost fanout                                                       ;
; fft16OPT:UUT|complex_mult_twiddle:UUT7|Yi_s1a[-11]    ; Lost fanout                                                       ;
; fft16OPT:UUT|complex_mult_twiddle:UUT6|k_s1a[0,2,3]   ; Stuck at GND due to stuck port data_in                            ;
; fft16OPT:UUT|complex_mult_twiddle:UUT6|k_s1b[0,2,3]   ; Stuck at GND due to stuck port data_in                            ;
; fft16OPT:UUT|complex_mult_twiddle:UUT6|pA_s[-12]      ; Stuck at GND due to stuck port data_in                            ;
; fft16OPT:UUT|complex_mult_twiddle:UUT6|pA_s[-13]      ; Stuck at GND due to stuck port data_in                            ;
; fft16OPT:UUT|complex_mult_twiddle:UUT6|pA_s[-14]      ; Stuck at GND due to stuck port data_in                            ;
; fft16OPT:UUT|complex_mult_twiddle:UUT6|pA_s[-15]      ; Stuck at GND due to stuck port data_in                            ;
; fft16OPT:UUT|complex_mult_twiddle:UUT6|pA_s[-16]      ; Stuck at GND due to stuck port data_in                            ;
; fft16OPT:UUT|complex_mult_twiddle:UUT6|pA_s[-17]      ; Stuck at GND due to stuck port data_in                            ;
; fft16OPT:UUT|complex_mult_twiddle:UUT6|pA_s[-18]      ; Stuck at GND due to stuck port data_in                            ;
; fft16OPT:UUT|complex_mult_twiddle:UUT6|pA_s[-19]      ; Stuck at GND due to stuck port data_in                            ;
; fft16OPT:UUT|complex_mult_twiddle:UUT6|pA_s[-20]      ; Stuck at GND due to stuck port data_in                            ;
; fft16OPT:UUT|complex_mult_twiddle:UUT6|pA_s[-21]      ; Stuck at GND due to stuck port data_in                            ;
; fft16OPT:UUT|complex_mult_twiddle:UUT6|pA_s[-22]      ; Stuck at GND due to stuck port data_in                            ;
; fft16OPT:UUT|complex_mult_twiddle:UUT6|pC_s[-12]      ; Stuck at GND due to stuck port data_in                            ;
; fft16OPT:UUT|complex_mult_twiddle:UUT6|pC_s[-13]      ; Stuck at GND due to stuck port data_in                            ;
; fft16OPT:UUT|complex_mult_twiddle:UUT6|pC_s[-14]      ; Stuck at GND due to stuck port data_in                            ;
; fft16OPT:UUT|complex_mult_twiddle:UUT6|pC_s[-15]      ; Stuck at GND due to stuck port data_in                            ;
; fft16OPT:UUT|complex_mult_twiddle:UUT6|pC_s[-16]      ; Stuck at GND due to stuck port data_in                            ;
; fft16OPT:UUT|complex_mult_twiddle:UUT6|pC_s[-17]      ; Stuck at GND due to stuck port data_in                            ;
; fft16OPT:UUT|complex_mult_twiddle:UUT6|pC_s[-18]      ; Stuck at GND due to stuck port data_in                            ;
; fft16OPT:UUT|complex_mult_twiddle:UUT6|pC_s[-19]      ; Stuck at GND due to stuck port data_in                            ;
; fft16OPT:UUT|complex_mult_twiddle:UUT6|pC_s[-20]      ; Stuck at GND due to stuck port data_in                            ;
; fft16OPT:UUT|complex_mult_twiddle:UUT6|pC_s[-21]      ; Stuck at GND due to stuck port data_in                            ;
; fft16OPT:UUT|complex_mult_twiddle:UUT6|pC_s[-22]      ; Stuck at GND due to stuck port data_in                            ;
; fft16OPT:UUT|complex_mult_twiddle:UUT6|pE_s[-12]      ; Stuck at GND due to stuck port data_in                            ;
; fft16OPT:UUT|complex_mult_twiddle:UUT6|pE_s[-13]      ; Stuck at GND due to stuck port data_in                            ;
; fft16OPT:UUT|complex_mult_twiddle:UUT6|pE_s[-14]      ; Stuck at GND due to stuck port data_in                            ;
; fft16OPT:UUT|complex_mult_twiddle:UUT6|pE_s[-15]      ; Stuck at GND due to stuck port data_in                            ;
; fft16OPT:UUT|complex_mult_twiddle:UUT6|pE_s[-16]      ; Stuck at GND due to stuck port data_in                            ;
; fft16OPT:UUT|complex_mult_twiddle:UUT6|pE_s[-17]      ; Stuck at GND due to stuck port data_in                            ;
; fft16OPT:UUT|complex_mult_twiddle:UUT6|pE_s[-18]      ; Stuck at GND due to stuck port data_in                            ;
; fft16OPT:UUT|complex_mult_twiddle:UUT6|pE_s[-19]      ; Stuck at GND due to stuck port data_in                            ;
; fft16OPT:UUT|complex_mult_twiddle:UUT6|pE_s[-20]      ; Stuck at GND due to stuck port data_in                            ;
; fft16OPT:UUT|complex_mult_twiddle:UUT6|pE_s[-21]      ; Stuck at GND due to stuck port data_in                            ;
; fft16OPT:UUT|complex_mult_twiddle:UUT6|pE_s[-22]      ; Stuck at GND due to stuck port data_in                            ;
; fft16OPT:UUT|complex_mult_twiddle:UUT6|k_s2[0,2,3]    ; Stuck at GND due to stuck port data_in                            ;
; fft16OPT:UUT|complex_mult_twiddle:UUT6|Yi_s2[-11]     ; Lost fanout                                                       ;
; fft16OPT:UUT|complex_mult_twiddle:UUT6|Yi_s1b[-11]    ; Lost fanout                                                       ;
; fft16OPT:UUT|complex_mult_twiddle:UUT6|Yi_s1a[-11]    ; Lost fanout                                                       ;
; fft16OPT:UUT|complex_mult_twiddle:UUT5|k_s1a[1..3]    ; Stuck at GND due to stuck port data_in                            ;
; fft16OPT:UUT|complex_mult_twiddle:UUT5|k_s1b[1..3]    ; Stuck at GND due to stuck port data_in                            ;
; fft16OPT:UUT|complex_mult_twiddle:UUT5|pA_s[-12]      ; Stuck at GND due to stuck port data_in                            ;
; fft16OPT:UUT|complex_mult_twiddle:UUT5|pA_s[-13]      ; Stuck at GND due to stuck port data_in                            ;
; fft16OPT:UUT|complex_mult_twiddle:UUT5|pA_s[-14]      ; Stuck at GND due to stuck port data_in                            ;
; fft16OPT:UUT|complex_mult_twiddle:UUT5|pA_s[-15]      ; Stuck at GND due to stuck port data_in                            ;
; fft16OPT:UUT|complex_mult_twiddle:UUT5|pA_s[-16]      ; Stuck at GND due to stuck port data_in                            ;
; fft16OPT:UUT|complex_mult_twiddle:UUT5|pA_s[-17]      ; Stuck at GND due to stuck port data_in                            ;
; fft16OPT:UUT|complex_mult_twiddle:UUT5|pA_s[-18]      ; Stuck at GND due to stuck port data_in                            ;
; fft16OPT:UUT|complex_mult_twiddle:UUT5|pA_s[-19]      ; Stuck at GND due to stuck port data_in                            ;
; fft16OPT:UUT|complex_mult_twiddle:UUT5|pA_s[-20]      ; Stuck at GND due to stuck port data_in                            ;
; fft16OPT:UUT|complex_mult_twiddle:UUT5|pA_s[-21]      ; Stuck at GND due to stuck port data_in                            ;
; fft16OPT:UUT|complex_mult_twiddle:UUT5|pA_s[-22]      ; Stuck at GND due to stuck port data_in                            ;
; fft16OPT:UUT|complex_mult_twiddle:UUT5|pC_s[-12]      ; Stuck at GND due to stuck port data_in                            ;
; fft16OPT:UUT|complex_mult_twiddle:UUT5|pC_s[-13]      ; Stuck at GND due to stuck port data_in                            ;
; fft16OPT:UUT|complex_mult_twiddle:UUT5|pC_s[-14]      ; Stuck at GND due to stuck port data_in                            ;
; fft16OPT:UUT|complex_mult_twiddle:UUT5|pC_s[-15]      ; Stuck at GND due to stuck port data_in                            ;
; fft16OPT:UUT|complex_mult_twiddle:UUT5|pC_s[-16]      ; Stuck at GND due to stuck port data_in                            ;
; fft16OPT:UUT|complex_mult_twiddle:UUT5|pC_s[-17]      ; Stuck at GND due to stuck port data_in                            ;
; fft16OPT:UUT|complex_mult_twiddle:UUT5|pC_s[-18]      ; Stuck at GND due to stuck port data_in                            ;
; fft16OPT:UUT|complex_mult_twiddle:UUT5|pC_s[-19]      ; Stuck at GND due to stuck port data_in                            ;
; fft16OPT:UUT|complex_mult_twiddle:UUT5|pC_s[-20]      ; Stuck at GND due to stuck port data_in                            ;
; fft16OPT:UUT|complex_mult_twiddle:UUT5|pC_s[-21]      ; Stuck at GND due to stuck port data_in                            ;
; fft16OPT:UUT|complex_mult_twiddle:UUT5|pC_s[-22]      ; Stuck at GND due to stuck port data_in                            ;
; fft16OPT:UUT|complex_mult_twiddle:UUT5|pE_s[-12]      ; Stuck at GND due to stuck port data_in                            ;
; fft16OPT:UUT|complex_mult_twiddle:UUT5|pE_s[-13]      ; Stuck at GND due to stuck port data_in                            ;
; fft16OPT:UUT|complex_mult_twiddle:UUT5|pE_s[-14]      ; Stuck at GND due to stuck port data_in                            ;
; fft16OPT:UUT|complex_mult_twiddle:UUT5|pE_s[-15]      ; Stuck at GND due to stuck port data_in                            ;
; fft16OPT:UUT|complex_mult_twiddle:UUT5|pE_s[-16]      ; Stuck at GND due to stuck port data_in                            ;
; fft16OPT:UUT|complex_mult_twiddle:UUT5|pE_s[-17]      ; Stuck at GND due to stuck port data_in                            ;
; fft16OPT:UUT|complex_mult_twiddle:UUT5|pE_s[-18]      ; Stuck at GND due to stuck port data_in                            ;
; fft16OPT:UUT|complex_mult_twiddle:UUT5|pE_s[-19]      ; Stuck at GND due to stuck port data_in                            ;
; fft16OPT:UUT|complex_mult_twiddle:UUT5|pE_s[-20]      ; Stuck at GND due to stuck port data_in                            ;
; fft16OPT:UUT|complex_mult_twiddle:UUT5|pE_s[-21]      ; Stuck at GND due to stuck port data_in                            ;
; fft16OPT:UUT|complex_mult_twiddle:UUT5|pE_s[-22]      ; Stuck at GND due to stuck port data_in                            ;
; fft16OPT:UUT|complex_mult_twiddle:UUT5|k_s2[1..3]     ; Stuck at GND due to stuck port data_in                            ;
; fft16OPT:UUT|complex_mult_twiddle:UUT5|Yi_s2[-11]     ; Lost fanout                                                       ;
; fft16OPT:UUT|complex_mult_twiddle:UUT5|Yi_s1b[-11]    ; Lost fanout                                                       ;
; fft16OPT:UUT|complex_mult_twiddle:UUT5|Yi_s1a[-11]    ; Lost fanout                                                       ;
; fft16OPT:UUT|radix4:UUT4|d21_s                        ; Stuck at VCC due to stuck port data_in                            ;
; fft16OPT:UUT|radix4:UUT4|d20_s                        ; Stuck at VCC due to stuck port data_in                            ;
; fft16OPT:UUT|radix4:UUT3|d21_s                        ; Stuck at VCC due to stuck port data_in                            ;
; fft16OPT:UUT|radix4:UUT3|d20_s                        ; Stuck at VCC due to stuck port data_in                            ;
; fft16OPT:UUT|radix4:UUT2|d21_s                        ; Stuck at VCC due to stuck port data_in                            ;
; fft16OPT:UUT|radix4:UUT2|d20_s                        ; Stuck at VCC due to stuck port data_in                            ;
; fft16OPT:UUT|radix4:UUT1|d21_s                        ; Stuck at VCC due to stuck port data_in                            ;
; fft16OPT:UUT|radix4:UUT1|d20_s                        ; Stuck at VCC due to stuck port data_in                            ;
; fft16OPT:UUT|complex_mult_twiddle:UUT13|pB_s[0]       ; Lost fanout                                                       ;
; fft16OPT:UUT|complex_mult_twiddle:UUT13|pB_s[-1]      ; Lost fanout                                                       ;
; fft16OPT:UUT|complex_mult_twiddle:UUT13|pB_s[-2]      ; Lost fanout                                                       ;
; fft16OPT:UUT|complex_mult_twiddle:UUT13|pB_s[-3]      ; Lost fanout                                                       ;
; fft16OPT:UUT|complex_mult_twiddle:UUT13|pB_s[-4]      ; Lost fanout                                                       ;
; fft16OPT:UUT|complex_mult_twiddle:UUT13|pB_s[-5]      ; Lost fanout                                                       ;
; fft16OPT:UUT|complex_mult_twiddle:UUT13|pB_s[-6]      ; Lost fanout                                                       ;
; fft16OPT:UUT|complex_mult_twiddle:UUT13|pB_s[-7]      ; Lost fanout                                                       ;
; fft16OPT:UUT|complex_mult_twiddle:UUT13|pB_s[-8]      ; Lost fanout                                                       ;
; fft16OPT:UUT|complex_mult_twiddle:UUT13|pB_s[-9]      ; Lost fanout                                                       ;
; fft16OPT:UUT|complex_mult_twiddle:UUT13|pB_s[-10]     ; Lost fanout                                                       ;
; fft16OPT:UUT|complex_mult_twiddle:UUT13|pB_s[-11]     ; Lost fanout                                                       ;
; fft16OPT:UUT|complex_mult_twiddle:UUT13|pD_s[0]       ; Lost fanout                                                       ;
; fft16OPT:UUT|complex_mult_twiddle:UUT13|pD_s[-1]      ; Lost fanout                                                       ;
; fft16OPT:UUT|complex_mult_twiddle:UUT13|pD_s[-2]      ; Lost fanout                                                       ;
; fft16OPT:UUT|complex_mult_twiddle:UUT13|pD_s[-3]      ; Lost fanout                                                       ;
; fft16OPT:UUT|complex_mult_twiddle:UUT13|pD_s[-4]      ; Lost fanout                                                       ;
; fft16OPT:UUT|complex_mult_twiddle:UUT13|pD_s[-5]      ; Lost fanout                                                       ;
; fft16OPT:UUT|complex_mult_twiddle:UUT13|pD_s[-6]      ; Lost fanout                                                       ;
; fft16OPT:UUT|complex_mult_twiddle:UUT13|pD_s[-7]      ; Lost fanout                                                       ;
; fft16OPT:UUT|complex_mult_twiddle:UUT13|pD_s[-8]      ; Lost fanout                                                       ;
; fft16OPT:UUT|complex_mult_twiddle:UUT13|pD_s[-9]      ; Lost fanout                                                       ;
; fft16OPT:UUT|complex_mult_twiddle:UUT13|pD_s[-10]     ; Lost fanout                                                       ;
; fft16OPT:UUT|complex_mult_twiddle:UUT13|pD_s[-11]     ; Lost fanout                                                       ;
; fft16OPT:UUT|complex_mult_twiddle:UUT13|pF_s[0]       ; Lost fanout                                                       ;
; fft16OPT:UUT|complex_mult_twiddle:UUT13|pF_s[-1]      ; Lost fanout                                                       ;
; fft16OPT:UUT|complex_mult_twiddle:UUT13|pF_s[-2]      ; Lost fanout                                                       ;
; fft16OPT:UUT|complex_mult_twiddle:UUT13|pF_s[-3]      ; Lost fanout                                                       ;
; fft16OPT:UUT|complex_mult_twiddle:UUT13|pF_s[-4]      ; Lost fanout                                                       ;
; fft16OPT:UUT|complex_mult_twiddle:UUT13|pF_s[-5]      ; Lost fanout                                                       ;
; fft16OPT:UUT|complex_mult_twiddle:UUT13|pF_s[-6]      ; Lost fanout                                                       ;
; fft16OPT:UUT|complex_mult_twiddle:UUT13|pF_s[-7]      ; Lost fanout                                                       ;
; fft16OPT:UUT|complex_mult_twiddle:UUT13|pF_s[-8]      ; Lost fanout                                                       ;
; fft16OPT:UUT|complex_mult_twiddle:UUT13|pF_s[-9]      ; Lost fanout                                                       ;
; fft16OPT:UUT|complex_mult_twiddle:UUT13|pF_s[-10]     ; Lost fanout                                                       ;
; fft16OPT:UUT|complex_mult_twiddle:UUT13|pF_s[-11]     ; Lost fanout                                                       ;
; fft16OPT:UUT|complex_mult_twiddle:UUT13|Yi_s2[0]      ; Lost fanout                                                       ;
; fft16OPT:UUT|complex_mult_twiddle:UUT13|Yi_s1b[0]     ; Lost fanout                                                       ;
; fft16OPT:UUT|complex_mult_twiddle:UUT13|Yi_s1a[0]     ; Lost fanout                                                       ;
; fft16OPT:UUT|complex_mult_twiddle:UUT13|Yi_s2[-1]     ; Lost fanout                                                       ;
; fft16OPT:UUT|complex_mult_twiddle:UUT13|Yi_s1b[-1]    ; Lost fanout                                                       ;
; fft16OPT:UUT|complex_mult_twiddle:UUT13|Yi_s1a[-1]    ; Lost fanout                                                       ;
; fft16OPT:UUT|complex_mult_twiddle:UUT13|Yi_s2[-2]     ; Lost fanout                                                       ;
; fft16OPT:UUT|complex_mult_twiddle:UUT13|Yi_s1b[-2]    ; Lost fanout                                                       ;
; fft16OPT:UUT|complex_mult_twiddle:UUT13|Yi_s1a[-2]    ; Lost fanout                                                       ;
; fft16OPT:UUT|complex_mult_twiddle:UUT13|Yi_s2[-3]     ; Lost fanout                                                       ;
; fft16OPT:UUT|complex_mult_twiddle:UUT13|Yi_s1b[-3]    ; Lost fanout                                                       ;
; fft16OPT:UUT|complex_mult_twiddle:UUT13|Yi_s1a[-3]    ; Lost fanout                                                       ;
; fft16OPT:UUT|complex_mult_twiddle:UUT13|Yi_s2[-4]     ; Lost fanout                                                       ;
; fft16OPT:UUT|complex_mult_twiddle:UUT13|Yi_s1b[-4]    ; Lost fanout                                                       ;
; fft16OPT:UUT|complex_mult_twiddle:UUT13|Yi_s1a[-4]    ; Lost fanout                                                       ;
; fft16OPT:UUT|complex_mult_twiddle:UUT13|Yi_s2[-5]     ; Lost fanout                                                       ;
; fft16OPT:UUT|complex_mult_twiddle:UUT13|Yi_s1b[-5]    ; Lost fanout                                                       ;
; fft16OPT:UUT|complex_mult_twiddle:UUT13|Yi_s1a[-5]    ; Lost fanout                                                       ;
; fft16OPT:UUT|complex_mult_twiddle:UUT13|Yi_s2[-6]     ; Lost fanout                                                       ;
; fft16OPT:UUT|complex_mult_twiddle:UUT13|Yi_s1b[-6]    ; Lost fanout                                                       ;
; fft16OPT:UUT|complex_mult_twiddle:UUT13|Yi_s1a[-6]    ; Lost fanout                                                       ;
; fft16OPT:UUT|complex_mult_twiddle:UUT13|Yi_s2[-7]     ; Lost fanout                                                       ;
; fft16OPT:UUT|complex_mult_twiddle:UUT13|Yi_s1b[-7]    ; Lost fanout                                                       ;
; fft16OPT:UUT|complex_mult_twiddle:UUT13|Yi_s1a[-7]    ; Lost fanout                                                       ;
; fft16OPT:UUT|complex_mult_twiddle:UUT13|Yi_s2[-8]     ; Lost fanout                                                       ;
; fft16OPT:UUT|complex_mult_twiddle:UUT13|Yi_s1b[-8]    ; Lost fanout                                                       ;
; fft16OPT:UUT|complex_mult_twiddle:UUT13|Yi_s1a[-8]    ; Lost fanout                                                       ;
; fft16OPT:UUT|complex_mult_twiddle:UUT13|Yi_s2[-9]     ; Lost fanout                                                       ;
; fft16OPT:UUT|complex_mult_twiddle:UUT13|Yi_s1b[-9]    ; Lost fanout                                                       ;
; fft16OPT:UUT|complex_mult_twiddle:UUT13|Yi_s1a[-9]    ; Lost fanout                                                       ;
; fft16OPT:UUT|complex_mult_twiddle:UUT13|Yi_s2[-10]    ; Lost fanout                                                       ;
; fft16OPT:UUT|complex_mult_twiddle:UUT13|Yi_s1b[-10]   ; Lost fanout                                                       ;
; fft16OPT:UUT|complex_mult_twiddle:UUT13|Yi_s1a[-10]   ; Lost fanout                                                       ;
; fft16OPT:UUT|complex_mult_twiddle:UUT13|Yr_s2[0]      ; Lost fanout                                                       ;
; fft16OPT:UUT|complex_mult_twiddle:UUT13|Yr_s1b[0]     ; Lost fanout                                                       ;
; fft16OPT:UUT|complex_mult_twiddle:UUT13|Yr_s1a[0]     ; Lost fanout                                                       ;
; fft16OPT:UUT|complex_mult_twiddle:UUT13|Yr_s2[-1]     ; Lost fanout                                                       ;
; fft16OPT:UUT|complex_mult_twiddle:UUT13|Yr_s1b[-1]    ; Lost fanout                                                       ;
; fft16OPT:UUT|complex_mult_twiddle:UUT13|Yr_s1a[-1]    ; Lost fanout                                                       ;
; fft16OPT:UUT|complex_mult_twiddle:UUT13|Yr_s2[-2]     ; Lost fanout                                                       ;
; fft16OPT:UUT|complex_mult_twiddle:UUT13|Yr_s1b[-2]    ; Lost fanout                                                       ;
; fft16OPT:UUT|complex_mult_twiddle:UUT13|Yr_s1a[-2]    ; Lost fanout                                                       ;
; fft16OPT:UUT|complex_mult_twiddle:UUT13|Yr_s2[-3]     ; Lost fanout                                                       ;
; fft16OPT:UUT|complex_mult_twiddle:UUT13|Yr_s1b[-3]    ; Lost fanout                                                       ;
; fft16OPT:UUT|complex_mult_twiddle:UUT13|Yr_s1a[-3]    ; Lost fanout                                                       ;
; fft16OPT:UUT|complex_mult_twiddle:UUT13|Yr_s2[-4]     ; Lost fanout                                                       ;
; fft16OPT:UUT|complex_mult_twiddle:UUT13|Yr_s1b[-4]    ; Lost fanout                                                       ;
; fft16OPT:UUT|complex_mult_twiddle:UUT13|Yr_s1a[-4]    ; Lost fanout                                                       ;
; fft16OPT:UUT|complex_mult_twiddle:UUT13|Yr_s2[-5]     ; Lost fanout                                                       ;
; fft16OPT:UUT|complex_mult_twiddle:UUT13|Yr_s1b[-5]    ; Lost fanout                                                       ;
; fft16OPT:UUT|complex_mult_twiddle:UUT13|Yr_s1a[-5]    ; Lost fanout                                                       ;
; fft16OPT:UUT|complex_mult_twiddle:UUT13|Yr_s2[-6]     ; Lost fanout                                                       ;
; fft16OPT:UUT|complex_mult_twiddle:UUT13|Yr_s1b[-6]    ; Lost fanout                                                       ;
; fft16OPT:UUT|complex_mult_twiddle:UUT13|Yr_s1a[-6]    ; Lost fanout                                                       ;
; fft16OPT:UUT|complex_mult_twiddle:UUT13|Yr_s2[-7]     ; Lost fanout                                                       ;
; fft16OPT:UUT|complex_mult_twiddle:UUT13|Yr_s1b[-7]    ; Lost fanout                                                       ;
; fft16OPT:UUT|complex_mult_twiddle:UUT13|Yr_s1a[-7]    ; Lost fanout                                                       ;
; fft16OPT:UUT|complex_mult_twiddle:UUT13|Yr_s2[-8]     ; Lost fanout                                                       ;
; fft16OPT:UUT|complex_mult_twiddle:UUT13|Yr_s1b[-8]    ; Lost fanout                                                       ;
; fft16OPT:UUT|complex_mult_twiddle:UUT13|Yr_s1a[-8]    ; Lost fanout                                                       ;
; fft16OPT:UUT|complex_mult_twiddle:UUT13|Yr_s2[-9]     ; Lost fanout                                                       ;
; fft16OPT:UUT|complex_mult_twiddle:UUT13|Yr_s1b[-9]    ; Lost fanout                                                       ;
; fft16OPT:UUT|complex_mult_twiddle:UUT13|Yr_s1a[-9]    ; Lost fanout                                                       ;
; fft16OPT:UUT|complex_mult_twiddle:UUT13|Yr_s2[-10]    ; Lost fanout                                                       ;
; fft16OPT:UUT|complex_mult_twiddle:UUT13|Yr_s1b[-10]   ; Lost fanout                                                       ;
; fft16OPT:UUT|complex_mult_twiddle:UUT13|Yr_s1a[-10]   ; Lost fanout                                                       ;
; fft16OPT:UUT|complex_mult_twiddle:UUT13|Yr_s2[-11]    ; Lost fanout                                                       ;
; fft16OPT:UUT|complex_mult_twiddle:UUT13|Yr_s1b[-11]   ; Lost fanout                                                       ;
; fft16OPT:UUT|complex_mult_twiddle:UUT13|Yr_s1a[-11]   ; Lost fanout                                                       ;
; fft16OPT:UUT|complex_mult_twiddle:UUT13|pC_s[0..2]    ; Lost fanout                                                       ;
; fft16OPT:UUT|complex_mult_twiddle:UUT13|pC_s[-1]      ; Lost fanout                                                       ;
; fft16OPT:UUT|complex_mult_twiddle:UUT13|pC_s[-2]      ; Lost fanout                                                       ;
; fft16OPT:UUT|complex_mult_twiddle:UUT13|pC_s[-3]      ; Lost fanout                                                       ;
; fft16OPT:UUT|complex_mult_twiddle:UUT13|pC_s[-4]      ; Lost fanout                                                       ;
; fft16OPT:UUT|complex_mult_twiddle:UUT13|pC_s[-5]      ; Lost fanout                                                       ;
; fft16OPT:UUT|complex_mult_twiddle:UUT13|pC_s[-6]      ; Lost fanout                                                       ;
; fft16OPT:UUT|complex_mult_twiddle:UUT13|pC_s[-7]      ; Lost fanout                                                       ;
; fft16OPT:UUT|complex_mult_twiddle:UUT13|pC_s[-8]      ; Lost fanout                                                       ;
; fft16OPT:UUT|complex_mult_twiddle:UUT13|pC_s[-9]      ; Lost fanout                                                       ;
; fft16OPT:UUT|complex_mult_twiddle:UUT13|pC_s[-10]     ; Lost fanout                                                       ;
; fft16OPT:UUT|complex_mult_twiddle:UUT13|pC_s[-11]     ; Lost fanout                                                       ;
; fft16OPT:UUT|complex_mult_twiddle:UUT13|c3Yr_s[0]     ; Lost fanout                                                       ;
; fft16OPT:UUT|complex_mult_twiddle:UUT13|c3Yr_s[-1]    ; Lost fanout                                                       ;
; fft16OPT:UUT|complex_mult_twiddle:UUT13|c3Yr_s[-2]    ; Lost fanout                                                       ;
; fft16OPT:UUT|complex_mult_twiddle:UUT13|c3Yr_s[-3]    ; Lost fanout                                                       ;
; fft16OPT:UUT|complex_mult_twiddle:UUT13|c3Yr_s[-4]    ; Lost fanout                                                       ;
; fft16OPT:UUT|complex_mult_twiddle:UUT13|c3Yr_s[-5]    ; Lost fanout                                                       ;
; fft16OPT:UUT|complex_mult_twiddle:UUT13|c3Yr_s[-6]    ; Lost fanout                                                       ;
; fft16OPT:UUT|complex_mult_twiddle:UUT13|c3Yr_s[-7]    ; Lost fanout                                                       ;
; fft16OPT:UUT|complex_mult_twiddle:UUT13|c3Yr_s[-8]    ; Lost fanout                                                       ;
; fft16OPT:UUT|complex_mult_twiddle:UUT13|c3Yr_s[-9]    ; Lost fanout                                                       ;
; fft16OPT:UUT|complex_mult_twiddle:UUT13|c3Yr_s[-10]   ; Lost fanout                                                       ;
; fft16OPT:UUT|complex_mult_twiddle:UUT13|c3Yr_s[-11]   ; Lost fanout                                                       ;
; fft16OPT:UUT|complex_mult_twiddle:UUT13|c3a_Yr_s[0]   ; Lost fanout                                                       ;
; fft16OPT:UUT|complex_mult_twiddle:UUT13|c3a_Yr_s[-1]  ; Lost fanout                                                       ;
; fft16OPT:UUT|complex_mult_twiddle:UUT13|c3a_Yr_s[-2]  ; Lost fanout                                                       ;
; fft16OPT:UUT|complex_mult_twiddle:UUT13|c3a_Yr_s[-3]  ; Lost fanout                                                       ;
; fft16OPT:UUT|complex_mult_twiddle:UUT13|c3a_Yr_s[-4]  ; Lost fanout                                                       ;
; fft16OPT:UUT|complex_mult_twiddle:UUT13|c3a_Yr_s[-5]  ; Lost fanout                                                       ;
; fft16OPT:UUT|complex_mult_twiddle:UUT13|c3a_Yr_s[-6]  ; Lost fanout                                                       ;
; fft16OPT:UUT|complex_mult_twiddle:UUT13|c3a_Yr_s[-7]  ; Lost fanout                                                       ;
; fft16OPT:UUT|complex_mult_twiddle:UUT13|c3a_Yr_s[-8]  ; Lost fanout                                                       ;
; fft16OPT:UUT|complex_mult_twiddle:UUT13|c3a_Yr_s[-9]  ; Lost fanout                                                       ;
; fft16OPT:UUT|complex_mult_twiddle:UUT13|c3a_Yr_s[-10] ; Lost fanout                                                       ;
; fft16OPT:UUT|complex_mult_twiddle:UUT13|c3a_Yr_s[-11] ; Lost fanout                                                       ;
; fft16OPT:UUT|complex_mult_twiddle:UUT13|c3b_Yr_s[0]   ; Lost fanout                                                       ;
; fft16OPT:UUT|complex_mult_twiddle:UUT13|c3b_Yr_s[-1]  ; Lost fanout                                                       ;
; fft16OPT:UUT|complex_mult_twiddle:UUT13|c3b_Yr_s[-2]  ; Lost fanout                                                       ;
; fft16OPT:UUT|complex_mult_twiddle:UUT13|c3b_Yr_s[-3]  ; Lost fanout                                                       ;
; fft16OPT:UUT|complex_mult_twiddle:UUT13|c3b_Yr_s[-4]  ; Lost fanout                                                       ;
; fft16OPT:UUT|complex_mult_twiddle:UUT13|c3b_Yr_s[-5]  ; Lost fanout                                                       ;
; fft16OPT:UUT|complex_mult_twiddle:UUT13|c3b_Yr_s[-6]  ; Lost fanout                                                       ;
; fft16OPT:UUT|complex_mult_twiddle:UUT13|c3b_Yr_s[-7]  ; Lost fanout                                                       ;
; fft16OPT:UUT|complex_mult_twiddle:UUT13|c3b_Yr_s[-8]  ; Lost fanout                                                       ;
; fft16OPT:UUT|complex_mult_twiddle:UUT13|c3b_Yr_s[-9]  ; Lost fanout                                                       ;
; fft16OPT:UUT|complex_mult_twiddle:UUT13|c3b_Yr_s[-10] ; Lost fanout                                                       ;
; fft16OPT:UUT|complex_mult_twiddle:UUT13|c3b_Yr_s[-11] ; Lost fanout                                                       ;
; fft16OPT:UUT|complex_mult_twiddle:UUT13|Yr_sh8_s[0]   ; Lost fanout                                                       ;
; fft16OPT:UUT|complex_mult_twiddle:UUT13|Yr_sh8_s[-1]  ; Lost fanout                                                       ;
; fft16OPT:UUT|complex_mult_twiddle:UUT13|Yr_sh8_s[-2]  ; Lost fanout                                                       ;
; fft16OPT:UUT|complex_mult_twiddle:UUT13|Yr_sh8_s[-3]  ; Lost fanout                                                       ;
; fft16OPT:UUT|complex_mult_twiddle:UUT13|Yr_sh8_s[-4]  ; Lost fanout                                                       ;
; fft16OPT:UUT|complex_mult_twiddle:UUT13|Yr_sh8_s[-5]  ; Lost fanout                                                       ;
; fft16OPT:UUT|complex_mult_twiddle:UUT13|Yr_sh8_s[-6]  ; Lost fanout                                                       ;
; fft16OPT:UUT|complex_mult_twiddle:UUT13|Yr_sh8_s[-7]  ; Lost fanout                                                       ;
; fft16OPT:UUT|complex_mult_twiddle:UUT13|Yr_sh8_s[-8]  ; Lost fanout                                                       ;
; fft16OPT:UUT|complex_mult_twiddle:UUT13|Yr_sh8_s[-9]  ; Lost fanout                                                       ;
; fft16OPT:UUT|complex_mult_twiddle:UUT13|Yr_sh8_s[-10] ; Lost fanout                                                       ;
; fft16OPT:UUT|complex_mult_twiddle:UUT13|Yr_sh8_s[-11] ; Lost fanout                                                       ;
; fft16OPT:UUT|complex_mult_twiddle:UUT13|c3Yi_s[0]     ; Lost fanout                                                       ;
; fft16OPT:UUT|complex_mult_twiddle:UUT13|c3Yi_s[-1]    ; Lost fanout                                                       ;
; fft16OPT:UUT|complex_mult_twiddle:UUT13|c3Yi_s[-2]    ; Lost fanout                                                       ;
; fft16OPT:UUT|complex_mult_twiddle:UUT13|c3Yi_s[-3]    ; Lost fanout                                                       ;
; fft16OPT:UUT|complex_mult_twiddle:UUT13|c3Yi_s[-4]    ; Lost fanout                                                       ;
; fft16OPT:UUT|complex_mult_twiddle:UUT13|c3Yi_s[-5]    ; Lost fanout                                                       ;
; fft16OPT:UUT|complex_mult_twiddle:UUT13|c3Yi_s[-6]    ; Lost fanout                                                       ;
; fft16OPT:UUT|complex_mult_twiddle:UUT13|c3Yi_s[-7]    ; Lost fanout                                                       ;
; fft16OPT:UUT|complex_mult_twiddle:UUT13|c3Yi_s[-8]    ; Lost fanout                                                       ;
; fft16OPT:UUT|complex_mult_twiddle:UUT13|c3Yi_s[-9]    ; Lost fanout                                                       ;
; fft16OPT:UUT|complex_mult_twiddle:UUT13|c3Yi_s[-10]   ; Lost fanout                                                       ;
; fft16OPT:UUT|complex_mult_twiddle:UUT13|c3Yi_s[-11]   ; Lost fanout                                                       ;
; fft16OPT:UUT|complex_mult_twiddle:UUT13|c3a_Yi_s[0]   ; Lost fanout                                                       ;
; fft16OPT:UUT|complex_mult_twiddle:UUT13|c3a_Yi_s[-1]  ; Lost fanout                                                       ;
; fft16OPT:UUT|complex_mult_twiddle:UUT13|c3a_Yi_s[-2]  ; Lost fanout                                                       ;
; fft16OPT:UUT|complex_mult_twiddle:UUT13|c3a_Yi_s[-3]  ; Lost fanout                                                       ;
; fft16OPT:UUT|complex_mult_twiddle:UUT13|c3a_Yi_s[-4]  ; Lost fanout                                                       ;
; fft16OPT:UUT|complex_mult_twiddle:UUT13|c3a_Yi_s[-5]  ; Lost fanout                                                       ;
; fft16OPT:UUT|complex_mult_twiddle:UUT13|c3a_Yi_s[-6]  ; Lost fanout                                                       ;
; fft16OPT:UUT|complex_mult_twiddle:UUT13|c3a_Yi_s[-7]  ; Lost fanout                                                       ;
; fft16OPT:UUT|complex_mult_twiddle:UUT13|c3a_Yi_s[-8]  ; Lost fanout                                                       ;
; fft16OPT:UUT|complex_mult_twiddle:UUT13|c3a_Yi_s[-9]  ; Lost fanout                                                       ;
; fft16OPT:UUT|complex_mult_twiddle:UUT13|c3a_Yi_s[-10] ; Lost fanout                                                       ;
; fft16OPT:UUT|complex_mult_twiddle:UUT13|c3a_Yi_s[-11] ; Lost fanout                                                       ;
; fft16OPT:UUT|complex_mult_twiddle:UUT13|c3b_Yi_s[0]   ; Lost fanout                                                       ;
; fft16OPT:UUT|complex_mult_twiddle:UUT13|c3b_Yi_s[-1]  ; Lost fanout                                                       ;
; fft16OPT:UUT|complex_mult_twiddle:UUT13|c3b_Yi_s[-2]  ; Lost fanout                                                       ;
; fft16OPT:UUT|complex_mult_twiddle:UUT13|c3b_Yi_s[-3]  ; Lost fanout                                                       ;
; fft16OPT:UUT|complex_mult_twiddle:UUT13|c3b_Yi_s[-4]  ; Lost fanout                                                       ;
; fft16OPT:UUT|complex_mult_twiddle:UUT13|c3b_Yi_s[-5]  ; Lost fanout                                                       ;
; fft16OPT:UUT|complex_mult_twiddle:UUT13|c3b_Yi_s[-6]  ; Lost fanout                                                       ;
; fft16OPT:UUT|complex_mult_twiddle:UUT13|c3b_Yi_s[-7]  ; Lost fanout                                                       ;
; fft16OPT:UUT|complex_mult_twiddle:UUT13|c3b_Yi_s[-8]  ; Lost fanout                                                       ;
; fft16OPT:UUT|complex_mult_twiddle:UUT13|c3b_Yi_s[-9]  ; Lost fanout                                                       ;
; fft16OPT:UUT|complex_mult_twiddle:UUT13|c3b_Yi_s[-10] ; Lost fanout                                                       ;
; fft16OPT:UUT|complex_mult_twiddle:UUT13|c3b_Yi_s[-11] ; Lost fanout                                                       ;
; fft16OPT:UUT|complex_mult_twiddle:UUT13|Yi_sh8_s[0]   ; Lost fanout                                                       ;
; fft16OPT:UUT|complex_mult_twiddle:UUT13|Yi_sh8_s[-1]  ; Lost fanout                                                       ;
; fft16OPT:UUT|complex_mult_twiddle:UUT13|Yi_sh8_s[-2]  ; Lost fanout                                                       ;
; fft16OPT:UUT|complex_mult_twiddle:UUT13|Yi_sh8_s[-3]  ; Lost fanout                                                       ;
; fft16OPT:UUT|complex_mult_twiddle:UUT13|Yi_sh8_s[-4]  ; Lost fanout                                                       ;
; fft16OPT:UUT|complex_mult_twiddle:UUT13|Yi_sh8_s[-5]  ; Lost fanout                                                       ;
; fft16OPT:UUT|complex_mult_twiddle:UUT13|Yi_sh8_s[-6]  ; Lost fanout                                                       ;
; fft16OPT:UUT|complex_mult_twiddle:UUT13|Yi_sh8_s[-7]  ; Lost fanout                                                       ;
; fft16OPT:UUT|complex_mult_twiddle:UUT13|Yi_sh8_s[-8]  ; Lost fanout                                                       ;
; fft16OPT:UUT|complex_mult_twiddle:UUT13|Yi_sh8_s[-9]  ; Lost fanout                                                       ;
; fft16OPT:UUT|complex_mult_twiddle:UUT13|Yi_sh8_s[-10] ; Lost fanout                                                       ;
; fft16OPT:UUT|complex_mult_twiddle:UUT13|Yi_sh8_s[-11] ; Lost fanout                                                       ;
; fft16OPT:UUT|complex_mult_twiddle:UUT12|pB_s[0]       ; Lost fanout                                                       ;
; fft16OPT:UUT|complex_mult_twiddle:UUT12|pB_s[-1]      ; Lost fanout                                                       ;
; fft16OPT:UUT|complex_mult_twiddle:UUT12|pB_s[-2]      ; Lost fanout                                                       ;
; fft16OPT:UUT|complex_mult_twiddle:UUT12|pB_s[-3]      ; Lost fanout                                                       ;
; fft16OPT:UUT|complex_mult_twiddle:UUT12|pB_s[-4]      ; Lost fanout                                                       ;
; fft16OPT:UUT|complex_mult_twiddle:UUT12|pB_s[-5]      ; Lost fanout                                                       ;
; fft16OPT:UUT|complex_mult_twiddle:UUT12|pB_s[-6]      ; Lost fanout                                                       ;
; fft16OPT:UUT|complex_mult_twiddle:UUT12|pB_s[-7]      ; Lost fanout                                                       ;
; fft16OPT:UUT|complex_mult_twiddle:UUT12|pB_s[-8]      ; Lost fanout                                                       ;
; fft16OPT:UUT|complex_mult_twiddle:UUT12|pB_s[-9]      ; Lost fanout                                                       ;
; fft16OPT:UUT|complex_mult_twiddle:UUT12|pB_s[-10]     ; Lost fanout                                                       ;
; fft16OPT:UUT|complex_mult_twiddle:UUT12|pB_s[-11]     ; Lost fanout                                                       ;
; fft16OPT:UUT|complex_mult_twiddle:UUT12|pF_s[0]       ; Lost fanout                                                       ;
; fft16OPT:UUT|complex_mult_twiddle:UUT12|pF_s[-1]      ; Lost fanout                                                       ;
; fft16OPT:UUT|complex_mult_twiddle:UUT12|pF_s[-2]      ; Lost fanout                                                       ;
; fft16OPT:UUT|complex_mult_twiddle:UUT12|pF_s[-3]      ; Lost fanout                                                       ;
; fft16OPT:UUT|complex_mult_twiddle:UUT12|pF_s[-4]      ; Lost fanout                                                       ;
; fft16OPT:UUT|complex_mult_twiddle:UUT12|pF_s[-5]      ; Lost fanout                                                       ;
; fft16OPT:UUT|complex_mult_twiddle:UUT12|pF_s[-6]      ; Lost fanout                                                       ;
; fft16OPT:UUT|complex_mult_twiddle:UUT12|pF_s[-7]      ; Lost fanout                                                       ;
; fft16OPT:UUT|complex_mult_twiddle:UUT12|pF_s[-8]      ; Lost fanout                                                       ;
; fft16OPT:UUT|complex_mult_twiddle:UUT12|pF_s[-9]      ; Lost fanout                                                       ;
; fft16OPT:UUT|complex_mult_twiddle:UUT12|pF_s[-10]     ; Lost fanout                                                       ;
; fft16OPT:UUT|complex_mult_twiddle:UUT12|pF_s[-11]     ; Lost fanout                                                       ;
; fft16OPT:UUT|complex_mult_twiddle:UUT12|pA_s[0..2]    ; Lost fanout                                                       ;
; fft16OPT:UUT|complex_mult_twiddle:UUT12|pA_s[-1]      ; Lost fanout                                                       ;
; fft16OPT:UUT|complex_mult_twiddle:UUT12|pA_s[-2]      ; Lost fanout                                                       ;
; fft16OPT:UUT|complex_mult_twiddle:UUT12|pA_s[-3]      ; Lost fanout                                                       ;
; fft16OPT:UUT|complex_mult_twiddle:UUT12|pA_s[-4]      ; Lost fanout                                                       ;
; fft16OPT:UUT|complex_mult_twiddle:UUT12|pA_s[-5]      ; Lost fanout                                                       ;
; fft16OPT:UUT|complex_mult_twiddle:UUT12|pA_s[-6]      ; Lost fanout                                                       ;
; fft16OPT:UUT|complex_mult_twiddle:UUT12|pA_s[-7]      ; Lost fanout                                                       ;
; fft16OPT:UUT|complex_mult_twiddle:UUT12|pA_s[-8]      ; Lost fanout                                                       ;
; fft16OPT:UUT|complex_mult_twiddle:UUT12|pA_s[-9]      ; Lost fanout                                                       ;
; fft16OPT:UUT|complex_mult_twiddle:UUT12|pA_s[-10]     ; Lost fanout                                                       ;
; fft16OPT:UUT|complex_mult_twiddle:UUT12|pA_s[-11]     ; Lost fanout                                                       ;
; fft16OPT:UUT|complex_mult_twiddle:UUT12|c2Yr_s[0]     ; Lost fanout                                                       ;
; fft16OPT:UUT|complex_mult_twiddle:UUT12|c2Yr_s[-1]    ; Lost fanout                                                       ;
; fft16OPT:UUT|complex_mult_twiddle:UUT12|c2Yr_s[-2]    ; Lost fanout                                                       ;
; fft16OPT:UUT|complex_mult_twiddle:UUT12|c2Yr_s[-3]    ; Lost fanout                                                       ;
; fft16OPT:UUT|complex_mult_twiddle:UUT12|c2Yr_s[-4]    ; Lost fanout                                                       ;
; fft16OPT:UUT|complex_mult_twiddle:UUT12|c2Yr_s[-5]    ; Lost fanout                                                       ;
; fft16OPT:UUT|complex_mult_twiddle:UUT12|c2Yr_s[-6]    ; Lost fanout                                                       ;
; fft16OPT:UUT|complex_mult_twiddle:UUT12|c2Yr_s[-7]    ; Lost fanout                                                       ;
; fft16OPT:UUT|complex_mult_twiddle:UUT12|c2Yr_s[-8]    ; Lost fanout                                                       ;
; fft16OPT:UUT|complex_mult_twiddle:UUT12|c2Yr_s[-9]    ; Lost fanout                                                       ;
; fft16OPT:UUT|complex_mult_twiddle:UUT12|c2Yr_s[-10]   ; Lost fanout                                                       ;
; fft16OPT:UUT|complex_mult_twiddle:UUT12|c2Yr_s[-11]   ; Lost fanout                                                       ;
; fft16OPT:UUT|complex_mult_twiddle:UUT12|c2a_Yr_s[0]   ; Lost fanout                                                       ;
; fft16OPT:UUT|complex_mult_twiddle:UUT12|c2a_Yr_s[-1]  ; Lost fanout                                                       ;
; fft16OPT:UUT|complex_mult_twiddle:UUT12|c2a_Yr_s[-2]  ; Lost fanout                                                       ;
; fft16OPT:UUT|complex_mult_twiddle:UUT12|c2a_Yr_s[-3]  ; Lost fanout                                                       ;
; fft16OPT:UUT|complex_mult_twiddle:UUT12|c2a_Yr_s[-4]  ; Lost fanout                                                       ;
; fft16OPT:UUT|complex_mult_twiddle:UUT12|c2a_Yr_s[-5]  ; Lost fanout                                                       ;
; fft16OPT:UUT|complex_mult_twiddle:UUT12|c2a_Yr_s[-6]  ; Lost fanout                                                       ;
; fft16OPT:UUT|complex_mult_twiddle:UUT12|c2a_Yr_s[-7]  ; Lost fanout                                                       ;
; fft16OPT:UUT|complex_mult_twiddle:UUT12|c2a_Yr_s[-8]  ; Lost fanout                                                       ;
; fft16OPT:UUT|complex_mult_twiddle:UUT12|c2a_Yr_s[-9]  ; Lost fanout                                                       ;
; fft16OPT:UUT|complex_mult_twiddle:UUT12|c2a_Yr_s[-10] ; Lost fanout                                                       ;
; fft16OPT:UUT|complex_mult_twiddle:UUT12|c2a_Yr_s[-11] ; Lost fanout                                                       ;
; fft16OPT:UUT|complex_mult_twiddle:UUT12|c2b_Yr_s[0]   ; Lost fanout                                                       ;
; fft16OPT:UUT|complex_mult_twiddle:UUT12|c2b_Yr_s[-1]  ; Lost fanout                                                       ;
; fft16OPT:UUT|complex_mult_twiddle:UUT12|c2b_Yr_s[-2]  ; Lost fanout                                                       ;
; fft16OPT:UUT|complex_mult_twiddle:UUT12|c2b_Yr_s[-3]  ; Lost fanout                                                       ;
; fft16OPT:UUT|complex_mult_twiddle:UUT12|c2b_Yr_s[-4]  ; Lost fanout                                                       ;
; fft16OPT:UUT|complex_mult_twiddle:UUT12|c2b_Yr_s[-5]  ; Lost fanout                                                       ;
; fft16OPT:UUT|complex_mult_twiddle:UUT12|c2b_Yr_s[-6]  ; Lost fanout                                                       ;
; fft16OPT:UUT|complex_mult_twiddle:UUT12|c2b_Yr_s[-7]  ; Lost fanout                                                       ;
; fft16OPT:UUT|complex_mult_twiddle:UUT12|c2b_Yr_s[-8]  ; Lost fanout                                                       ;
; fft16OPT:UUT|complex_mult_twiddle:UUT12|c2b_Yr_s[-9]  ; Lost fanout                                                       ;
; fft16OPT:UUT|complex_mult_twiddle:UUT12|c2b_Yr_s[-10] ; Lost fanout                                                       ;
; fft16OPT:UUT|complex_mult_twiddle:UUT12|c2b_Yr_s[-11] ; Lost fanout                                                       ;
; fft16OPT:UUT|complex_mult_twiddle:UUT12|c1Yi_s[0]     ; Lost fanout                                                       ;
; fft16OPT:UUT|complex_mult_twiddle:UUT12|c1Yi_s[-1]    ; Lost fanout                                                       ;
; fft16OPT:UUT|complex_mult_twiddle:UUT12|c1Yi_s[-2]    ; Lost fanout                                                       ;
; fft16OPT:UUT|complex_mult_twiddle:UUT12|c1Yi_s[-3]    ; Lost fanout                                                       ;
; fft16OPT:UUT|complex_mult_twiddle:UUT12|c1Yi_s[-4]    ; Lost fanout                                                       ;
; fft16OPT:UUT|complex_mult_twiddle:UUT12|c1Yi_s[-5]    ; Lost fanout                                                       ;
; fft16OPT:UUT|complex_mult_twiddle:UUT12|c1Yi_s[-6]    ; Lost fanout                                                       ;
; fft16OPT:UUT|complex_mult_twiddle:UUT12|c1Yi_s[-7]    ; Lost fanout                                                       ;
; fft16OPT:UUT|complex_mult_twiddle:UUT12|c1Yi_s[-8]    ; Lost fanout                                                       ;
; fft16OPT:UUT|complex_mult_twiddle:UUT12|c1Yi_s[-9]    ; Lost fanout                                                       ;
; fft16OPT:UUT|complex_mult_twiddle:UUT12|c1Yi_s[-10]   ; Lost fanout                                                       ;
; fft16OPT:UUT|complex_mult_twiddle:UUT12|c1Yi_s[-11]   ; Lost fanout                                                       ;
; fft16OPT:UUT|complex_mult_twiddle:UUT12|c1a_Yi_s[0]   ; Lost fanout                                                       ;
; fft16OPT:UUT|complex_mult_twiddle:UUT12|c1a_Yi_s[-1]  ; Lost fanout                                                       ;
; fft16OPT:UUT|complex_mult_twiddle:UUT12|c1a_Yi_s[-2]  ; Lost fanout                                                       ;
; fft16OPT:UUT|complex_mult_twiddle:UUT12|c1a_Yi_s[-3]  ; Lost fanout                                                       ;
; fft16OPT:UUT|complex_mult_twiddle:UUT12|c1a_Yi_s[-4]  ; Lost fanout                                                       ;
; fft16OPT:UUT|complex_mult_twiddle:UUT12|c1a_Yi_s[-5]  ; Lost fanout                                                       ;
; fft16OPT:UUT|complex_mult_twiddle:UUT12|c1a_Yi_s[-6]  ; Lost fanout                                                       ;
; fft16OPT:UUT|complex_mult_twiddle:UUT12|c1a_Yi_s[-7]  ; Lost fanout                                                       ;
; fft16OPT:UUT|complex_mult_twiddle:UUT12|c1a_Yi_s[-8]  ; Lost fanout                                                       ;
; fft16OPT:UUT|complex_mult_twiddle:UUT12|c1a_Yi_s[-9]  ; Lost fanout                                                       ;
; fft16OPT:UUT|complex_mult_twiddle:UUT12|c1a_Yi_s[-10] ; Lost fanout                                                       ;
; fft16OPT:UUT|complex_mult_twiddle:UUT12|c1a_Yi_s[-11] ; Lost fanout                                                       ;
; fft16OPT:UUT|complex_mult_twiddle:UUT12|c1b_Yi_s[0]   ; Lost fanout                                                       ;
; fft16OPT:UUT|complex_mult_twiddle:UUT12|c1b_Yi_s[-1]  ; Lost fanout                                                       ;
; fft16OPT:UUT|complex_mult_twiddle:UUT12|c1b_Yi_s[-2]  ; Lost fanout                                                       ;
; fft16OPT:UUT|complex_mult_twiddle:UUT12|c1b_Yi_s[-3]  ; Lost fanout                                                       ;
; fft16OPT:UUT|complex_mult_twiddle:UUT12|c1b_Yi_s[-4]  ; Lost fanout                                                       ;
; fft16OPT:UUT|complex_mult_twiddle:UUT12|c1b_Yi_s[-5]  ; Lost fanout                                                       ;
; fft16OPT:UUT|complex_mult_twiddle:UUT12|c1b_Yi_s[-6]  ; Lost fanout                                                       ;
; fft16OPT:UUT|complex_mult_twiddle:UUT12|c1b_Yi_s[-7]  ; Lost fanout                                                       ;
; fft16OPT:UUT|complex_mult_twiddle:UUT12|c1b_Yi_s[-8]  ; Lost fanout                                                       ;
; fft16OPT:UUT|complex_mult_twiddle:UUT12|c1b_Yi_s[-9]  ; Lost fanout                                                       ;
; fft16OPT:UUT|complex_mult_twiddle:UUT12|c1b_Yi_s[-10] ; Lost fanout                                                       ;
; fft16OPT:UUT|complex_mult_twiddle:UUT12|c1b_Yi_s[-11] ; Lost fanout                                                       ;
; fft16OPT:UUT|complex_mult_twiddle:UUT12|pE_s[0..2]    ; Lost fanout                                                       ;
; fft16OPT:UUT|complex_mult_twiddle:UUT12|pE_s[-1]      ; Lost fanout                                                       ;
; fft16OPT:UUT|complex_mult_twiddle:UUT12|pE_s[-2]      ; Lost fanout                                                       ;
; fft16OPT:UUT|complex_mult_twiddle:UUT12|pE_s[-3]      ; Lost fanout                                                       ;
; fft16OPT:UUT|complex_mult_twiddle:UUT12|pE_s[-4]      ; Lost fanout                                                       ;
; fft16OPT:UUT|complex_mult_twiddle:UUT12|pE_s[-5]      ; Lost fanout                                                       ;
; fft16OPT:UUT|complex_mult_twiddle:UUT12|pE_s[-6]      ; Lost fanout                                                       ;
; fft16OPT:UUT|complex_mult_twiddle:UUT12|pE_s[-7]      ; Lost fanout                                                       ;
; fft16OPT:UUT|complex_mult_twiddle:UUT12|pE_s[-8]      ; Lost fanout                                                       ;
; fft16OPT:UUT|complex_mult_twiddle:UUT12|pE_s[-9]      ; Lost fanout                                                       ;
; fft16OPT:UUT|complex_mult_twiddle:UUT12|pE_s[-10]     ; Lost fanout                                                       ;
; fft16OPT:UUT|complex_mult_twiddle:UUT12|pE_s[-11]     ; Lost fanout                                                       ;
; fft16OPT:UUT|complex_mult_twiddle:UUT12|c1Yr_s[0]     ; Lost fanout                                                       ;
; fft16OPT:UUT|complex_mult_twiddle:UUT12|c1Yr_s[-1]    ; Lost fanout                                                       ;
; fft16OPT:UUT|complex_mult_twiddle:UUT12|c1Yr_s[-2]    ; Lost fanout                                                       ;
; fft16OPT:UUT|complex_mult_twiddle:UUT12|c1Yr_s[-3]    ; Lost fanout                                                       ;
; fft16OPT:UUT|complex_mult_twiddle:UUT12|c1Yr_s[-4]    ; Lost fanout                                                       ;
; fft16OPT:UUT|complex_mult_twiddle:UUT12|c1Yr_s[-5]    ; Lost fanout                                                       ;
; fft16OPT:UUT|complex_mult_twiddle:UUT12|c1Yr_s[-6]    ; Lost fanout                                                       ;
; fft16OPT:UUT|complex_mult_twiddle:UUT12|c1Yr_s[-7]    ; Lost fanout                                                       ;
; fft16OPT:UUT|complex_mult_twiddle:UUT12|c1Yr_s[-8]    ; Lost fanout                                                       ;
; fft16OPT:UUT|complex_mult_twiddle:UUT12|c1Yr_s[-9]    ; Lost fanout                                                       ;
; fft16OPT:UUT|complex_mult_twiddle:UUT12|c1Yr_s[-10]   ; Lost fanout                                                       ;
; fft16OPT:UUT|complex_mult_twiddle:UUT12|c1Yr_s[-11]   ; Lost fanout                                                       ;
; fft16OPT:UUT|complex_mult_twiddle:UUT12|c1a_Yr_s[0]   ; Lost fanout                                                       ;
; fft16OPT:UUT|complex_mult_twiddle:UUT12|c1a_Yr_s[-1]  ; Lost fanout                                                       ;
; fft16OPT:UUT|complex_mult_twiddle:UUT12|c1a_Yr_s[-2]  ; Lost fanout                                                       ;
; fft16OPT:UUT|complex_mult_twiddle:UUT12|c1a_Yr_s[-3]  ; Lost fanout                                                       ;
; fft16OPT:UUT|complex_mult_twiddle:UUT12|c1a_Yr_s[-4]  ; Lost fanout                                                       ;
; fft16OPT:UUT|complex_mult_twiddle:UUT12|c1a_Yr_s[-5]  ; Lost fanout                                                       ;
; fft16OPT:UUT|complex_mult_twiddle:UUT12|c1a_Yr_s[-6]  ; Lost fanout                                                       ;
; fft16OPT:UUT|complex_mult_twiddle:UUT12|c1a_Yr_s[-7]  ; Lost fanout                                                       ;
; fft16OPT:UUT|complex_mult_twiddle:UUT12|c1a_Yr_s[-8]  ; Lost fanout                                                       ;
; fft16OPT:UUT|complex_mult_twiddle:UUT12|c1a_Yr_s[-9]  ; Lost fanout                                                       ;
; fft16OPT:UUT|complex_mult_twiddle:UUT12|c1a_Yr_s[-10] ; Lost fanout                                                       ;
; fft16OPT:UUT|complex_mult_twiddle:UUT12|c1a_Yr_s[-11] ; Lost fanout                                                       ;
; fft16OPT:UUT|complex_mult_twiddle:UUT12|c1b_Yr_s[0]   ; Lost fanout                                                       ;
; fft16OPT:UUT|complex_mult_twiddle:UUT12|c1b_Yr_s[-1]  ; Lost fanout                                                       ;
; fft16OPT:UUT|complex_mult_twiddle:UUT12|c1b_Yr_s[-2]  ; Lost fanout                                                       ;
; fft16OPT:UUT|complex_mult_twiddle:UUT12|c1b_Yr_s[-3]  ; Lost fanout                                                       ;
; fft16OPT:UUT|complex_mult_twiddle:UUT12|c1b_Yr_s[-4]  ; Lost fanout                                                       ;
; fft16OPT:UUT|complex_mult_twiddle:UUT12|c1b_Yr_s[-5]  ; Lost fanout                                                       ;
; fft16OPT:UUT|complex_mult_twiddle:UUT12|c1b_Yr_s[-6]  ; Lost fanout                                                       ;
; fft16OPT:UUT|complex_mult_twiddle:UUT12|c1b_Yr_s[-7]  ; Lost fanout                                                       ;
; fft16OPT:UUT|complex_mult_twiddle:UUT12|c1b_Yr_s[-8]  ; Lost fanout                                                       ;
; fft16OPT:UUT|complex_mult_twiddle:UUT12|c1b_Yr_s[-9]  ; Lost fanout                                                       ;
; fft16OPT:UUT|complex_mult_twiddle:UUT12|c1b_Yr_s[-10] ; Lost fanout                                                       ;
; fft16OPT:UUT|complex_mult_twiddle:UUT12|c1b_Yr_s[-11] ; Lost fanout                                                       ;
; fft16OPT:UUT|complex_mult_twiddle:UUT12|c2Yi_s[0]     ; Lost fanout                                                       ;
; fft16OPT:UUT|complex_mult_twiddle:UUT12|c2Yi_s[-1]    ; Lost fanout                                                       ;
; fft16OPT:UUT|complex_mult_twiddle:UUT12|c2Yi_s[-2]    ; Lost fanout                                                       ;
; fft16OPT:UUT|complex_mult_twiddle:UUT12|c2Yi_s[-3]    ; Lost fanout                                                       ;
; fft16OPT:UUT|complex_mult_twiddle:UUT12|c2Yi_s[-4]    ; Lost fanout                                                       ;
; fft16OPT:UUT|complex_mult_twiddle:UUT12|c2Yi_s[-5]    ; Lost fanout                                                       ;
; fft16OPT:UUT|complex_mult_twiddle:UUT12|c2Yi_s[-6]    ; Lost fanout                                                       ;
; fft16OPT:UUT|complex_mult_twiddle:UUT12|c2Yi_s[-7]    ; Lost fanout                                                       ;
; fft16OPT:UUT|complex_mult_twiddle:UUT12|c2Yi_s[-8]    ; Lost fanout                                                       ;
; fft16OPT:UUT|complex_mult_twiddle:UUT12|c2Yi_s[-9]    ; Lost fanout                                                       ;
; fft16OPT:UUT|complex_mult_twiddle:UUT12|c2Yi_s[-10]   ; Lost fanout                                                       ;
; fft16OPT:UUT|complex_mult_twiddle:UUT12|c2Yi_s[-11]   ; Lost fanout                                                       ;
; fft16OPT:UUT|complex_mult_twiddle:UUT12|c2a_Yi_s[0]   ; Lost fanout                                                       ;
; fft16OPT:UUT|complex_mult_twiddle:UUT12|c2a_Yi_s[-1]  ; Lost fanout                                                       ;
; fft16OPT:UUT|complex_mult_twiddle:UUT12|c2a_Yi_s[-2]  ; Lost fanout                                                       ;
; fft16OPT:UUT|complex_mult_twiddle:UUT12|c2a_Yi_s[-3]  ; Lost fanout                                                       ;
; fft16OPT:UUT|complex_mult_twiddle:UUT12|c2a_Yi_s[-4]  ; Lost fanout                                                       ;
; fft16OPT:UUT|complex_mult_twiddle:UUT12|c2a_Yi_s[-5]  ; Lost fanout                                                       ;
; fft16OPT:UUT|complex_mult_twiddle:UUT12|c2a_Yi_s[-6]  ; Lost fanout                                                       ;
; fft16OPT:UUT|complex_mult_twiddle:UUT12|c2a_Yi_s[-7]  ; Lost fanout                                                       ;
; fft16OPT:UUT|complex_mult_twiddle:UUT12|c2a_Yi_s[-8]  ; Lost fanout                                                       ;
; fft16OPT:UUT|complex_mult_twiddle:UUT12|c2a_Yi_s[-9]  ; Lost fanout                                                       ;
; fft16OPT:UUT|complex_mult_twiddle:UUT12|c2a_Yi_s[-10] ; Lost fanout                                                       ;
; fft16OPT:UUT|complex_mult_twiddle:UUT12|c2a_Yi_s[-11] ; Lost fanout                                                       ;
; fft16OPT:UUT|complex_mult_twiddle:UUT12|c2b_Yi_s[0]   ; Lost fanout                                                       ;
; fft16OPT:UUT|complex_mult_twiddle:UUT12|c2b_Yi_s[-1]  ; Lost fanout                                                       ;
; fft16OPT:UUT|complex_mult_twiddle:UUT12|c2b_Yi_s[-2]  ; Lost fanout                                                       ;
; fft16OPT:UUT|complex_mult_twiddle:UUT12|c2b_Yi_s[-3]  ; Lost fanout                                                       ;
; fft16OPT:UUT|complex_mult_twiddle:UUT12|c2b_Yi_s[-4]  ; Lost fanout                                                       ;
; fft16OPT:UUT|complex_mult_twiddle:UUT12|c2b_Yi_s[-5]  ; Lost fanout                                                       ;
; fft16OPT:UUT|complex_mult_twiddle:UUT12|c2b_Yi_s[-6]  ; Lost fanout                                                       ;
; fft16OPT:UUT|complex_mult_twiddle:UUT12|c2b_Yi_s[-7]  ; Lost fanout                                                       ;
; fft16OPT:UUT|complex_mult_twiddle:UUT12|c2b_Yi_s[-8]  ; Lost fanout                                                       ;
; fft16OPT:UUT|complex_mult_twiddle:UUT12|c2b_Yi_s[-9]  ; Lost fanout                                                       ;
; fft16OPT:UUT|complex_mult_twiddle:UUT12|c2b_Yi_s[-10] ; Lost fanout                                                       ;
; fft16OPT:UUT|complex_mult_twiddle:UUT12|c2b_Yi_s[-11] ; Lost fanout                                                       ;
; fft16OPT:UUT|complex_mult_twiddle:UUT11|Yi_s2[0]      ; Lost fanout                                                       ;
; fft16OPT:UUT|complex_mult_twiddle:UUT11|Yi_s1b[0]     ; Lost fanout                                                       ;
; fft16OPT:UUT|complex_mult_twiddle:UUT11|Yi_s1a[0]     ; Lost fanout                                                       ;
; fft16OPT:UUT|complex_mult_twiddle:UUT11|Yi_s2[-1]     ; Lost fanout                                                       ;
; fft16OPT:UUT|complex_mult_twiddle:UUT11|Yi_s1b[-1]    ; Lost fanout                                                       ;
; fft16OPT:UUT|complex_mult_twiddle:UUT11|Yi_s1a[-1]    ; Lost fanout                                                       ;
; fft16OPT:UUT|complex_mult_twiddle:UUT11|Yi_s2[-2]     ; Lost fanout                                                       ;
; fft16OPT:UUT|complex_mult_twiddle:UUT11|Yi_s1b[-2]    ; Lost fanout                                                       ;
; fft16OPT:UUT|complex_mult_twiddle:UUT11|Yi_s1a[-2]    ; Lost fanout                                                       ;
; fft16OPT:UUT|complex_mult_twiddle:UUT11|Yi_s2[-3]     ; Lost fanout                                                       ;
; fft16OPT:UUT|complex_mult_twiddle:UUT11|Yi_s1b[-3]    ; Lost fanout                                                       ;
; fft16OPT:UUT|complex_mult_twiddle:UUT11|Yi_s1a[-3]    ; Lost fanout                                                       ;
; fft16OPT:UUT|complex_mult_twiddle:UUT11|Yi_s2[-4]     ; Lost fanout                                                       ;
; fft16OPT:UUT|complex_mult_twiddle:UUT11|Yi_s1b[-4]    ; Lost fanout                                                       ;
; fft16OPT:UUT|complex_mult_twiddle:UUT11|Yi_s1a[-4]    ; Lost fanout                                                       ;
; fft16OPT:UUT|complex_mult_twiddle:UUT11|Yi_s2[-5]     ; Lost fanout                                                       ;
; fft16OPT:UUT|complex_mult_twiddle:UUT11|Yi_s1b[-5]    ; Lost fanout                                                       ;
; fft16OPT:UUT|complex_mult_twiddle:UUT11|Yi_s1a[-5]    ; Lost fanout                                                       ;
; fft16OPT:UUT|complex_mult_twiddle:UUT11|Yi_s2[-6]     ; Lost fanout                                                       ;
; fft16OPT:UUT|complex_mult_twiddle:UUT11|Yi_s1b[-6]    ; Lost fanout                                                       ;
; fft16OPT:UUT|complex_mult_twiddle:UUT11|Yi_s1a[-6]    ; Lost fanout                                                       ;
; fft16OPT:UUT|complex_mult_twiddle:UUT11|Yi_s2[-7]     ; Lost fanout                                                       ;
; fft16OPT:UUT|complex_mult_twiddle:UUT11|Yi_s1b[-7]    ; Lost fanout                                                       ;
; fft16OPT:UUT|complex_mult_twiddle:UUT11|Yi_s1a[-7]    ; Lost fanout                                                       ;
; fft16OPT:UUT|complex_mult_twiddle:UUT11|Yi_s2[-8]     ; Lost fanout                                                       ;
; fft16OPT:UUT|complex_mult_twiddle:UUT11|Yi_s1b[-8]    ; Lost fanout                                                       ;
; fft16OPT:UUT|complex_mult_twiddle:UUT11|Yi_s1a[-8]    ; Lost fanout                                                       ;
; fft16OPT:UUT|complex_mult_twiddle:UUT11|Yi_s2[-9]     ; Lost fanout                                                       ;
; fft16OPT:UUT|complex_mult_twiddle:UUT11|Yi_s1b[-9]    ; Lost fanout                                                       ;
; fft16OPT:UUT|complex_mult_twiddle:UUT11|Yi_s1a[-9]    ; Lost fanout                                                       ;
; fft16OPT:UUT|complex_mult_twiddle:UUT11|Yi_s2[-10]    ; Lost fanout                                                       ;
; fft16OPT:UUT|complex_mult_twiddle:UUT11|Yi_s1b[-10]   ; Lost fanout                                                       ;
; fft16OPT:UUT|complex_mult_twiddle:UUT11|Yi_s1a[-10]   ; Lost fanout                                                       ;
; fft16OPT:UUT|complex_mult_twiddle:UUT11|Yr_s2[0]      ; Lost fanout                                                       ;
; fft16OPT:UUT|complex_mult_twiddle:UUT11|Yr_s1b[0]     ; Lost fanout                                                       ;
; fft16OPT:UUT|complex_mult_twiddle:UUT11|Yr_s1a[0]     ; Lost fanout                                                       ;
; fft16OPT:UUT|complex_mult_twiddle:UUT11|Yr_s2[-1]     ; Lost fanout                                                       ;
; fft16OPT:UUT|complex_mult_twiddle:UUT11|Yr_s1b[-1]    ; Lost fanout                                                       ;
; fft16OPT:UUT|complex_mult_twiddle:UUT11|Yr_s1a[-1]    ; Lost fanout                                                       ;
; fft16OPT:UUT|complex_mult_twiddle:UUT11|Yr_s2[-2]     ; Lost fanout                                                       ;
; fft16OPT:UUT|complex_mult_twiddle:UUT11|Yr_s1b[-2]    ; Lost fanout                                                       ;
; fft16OPT:UUT|complex_mult_twiddle:UUT11|Yr_s1a[-2]    ; Lost fanout                                                       ;
; fft16OPT:UUT|complex_mult_twiddle:UUT11|Yr_s2[-3]     ; Lost fanout                                                       ;
; fft16OPT:UUT|complex_mult_twiddle:UUT11|Yr_s1b[-3]    ; Lost fanout                                                       ;
; fft16OPT:UUT|complex_mult_twiddle:UUT11|Yr_s1a[-3]    ; Lost fanout                                                       ;
; fft16OPT:UUT|complex_mult_twiddle:UUT11|Yr_s2[-4]     ; Lost fanout                                                       ;
; fft16OPT:UUT|complex_mult_twiddle:UUT11|Yr_s1b[-4]    ; Lost fanout                                                       ;
; fft16OPT:UUT|complex_mult_twiddle:UUT11|Yr_s1a[-4]    ; Lost fanout                                                       ;
; fft16OPT:UUT|complex_mult_twiddle:UUT11|Yr_s2[-5]     ; Lost fanout                                                       ;
; fft16OPT:UUT|complex_mult_twiddle:UUT11|Yr_s1b[-5]    ; Lost fanout                                                       ;
; fft16OPT:UUT|complex_mult_twiddle:UUT11|Yr_s1a[-5]    ; Lost fanout                                                       ;
; fft16OPT:UUT|complex_mult_twiddle:UUT11|Yr_s2[-6]     ; Lost fanout                                                       ;
; fft16OPT:UUT|complex_mult_twiddle:UUT11|Yr_s1b[-6]    ; Lost fanout                                                       ;
; fft16OPT:UUT|complex_mult_twiddle:UUT11|Yr_s1a[-6]    ; Lost fanout                                                       ;
; fft16OPT:UUT|complex_mult_twiddle:UUT11|Yr_s2[-7]     ; Lost fanout                                                       ;
; fft16OPT:UUT|complex_mult_twiddle:UUT11|Yr_s1b[-7]    ; Lost fanout                                                       ;
; fft16OPT:UUT|complex_mult_twiddle:UUT11|Yr_s1a[-7]    ; Lost fanout                                                       ;
; fft16OPT:UUT|complex_mult_twiddle:UUT11|Yr_s2[-8]     ; Lost fanout                                                       ;
; fft16OPT:UUT|complex_mult_twiddle:UUT11|Yr_s1b[-8]    ; Lost fanout                                                       ;
; fft16OPT:UUT|complex_mult_twiddle:UUT11|Yr_s1a[-8]    ; Lost fanout                                                       ;
; fft16OPT:UUT|complex_mult_twiddle:UUT11|Yr_s2[-9]     ; Lost fanout                                                       ;
; fft16OPT:UUT|complex_mult_twiddle:UUT11|Yr_s1b[-9]    ; Lost fanout                                                       ;
; fft16OPT:UUT|complex_mult_twiddle:UUT11|Yr_s1a[-9]    ; Lost fanout                                                       ;
; fft16OPT:UUT|complex_mult_twiddle:UUT11|Yr_s2[-10]    ; Lost fanout                                                       ;
; fft16OPT:UUT|complex_mult_twiddle:UUT11|Yr_s1b[-10]   ; Lost fanout                                                       ;
; fft16OPT:UUT|complex_mult_twiddle:UUT11|Yr_s1a[-10]   ; Lost fanout                                                       ;
; fft16OPT:UUT|complex_mult_twiddle:UUT11|Yr_s2[-11]    ; Lost fanout                                                       ;
; fft16OPT:UUT|complex_mult_twiddle:UUT11|Yr_s1b[-11]   ; Lost fanout                                                       ;
; fft16OPT:UUT|complex_mult_twiddle:UUT11|Yr_s1a[-11]   ; Lost fanout                                                       ;
; fft16OPT:UUT|complex_mult_twiddle:UUT11|pC_s[1,2]     ; Lost fanout                                                       ;
; fft16OPT:UUT|complex_mult_twiddle:UUT11|pA_s[1,2]     ; Lost fanout                                                       ;
; fft16OPT:UUT|complex_mult_twiddle:UUT11|pE_s[1,2]     ; Lost fanout                                                       ;
; fft16OPT:UUT|complex_mult_twiddle:UUT10|pB_s[0]       ; Lost fanout                                                       ;
; fft16OPT:UUT|complex_mult_twiddle:UUT10|pB_s[-1]      ; Lost fanout                                                       ;
; fft16OPT:UUT|complex_mult_twiddle:UUT10|pB_s[-2]      ; Lost fanout                                                       ;
; fft16OPT:UUT|complex_mult_twiddle:UUT10|pB_s[-3]      ; Lost fanout                                                       ;
; fft16OPT:UUT|complex_mult_twiddle:UUT10|pB_s[-4]      ; Lost fanout                                                       ;
; fft16OPT:UUT|complex_mult_twiddle:UUT10|pB_s[-5]      ; Lost fanout                                                       ;
; fft16OPT:UUT|complex_mult_twiddle:UUT10|pB_s[-6]      ; Lost fanout                                                       ;
; fft16OPT:UUT|complex_mult_twiddle:UUT10|pB_s[-7]      ; Lost fanout                                                       ;
; fft16OPT:UUT|complex_mult_twiddle:UUT10|pB_s[-8]      ; Lost fanout                                                       ;
; fft16OPT:UUT|complex_mult_twiddle:UUT10|pB_s[-9]      ; Lost fanout                                                       ;
; fft16OPT:UUT|complex_mult_twiddle:UUT10|pB_s[-10]     ; Lost fanout                                                       ;
; fft16OPT:UUT|complex_mult_twiddle:UUT10|pB_s[-11]     ; Lost fanout                                                       ;
; fft16OPT:UUT|complex_mult_twiddle:UUT10|pF_s[0]       ; Lost fanout                                                       ;
; fft16OPT:UUT|complex_mult_twiddle:UUT10|pF_s[-1]      ; Lost fanout                                                       ;
; fft16OPT:UUT|complex_mult_twiddle:UUT10|pF_s[-2]      ; Lost fanout                                                       ;
; fft16OPT:UUT|complex_mult_twiddle:UUT10|pF_s[-3]      ; Lost fanout                                                       ;
; fft16OPT:UUT|complex_mult_twiddle:UUT10|pF_s[-4]      ; Lost fanout                                                       ;
; fft16OPT:UUT|complex_mult_twiddle:UUT10|pF_s[-5]      ; Lost fanout                                                       ;
; fft16OPT:UUT|complex_mult_twiddle:UUT10|pF_s[-6]      ; Lost fanout                                                       ;
; fft16OPT:UUT|complex_mult_twiddle:UUT10|pF_s[-7]      ; Lost fanout                                                       ;
; fft16OPT:UUT|complex_mult_twiddle:UUT10|pF_s[-8]      ; Lost fanout                                                       ;
; fft16OPT:UUT|complex_mult_twiddle:UUT10|pF_s[-9]      ; Lost fanout                                                       ;
; fft16OPT:UUT|complex_mult_twiddle:UUT10|pF_s[-10]     ; Lost fanout                                                       ;
; fft16OPT:UUT|complex_mult_twiddle:UUT10|pF_s[-11]     ; Lost fanout                                                       ;
; fft16OPT:UUT|complex_mult_twiddle:UUT10|pA_s[0..2]    ; Lost fanout                                                       ;
; fft16OPT:UUT|complex_mult_twiddle:UUT10|pA_s[-1]      ; Lost fanout                                                       ;
; fft16OPT:UUT|complex_mult_twiddle:UUT10|pA_s[-2]      ; Lost fanout                                                       ;
; fft16OPT:UUT|complex_mult_twiddle:UUT10|pA_s[-3]      ; Lost fanout                                                       ;
; fft16OPT:UUT|complex_mult_twiddle:UUT10|pA_s[-4]      ; Lost fanout                                                       ;
; fft16OPT:UUT|complex_mult_twiddle:UUT10|pA_s[-5]      ; Lost fanout                                                       ;
; fft16OPT:UUT|complex_mult_twiddle:UUT10|pA_s[-6]      ; Lost fanout                                                       ;
; fft16OPT:UUT|complex_mult_twiddle:UUT10|pA_s[-7]      ; Lost fanout                                                       ;
; fft16OPT:UUT|complex_mult_twiddle:UUT10|pA_s[-8]      ; Lost fanout                                                       ;
; fft16OPT:UUT|complex_mult_twiddle:UUT10|pA_s[-9]      ; Lost fanout                                                       ;
; fft16OPT:UUT|complex_mult_twiddle:UUT10|pA_s[-10]     ; Lost fanout                                                       ;
; fft16OPT:UUT|complex_mult_twiddle:UUT10|pA_s[-11]     ; Lost fanout                                                       ;
; fft16OPT:UUT|complex_mult_twiddle:UUT10|c2Yr_s[0]     ; Lost fanout                                                       ;
; fft16OPT:UUT|complex_mult_twiddle:UUT10|c2Yr_s[-1]    ; Lost fanout                                                       ;
; fft16OPT:UUT|complex_mult_twiddle:UUT10|c2Yr_s[-2]    ; Lost fanout                                                       ;
; fft16OPT:UUT|complex_mult_twiddle:UUT10|c2Yr_s[-3]    ; Lost fanout                                                       ;
; fft16OPT:UUT|complex_mult_twiddle:UUT10|c2Yr_s[-4]    ; Lost fanout                                                       ;
; fft16OPT:UUT|complex_mult_twiddle:UUT10|c2Yr_s[-5]    ; Lost fanout                                                       ;
; fft16OPT:UUT|complex_mult_twiddle:UUT10|c2Yr_s[-6]    ; Lost fanout                                                       ;
; fft16OPT:UUT|complex_mult_twiddle:UUT10|c2Yr_s[-7]    ; Lost fanout                                                       ;
; fft16OPT:UUT|complex_mult_twiddle:UUT10|c2Yr_s[-8]    ; Lost fanout                                                       ;
; fft16OPT:UUT|complex_mult_twiddle:UUT10|c2Yr_s[-9]    ; Lost fanout                                                       ;
; fft16OPT:UUT|complex_mult_twiddle:UUT10|c2Yr_s[-10]   ; Lost fanout                                                       ;
; fft16OPT:UUT|complex_mult_twiddle:UUT10|c2Yr_s[-11]   ; Lost fanout                                                       ;
; fft16OPT:UUT|complex_mult_twiddle:UUT10|c2a_Yr_s[0]   ; Lost fanout                                                       ;
; fft16OPT:UUT|complex_mult_twiddle:UUT10|c2a_Yr_s[-1]  ; Lost fanout                                                       ;
; fft16OPT:UUT|complex_mult_twiddle:UUT10|c2a_Yr_s[-2]  ; Lost fanout                                                       ;
; fft16OPT:UUT|complex_mult_twiddle:UUT10|c2a_Yr_s[-3]  ; Lost fanout                                                       ;
; fft16OPT:UUT|complex_mult_twiddle:UUT10|c2a_Yr_s[-4]  ; Lost fanout                                                       ;
; fft16OPT:UUT|complex_mult_twiddle:UUT10|c2a_Yr_s[-5]  ; Lost fanout                                                       ;
; fft16OPT:UUT|complex_mult_twiddle:UUT10|c2a_Yr_s[-6]  ; Lost fanout                                                       ;
; fft16OPT:UUT|complex_mult_twiddle:UUT10|c2a_Yr_s[-7]  ; Lost fanout                                                       ;
; fft16OPT:UUT|complex_mult_twiddle:UUT10|c2a_Yr_s[-8]  ; Lost fanout                                                       ;
; fft16OPT:UUT|complex_mult_twiddle:UUT10|c2a_Yr_s[-9]  ; Lost fanout                                                       ;
; fft16OPT:UUT|complex_mult_twiddle:UUT10|c2a_Yr_s[-10] ; Lost fanout                                                       ;
; fft16OPT:UUT|complex_mult_twiddle:UUT10|c2a_Yr_s[-11] ; Lost fanout                                                       ;
; fft16OPT:UUT|complex_mult_twiddle:UUT10|c2b_Yr_s[0]   ; Lost fanout                                                       ;
; fft16OPT:UUT|complex_mult_twiddle:UUT10|c2b_Yr_s[-1]  ; Lost fanout                                                       ;
; fft16OPT:UUT|complex_mult_twiddle:UUT10|c2b_Yr_s[-2]  ; Lost fanout                                                       ;
; fft16OPT:UUT|complex_mult_twiddle:UUT10|c2b_Yr_s[-3]  ; Lost fanout                                                       ;
; fft16OPT:UUT|complex_mult_twiddle:UUT10|c2b_Yr_s[-4]  ; Lost fanout                                                       ;
; fft16OPT:UUT|complex_mult_twiddle:UUT10|c2b_Yr_s[-5]  ; Lost fanout                                                       ;
; fft16OPT:UUT|complex_mult_twiddle:UUT10|c2b_Yr_s[-6]  ; Lost fanout                                                       ;
; fft16OPT:UUT|complex_mult_twiddle:UUT10|c2b_Yr_s[-7]  ; Lost fanout                                                       ;
; fft16OPT:UUT|complex_mult_twiddle:UUT10|c2b_Yr_s[-8]  ; Lost fanout                                                       ;
; fft16OPT:UUT|complex_mult_twiddle:UUT10|c2b_Yr_s[-9]  ; Lost fanout                                                       ;
; fft16OPT:UUT|complex_mult_twiddle:UUT10|c2b_Yr_s[-10] ; Lost fanout                                                       ;
; fft16OPT:UUT|complex_mult_twiddle:UUT10|c2b_Yr_s[-11] ; Lost fanout                                                       ;
; fft16OPT:UUT|complex_mult_twiddle:UUT10|c1Yi_s[0]     ; Lost fanout                                                       ;
; fft16OPT:UUT|complex_mult_twiddle:UUT10|c1Yi_s[-1]    ; Lost fanout                                                       ;
; fft16OPT:UUT|complex_mult_twiddle:UUT10|c1Yi_s[-2]    ; Lost fanout                                                       ;
; fft16OPT:UUT|complex_mult_twiddle:UUT10|c1Yi_s[-3]    ; Lost fanout                                                       ;
; fft16OPT:UUT|complex_mult_twiddle:UUT10|c1Yi_s[-4]    ; Lost fanout                                                       ;
; fft16OPT:UUT|complex_mult_twiddle:UUT10|c1Yi_s[-5]    ; Lost fanout                                                       ;
; fft16OPT:UUT|complex_mult_twiddle:UUT10|c1Yi_s[-6]    ; Lost fanout                                                       ;
; fft16OPT:UUT|complex_mult_twiddle:UUT10|c1Yi_s[-7]    ; Lost fanout                                                       ;
; fft16OPT:UUT|complex_mult_twiddle:UUT10|c1Yi_s[-8]    ; Lost fanout                                                       ;
; fft16OPT:UUT|complex_mult_twiddle:UUT10|c1Yi_s[-9]    ; Lost fanout                                                       ;
; fft16OPT:UUT|complex_mult_twiddle:UUT10|c1Yi_s[-10]   ; Lost fanout                                                       ;
; fft16OPT:UUT|complex_mult_twiddle:UUT10|c1Yi_s[-11]   ; Lost fanout                                                       ;
; fft16OPT:UUT|complex_mult_twiddle:UUT10|c1a_Yi_s[0]   ; Lost fanout                                                       ;
; fft16OPT:UUT|complex_mult_twiddle:UUT10|c1a_Yi_s[-1]  ; Lost fanout                                                       ;
; fft16OPT:UUT|complex_mult_twiddle:UUT10|c1a_Yi_s[-2]  ; Lost fanout                                                       ;
; fft16OPT:UUT|complex_mult_twiddle:UUT10|c1a_Yi_s[-3]  ; Lost fanout                                                       ;
; fft16OPT:UUT|complex_mult_twiddle:UUT10|c1a_Yi_s[-4]  ; Lost fanout                                                       ;
; fft16OPT:UUT|complex_mult_twiddle:UUT10|c1a_Yi_s[-5]  ; Lost fanout                                                       ;
; fft16OPT:UUT|complex_mult_twiddle:UUT10|c1a_Yi_s[-6]  ; Lost fanout                                                       ;
; fft16OPT:UUT|complex_mult_twiddle:UUT10|c1a_Yi_s[-7]  ; Lost fanout                                                       ;
; fft16OPT:UUT|complex_mult_twiddle:UUT10|c1a_Yi_s[-8]  ; Lost fanout                                                       ;
; fft16OPT:UUT|complex_mult_twiddle:UUT10|c1a_Yi_s[-9]  ; Lost fanout                                                       ;
; fft16OPT:UUT|complex_mult_twiddle:UUT10|c1a_Yi_s[-10] ; Lost fanout                                                       ;
; fft16OPT:UUT|complex_mult_twiddle:UUT10|c1a_Yi_s[-11] ; Lost fanout                                                       ;
; fft16OPT:UUT|complex_mult_twiddle:UUT10|c1b_Yi_s[0]   ; Lost fanout                                                       ;
; fft16OPT:UUT|complex_mult_twiddle:UUT10|c1b_Yi_s[-1]  ; Lost fanout                                                       ;
; fft16OPT:UUT|complex_mult_twiddle:UUT10|c1b_Yi_s[-2]  ; Lost fanout                                                       ;
; fft16OPT:UUT|complex_mult_twiddle:UUT10|c1b_Yi_s[-3]  ; Lost fanout                                                       ;
; fft16OPT:UUT|complex_mult_twiddle:UUT10|c1b_Yi_s[-4]  ; Lost fanout                                                       ;
; fft16OPT:UUT|complex_mult_twiddle:UUT10|c1b_Yi_s[-5]  ; Lost fanout                                                       ;
; fft16OPT:UUT|complex_mult_twiddle:UUT10|c1b_Yi_s[-6]  ; Lost fanout                                                       ;
; fft16OPT:UUT|complex_mult_twiddle:UUT10|c1b_Yi_s[-7]  ; Lost fanout                                                       ;
; fft16OPT:UUT|complex_mult_twiddle:UUT10|c1b_Yi_s[-8]  ; Lost fanout                                                       ;
; fft16OPT:UUT|complex_mult_twiddle:UUT10|c1b_Yi_s[-9]  ; Lost fanout                                                       ;
; fft16OPT:UUT|complex_mult_twiddle:UUT10|c1b_Yi_s[-10] ; Lost fanout                                                       ;
; fft16OPT:UUT|complex_mult_twiddle:UUT10|c1b_Yi_s[-11] ; Lost fanout                                                       ;
; fft16OPT:UUT|complex_mult_twiddle:UUT10|pE_s[0..2]    ; Lost fanout                                                       ;
; fft16OPT:UUT|complex_mult_twiddle:UUT10|pE_s[-1]      ; Lost fanout                                                       ;
; fft16OPT:UUT|complex_mult_twiddle:UUT10|pE_s[-2]      ; Lost fanout                                                       ;
; fft16OPT:UUT|complex_mult_twiddle:UUT10|pE_s[-3]      ; Lost fanout                                                       ;
; fft16OPT:UUT|complex_mult_twiddle:UUT10|pE_s[-4]      ; Lost fanout                                                       ;
; fft16OPT:UUT|complex_mult_twiddle:UUT10|pE_s[-5]      ; Lost fanout                                                       ;
; fft16OPT:UUT|complex_mult_twiddle:UUT10|pE_s[-6]      ; Lost fanout                                                       ;
; fft16OPT:UUT|complex_mult_twiddle:UUT10|pE_s[-7]      ; Lost fanout                                                       ;
; fft16OPT:UUT|complex_mult_twiddle:UUT10|pE_s[-8]      ; Lost fanout                                                       ;
; fft16OPT:UUT|complex_mult_twiddle:UUT10|pE_s[-9]      ; Lost fanout                                                       ;
; fft16OPT:UUT|complex_mult_twiddle:UUT10|pE_s[-10]     ; Lost fanout                                                       ;
; fft16OPT:UUT|complex_mult_twiddle:UUT10|pE_s[-11]     ; Lost fanout                                                       ;
; fft16OPT:UUT|complex_mult_twiddle:UUT10|c1Yr_s[0]     ; Lost fanout                                                       ;
; fft16OPT:UUT|complex_mult_twiddle:UUT10|c1Yr_s[-1]    ; Lost fanout                                                       ;
; fft16OPT:UUT|complex_mult_twiddle:UUT10|c1Yr_s[-2]    ; Lost fanout                                                       ;
; fft16OPT:UUT|complex_mult_twiddle:UUT10|c1Yr_s[-3]    ; Lost fanout                                                       ;
; fft16OPT:UUT|complex_mult_twiddle:UUT10|c1Yr_s[-4]    ; Lost fanout                                                       ;
; fft16OPT:UUT|complex_mult_twiddle:UUT10|c1Yr_s[-5]    ; Lost fanout                                                       ;
; fft16OPT:UUT|complex_mult_twiddle:UUT10|c1Yr_s[-6]    ; Lost fanout                                                       ;
; fft16OPT:UUT|complex_mult_twiddle:UUT10|c1Yr_s[-7]    ; Lost fanout                                                       ;
; fft16OPT:UUT|complex_mult_twiddle:UUT10|c1Yr_s[-8]    ; Lost fanout                                                       ;
; fft16OPT:UUT|complex_mult_twiddle:UUT10|c1Yr_s[-9]    ; Lost fanout                                                       ;
; fft16OPT:UUT|complex_mult_twiddle:UUT10|c1Yr_s[-10]   ; Lost fanout                                                       ;
; fft16OPT:UUT|complex_mult_twiddle:UUT10|c1Yr_s[-11]   ; Lost fanout                                                       ;
; fft16OPT:UUT|complex_mult_twiddle:UUT10|c1a_Yr_s[0]   ; Lost fanout                                                       ;
; fft16OPT:UUT|complex_mult_twiddle:UUT10|c1a_Yr_s[-1]  ; Lost fanout                                                       ;
; fft16OPT:UUT|complex_mult_twiddle:UUT10|c1a_Yr_s[-2]  ; Lost fanout                                                       ;
; fft16OPT:UUT|complex_mult_twiddle:UUT10|c1a_Yr_s[-3]  ; Lost fanout                                                       ;
; fft16OPT:UUT|complex_mult_twiddle:UUT10|c1a_Yr_s[-4]  ; Lost fanout                                                       ;
; fft16OPT:UUT|complex_mult_twiddle:UUT10|c1a_Yr_s[-5]  ; Lost fanout                                                       ;
; fft16OPT:UUT|complex_mult_twiddle:UUT10|c1a_Yr_s[-6]  ; Lost fanout                                                       ;
; fft16OPT:UUT|complex_mult_twiddle:UUT10|c1a_Yr_s[-7]  ; Lost fanout                                                       ;
; fft16OPT:UUT|complex_mult_twiddle:UUT10|c1a_Yr_s[-8]  ; Lost fanout                                                       ;
; fft16OPT:UUT|complex_mult_twiddle:UUT10|c1a_Yr_s[-9]  ; Lost fanout                                                       ;
; fft16OPT:UUT|complex_mult_twiddle:UUT10|c1a_Yr_s[-10] ; Lost fanout                                                       ;
; fft16OPT:UUT|complex_mult_twiddle:UUT10|c1a_Yr_s[-11] ; Lost fanout                                                       ;
; fft16OPT:UUT|complex_mult_twiddle:UUT10|c1b_Yr_s[0]   ; Lost fanout                                                       ;
; fft16OPT:UUT|complex_mult_twiddle:UUT10|c1b_Yr_s[-1]  ; Lost fanout                                                       ;
; fft16OPT:UUT|complex_mult_twiddle:UUT10|c1b_Yr_s[-2]  ; Lost fanout                                                       ;
; fft16OPT:UUT|complex_mult_twiddle:UUT10|c1b_Yr_s[-3]  ; Lost fanout                                                       ;
; fft16OPT:UUT|complex_mult_twiddle:UUT10|c1b_Yr_s[-4]  ; Lost fanout                                                       ;
; fft16OPT:UUT|complex_mult_twiddle:UUT10|c1b_Yr_s[-5]  ; Lost fanout                                                       ;
; fft16OPT:UUT|complex_mult_twiddle:UUT10|c1b_Yr_s[-6]  ; Lost fanout                                                       ;
; fft16OPT:UUT|complex_mult_twiddle:UUT10|c1b_Yr_s[-7]  ; Lost fanout                                                       ;
; fft16OPT:UUT|complex_mult_twiddle:UUT10|c1b_Yr_s[-8]  ; Lost fanout                                                       ;
; fft16OPT:UUT|complex_mult_twiddle:UUT10|c1b_Yr_s[-9]  ; Lost fanout                                                       ;
; fft16OPT:UUT|complex_mult_twiddle:UUT10|c1b_Yr_s[-10] ; Lost fanout                                                       ;
; fft16OPT:UUT|complex_mult_twiddle:UUT10|c1b_Yr_s[-11] ; Lost fanout                                                       ;
; fft16OPT:UUT|complex_mult_twiddle:UUT10|c2Yi_s[0]     ; Lost fanout                                                       ;
; fft16OPT:UUT|complex_mult_twiddle:UUT10|c2Yi_s[-1]    ; Lost fanout                                                       ;
; fft16OPT:UUT|complex_mult_twiddle:UUT10|c2Yi_s[-2]    ; Lost fanout                                                       ;
; fft16OPT:UUT|complex_mult_twiddle:UUT10|c2Yi_s[-3]    ; Lost fanout                                                       ;
; fft16OPT:UUT|complex_mult_twiddle:UUT10|c2Yi_s[-4]    ; Lost fanout                                                       ;
; fft16OPT:UUT|complex_mult_twiddle:UUT10|c2Yi_s[-5]    ; Lost fanout                                                       ;
; fft16OPT:UUT|complex_mult_twiddle:UUT10|c2Yi_s[-6]    ; Lost fanout                                                       ;
; fft16OPT:UUT|complex_mult_twiddle:UUT10|c2Yi_s[-7]    ; Lost fanout                                                       ;
; fft16OPT:UUT|complex_mult_twiddle:UUT10|c2Yi_s[-8]    ; Lost fanout                                                       ;
; fft16OPT:UUT|complex_mult_twiddle:UUT10|c2Yi_s[-9]    ; Lost fanout                                                       ;
; fft16OPT:UUT|complex_mult_twiddle:UUT10|c2Yi_s[-10]   ; Lost fanout                                                       ;
; fft16OPT:UUT|complex_mult_twiddle:UUT10|c2Yi_s[-11]   ; Lost fanout                                                       ;
; fft16OPT:UUT|complex_mult_twiddle:UUT10|c2a_Yi_s[0]   ; Lost fanout                                                       ;
; fft16OPT:UUT|complex_mult_twiddle:UUT10|c2a_Yi_s[-1]  ; Lost fanout                                                       ;
; fft16OPT:UUT|complex_mult_twiddle:UUT10|c2a_Yi_s[-2]  ; Lost fanout                                                       ;
; fft16OPT:UUT|complex_mult_twiddle:UUT10|c2a_Yi_s[-3]  ; Lost fanout                                                       ;
; fft16OPT:UUT|complex_mult_twiddle:UUT10|c2a_Yi_s[-4]  ; Lost fanout                                                       ;
; fft16OPT:UUT|complex_mult_twiddle:UUT10|c2a_Yi_s[-5]  ; Lost fanout                                                       ;
; fft16OPT:UUT|complex_mult_twiddle:UUT10|c2a_Yi_s[-6]  ; Lost fanout                                                       ;
; fft16OPT:UUT|complex_mult_twiddle:UUT10|c2a_Yi_s[-7]  ; Lost fanout                                                       ;
; fft16OPT:UUT|complex_mult_twiddle:UUT10|c2a_Yi_s[-8]  ; Lost fanout                                                       ;
; fft16OPT:UUT|complex_mult_twiddle:UUT10|c2a_Yi_s[-9]  ; Lost fanout                                                       ;
; fft16OPT:UUT|complex_mult_twiddle:UUT10|c2a_Yi_s[-10] ; Lost fanout                                                       ;
; fft16OPT:UUT|complex_mult_twiddle:UUT10|c2a_Yi_s[-11] ; Lost fanout                                                       ;
; fft16OPT:UUT|complex_mult_twiddle:UUT10|c2b_Yi_s[0]   ; Lost fanout                                                       ;
; fft16OPT:UUT|complex_mult_twiddle:UUT10|c2b_Yi_s[-1]  ; Lost fanout                                                       ;
; fft16OPT:UUT|complex_mult_twiddle:UUT10|c2b_Yi_s[-2]  ; Lost fanout                                                       ;
; fft16OPT:UUT|complex_mult_twiddle:UUT10|c2b_Yi_s[-3]  ; Lost fanout                                                       ;
; fft16OPT:UUT|complex_mult_twiddle:UUT10|c2b_Yi_s[-4]  ; Lost fanout                                                       ;
; fft16OPT:UUT|complex_mult_twiddle:UUT10|c2b_Yi_s[-5]  ; Lost fanout                                                       ;
; fft16OPT:UUT|complex_mult_twiddle:UUT10|c2b_Yi_s[-6]  ; Lost fanout                                                       ;
; fft16OPT:UUT|complex_mult_twiddle:UUT10|c2b_Yi_s[-7]  ; Lost fanout                                                       ;
; fft16OPT:UUT|complex_mult_twiddle:UUT10|c2b_Yi_s[-8]  ; Lost fanout                                                       ;
; fft16OPT:UUT|complex_mult_twiddle:UUT10|c2b_Yi_s[-9]  ; Lost fanout                                                       ;
; fft16OPT:UUT|complex_mult_twiddle:UUT10|c2b_Yi_s[-10] ; Lost fanout                                                       ;
; fft16OPT:UUT|complex_mult_twiddle:UUT10|c2b_Yi_s[-11] ; Lost fanout                                                       ;
; fft16OPT:UUT|complex_mult_twiddle:UUT9|pB_s[0]        ; Lost fanout                                                       ;
; fft16OPT:UUT|complex_mult_twiddle:UUT9|pB_s[-1]       ; Lost fanout                                                       ;
; fft16OPT:UUT|complex_mult_twiddle:UUT9|pB_s[-2]       ; Lost fanout                                                       ;
; fft16OPT:UUT|complex_mult_twiddle:UUT9|pB_s[-3]       ; Lost fanout                                                       ;
; fft16OPT:UUT|complex_mult_twiddle:UUT9|pB_s[-4]       ; Lost fanout                                                       ;
; fft16OPT:UUT|complex_mult_twiddle:UUT9|pB_s[-5]       ; Lost fanout                                                       ;
; fft16OPT:UUT|complex_mult_twiddle:UUT9|pB_s[-6]       ; Lost fanout                                                       ;
; fft16OPT:UUT|complex_mult_twiddle:UUT9|pB_s[-7]       ; Lost fanout                                                       ;
; fft16OPT:UUT|complex_mult_twiddle:UUT9|pB_s[-8]       ; Lost fanout                                                       ;
; fft16OPT:UUT|complex_mult_twiddle:UUT9|pB_s[-9]       ; Lost fanout                                                       ;
; fft16OPT:UUT|complex_mult_twiddle:UUT9|pB_s[-10]      ; Lost fanout                                                       ;
; fft16OPT:UUT|complex_mult_twiddle:UUT9|pB_s[-11]      ; Lost fanout                                                       ;
; fft16OPT:UUT|complex_mult_twiddle:UUT9|pD_s[0]        ; Lost fanout                                                       ;
; fft16OPT:UUT|complex_mult_twiddle:UUT9|pD_s[-1]       ; Lost fanout                                                       ;
; fft16OPT:UUT|complex_mult_twiddle:UUT9|pD_s[-2]       ; Lost fanout                                                       ;
; fft16OPT:UUT|complex_mult_twiddle:UUT9|pD_s[-3]       ; Lost fanout                                                       ;
; fft16OPT:UUT|complex_mult_twiddle:UUT9|pD_s[-4]       ; Lost fanout                                                       ;
; fft16OPT:UUT|complex_mult_twiddle:UUT9|pD_s[-5]       ; Lost fanout                                                       ;
; fft16OPT:UUT|complex_mult_twiddle:UUT9|pD_s[-6]       ; Lost fanout                                                       ;
; fft16OPT:UUT|complex_mult_twiddle:UUT9|pD_s[-7]       ; Lost fanout                                                       ;
; fft16OPT:UUT|complex_mult_twiddle:UUT9|pD_s[-8]       ; Lost fanout                                                       ;
; fft16OPT:UUT|complex_mult_twiddle:UUT9|pD_s[-9]       ; Lost fanout                                                       ;
; fft16OPT:UUT|complex_mult_twiddle:UUT9|pD_s[-10]      ; Lost fanout                                                       ;
; fft16OPT:UUT|complex_mult_twiddle:UUT9|pD_s[-11]      ; Lost fanout                                                       ;
; fft16OPT:UUT|complex_mult_twiddle:UUT9|pF_s[0]        ; Lost fanout                                                       ;
; fft16OPT:UUT|complex_mult_twiddle:UUT9|pF_s[-1]       ; Lost fanout                                                       ;
; fft16OPT:UUT|complex_mult_twiddle:UUT9|pF_s[-2]       ; Lost fanout                                                       ;
; fft16OPT:UUT|complex_mult_twiddle:UUT9|pF_s[-3]       ; Lost fanout                                                       ;
; fft16OPT:UUT|complex_mult_twiddle:UUT9|pF_s[-4]       ; Lost fanout                                                       ;
; fft16OPT:UUT|complex_mult_twiddle:UUT9|pF_s[-5]       ; Lost fanout                                                       ;
; fft16OPT:UUT|complex_mult_twiddle:UUT9|pF_s[-6]       ; Lost fanout                                                       ;
; fft16OPT:UUT|complex_mult_twiddle:UUT9|pF_s[-7]       ; Lost fanout                                                       ;
; fft16OPT:UUT|complex_mult_twiddle:UUT9|pF_s[-8]       ; Lost fanout                                                       ;
; fft16OPT:UUT|complex_mult_twiddle:UUT9|pF_s[-9]       ; Lost fanout                                                       ;
; fft16OPT:UUT|complex_mult_twiddle:UUT9|pF_s[-10]      ; Lost fanout                                                       ;
; fft16OPT:UUT|complex_mult_twiddle:UUT9|pF_s[-11]      ; Lost fanout                                                       ;
; fft16OPT:UUT|complex_mult_twiddle:UUT9|pC_s[0..2]     ; Lost fanout                                                       ;
; fft16OPT:UUT|complex_mult_twiddle:UUT9|pC_s[-1]       ; Lost fanout                                                       ;
; fft16OPT:UUT|complex_mult_twiddle:UUT9|pC_s[-2]       ; Lost fanout                                                       ;
; fft16OPT:UUT|complex_mult_twiddle:UUT9|pC_s[-3]       ; Lost fanout                                                       ;
; fft16OPT:UUT|complex_mult_twiddle:UUT9|pC_s[-4]       ; Lost fanout                                                       ;
; fft16OPT:UUT|complex_mult_twiddle:UUT9|pC_s[-5]       ; Lost fanout                                                       ;
; fft16OPT:UUT|complex_mult_twiddle:UUT9|pC_s[-6]       ; Lost fanout                                                       ;
; fft16OPT:UUT|complex_mult_twiddle:UUT9|pC_s[-7]       ; Lost fanout                                                       ;
; fft16OPT:UUT|complex_mult_twiddle:UUT9|pC_s[-8]       ; Lost fanout                                                       ;
; fft16OPT:UUT|complex_mult_twiddle:UUT9|pC_s[-9]       ; Lost fanout                                                       ;
; fft16OPT:UUT|complex_mult_twiddle:UUT9|pC_s[-10]      ; Lost fanout                                                       ;
; fft16OPT:UUT|complex_mult_twiddle:UUT9|pC_s[-11]      ; Lost fanout                                                       ;
; fft16OPT:UUT|complex_mult_twiddle:UUT9|c3Yr_s[0]      ; Lost fanout                                                       ;
; fft16OPT:UUT|complex_mult_twiddle:UUT9|c3Yr_s[-1]     ; Lost fanout                                                       ;
; fft16OPT:UUT|complex_mult_twiddle:UUT9|c3Yr_s[-2]     ; Lost fanout                                                       ;
; fft16OPT:UUT|complex_mult_twiddle:UUT9|c3Yr_s[-3]     ; Lost fanout                                                       ;
; fft16OPT:UUT|complex_mult_twiddle:UUT9|c3Yr_s[-4]     ; Lost fanout                                                       ;
; fft16OPT:UUT|complex_mult_twiddle:UUT9|c3Yr_s[-5]     ; Lost fanout                                                       ;
; fft16OPT:UUT|complex_mult_twiddle:UUT9|c3Yr_s[-6]     ; Lost fanout                                                       ;
; fft16OPT:UUT|complex_mult_twiddle:UUT9|c3Yr_s[-7]     ; Lost fanout                                                       ;
; fft16OPT:UUT|complex_mult_twiddle:UUT9|c3Yr_s[-8]     ; Lost fanout                                                       ;
; fft16OPT:UUT|complex_mult_twiddle:UUT9|c3Yr_s[-9]     ; Lost fanout                                                       ;
; fft16OPT:UUT|complex_mult_twiddle:UUT9|c3Yr_s[-10]    ; Lost fanout                                                       ;
; fft16OPT:UUT|complex_mult_twiddle:UUT9|c3Yr_s[-11]    ; Lost fanout                                                       ;
; fft16OPT:UUT|complex_mult_twiddle:UUT9|c3a_Yr_s[0]    ; Lost fanout                                                       ;
; fft16OPT:UUT|complex_mult_twiddle:UUT9|c3a_Yr_s[-1]   ; Lost fanout                                                       ;
; fft16OPT:UUT|complex_mult_twiddle:UUT9|c3a_Yr_s[-2]   ; Lost fanout                                                       ;
; fft16OPT:UUT|complex_mult_twiddle:UUT9|c3a_Yr_s[-3]   ; Lost fanout                                                       ;
; fft16OPT:UUT|complex_mult_twiddle:UUT9|c3a_Yr_s[-4]   ; Lost fanout                                                       ;
; fft16OPT:UUT|complex_mult_twiddle:UUT9|c3a_Yr_s[-5]   ; Lost fanout                                                       ;
; fft16OPT:UUT|complex_mult_twiddle:UUT9|c3a_Yr_s[-6]   ; Lost fanout                                                       ;
; fft16OPT:UUT|complex_mult_twiddle:UUT9|c3a_Yr_s[-7]   ; Lost fanout                                                       ;
; fft16OPT:UUT|complex_mult_twiddle:UUT9|c3a_Yr_s[-8]   ; Lost fanout                                                       ;
; fft16OPT:UUT|complex_mult_twiddle:UUT9|c3a_Yr_s[-9]   ; Lost fanout                                                       ;
; fft16OPT:UUT|complex_mult_twiddle:UUT9|c3a_Yr_s[-10]  ; Lost fanout                                                       ;
; fft16OPT:UUT|complex_mult_twiddle:UUT9|c3a_Yr_s[-11]  ; Lost fanout                                                       ;
; fft16OPT:UUT|complex_mult_twiddle:UUT9|c3b_Yr_s[0]    ; Lost fanout                                                       ;
; fft16OPT:UUT|complex_mult_twiddle:UUT9|c3b_Yr_s[-1]   ; Lost fanout                                                       ;
; fft16OPT:UUT|complex_mult_twiddle:UUT9|c3b_Yr_s[-2]   ; Lost fanout                                                       ;
; fft16OPT:UUT|complex_mult_twiddle:UUT9|c3b_Yr_s[-3]   ; Lost fanout                                                       ;
; fft16OPT:UUT|complex_mult_twiddle:UUT9|c3b_Yr_s[-4]   ; Lost fanout                                                       ;
; fft16OPT:UUT|complex_mult_twiddle:UUT9|c3b_Yr_s[-5]   ; Lost fanout                                                       ;
; fft16OPT:UUT|complex_mult_twiddle:UUT9|c3b_Yr_s[-6]   ; Lost fanout                                                       ;
; fft16OPT:UUT|complex_mult_twiddle:UUT9|c3b_Yr_s[-7]   ; Lost fanout                                                       ;
; fft16OPT:UUT|complex_mult_twiddle:UUT9|c3b_Yr_s[-8]   ; Lost fanout                                                       ;
; fft16OPT:UUT|complex_mult_twiddle:UUT9|c3b_Yr_s[-9]   ; Lost fanout                                                       ;
; fft16OPT:UUT|complex_mult_twiddle:UUT9|c3b_Yr_s[-10]  ; Lost fanout                                                       ;
; fft16OPT:UUT|complex_mult_twiddle:UUT9|c3b_Yr_s[-11]  ; Lost fanout                                                       ;
; fft16OPT:UUT|complex_mult_twiddle:UUT9|Yr_sh8_s[0]    ; Lost fanout                                                       ;
; fft16OPT:UUT|complex_mult_twiddle:UUT9|Yr_sh8_s[-1]   ; Lost fanout                                                       ;
; fft16OPT:UUT|complex_mult_twiddle:UUT9|Yr_sh8_s[-2]   ; Lost fanout                                                       ;
; fft16OPT:UUT|complex_mult_twiddle:UUT9|Yr_sh8_s[-3]   ; Lost fanout                                                       ;
; fft16OPT:UUT|complex_mult_twiddle:UUT9|Yr_sh8_s[-4]   ; Lost fanout                                                       ;
; fft16OPT:UUT|complex_mult_twiddle:UUT9|Yr_sh8_s[-5]   ; Lost fanout                                                       ;
; fft16OPT:UUT|complex_mult_twiddle:UUT9|Yr_sh8_s[-6]   ; Lost fanout                                                       ;
; fft16OPT:UUT|complex_mult_twiddle:UUT9|Yr_sh8_s[-7]   ; Lost fanout                                                       ;
; fft16OPT:UUT|complex_mult_twiddle:UUT9|Yr_sh8_s[-8]   ; Lost fanout                                                       ;
; fft16OPT:UUT|complex_mult_twiddle:UUT9|Yr_sh8_s[-9]   ; Lost fanout                                                       ;
; fft16OPT:UUT|complex_mult_twiddle:UUT9|Yr_sh8_s[-10]  ; Lost fanout                                                       ;
; fft16OPT:UUT|complex_mult_twiddle:UUT9|Yr_sh8_s[-11]  ; Lost fanout                                                       ;
; fft16OPT:UUT|complex_mult_twiddle:UUT9|c3Yi_s[0]      ; Lost fanout                                                       ;
; fft16OPT:UUT|complex_mult_twiddle:UUT9|c3Yi_s[-1]     ; Lost fanout                                                       ;
; fft16OPT:UUT|complex_mult_twiddle:UUT9|c3Yi_s[-2]     ; Lost fanout                                                       ;
; fft16OPT:UUT|complex_mult_twiddle:UUT9|c3Yi_s[-3]     ; Lost fanout                                                       ;
; fft16OPT:UUT|complex_mult_twiddle:UUT9|c3Yi_s[-4]     ; Lost fanout                                                       ;
; fft16OPT:UUT|complex_mult_twiddle:UUT9|c3Yi_s[-5]     ; Lost fanout                                                       ;
; fft16OPT:UUT|complex_mult_twiddle:UUT9|c3Yi_s[-6]     ; Lost fanout                                                       ;
; fft16OPT:UUT|complex_mult_twiddle:UUT9|c3Yi_s[-7]     ; Lost fanout                                                       ;
; fft16OPT:UUT|complex_mult_twiddle:UUT9|c3Yi_s[-8]     ; Lost fanout                                                       ;
; fft16OPT:UUT|complex_mult_twiddle:UUT9|c3Yi_s[-9]     ; Lost fanout                                                       ;
; fft16OPT:UUT|complex_mult_twiddle:UUT9|c3Yi_s[-10]    ; Lost fanout                                                       ;
; fft16OPT:UUT|complex_mult_twiddle:UUT9|c3Yi_s[-11]    ; Lost fanout                                                       ;
; fft16OPT:UUT|complex_mult_twiddle:UUT9|c3a_Yi_s[0]    ; Lost fanout                                                       ;
; fft16OPT:UUT|complex_mult_twiddle:UUT9|c3a_Yi_s[-1]   ; Lost fanout                                                       ;
; fft16OPT:UUT|complex_mult_twiddle:UUT9|c3a_Yi_s[-2]   ; Lost fanout                                                       ;
; fft16OPT:UUT|complex_mult_twiddle:UUT9|c3a_Yi_s[-3]   ; Lost fanout                                                       ;
; fft16OPT:UUT|complex_mult_twiddle:UUT9|c3a_Yi_s[-4]   ; Lost fanout                                                       ;
; fft16OPT:UUT|complex_mult_twiddle:UUT9|c3a_Yi_s[-5]   ; Lost fanout                                                       ;
; fft16OPT:UUT|complex_mult_twiddle:UUT9|c3a_Yi_s[-6]   ; Lost fanout                                                       ;
; fft16OPT:UUT|complex_mult_twiddle:UUT9|c3a_Yi_s[-7]   ; Lost fanout                                                       ;
; fft16OPT:UUT|complex_mult_twiddle:UUT9|c3a_Yi_s[-8]   ; Lost fanout                                                       ;
; fft16OPT:UUT|complex_mult_twiddle:UUT9|c3a_Yi_s[-9]   ; Lost fanout                                                       ;
; fft16OPT:UUT|complex_mult_twiddle:UUT9|c3a_Yi_s[-10]  ; Lost fanout                                                       ;
; fft16OPT:UUT|complex_mult_twiddle:UUT9|c3a_Yi_s[-11]  ; Lost fanout                                                       ;
; fft16OPT:UUT|complex_mult_twiddle:UUT9|c3b_Yi_s[0]    ; Lost fanout                                                       ;
; fft16OPT:UUT|complex_mult_twiddle:UUT9|c3b_Yi_s[-1]   ; Lost fanout                                                       ;
; fft16OPT:UUT|complex_mult_twiddle:UUT9|c3b_Yi_s[-2]   ; Lost fanout                                                       ;
; fft16OPT:UUT|complex_mult_twiddle:UUT9|c3b_Yi_s[-3]   ; Lost fanout                                                       ;
; fft16OPT:UUT|complex_mult_twiddle:UUT9|c3b_Yi_s[-4]   ; Lost fanout                                                       ;
; fft16OPT:UUT|complex_mult_twiddle:UUT9|c3b_Yi_s[-5]   ; Lost fanout                                                       ;
; fft16OPT:UUT|complex_mult_twiddle:UUT9|c3b_Yi_s[-6]   ; Lost fanout                                                       ;
; fft16OPT:UUT|complex_mult_twiddle:UUT9|c3b_Yi_s[-7]   ; Lost fanout                                                       ;
; fft16OPT:UUT|complex_mult_twiddle:UUT9|c3b_Yi_s[-8]   ; Lost fanout                                                       ;
; fft16OPT:UUT|complex_mult_twiddle:UUT9|c3b_Yi_s[-9]   ; Lost fanout                                                       ;
; fft16OPT:UUT|complex_mult_twiddle:UUT9|c3b_Yi_s[-10]  ; Lost fanout                                                       ;
; fft16OPT:UUT|complex_mult_twiddle:UUT9|c3b_Yi_s[-11]  ; Lost fanout                                                       ;
; fft16OPT:UUT|complex_mult_twiddle:UUT9|Yi_sh8_s[0]    ; Lost fanout                                                       ;
; fft16OPT:UUT|complex_mult_twiddle:UUT9|Yi_sh8_s[-1]   ; Lost fanout                                                       ;
; fft16OPT:UUT|complex_mult_twiddle:UUT9|Yi_sh8_s[-2]   ; Lost fanout                                                       ;
; fft16OPT:UUT|complex_mult_twiddle:UUT9|Yi_sh8_s[-3]   ; Lost fanout                                                       ;
; fft16OPT:UUT|complex_mult_twiddle:UUT9|Yi_sh8_s[-4]   ; Lost fanout                                                       ;
; fft16OPT:UUT|complex_mult_twiddle:UUT9|Yi_sh8_s[-5]   ; Lost fanout                                                       ;
; fft16OPT:UUT|complex_mult_twiddle:UUT9|Yi_sh8_s[-6]   ; Lost fanout                                                       ;
; fft16OPT:UUT|complex_mult_twiddle:UUT9|Yi_sh8_s[-7]   ; Lost fanout                                                       ;
; fft16OPT:UUT|complex_mult_twiddle:UUT9|Yi_sh8_s[-8]   ; Lost fanout                                                       ;
; fft16OPT:UUT|complex_mult_twiddle:UUT9|Yi_sh8_s[-9]   ; Lost fanout                                                       ;
; fft16OPT:UUT|complex_mult_twiddle:UUT9|Yi_sh8_s[-10]  ; Lost fanout                                                       ;
; fft16OPT:UUT|complex_mult_twiddle:UUT9|Yi_sh8_s[-11]  ; Lost fanout                                                       ;
; fft16OPT:UUT|complex_mult_twiddle:UUT9|pA_s[0..2]     ; Lost fanout                                                       ;
; fft16OPT:UUT|complex_mult_twiddle:UUT9|pA_s[-1]       ; Lost fanout                                                       ;
; fft16OPT:UUT|complex_mult_twiddle:UUT9|pA_s[-2]       ; Lost fanout                                                       ;
; fft16OPT:UUT|complex_mult_twiddle:UUT9|pA_s[-3]       ; Lost fanout                                                       ;
; fft16OPT:UUT|complex_mult_twiddle:UUT9|pA_s[-4]       ; Lost fanout                                                       ;
; fft16OPT:UUT|complex_mult_twiddle:UUT9|pA_s[-5]       ; Lost fanout                                                       ;
; fft16OPT:UUT|complex_mult_twiddle:UUT9|pA_s[-6]       ; Lost fanout                                                       ;
; fft16OPT:UUT|complex_mult_twiddle:UUT9|pA_s[-7]       ; Lost fanout                                                       ;
; fft16OPT:UUT|complex_mult_twiddle:UUT9|pA_s[-8]       ; Lost fanout                                                       ;
; fft16OPT:UUT|complex_mult_twiddle:UUT9|pA_s[-9]       ; Lost fanout                                                       ;
; fft16OPT:UUT|complex_mult_twiddle:UUT9|pA_s[-10]      ; Lost fanout                                                       ;
; fft16OPT:UUT|complex_mult_twiddle:UUT9|pA_s[-11]      ; Lost fanout                                                       ;
; fft16OPT:UUT|complex_mult_twiddle:UUT9|c2Yr_s[0]      ; Lost fanout                                                       ;
; fft16OPT:UUT|complex_mult_twiddle:UUT9|c2Yr_s[-1]     ; Lost fanout                                                       ;
; fft16OPT:UUT|complex_mult_twiddle:UUT9|c2Yr_s[-2]     ; Lost fanout                                                       ;
; fft16OPT:UUT|complex_mult_twiddle:UUT9|c2Yr_s[-3]     ; Lost fanout                                                       ;
; fft16OPT:UUT|complex_mult_twiddle:UUT9|c2Yr_s[-4]     ; Lost fanout                                                       ;
; fft16OPT:UUT|complex_mult_twiddle:UUT9|c2Yr_s[-5]     ; Lost fanout                                                       ;
; fft16OPT:UUT|complex_mult_twiddle:UUT9|c2Yr_s[-6]     ; Lost fanout                                                       ;
; fft16OPT:UUT|complex_mult_twiddle:UUT9|c2Yr_s[-7]     ; Lost fanout                                                       ;
; fft16OPT:UUT|complex_mult_twiddle:UUT9|c2Yr_s[-8]     ; Lost fanout                                                       ;
; fft16OPT:UUT|complex_mult_twiddle:UUT9|c2Yr_s[-9]     ; Lost fanout                                                       ;
; fft16OPT:UUT|complex_mult_twiddle:UUT9|c2Yr_s[-10]    ; Lost fanout                                                       ;
; fft16OPT:UUT|complex_mult_twiddle:UUT9|c2Yr_s[-11]    ; Lost fanout                                                       ;
; fft16OPT:UUT|complex_mult_twiddle:UUT9|c2a_Yr_s[0]    ; Lost fanout                                                       ;
; fft16OPT:UUT|complex_mult_twiddle:UUT9|c2a_Yr_s[-1]   ; Lost fanout                                                       ;
; fft16OPT:UUT|complex_mult_twiddle:UUT9|c2a_Yr_s[-2]   ; Lost fanout                                                       ;
; fft16OPT:UUT|complex_mult_twiddle:UUT9|c2a_Yr_s[-3]   ; Lost fanout                                                       ;
; fft16OPT:UUT|complex_mult_twiddle:UUT9|c2a_Yr_s[-4]   ; Lost fanout                                                       ;
; fft16OPT:UUT|complex_mult_twiddle:UUT9|c2a_Yr_s[-5]   ; Lost fanout                                                       ;
; fft16OPT:UUT|complex_mult_twiddle:UUT9|c2a_Yr_s[-6]   ; Lost fanout                                                       ;
; fft16OPT:UUT|complex_mult_twiddle:UUT9|c2a_Yr_s[-7]   ; Lost fanout                                                       ;
; fft16OPT:UUT|complex_mult_twiddle:UUT9|c2a_Yr_s[-8]   ; Lost fanout                                                       ;
; fft16OPT:UUT|complex_mult_twiddle:UUT9|c2a_Yr_s[-9]   ; Lost fanout                                                       ;
; fft16OPT:UUT|complex_mult_twiddle:UUT9|c2a_Yr_s[-10]  ; Lost fanout                                                       ;
; fft16OPT:UUT|complex_mult_twiddle:UUT9|c2a_Yr_s[-11]  ; Lost fanout                                                       ;
; fft16OPT:UUT|complex_mult_twiddle:UUT9|c2b_Yr_s[0]    ; Lost fanout                                                       ;
; fft16OPT:UUT|complex_mult_twiddle:UUT9|c2b_Yr_s[-1]   ; Lost fanout                                                       ;
; fft16OPT:UUT|complex_mult_twiddle:UUT9|c2b_Yr_s[-2]   ; Lost fanout                                                       ;
; fft16OPT:UUT|complex_mult_twiddle:UUT9|c2b_Yr_s[-3]   ; Lost fanout                                                       ;
; fft16OPT:UUT|complex_mult_twiddle:UUT9|c2b_Yr_s[-4]   ; Lost fanout                                                       ;
; fft16OPT:UUT|complex_mult_twiddle:UUT9|c2b_Yr_s[-5]   ; Lost fanout                                                       ;
; fft16OPT:UUT|complex_mult_twiddle:UUT9|c2b_Yr_s[-6]   ; Lost fanout                                                       ;
; fft16OPT:UUT|complex_mult_twiddle:UUT9|c2b_Yr_s[-7]   ; Lost fanout                                                       ;
; fft16OPT:UUT|complex_mult_twiddle:UUT9|c2b_Yr_s[-8]   ; Lost fanout                                                       ;
; fft16OPT:UUT|complex_mult_twiddle:UUT9|c2b_Yr_s[-9]   ; Lost fanout                                                       ;
; fft16OPT:UUT|complex_mult_twiddle:UUT9|c2b_Yr_s[-10]  ; Lost fanout                                                       ;
; fft16OPT:UUT|complex_mult_twiddle:UUT9|c2b_Yr_s[-11]  ; Lost fanout                                                       ;
; fft16OPT:UUT|complex_mult_twiddle:UUT9|c1Yi_s[0]      ; Lost fanout                                                       ;
; fft16OPT:UUT|complex_mult_twiddle:UUT9|c1Yi_s[-1]     ; Lost fanout                                                       ;
; fft16OPT:UUT|complex_mult_twiddle:UUT9|c1Yi_s[-2]     ; Lost fanout                                                       ;
; fft16OPT:UUT|complex_mult_twiddle:UUT9|c1Yi_s[-3]     ; Lost fanout                                                       ;
; fft16OPT:UUT|complex_mult_twiddle:UUT9|c1Yi_s[-4]     ; Lost fanout                                                       ;
; fft16OPT:UUT|complex_mult_twiddle:UUT9|c1Yi_s[-5]     ; Lost fanout                                                       ;
; fft16OPT:UUT|complex_mult_twiddle:UUT9|c1Yi_s[-6]     ; Lost fanout                                                       ;
; fft16OPT:UUT|complex_mult_twiddle:UUT9|c1Yi_s[-7]     ; Lost fanout                                                       ;
; fft16OPT:UUT|complex_mult_twiddle:UUT9|c1Yi_s[-8]     ; Lost fanout                                                       ;
; fft16OPT:UUT|complex_mult_twiddle:UUT9|c1Yi_s[-9]     ; Lost fanout                                                       ;
; fft16OPT:UUT|complex_mult_twiddle:UUT9|c1Yi_s[-10]    ; Lost fanout                                                       ;
; fft16OPT:UUT|complex_mult_twiddle:UUT9|c1Yi_s[-11]    ; Lost fanout                                                       ;
; fft16OPT:UUT|complex_mult_twiddle:UUT9|c1a_Yi_s[0]    ; Lost fanout                                                       ;
; fft16OPT:UUT|complex_mult_twiddle:UUT9|c1a_Yi_s[-1]   ; Lost fanout                                                       ;
; fft16OPT:UUT|complex_mult_twiddle:UUT9|c1a_Yi_s[-2]   ; Lost fanout                                                       ;
; fft16OPT:UUT|complex_mult_twiddle:UUT9|c1a_Yi_s[-3]   ; Lost fanout                                                       ;
; fft16OPT:UUT|complex_mult_twiddle:UUT9|c1a_Yi_s[-4]   ; Lost fanout                                                       ;
; fft16OPT:UUT|complex_mult_twiddle:UUT9|c1a_Yi_s[-5]   ; Lost fanout                                                       ;
; fft16OPT:UUT|complex_mult_twiddle:UUT9|c1a_Yi_s[-6]   ; Lost fanout                                                       ;
; fft16OPT:UUT|complex_mult_twiddle:UUT9|c1a_Yi_s[-7]   ; Lost fanout                                                       ;
; fft16OPT:UUT|complex_mult_twiddle:UUT9|c1a_Yi_s[-8]   ; Lost fanout                                                       ;
; fft16OPT:UUT|complex_mult_twiddle:UUT9|c1a_Yi_s[-9]   ; Lost fanout                                                       ;
; fft16OPT:UUT|complex_mult_twiddle:UUT9|c1a_Yi_s[-10]  ; Lost fanout                                                       ;
; fft16OPT:UUT|complex_mult_twiddle:UUT9|c1a_Yi_s[-11]  ; Lost fanout                                                       ;
; fft16OPT:UUT|complex_mult_twiddle:UUT9|c1b_Yi_s[0]    ; Lost fanout                                                       ;
; fft16OPT:UUT|complex_mult_twiddle:UUT9|c1b_Yi_s[-1]   ; Lost fanout                                                       ;
; fft16OPT:UUT|complex_mult_twiddle:UUT9|c1b_Yi_s[-2]   ; Lost fanout                                                       ;
; fft16OPT:UUT|complex_mult_twiddle:UUT9|c1b_Yi_s[-3]   ; Lost fanout                                                       ;
; fft16OPT:UUT|complex_mult_twiddle:UUT9|c1b_Yi_s[-4]   ; Lost fanout                                                       ;
; fft16OPT:UUT|complex_mult_twiddle:UUT9|c1b_Yi_s[-5]   ; Lost fanout                                                       ;
; fft16OPT:UUT|complex_mult_twiddle:UUT9|c1b_Yi_s[-6]   ; Lost fanout                                                       ;
; fft16OPT:UUT|complex_mult_twiddle:UUT9|c1b_Yi_s[-7]   ; Lost fanout                                                       ;
; fft16OPT:UUT|complex_mult_twiddle:UUT9|c1b_Yi_s[-8]   ; Lost fanout                                                       ;
; fft16OPT:UUT|complex_mult_twiddle:UUT9|c1b_Yi_s[-9]   ; Lost fanout                                                       ;
; fft16OPT:UUT|complex_mult_twiddle:UUT9|c1b_Yi_s[-10]  ; Lost fanout                                                       ;
; fft16OPT:UUT|complex_mult_twiddle:UUT9|c1b_Yi_s[-11]  ; Lost fanout                                                       ;
; fft16OPT:UUT|complex_mult_twiddle:UUT9|pE_s[0..2]     ; Lost fanout                                                       ;
; fft16OPT:UUT|complex_mult_twiddle:UUT9|pE_s[-1]       ; Lost fanout                                                       ;
; fft16OPT:UUT|complex_mult_twiddle:UUT9|pE_s[-2]       ; Lost fanout                                                       ;
; fft16OPT:UUT|complex_mult_twiddle:UUT9|pE_s[-3]       ; Lost fanout                                                       ;
; fft16OPT:UUT|complex_mult_twiddle:UUT9|pE_s[-4]       ; Lost fanout                                                       ;
; fft16OPT:UUT|complex_mult_twiddle:UUT9|pE_s[-5]       ; Lost fanout                                                       ;
; fft16OPT:UUT|complex_mult_twiddle:UUT9|pE_s[-6]       ; Lost fanout                                                       ;
; fft16OPT:UUT|complex_mult_twiddle:UUT9|pE_s[-7]       ; Lost fanout                                                       ;
; fft16OPT:UUT|complex_mult_twiddle:UUT9|pE_s[-8]       ; Lost fanout                                                       ;
; fft16OPT:UUT|complex_mult_twiddle:UUT9|pE_s[-9]       ; Lost fanout                                                       ;
; fft16OPT:UUT|complex_mult_twiddle:UUT9|pE_s[-10]      ; Lost fanout                                                       ;
; fft16OPT:UUT|complex_mult_twiddle:UUT9|pE_s[-11]      ; Lost fanout                                                       ;
; fft16OPT:UUT|complex_mult_twiddle:UUT9|c1Yr_s[0]      ; Lost fanout                                                       ;
; fft16OPT:UUT|complex_mult_twiddle:UUT9|c1Yr_s[-1]     ; Lost fanout                                                       ;
; fft16OPT:UUT|complex_mult_twiddle:UUT9|c1Yr_s[-2]     ; Lost fanout                                                       ;
; fft16OPT:UUT|complex_mult_twiddle:UUT9|c1Yr_s[-3]     ; Lost fanout                                                       ;
; fft16OPT:UUT|complex_mult_twiddle:UUT9|c1Yr_s[-4]     ; Lost fanout                                                       ;
; fft16OPT:UUT|complex_mult_twiddle:UUT9|c1Yr_s[-5]     ; Lost fanout                                                       ;
; fft16OPT:UUT|complex_mult_twiddle:UUT9|c1Yr_s[-6]     ; Lost fanout                                                       ;
; fft16OPT:UUT|complex_mult_twiddle:UUT9|c1Yr_s[-7]     ; Lost fanout                                                       ;
; fft16OPT:UUT|complex_mult_twiddle:UUT9|c1Yr_s[-8]     ; Lost fanout                                                       ;
; fft16OPT:UUT|complex_mult_twiddle:UUT9|c1Yr_s[-9]     ; Lost fanout                                                       ;
; fft16OPT:UUT|complex_mult_twiddle:UUT9|c1Yr_s[-10]    ; Lost fanout                                                       ;
; fft16OPT:UUT|complex_mult_twiddle:UUT9|c1Yr_s[-11]    ; Lost fanout                                                       ;
; fft16OPT:UUT|complex_mult_twiddle:UUT9|c1a_Yr_s[0]    ; Lost fanout                                                       ;
; fft16OPT:UUT|complex_mult_twiddle:UUT9|c1a_Yr_s[-1]   ; Lost fanout                                                       ;
; fft16OPT:UUT|complex_mult_twiddle:UUT9|c1a_Yr_s[-2]   ; Lost fanout                                                       ;
; fft16OPT:UUT|complex_mult_twiddle:UUT9|c1a_Yr_s[-3]   ; Lost fanout                                                       ;
; fft16OPT:UUT|complex_mult_twiddle:UUT9|c1a_Yr_s[-4]   ; Lost fanout                                                       ;
; fft16OPT:UUT|complex_mult_twiddle:UUT9|c1a_Yr_s[-5]   ; Lost fanout                                                       ;
; fft16OPT:UUT|complex_mult_twiddle:UUT9|c1a_Yr_s[-6]   ; Lost fanout                                                       ;
; fft16OPT:UUT|complex_mult_twiddle:UUT9|c1a_Yr_s[-7]   ; Lost fanout                                                       ;
; fft16OPT:UUT|complex_mult_twiddle:UUT9|c1a_Yr_s[-8]   ; Lost fanout                                                       ;
; fft16OPT:UUT|complex_mult_twiddle:UUT9|c1a_Yr_s[-9]   ; Lost fanout                                                       ;
; fft16OPT:UUT|complex_mult_twiddle:UUT9|c1a_Yr_s[-10]  ; Lost fanout                                                       ;
; fft16OPT:UUT|complex_mult_twiddle:UUT9|c1a_Yr_s[-11]  ; Lost fanout                                                       ;
; fft16OPT:UUT|complex_mult_twiddle:UUT9|c1b_Yr_s[0]    ; Lost fanout                                                       ;
; fft16OPT:UUT|complex_mult_twiddle:UUT9|c1b_Yr_s[-1]   ; Lost fanout                                                       ;
; fft16OPT:UUT|complex_mult_twiddle:UUT9|c1b_Yr_s[-2]   ; Lost fanout                                                       ;
; fft16OPT:UUT|complex_mult_twiddle:UUT9|c1b_Yr_s[-3]   ; Lost fanout                                                       ;
; fft16OPT:UUT|complex_mult_twiddle:UUT9|c1b_Yr_s[-4]   ; Lost fanout                                                       ;
; fft16OPT:UUT|complex_mult_twiddle:UUT9|c1b_Yr_s[-5]   ; Lost fanout                                                       ;
; fft16OPT:UUT|complex_mult_twiddle:UUT9|c1b_Yr_s[-6]   ; Lost fanout                                                       ;
; fft16OPT:UUT|complex_mult_twiddle:UUT9|c1b_Yr_s[-7]   ; Lost fanout                                                       ;
; fft16OPT:UUT|complex_mult_twiddle:UUT9|c1b_Yr_s[-8]   ; Lost fanout                                                       ;
; fft16OPT:UUT|complex_mult_twiddle:UUT9|c1b_Yr_s[-9]   ; Lost fanout                                                       ;
; fft16OPT:UUT|complex_mult_twiddle:UUT9|c1b_Yr_s[-10]  ; Lost fanout                                                       ;
; fft16OPT:UUT|complex_mult_twiddle:UUT9|c1b_Yr_s[-11]  ; Lost fanout                                                       ;
; fft16OPT:UUT|complex_mult_twiddle:UUT9|c2Yi_s[0]      ; Lost fanout                                                       ;
; fft16OPT:UUT|complex_mult_twiddle:UUT9|c2Yi_s[-1]     ; Lost fanout                                                       ;
; fft16OPT:UUT|complex_mult_twiddle:UUT9|c2Yi_s[-2]     ; Lost fanout                                                       ;
; fft16OPT:UUT|complex_mult_twiddle:UUT9|c2Yi_s[-3]     ; Lost fanout                                                       ;
; fft16OPT:UUT|complex_mult_twiddle:UUT9|c2Yi_s[-4]     ; Lost fanout                                                       ;
; fft16OPT:UUT|complex_mult_twiddle:UUT9|c2Yi_s[-5]     ; Lost fanout                                                       ;
; fft16OPT:UUT|complex_mult_twiddle:UUT9|c2Yi_s[-6]     ; Lost fanout                                                       ;
; fft16OPT:UUT|complex_mult_twiddle:UUT9|c2Yi_s[-7]     ; Lost fanout                                                       ;
; fft16OPT:UUT|complex_mult_twiddle:UUT9|c2Yi_s[-8]     ; Lost fanout                                                       ;
; fft16OPT:UUT|complex_mult_twiddle:UUT9|c2Yi_s[-9]     ; Lost fanout                                                       ;
; fft16OPT:UUT|complex_mult_twiddle:UUT9|c2Yi_s[-10]    ; Lost fanout                                                       ;
; fft16OPT:UUT|complex_mult_twiddle:UUT9|c2Yi_s[-11]    ; Lost fanout                                                       ;
; fft16OPT:UUT|complex_mult_twiddle:UUT9|c2a_Yi_s[0]    ; Lost fanout                                                       ;
; fft16OPT:UUT|complex_mult_twiddle:UUT9|c2a_Yi_s[-1]   ; Lost fanout                                                       ;
; fft16OPT:UUT|complex_mult_twiddle:UUT9|c2a_Yi_s[-2]   ; Lost fanout                                                       ;
; fft16OPT:UUT|complex_mult_twiddle:UUT9|c2a_Yi_s[-3]   ; Lost fanout                                                       ;
; fft16OPT:UUT|complex_mult_twiddle:UUT9|c2a_Yi_s[-4]   ; Lost fanout                                                       ;
; fft16OPT:UUT|complex_mult_twiddle:UUT9|c2a_Yi_s[-5]   ; Lost fanout                                                       ;
; fft16OPT:UUT|complex_mult_twiddle:UUT9|c2a_Yi_s[-6]   ; Lost fanout                                                       ;
; fft16OPT:UUT|complex_mult_twiddle:UUT9|c2a_Yi_s[-7]   ; Lost fanout                                                       ;
; fft16OPT:UUT|complex_mult_twiddle:UUT9|c2a_Yi_s[-8]   ; Lost fanout                                                       ;
; fft16OPT:UUT|complex_mult_twiddle:UUT9|c2a_Yi_s[-9]   ; Lost fanout                                                       ;
; fft16OPT:UUT|complex_mult_twiddle:UUT9|c2a_Yi_s[-10]  ; Lost fanout                                                       ;
; fft16OPT:UUT|complex_mult_twiddle:UUT9|c2a_Yi_s[-11]  ; Lost fanout                                                       ;
; fft16OPT:UUT|complex_mult_twiddle:UUT9|c2b_Yi_s[0]    ; Lost fanout                                                       ;
; fft16OPT:UUT|complex_mult_twiddle:UUT9|c2b_Yi_s[-1]   ; Lost fanout                                                       ;
; fft16OPT:UUT|complex_mult_twiddle:UUT9|c2b_Yi_s[-2]   ; Lost fanout                                                       ;
; fft16OPT:UUT|complex_mult_twiddle:UUT9|c2b_Yi_s[-3]   ; Lost fanout                                                       ;
; fft16OPT:UUT|complex_mult_twiddle:UUT9|c2b_Yi_s[-4]   ; Lost fanout                                                       ;
; fft16OPT:UUT|complex_mult_twiddle:UUT9|c2b_Yi_s[-5]   ; Lost fanout                                                       ;
; fft16OPT:UUT|complex_mult_twiddle:UUT9|c2b_Yi_s[-6]   ; Lost fanout                                                       ;
; fft16OPT:UUT|complex_mult_twiddle:UUT9|c2b_Yi_s[-7]   ; Lost fanout                                                       ;
; fft16OPT:UUT|complex_mult_twiddle:UUT9|c2b_Yi_s[-8]   ; Lost fanout                                                       ;
; fft16OPT:UUT|complex_mult_twiddle:UUT9|c2b_Yi_s[-9]   ; Lost fanout                                                       ;
; fft16OPT:UUT|complex_mult_twiddle:UUT9|c2b_Yi_s[-10]  ; Lost fanout                                                       ;
; fft16OPT:UUT|complex_mult_twiddle:UUT9|c2b_Yi_s[-11]  ; Lost fanout                                                       ;
; fft16OPT:UUT|complex_mult_twiddle:UUT8|pB_s[0]        ; Lost fanout                                                       ;
; fft16OPT:UUT|complex_mult_twiddle:UUT8|pB_s[-1]       ; Lost fanout                                                       ;
; fft16OPT:UUT|complex_mult_twiddle:UUT8|pB_s[-2]       ; Lost fanout                                                       ;
; fft16OPT:UUT|complex_mult_twiddle:UUT8|pB_s[-3]       ; Lost fanout                                                       ;
; fft16OPT:UUT|complex_mult_twiddle:UUT8|pB_s[-4]       ; Lost fanout                                                       ;
; fft16OPT:UUT|complex_mult_twiddle:UUT8|pB_s[-5]       ; Lost fanout                                                       ;
; fft16OPT:UUT|complex_mult_twiddle:UUT8|pB_s[-6]       ; Lost fanout                                                       ;
; fft16OPT:UUT|complex_mult_twiddle:UUT8|pB_s[-7]       ; Lost fanout                                                       ;
; fft16OPT:UUT|complex_mult_twiddle:UUT8|pB_s[-8]       ; Lost fanout                                                       ;
; fft16OPT:UUT|complex_mult_twiddle:UUT8|pB_s[-9]       ; Lost fanout                                                       ;
; fft16OPT:UUT|complex_mult_twiddle:UUT8|pB_s[-10]      ; Lost fanout                                                       ;
; fft16OPT:UUT|complex_mult_twiddle:UUT8|pB_s[-11]      ; Lost fanout                                                       ;
; fft16OPT:UUT|complex_mult_twiddle:UUT8|pF_s[0]        ; Lost fanout                                                       ;
; fft16OPT:UUT|complex_mult_twiddle:UUT8|pF_s[-1]       ; Lost fanout                                                       ;
; fft16OPT:UUT|complex_mult_twiddle:UUT8|pF_s[-2]       ; Lost fanout                                                       ;
; fft16OPT:UUT|complex_mult_twiddle:UUT8|pF_s[-3]       ; Lost fanout                                                       ;
; fft16OPT:UUT|complex_mult_twiddle:UUT8|pF_s[-4]       ; Lost fanout                                                       ;
; fft16OPT:UUT|complex_mult_twiddle:UUT8|pF_s[-5]       ; Lost fanout                                                       ;
; fft16OPT:UUT|complex_mult_twiddle:UUT8|pF_s[-6]       ; Lost fanout                                                       ;
; fft16OPT:UUT|complex_mult_twiddle:UUT8|pF_s[-7]       ; Lost fanout                                                       ;
; fft16OPT:UUT|complex_mult_twiddle:UUT8|pF_s[-8]       ; Lost fanout                                                       ;
; fft16OPT:UUT|complex_mult_twiddle:UUT8|pF_s[-9]       ; Lost fanout                                                       ;
; fft16OPT:UUT|complex_mult_twiddle:UUT8|pF_s[-10]      ; Lost fanout                                                       ;
; fft16OPT:UUT|complex_mult_twiddle:UUT8|pF_s[-11]      ; Lost fanout                                                       ;
; fft16OPT:UUT|complex_mult_twiddle:UUT8|Yi_s2[0]       ; Lost fanout                                                       ;
; fft16OPT:UUT|complex_mult_twiddle:UUT8|Yi_s1b[0]      ; Lost fanout                                                       ;
; fft16OPT:UUT|complex_mult_twiddle:UUT8|Yi_s1a[0]      ; Lost fanout                                                       ;
; fft16OPT:UUT|complex_mult_twiddle:UUT8|Yi_s2[-1]      ; Lost fanout                                                       ;
; fft16OPT:UUT|complex_mult_twiddle:UUT8|Yi_s1b[-1]     ; Lost fanout                                                       ;
; fft16OPT:UUT|complex_mult_twiddle:UUT8|Yi_s1a[-1]     ; Lost fanout                                                       ;
; fft16OPT:UUT|complex_mult_twiddle:UUT8|Yi_s2[-2]      ; Lost fanout                                                       ;
; fft16OPT:UUT|complex_mult_twiddle:UUT8|Yi_s1b[-2]     ; Lost fanout                                                       ;
; fft16OPT:UUT|complex_mult_twiddle:UUT8|Yi_s1a[-2]     ; Lost fanout                                                       ;
; fft16OPT:UUT|complex_mult_twiddle:UUT8|Yi_s2[-3]      ; Lost fanout                                                       ;
; fft16OPT:UUT|complex_mult_twiddle:UUT8|Yi_s1b[-3]     ; Lost fanout                                                       ;
; fft16OPT:UUT|complex_mult_twiddle:UUT8|Yi_s1a[-3]     ; Lost fanout                                                       ;
; fft16OPT:UUT|complex_mult_twiddle:UUT8|Yi_s2[-4]      ; Lost fanout                                                       ;
; fft16OPT:UUT|complex_mult_twiddle:UUT8|Yi_s1b[-4]     ; Lost fanout                                                       ;
; fft16OPT:UUT|complex_mult_twiddle:UUT8|Yi_s1a[-4]     ; Lost fanout                                                       ;
; fft16OPT:UUT|complex_mult_twiddle:UUT8|Yi_s2[-5]      ; Lost fanout                                                       ;
; fft16OPT:UUT|complex_mult_twiddle:UUT8|Yi_s1b[-5]     ; Lost fanout                                                       ;
; fft16OPT:UUT|complex_mult_twiddle:UUT8|Yi_s1a[-5]     ; Lost fanout                                                       ;
; fft16OPT:UUT|complex_mult_twiddle:UUT8|Yi_s2[-6]      ; Lost fanout                                                       ;
; fft16OPT:UUT|complex_mult_twiddle:UUT8|Yi_s1b[-6]     ; Lost fanout                                                       ;
; fft16OPT:UUT|complex_mult_twiddle:UUT8|Yi_s1a[-6]     ; Lost fanout                                                       ;
; fft16OPT:UUT|complex_mult_twiddle:UUT8|Yi_s2[-7]      ; Lost fanout                                                       ;
; fft16OPT:UUT|complex_mult_twiddle:UUT8|Yi_s1b[-7]     ; Lost fanout                                                       ;
; fft16OPT:UUT|complex_mult_twiddle:UUT8|Yi_s1a[-7]     ; Lost fanout                                                       ;
; fft16OPT:UUT|complex_mult_twiddle:UUT8|Yi_s2[-8]      ; Lost fanout                                                       ;
; fft16OPT:UUT|complex_mult_twiddle:UUT8|Yi_s1b[-8]     ; Lost fanout                                                       ;
; fft16OPT:UUT|complex_mult_twiddle:UUT8|Yi_s1a[-8]     ; Lost fanout                                                       ;
; fft16OPT:UUT|complex_mult_twiddle:UUT8|Yi_s2[-9]      ; Lost fanout                                                       ;
; fft16OPT:UUT|complex_mult_twiddle:UUT8|Yi_s1b[-9]     ; Lost fanout                                                       ;
; fft16OPT:UUT|complex_mult_twiddle:UUT8|Yi_s1a[-9]     ; Lost fanout                                                       ;
; fft16OPT:UUT|complex_mult_twiddle:UUT8|Yi_s2[-10]     ; Lost fanout                                                       ;
; fft16OPT:UUT|complex_mult_twiddle:UUT8|Yi_s1b[-10]    ; Lost fanout                                                       ;
; fft16OPT:UUT|complex_mult_twiddle:UUT8|Yi_s1a[-10]    ; Lost fanout                                                       ;
; fft16OPT:UUT|complex_mult_twiddle:UUT8|Yr_s2[0]       ; Lost fanout                                                       ;
; fft16OPT:UUT|complex_mult_twiddle:UUT8|Yr_s1b[0]      ; Lost fanout                                                       ;
; fft16OPT:UUT|complex_mult_twiddle:UUT8|Yr_s1a[0]      ; Lost fanout                                                       ;
; fft16OPT:UUT|complex_mult_twiddle:UUT8|Yr_s2[-1]      ; Lost fanout                                                       ;
; fft16OPT:UUT|complex_mult_twiddle:UUT8|Yr_s1b[-1]     ; Lost fanout                                                       ;
; fft16OPT:UUT|complex_mult_twiddle:UUT8|Yr_s1a[-1]     ; Lost fanout                                                       ;
; fft16OPT:UUT|complex_mult_twiddle:UUT8|Yr_s2[-2]      ; Lost fanout                                                       ;
; fft16OPT:UUT|complex_mult_twiddle:UUT8|Yr_s1b[-2]     ; Lost fanout                                                       ;
; fft16OPT:UUT|complex_mult_twiddle:UUT8|Yr_s1a[-2]     ; Lost fanout                                                       ;
; fft16OPT:UUT|complex_mult_twiddle:UUT8|Yr_s2[-3]      ; Lost fanout                                                       ;
; fft16OPT:UUT|complex_mult_twiddle:UUT8|Yr_s1b[-3]     ; Lost fanout                                                       ;
; fft16OPT:UUT|complex_mult_twiddle:UUT8|Yr_s1a[-3]     ; Lost fanout                                                       ;
; fft16OPT:UUT|complex_mult_twiddle:UUT8|Yr_s2[-4]      ; Lost fanout                                                       ;
; fft16OPT:UUT|complex_mult_twiddle:UUT8|Yr_s1b[-4]     ; Lost fanout                                                       ;
; fft16OPT:UUT|complex_mult_twiddle:UUT8|Yr_s1a[-4]     ; Lost fanout                                                       ;
; fft16OPT:UUT|complex_mult_twiddle:UUT8|Yr_s2[-5]      ; Lost fanout                                                       ;
; fft16OPT:UUT|complex_mult_twiddle:UUT8|Yr_s1b[-5]     ; Lost fanout                                                       ;
; fft16OPT:UUT|complex_mult_twiddle:UUT8|Yr_s1a[-5]     ; Lost fanout                                                       ;
; fft16OPT:UUT|complex_mult_twiddle:UUT8|Yr_s2[-6]      ; Lost fanout                                                       ;
; fft16OPT:UUT|complex_mult_twiddle:UUT8|Yr_s1b[-6]     ; Lost fanout                                                       ;
; fft16OPT:UUT|complex_mult_twiddle:UUT8|Yr_s1a[-6]     ; Lost fanout                                                       ;
; fft16OPT:UUT|complex_mult_twiddle:UUT8|Yr_s2[-7]      ; Lost fanout                                                       ;
; fft16OPT:UUT|complex_mult_twiddle:UUT8|Yr_s1b[-7]     ; Lost fanout                                                       ;
; fft16OPT:UUT|complex_mult_twiddle:UUT8|Yr_s1a[-7]     ; Lost fanout                                                       ;
; fft16OPT:UUT|complex_mult_twiddle:UUT8|Yr_s2[-8]      ; Lost fanout                                                       ;
; fft16OPT:UUT|complex_mult_twiddle:UUT8|Yr_s1b[-8]     ; Lost fanout                                                       ;
; fft16OPT:UUT|complex_mult_twiddle:UUT8|Yr_s1a[-8]     ; Lost fanout                                                       ;
; fft16OPT:UUT|complex_mult_twiddle:UUT8|Yr_s2[-9]      ; Lost fanout                                                       ;
; fft16OPT:UUT|complex_mult_twiddle:UUT8|Yr_s1b[-9]     ; Lost fanout                                                       ;
; fft16OPT:UUT|complex_mult_twiddle:UUT8|Yr_s1a[-9]     ; Lost fanout                                                       ;
; fft16OPT:UUT|complex_mult_twiddle:UUT8|Yr_s2[-10]     ; Lost fanout                                                       ;
; fft16OPT:UUT|complex_mult_twiddle:UUT8|Yr_s1b[-10]    ; Lost fanout                                                       ;
; fft16OPT:UUT|complex_mult_twiddle:UUT8|Yr_s1a[-10]    ; Lost fanout                                                       ;
; fft16OPT:UUT|complex_mult_twiddle:UUT8|Yr_s2[-11]     ; Lost fanout                                                       ;
; fft16OPT:UUT|complex_mult_twiddle:UUT8|Yr_s1b[-11]    ; Lost fanout                                                       ;
; fft16OPT:UUT|complex_mult_twiddle:UUT8|Yr_s1a[-11]    ; Lost fanout                                                       ;
; fft16OPT:UUT|complex_mult_twiddle:UUT8|pC_s[1,2]      ; Lost fanout                                                       ;
; fft16OPT:UUT|complex_mult_twiddle:UUT8|pA_s[0..2]     ; Lost fanout                                                       ;
; fft16OPT:UUT|complex_mult_twiddle:UUT8|pA_s[-1]       ; Lost fanout                                                       ;
; fft16OPT:UUT|complex_mult_twiddle:UUT8|pA_s[-2]       ; Lost fanout                                                       ;
; fft16OPT:UUT|complex_mult_twiddle:UUT8|pA_s[-3]       ; Lost fanout                                                       ;
; fft16OPT:UUT|complex_mult_twiddle:UUT8|pA_s[-4]       ; Lost fanout                                                       ;
; fft16OPT:UUT|complex_mult_twiddle:UUT8|pA_s[-5]       ; Lost fanout                                                       ;
; fft16OPT:UUT|complex_mult_twiddle:UUT8|pA_s[-6]       ; Lost fanout                                                       ;
; fft16OPT:UUT|complex_mult_twiddle:UUT8|pA_s[-7]       ; Lost fanout                                                       ;
; fft16OPT:UUT|complex_mult_twiddle:UUT8|pA_s[-8]       ; Lost fanout                                                       ;
; fft16OPT:UUT|complex_mult_twiddle:UUT8|pA_s[-9]       ; Lost fanout                                                       ;
; fft16OPT:UUT|complex_mult_twiddle:UUT8|pA_s[-10]      ; Lost fanout                                                       ;
; fft16OPT:UUT|complex_mult_twiddle:UUT8|pA_s[-11]      ; Lost fanout                                                       ;
; fft16OPT:UUT|complex_mult_twiddle:UUT8|c2Yr_s[0]      ; Lost fanout                                                       ;
; fft16OPT:UUT|complex_mult_twiddle:UUT8|c2Yr_s[-1]     ; Lost fanout                                                       ;
; fft16OPT:UUT|complex_mult_twiddle:UUT8|c2Yr_s[-2]     ; Lost fanout                                                       ;
; fft16OPT:UUT|complex_mult_twiddle:UUT8|c2Yr_s[-3]     ; Lost fanout                                                       ;
; fft16OPT:UUT|complex_mult_twiddle:UUT8|c2Yr_s[-4]     ; Lost fanout                                                       ;
; fft16OPT:UUT|complex_mult_twiddle:UUT8|c2Yr_s[-5]     ; Lost fanout                                                       ;
; fft16OPT:UUT|complex_mult_twiddle:UUT8|c2Yr_s[-6]     ; Lost fanout                                                       ;
; fft16OPT:UUT|complex_mult_twiddle:UUT8|c2Yr_s[-7]     ; Lost fanout                                                       ;
; fft16OPT:UUT|complex_mult_twiddle:UUT8|c2Yr_s[-8]     ; Lost fanout                                                       ;
; fft16OPT:UUT|complex_mult_twiddle:UUT8|c2Yr_s[-9]     ; Lost fanout                                                       ;
; fft16OPT:UUT|complex_mult_twiddle:UUT8|c2Yr_s[-10]    ; Lost fanout                                                       ;
; fft16OPT:UUT|complex_mult_twiddle:UUT8|c2Yr_s[-11]    ; Lost fanout                                                       ;
; fft16OPT:UUT|complex_mult_twiddle:UUT8|c2a_Yr_s[0]    ; Lost fanout                                                       ;
; fft16OPT:UUT|complex_mult_twiddle:UUT8|c2a_Yr_s[-1]   ; Lost fanout                                                       ;
; fft16OPT:UUT|complex_mult_twiddle:UUT8|c2a_Yr_s[-2]   ; Lost fanout                                                       ;
; fft16OPT:UUT|complex_mult_twiddle:UUT8|c2a_Yr_s[-3]   ; Lost fanout                                                       ;
; fft16OPT:UUT|complex_mult_twiddle:UUT8|c2a_Yr_s[-4]   ; Lost fanout                                                       ;
; fft16OPT:UUT|complex_mult_twiddle:UUT8|c2a_Yr_s[-5]   ; Lost fanout                                                       ;
; fft16OPT:UUT|complex_mult_twiddle:UUT8|c2a_Yr_s[-6]   ; Lost fanout                                                       ;
; fft16OPT:UUT|complex_mult_twiddle:UUT8|c2a_Yr_s[-7]   ; Lost fanout                                                       ;
; fft16OPT:UUT|complex_mult_twiddle:UUT8|c2a_Yr_s[-8]   ; Lost fanout                                                       ;
; fft16OPT:UUT|complex_mult_twiddle:UUT8|c2a_Yr_s[-9]   ; Lost fanout                                                       ;
; fft16OPT:UUT|complex_mult_twiddle:UUT8|c2a_Yr_s[-10]  ; Lost fanout                                                       ;
; fft16OPT:UUT|complex_mult_twiddle:UUT8|c2a_Yr_s[-11]  ; Lost fanout                                                       ;
; fft16OPT:UUT|complex_mult_twiddle:UUT8|c2b_Yr_s[0]    ; Lost fanout                                                       ;
; fft16OPT:UUT|complex_mult_twiddle:UUT8|c2b_Yr_s[-1]   ; Lost fanout                                                       ;
; fft16OPT:UUT|complex_mult_twiddle:UUT8|c2b_Yr_s[-2]   ; Lost fanout                                                       ;
; fft16OPT:UUT|complex_mult_twiddle:UUT8|c2b_Yr_s[-3]   ; Lost fanout                                                       ;
; fft16OPT:UUT|complex_mult_twiddle:UUT8|c2b_Yr_s[-4]   ; Lost fanout                                                       ;
; fft16OPT:UUT|complex_mult_twiddle:UUT8|c2b_Yr_s[-5]   ; Lost fanout                                                       ;
; fft16OPT:UUT|complex_mult_twiddle:UUT8|c2b_Yr_s[-6]   ; Lost fanout                                                       ;
; fft16OPT:UUT|complex_mult_twiddle:UUT8|c2b_Yr_s[-7]   ; Lost fanout                                                       ;
; fft16OPT:UUT|complex_mult_twiddle:UUT8|c2b_Yr_s[-8]   ; Lost fanout                                                       ;
; fft16OPT:UUT|complex_mult_twiddle:UUT8|c2b_Yr_s[-9]   ; Lost fanout                                                       ;
; fft16OPT:UUT|complex_mult_twiddle:UUT8|c2b_Yr_s[-10]  ; Lost fanout                                                       ;
; fft16OPT:UUT|complex_mult_twiddle:UUT8|c2b_Yr_s[-11]  ; Lost fanout                                                       ;
; fft16OPT:UUT|complex_mult_twiddle:UUT8|c1Yi_s[0]      ; Lost fanout                                                       ;
; fft16OPT:UUT|complex_mult_twiddle:UUT8|c1Yi_s[-1]     ; Lost fanout                                                       ;
; fft16OPT:UUT|complex_mult_twiddle:UUT8|c1Yi_s[-2]     ; Lost fanout                                                       ;
; fft16OPT:UUT|complex_mult_twiddle:UUT8|c1Yi_s[-3]     ; Lost fanout                                                       ;
; fft16OPT:UUT|complex_mult_twiddle:UUT8|c1Yi_s[-4]     ; Lost fanout                                                       ;
; fft16OPT:UUT|complex_mult_twiddle:UUT8|c1Yi_s[-5]     ; Lost fanout                                                       ;
; fft16OPT:UUT|complex_mult_twiddle:UUT8|c1Yi_s[-6]     ; Lost fanout                                                       ;
; fft16OPT:UUT|complex_mult_twiddle:UUT8|c1Yi_s[-7]     ; Lost fanout                                                       ;
; fft16OPT:UUT|complex_mult_twiddle:UUT8|c1Yi_s[-8]     ; Lost fanout                                                       ;
; fft16OPT:UUT|complex_mult_twiddle:UUT8|c1Yi_s[-9]     ; Lost fanout                                                       ;
; fft16OPT:UUT|complex_mult_twiddle:UUT8|c1Yi_s[-10]    ; Lost fanout                                                       ;
; fft16OPT:UUT|complex_mult_twiddle:UUT8|c1Yi_s[-11]    ; Lost fanout                                                       ;
; fft16OPT:UUT|complex_mult_twiddle:UUT8|c1a_Yi_s[0]    ; Lost fanout                                                       ;
; fft16OPT:UUT|complex_mult_twiddle:UUT8|c1a_Yi_s[-1]   ; Lost fanout                                                       ;
; fft16OPT:UUT|complex_mult_twiddle:UUT8|c1a_Yi_s[-2]   ; Lost fanout                                                       ;
; fft16OPT:UUT|complex_mult_twiddle:UUT8|c1a_Yi_s[-3]   ; Lost fanout                                                       ;
; fft16OPT:UUT|complex_mult_twiddle:UUT8|c1a_Yi_s[-4]   ; Lost fanout                                                       ;
; fft16OPT:UUT|complex_mult_twiddle:UUT8|c1a_Yi_s[-5]   ; Lost fanout                                                       ;
; fft16OPT:UUT|complex_mult_twiddle:UUT8|c1a_Yi_s[-6]   ; Lost fanout                                                       ;
; fft16OPT:UUT|complex_mult_twiddle:UUT8|c1a_Yi_s[-7]   ; Lost fanout                                                       ;
; fft16OPT:UUT|complex_mult_twiddle:UUT8|c1a_Yi_s[-8]   ; Lost fanout                                                       ;
; fft16OPT:UUT|complex_mult_twiddle:UUT8|c1a_Yi_s[-9]   ; Lost fanout                                                       ;
; fft16OPT:UUT|complex_mult_twiddle:UUT8|c1a_Yi_s[-10]  ; Lost fanout                                                       ;
; fft16OPT:UUT|complex_mult_twiddle:UUT8|c1a_Yi_s[-11]  ; Lost fanout                                                       ;
; fft16OPT:UUT|complex_mult_twiddle:UUT8|c1b_Yi_s[0]    ; Lost fanout                                                       ;
; fft16OPT:UUT|complex_mult_twiddle:UUT8|c1b_Yi_s[-1]   ; Lost fanout                                                       ;
; fft16OPT:UUT|complex_mult_twiddle:UUT8|c1b_Yi_s[-2]   ; Lost fanout                                                       ;
; fft16OPT:UUT|complex_mult_twiddle:UUT8|c1b_Yi_s[-3]   ; Lost fanout                                                       ;
; fft16OPT:UUT|complex_mult_twiddle:UUT8|c1b_Yi_s[-4]   ; Lost fanout                                                       ;
; fft16OPT:UUT|complex_mult_twiddle:UUT8|c1b_Yi_s[-5]   ; Lost fanout                                                       ;
; fft16OPT:UUT|complex_mult_twiddle:UUT8|c1b_Yi_s[-6]   ; Lost fanout                                                       ;
; fft16OPT:UUT|complex_mult_twiddle:UUT8|c1b_Yi_s[-7]   ; Lost fanout                                                       ;
; fft16OPT:UUT|complex_mult_twiddle:UUT8|c1b_Yi_s[-8]   ; Lost fanout                                                       ;
; fft16OPT:UUT|complex_mult_twiddle:UUT8|c1b_Yi_s[-9]   ; Lost fanout                                                       ;
; fft16OPT:UUT|complex_mult_twiddle:UUT8|c1b_Yi_s[-10]  ; Lost fanout                                                       ;
; fft16OPT:UUT|complex_mult_twiddle:UUT8|c1b_Yi_s[-11]  ; Lost fanout                                                       ;
; fft16OPT:UUT|complex_mult_twiddle:UUT8|pE_s[0..2]     ; Lost fanout                                                       ;
; fft16OPT:UUT|complex_mult_twiddle:UUT8|pE_s[-1]       ; Lost fanout                                                       ;
; fft16OPT:UUT|complex_mult_twiddle:UUT8|pE_s[-2]       ; Lost fanout                                                       ;
; fft16OPT:UUT|complex_mult_twiddle:UUT8|pE_s[-3]       ; Lost fanout                                                       ;
; fft16OPT:UUT|complex_mult_twiddle:UUT8|pE_s[-4]       ; Lost fanout                                                       ;
; fft16OPT:UUT|complex_mult_twiddle:UUT8|pE_s[-5]       ; Lost fanout                                                       ;
; fft16OPT:UUT|complex_mult_twiddle:UUT8|pE_s[-6]       ; Lost fanout                                                       ;
; fft16OPT:UUT|complex_mult_twiddle:UUT8|pE_s[-7]       ; Lost fanout                                                       ;
; fft16OPT:UUT|complex_mult_twiddle:UUT8|pE_s[-8]       ; Lost fanout                                                       ;
; fft16OPT:UUT|complex_mult_twiddle:UUT8|pE_s[-9]       ; Lost fanout                                                       ;
; fft16OPT:UUT|complex_mult_twiddle:UUT8|pE_s[-10]      ; Lost fanout                                                       ;
; fft16OPT:UUT|complex_mult_twiddle:UUT8|pE_s[-11]      ; Lost fanout                                                       ;
; fft16OPT:UUT|complex_mult_twiddle:UUT8|c1Yr_s[0]      ; Lost fanout                                                       ;
; fft16OPT:UUT|complex_mult_twiddle:UUT8|c1Yr_s[-1]     ; Lost fanout                                                       ;
; fft16OPT:UUT|complex_mult_twiddle:UUT8|c1Yr_s[-2]     ; Lost fanout                                                       ;
; fft16OPT:UUT|complex_mult_twiddle:UUT8|c1Yr_s[-3]     ; Lost fanout                                                       ;
; fft16OPT:UUT|complex_mult_twiddle:UUT8|c1Yr_s[-4]     ; Lost fanout                                                       ;
; fft16OPT:UUT|complex_mult_twiddle:UUT8|c1Yr_s[-5]     ; Lost fanout                                                       ;
; fft16OPT:UUT|complex_mult_twiddle:UUT8|c1Yr_s[-6]     ; Lost fanout                                                       ;
; fft16OPT:UUT|complex_mult_twiddle:UUT8|c1Yr_s[-7]     ; Lost fanout                                                       ;
; fft16OPT:UUT|complex_mult_twiddle:UUT8|c1Yr_s[-8]     ; Lost fanout                                                       ;
; fft16OPT:UUT|complex_mult_twiddle:UUT8|c1Yr_s[-9]     ; Lost fanout                                                       ;
; fft16OPT:UUT|complex_mult_twiddle:UUT8|c1Yr_s[-10]    ; Lost fanout                                                       ;
; fft16OPT:UUT|complex_mult_twiddle:UUT8|c1Yr_s[-11]    ; Lost fanout                                                       ;
; fft16OPT:UUT|complex_mult_twiddle:UUT8|c1a_Yr_s[0]    ; Lost fanout                                                       ;
; fft16OPT:UUT|complex_mult_twiddle:UUT8|c1a_Yr_s[-1]   ; Lost fanout                                                       ;
; fft16OPT:UUT|complex_mult_twiddle:UUT8|c1a_Yr_s[-2]   ; Lost fanout                                                       ;
; fft16OPT:UUT|complex_mult_twiddle:UUT8|c1a_Yr_s[-3]   ; Lost fanout                                                       ;
; fft16OPT:UUT|complex_mult_twiddle:UUT8|c1a_Yr_s[-4]   ; Lost fanout                                                       ;
; fft16OPT:UUT|complex_mult_twiddle:UUT8|c1a_Yr_s[-5]   ; Lost fanout                                                       ;
; fft16OPT:UUT|complex_mult_twiddle:UUT8|c1a_Yr_s[-6]   ; Lost fanout                                                       ;
; fft16OPT:UUT|complex_mult_twiddle:UUT8|c1a_Yr_s[-7]   ; Lost fanout                                                       ;
; fft16OPT:UUT|complex_mult_twiddle:UUT8|c1a_Yr_s[-8]   ; Lost fanout                                                       ;
; fft16OPT:UUT|complex_mult_twiddle:UUT8|c1a_Yr_s[-9]   ; Lost fanout                                                       ;
; fft16OPT:UUT|complex_mult_twiddle:UUT8|c1a_Yr_s[-10]  ; Lost fanout                                                       ;
; fft16OPT:UUT|complex_mult_twiddle:UUT8|c1a_Yr_s[-11]  ; Lost fanout                                                       ;
; fft16OPT:UUT|complex_mult_twiddle:UUT8|c1b_Yr_s[0]    ; Lost fanout                                                       ;
; fft16OPT:UUT|complex_mult_twiddle:UUT8|c1b_Yr_s[-1]   ; Lost fanout                                                       ;
; fft16OPT:UUT|complex_mult_twiddle:UUT8|c1b_Yr_s[-2]   ; Lost fanout                                                       ;
; fft16OPT:UUT|complex_mult_twiddle:UUT8|c1b_Yr_s[-3]   ; Lost fanout                                                       ;
; fft16OPT:UUT|complex_mult_twiddle:UUT8|c1b_Yr_s[-4]   ; Lost fanout                                                       ;
; fft16OPT:UUT|complex_mult_twiddle:UUT8|c1b_Yr_s[-5]   ; Lost fanout                                                       ;
; fft16OPT:UUT|complex_mult_twiddle:UUT8|c1b_Yr_s[-6]   ; Lost fanout                                                       ;
; fft16OPT:UUT|complex_mult_twiddle:UUT8|c1b_Yr_s[-7]   ; Lost fanout                                                       ;
; fft16OPT:UUT|complex_mult_twiddle:UUT8|c1b_Yr_s[-8]   ; Lost fanout                                                       ;
; fft16OPT:UUT|complex_mult_twiddle:UUT8|c1b_Yr_s[-9]   ; Lost fanout                                                       ;
; fft16OPT:UUT|complex_mult_twiddle:UUT8|c1b_Yr_s[-10]  ; Lost fanout                                                       ;
; fft16OPT:UUT|complex_mult_twiddle:UUT8|c1b_Yr_s[-11]  ; Lost fanout                                                       ;
; fft16OPT:UUT|complex_mult_twiddle:UUT8|c2Yi_s[0]      ; Lost fanout                                                       ;
; fft16OPT:UUT|complex_mult_twiddle:UUT8|c2Yi_s[-1]     ; Lost fanout                                                       ;
; fft16OPT:UUT|complex_mult_twiddle:UUT8|c2Yi_s[-2]     ; Lost fanout                                                       ;
; fft16OPT:UUT|complex_mult_twiddle:UUT8|c2Yi_s[-3]     ; Lost fanout                                                       ;
; fft16OPT:UUT|complex_mult_twiddle:UUT8|c2Yi_s[-4]     ; Lost fanout                                                       ;
; fft16OPT:UUT|complex_mult_twiddle:UUT8|c2Yi_s[-5]     ; Lost fanout                                                       ;
; fft16OPT:UUT|complex_mult_twiddle:UUT8|c2Yi_s[-6]     ; Lost fanout                                                       ;
; fft16OPT:UUT|complex_mult_twiddle:UUT8|c2Yi_s[-7]     ; Lost fanout                                                       ;
; fft16OPT:UUT|complex_mult_twiddle:UUT8|c2Yi_s[-8]     ; Lost fanout                                                       ;
; fft16OPT:UUT|complex_mult_twiddle:UUT8|c2Yi_s[-9]     ; Lost fanout                                                       ;
; fft16OPT:UUT|complex_mult_twiddle:UUT8|c2Yi_s[-10]    ; Lost fanout                                                       ;
; fft16OPT:UUT|complex_mult_twiddle:UUT8|c2Yi_s[-11]    ; Lost fanout                                                       ;
; fft16OPT:UUT|complex_mult_twiddle:UUT8|c2a_Yi_s[0]    ; Lost fanout                                                       ;
; fft16OPT:UUT|complex_mult_twiddle:UUT8|c2a_Yi_s[-1]   ; Lost fanout                                                       ;
; fft16OPT:UUT|complex_mult_twiddle:UUT8|c2a_Yi_s[-2]   ; Lost fanout                                                       ;
; fft16OPT:UUT|complex_mult_twiddle:UUT8|c2a_Yi_s[-3]   ; Lost fanout                                                       ;
; fft16OPT:UUT|complex_mult_twiddle:UUT8|c2a_Yi_s[-4]   ; Lost fanout                                                       ;
; fft16OPT:UUT|complex_mult_twiddle:UUT8|c2a_Yi_s[-5]   ; Lost fanout                                                       ;
; fft16OPT:UUT|complex_mult_twiddle:UUT8|c2a_Yi_s[-6]   ; Lost fanout                                                       ;
; fft16OPT:UUT|complex_mult_twiddle:UUT8|c2a_Yi_s[-7]   ; Lost fanout                                                       ;
; fft16OPT:UUT|complex_mult_twiddle:UUT8|c2a_Yi_s[-8]   ; Lost fanout                                                       ;
; fft16OPT:UUT|complex_mult_twiddle:UUT8|c2a_Yi_s[-9]   ; Lost fanout                                                       ;
; fft16OPT:UUT|complex_mult_twiddle:UUT8|c2a_Yi_s[-10]  ; Lost fanout                                                       ;
; fft16OPT:UUT|complex_mult_twiddle:UUT8|c2a_Yi_s[-11]  ; Lost fanout                                                       ;
; fft16OPT:UUT|complex_mult_twiddle:UUT8|c2b_Yi_s[0]    ; Lost fanout                                                       ;
; fft16OPT:UUT|complex_mult_twiddle:UUT8|c2b_Yi_s[-1]   ; Lost fanout                                                       ;
; fft16OPT:UUT|complex_mult_twiddle:UUT8|c2b_Yi_s[-2]   ; Lost fanout                                                       ;
; fft16OPT:UUT|complex_mult_twiddle:UUT8|c2b_Yi_s[-3]   ; Lost fanout                                                       ;
; fft16OPT:UUT|complex_mult_twiddle:UUT8|c2b_Yi_s[-4]   ; Lost fanout                                                       ;
; fft16OPT:UUT|complex_mult_twiddle:UUT8|c2b_Yi_s[-5]   ; Lost fanout                                                       ;
; fft16OPT:UUT|complex_mult_twiddle:UUT8|c2b_Yi_s[-6]   ; Lost fanout                                                       ;
; fft16OPT:UUT|complex_mult_twiddle:UUT8|c2b_Yi_s[-7]   ; Lost fanout                                                       ;
; fft16OPT:UUT|complex_mult_twiddle:UUT8|c2b_Yi_s[-8]   ; Lost fanout                                                       ;
; fft16OPT:UUT|complex_mult_twiddle:UUT8|c2b_Yi_s[-9]   ; Lost fanout                                                       ;
; fft16OPT:UUT|complex_mult_twiddle:UUT8|c2b_Yi_s[-10]  ; Lost fanout                                                       ;
; fft16OPT:UUT|complex_mult_twiddle:UUT8|c2b_Yi_s[-11]  ; Lost fanout                                                       ;
; fft16OPT:UUT|complex_mult_twiddle:UUT7|Yi_s2[0]       ; Lost fanout                                                       ;
; fft16OPT:UUT|complex_mult_twiddle:UUT7|Yi_s1b[0]      ; Lost fanout                                                       ;
; fft16OPT:UUT|complex_mult_twiddle:UUT7|Yi_s1a[0]      ; Lost fanout                                                       ;
; fft16OPT:UUT|complex_mult_twiddle:UUT7|Yi_s2[-1]      ; Lost fanout                                                       ;
; fft16OPT:UUT|complex_mult_twiddle:UUT7|Yi_s1b[-1]     ; Lost fanout                                                       ;
; fft16OPT:UUT|complex_mult_twiddle:UUT7|Yi_s1a[-1]     ; Lost fanout                                                       ;
; fft16OPT:UUT|complex_mult_twiddle:UUT7|Yi_s2[-2]      ; Lost fanout                                                       ;
; fft16OPT:UUT|complex_mult_twiddle:UUT7|Yi_s1b[-2]     ; Lost fanout                                                       ;
; fft16OPT:UUT|complex_mult_twiddle:UUT7|Yi_s1a[-2]     ; Lost fanout                                                       ;
; fft16OPT:UUT|complex_mult_twiddle:UUT7|Yi_s2[-3]      ; Lost fanout                                                       ;
; fft16OPT:UUT|complex_mult_twiddle:UUT7|Yi_s1b[-3]     ; Lost fanout                                                       ;
; fft16OPT:UUT|complex_mult_twiddle:UUT7|Yi_s1a[-3]     ; Lost fanout                                                       ;
; fft16OPT:UUT|complex_mult_twiddle:UUT7|Yi_s2[-4]      ; Lost fanout                                                       ;
; fft16OPT:UUT|complex_mult_twiddle:UUT7|Yi_s1b[-4]     ; Lost fanout                                                       ;
; fft16OPT:UUT|complex_mult_twiddle:UUT7|Yi_s1a[-4]     ; Lost fanout                                                       ;
; fft16OPT:UUT|complex_mult_twiddle:UUT7|Yi_s2[-5]      ; Lost fanout                                                       ;
; fft16OPT:UUT|complex_mult_twiddle:UUT7|Yi_s1b[-5]     ; Lost fanout                                                       ;
; fft16OPT:UUT|complex_mult_twiddle:UUT7|Yi_s1a[-5]     ; Lost fanout                                                       ;
; fft16OPT:UUT|complex_mult_twiddle:UUT7|Yi_s2[-6]      ; Lost fanout                                                       ;
; fft16OPT:UUT|complex_mult_twiddle:UUT7|Yi_s1b[-6]     ; Lost fanout                                                       ;
; fft16OPT:UUT|complex_mult_twiddle:UUT7|Yi_s1a[-6]     ; Lost fanout                                                       ;
; fft16OPT:UUT|complex_mult_twiddle:UUT7|Yi_s2[-7]      ; Lost fanout                                                       ;
; fft16OPT:UUT|complex_mult_twiddle:UUT7|Yi_s1b[-7]     ; Lost fanout                                                       ;
; fft16OPT:UUT|complex_mult_twiddle:UUT7|Yi_s1a[-7]     ; Lost fanout                                                       ;
; fft16OPT:UUT|complex_mult_twiddle:UUT7|Yi_s2[-8]      ; Lost fanout                                                       ;
; fft16OPT:UUT|complex_mult_twiddle:UUT7|Yi_s1b[-8]     ; Lost fanout                                                       ;
; fft16OPT:UUT|complex_mult_twiddle:UUT7|Yi_s1a[-8]     ; Lost fanout                                                       ;
; fft16OPT:UUT|complex_mult_twiddle:UUT7|Yi_s2[-9]      ; Lost fanout                                                       ;
; fft16OPT:UUT|complex_mult_twiddle:UUT7|Yi_s1b[-9]     ; Lost fanout                                                       ;
; fft16OPT:UUT|complex_mult_twiddle:UUT7|Yi_s1a[-9]     ; Lost fanout                                                       ;
; fft16OPT:UUT|complex_mult_twiddle:UUT7|Yi_s2[-10]     ; Lost fanout                                                       ;
; fft16OPT:UUT|complex_mult_twiddle:UUT7|Yi_s1b[-10]    ; Lost fanout                                                       ;
; fft16OPT:UUT|complex_mult_twiddle:UUT7|Yi_s1a[-10]    ; Lost fanout                                                       ;
; fft16OPT:UUT|complex_mult_twiddle:UUT7|Yr_s2[0]       ; Lost fanout                                                       ;
; fft16OPT:UUT|complex_mult_twiddle:UUT7|Yr_s1b[0]      ; Lost fanout                                                       ;
; fft16OPT:UUT|complex_mult_twiddle:UUT7|Yr_s1a[0]      ; Lost fanout                                                       ;
; fft16OPT:UUT|complex_mult_twiddle:UUT7|Yr_s2[-1]      ; Lost fanout                                                       ;
; fft16OPT:UUT|complex_mult_twiddle:UUT7|Yr_s1b[-1]     ; Lost fanout                                                       ;
; fft16OPT:UUT|complex_mult_twiddle:UUT7|Yr_s1a[-1]     ; Lost fanout                                                       ;
; fft16OPT:UUT|complex_mult_twiddle:UUT7|Yr_s2[-2]      ; Lost fanout                                                       ;
; fft16OPT:UUT|complex_mult_twiddle:UUT7|Yr_s1b[-2]     ; Lost fanout                                                       ;
; fft16OPT:UUT|complex_mult_twiddle:UUT7|Yr_s1a[-2]     ; Lost fanout                                                       ;
; fft16OPT:UUT|complex_mult_twiddle:UUT7|Yr_s2[-3]      ; Lost fanout                                                       ;
; fft16OPT:UUT|complex_mult_twiddle:UUT7|Yr_s1b[-3]     ; Lost fanout                                                       ;
; fft16OPT:UUT|complex_mult_twiddle:UUT7|Yr_s1a[-3]     ; Lost fanout                                                       ;
; fft16OPT:UUT|complex_mult_twiddle:UUT7|Yr_s2[-4]      ; Lost fanout                                                       ;
; fft16OPT:UUT|complex_mult_twiddle:UUT7|Yr_s1b[-4]     ; Lost fanout                                                       ;
; fft16OPT:UUT|complex_mult_twiddle:UUT7|Yr_s1a[-4]     ; Lost fanout                                                       ;
; fft16OPT:UUT|complex_mult_twiddle:UUT7|Yr_s2[-5]      ; Lost fanout                                                       ;
; fft16OPT:UUT|complex_mult_twiddle:UUT7|Yr_s1b[-5]     ; Lost fanout                                                       ;
; fft16OPT:UUT|complex_mult_twiddle:UUT7|Yr_s1a[-5]     ; Lost fanout                                                       ;
; fft16OPT:UUT|complex_mult_twiddle:UUT7|Yr_s2[-6]      ; Lost fanout                                                       ;
; fft16OPT:UUT|complex_mult_twiddle:UUT7|Yr_s1b[-6]     ; Lost fanout                                                       ;
; fft16OPT:UUT|complex_mult_twiddle:UUT7|Yr_s1a[-6]     ; Lost fanout                                                       ;
; fft16OPT:UUT|complex_mult_twiddle:UUT7|Yr_s2[-7]      ; Lost fanout                                                       ;
; fft16OPT:UUT|complex_mult_twiddle:UUT7|Yr_s1b[-7]     ; Lost fanout                                                       ;
; fft16OPT:UUT|complex_mult_twiddle:UUT7|Yr_s1a[-7]     ; Lost fanout                                                       ;
; fft16OPT:UUT|complex_mult_twiddle:UUT7|Yr_s2[-8]      ; Lost fanout                                                       ;
; fft16OPT:UUT|complex_mult_twiddle:UUT7|Yr_s1b[-8]     ; Lost fanout                                                       ;
; fft16OPT:UUT|complex_mult_twiddle:UUT7|Yr_s1a[-8]     ; Lost fanout                                                       ;
; fft16OPT:UUT|complex_mult_twiddle:UUT7|Yr_s2[-9]      ; Lost fanout                                                       ;
; fft16OPT:UUT|complex_mult_twiddle:UUT7|Yr_s1b[-9]     ; Lost fanout                                                       ;
; fft16OPT:UUT|complex_mult_twiddle:UUT7|Yr_s1a[-9]     ; Lost fanout                                                       ;
; fft16OPT:UUT|complex_mult_twiddle:UUT7|Yr_s2[-10]     ; Lost fanout                                                       ;
; fft16OPT:UUT|complex_mult_twiddle:UUT7|Yr_s1b[-10]    ; Lost fanout                                                       ;
; fft16OPT:UUT|complex_mult_twiddle:UUT7|Yr_s1a[-10]    ; Lost fanout                                                       ;
; fft16OPT:UUT|complex_mult_twiddle:UUT7|Yr_s2[-11]     ; Lost fanout                                                       ;
; fft16OPT:UUT|complex_mult_twiddle:UUT7|Yr_s1b[-11]    ; Lost fanout                                                       ;
; fft16OPT:UUT|complex_mult_twiddle:UUT7|Yr_s1a[-11]    ; Lost fanout                                                       ;
; fft16OPT:UUT|complex_mult_twiddle:UUT7|pC_s[1,2]      ; Lost fanout                                                       ;
; fft16OPT:UUT|complex_mult_twiddle:UUT7|pA_s[1,2]      ; Lost fanout                                                       ;
; fft16OPT:UUT|complex_mult_twiddle:UUT7|pE_s[1,2]      ; Lost fanout                                                       ;
; fft16OPT:UUT|complex_mult_twiddle:UUT6|pB_s[0]        ; Lost fanout                                                       ;
; fft16OPT:UUT|complex_mult_twiddle:UUT6|pB_s[-1]       ; Lost fanout                                                       ;
; fft16OPT:UUT|complex_mult_twiddle:UUT6|pB_s[-2]       ; Lost fanout                                                       ;
; fft16OPT:UUT|complex_mult_twiddle:UUT6|pB_s[-3]       ; Lost fanout                                                       ;
; fft16OPT:UUT|complex_mult_twiddle:UUT6|pB_s[-4]       ; Lost fanout                                                       ;
; fft16OPT:UUT|complex_mult_twiddle:UUT6|pB_s[-5]       ; Lost fanout                                                       ;
; fft16OPT:UUT|complex_mult_twiddle:UUT6|pB_s[-6]       ; Lost fanout                                                       ;
; fft16OPT:UUT|complex_mult_twiddle:UUT6|pB_s[-7]       ; Lost fanout                                                       ;
; fft16OPT:UUT|complex_mult_twiddle:UUT6|pB_s[-8]       ; Lost fanout                                                       ;
; fft16OPT:UUT|complex_mult_twiddle:UUT6|pB_s[-9]       ; Lost fanout                                                       ;
; fft16OPT:UUT|complex_mult_twiddle:UUT6|pB_s[-10]      ; Lost fanout                                                       ;
; fft16OPT:UUT|complex_mult_twiddle:UUT6|pB_s[-11]      ; Lost fanout                                                       ;
; fft16OPT:UUT|complex_mult_twiddle:UUT6|pF_s[0]        ; Lost fanout                                                       ;
; fft16OPT:UUT|complex_mult_twiddle:UUT6|pF_s[-1]       ; Lost fanout                                                       ;
; fft16OPT:UUT|complex_mult_twiddle:UUT6|pF_s[-2]       ; Lost fanout                                                       ;
; fft16OPT:UUT|complex_mult_twiddle:UUT6|pF_s[-3]       ; Lost fanout                                                       ;
; fft16OPT:UUT|complex_mult_twiddle:UUT6|pF_s[-4]       ; Lost fanout                                                       ;
; fft16OPT:UUT|complex_mult_twiddle:UUT6|pF_s[-5]       ; Lost fanout                                                       ;
; fft16OPT:UUT|complex_mult_twiddle:UUT6|pF_s[-6]       ; Lost fanout                                                       ;
; fft16OPT:UUT|complex_mult_twiddle:UUT6|pF_s[-7]       ; Lost fanout                                                       ;
; fft16OPT:UUT|complex_mult_twiddle:UUT6|pF_s[-8]       ; Lost fanout                                                       ;
; fft16OPT:UUT|complex_mult_twiddle:UUT6|pF_s[-9]       ; Lost fanout                                                       ;
; fft16OPT:UUT|complex_mult_twiddle:UUT6|pF_s[-10]      ; Lost fanout                                                       ;
; fft16OPT:UUT|complex_mult_twiddle:UUT6|pF_s[-11]      ; Lost fanout                                                       ;
; fft16OPT:UUT|complex_mult_twiddle:UUT6|Yi_s2[0]       ; Lost fanout                                                       ;
; fft16OPT:UUT|complex_mult_twiddle:UUT6|Yi_s1b[0]      ; Lost fanout                                                       ;
; fft16OPT:UUT|complex_mult_twiddle:UUT6|Yi_s1a[0]      ; Lost fanout                                                       ;
; fft16OPT:UUT|complex_mult_twiddle:UUT6|Yi_s2[-1]      ; Lost fanout                                                       ;
; fft16OPT:UUT|complex_mult_twiddle:UUT6|Yi_s1b[-1]     ; Lost fanout                                                       ;
; fft16OPT:UUT|complex_mult_twiddle:UUT6|Yi_s1a[-1]     ; Lost fanout                                                       ;
; fft16OPT:UUT|complex_mult_twiddle:UUT6|Yi_s2[-2]      ; Lost fanout                                                       ;
; fft16OPT:UUT|complex_mult_twiddle:UUT6|Yi_s1b[-2]     ; Lost fanout                                                       ;
; fft16OPT:UUT|complex_mult_twiddle:UUT6|Yi_s1a[-2]     ; Lost fanout                                                       ;
; fft16OPT:UUT|complex_mult_twiddle:UUT6|Yi_s2[-3]      ; Lost fanout                                                       ;
; fft16OPT:UUT|complex_mult_twiddle:UUT6|Yi_s1b[-3]     ; Lost fanout                                                       ;
; fft16OPT:UUT|complex_mult_twiddle:UUT6|Yi_s1a[-3]     ; Lost fanout                                                       ;
; fft16OPT:UUT|complex_mult_twiddle:UUT6|Yi_s2[-4]      ; Lost fanout                                                       ;
; fft16OPT:UUT|complex_mult_twiddle:UUT6|Yi_s1b[-4]     ; Lost fanout                                                       ;
; fft16OPT:UUT|complex_mult_twiddle:UUT6|Yi_s1a[-4]     ; Lost fanout                                                       ;
; fft16OPT:UUT|complex_mult_twiddle:UUT6|Yi_s2[-5]      ; Lost fanout                                                       ;
; fft16OPT:UUT|complex_mult_twiddle:UUT6|Yi_s1b[-5]     ; Lost fanout                                                       ;
; fft16OPT:UUT|complex_mult_twiddle:UUT6|Yi_s1a[-5]     ; Lost fanout                                                       ;
; fft16OPT:UUT|complex_mult_twiddle:UUT6|Yi_s2[-6]      ; Lost fanout                                                       ;
; fft16OPT:UUT|complex_mult_twiddle:UUT6|Yi_s1b[-6]     ; Lost fanout                                                       ;
; fft16OPT:UUT|complex_mult_twiddle:UUT6|Yi_s1a[-6]     ; Lost fanout                                                       ;
; fft16OPT:UUT|complex_mult_twiddle:UUT6|Yi_s2[-7]      ; Lost fanout                                                       ;
; fft16OPT:UUT|complex_mult_twiddle:UUT6|Yi_s1b[-7]     ; Lost fanout                                                       ;
; fft16OPT:UUT|complex_mult_twiddle:UUT6|Yi_s1a[-7]     ; Lost fanout                                                       ;
; fft16OPT:UUT|complex_mult_twiddle:UUT6|Yi_s2[-8]      ; Lost fanout                                                       ;
; fft16OPT:UUT|complex_mult_twiddle:UUT6|Yi_s1b[-8]     ; Lost fanout                                                       ;
; fft16OPT:UUT|complex_mult_twiddle:UUT6|Yi_s1a[-8]     ; Lost fanout                                                       ;
; fft16OPT:UUT|complex_mult_twiddle:UUT6|Yi_s2[-9]      ; Lost fanout                                                       ;
; fft16OPT:UUT|complex_mult_twiddle:UUT6|Yi_s1b[-9]     ; Lost fanout                                                       ;
; fft16OPT:UUT|complex_mult_twiddle:UUT6|Yi_s1a[-9]     ; Lost fanout                                                       ;
; fft16OPT:UUT|complex_mult_twiddle:UUT6|Yi_s2[-10]     ; Lost fanout                                                       ;
; fft16OPT:UUT|complex_mult_twiddle:UUT6|Yi_s1b[-10]    ; Lost fanout                                                       ;
; fft16OPT:UUT|complex_mult_twiddle:UUT6|Yi_s1a[-10]    ; Lost fanout                                                       ;
; fft16OPT:UUT|complex_mult_twiddle:UUT6|Yr_s2[0]       ; Lost fanout                                                       ;
; fft16OPT:UUT|complex_mult_twiddle:UUT6|Yr_s1b[0]      ; Lost fanout                                                       ;
; fft16OPT:UUT|complex_mult_twiddle:UUT6|Yr_s1a[0]      ; Lost fanout                                                       ;
; fft16OPT:UUT|complex_mult_twiddle:UUT6|Yr_s2[-1]      ; Lost fanout                                                       ;
; fft16OPT:UUT|complex_mult_twiddle:UUT6|Yr_s1b[-1]     ; Lost fanout                                                       ;
; fft16OPT:UUT|complex_mult_twiddle:UUT6|Yr_s1a[-1]     ; Lost fanout                                                       ;
; fft16OPT:UUT|complex_mult_twiddle:UUT6|Yr_s2[-2]      ; Lost fanout                                                       ;
; fft16OPT:UUT|complex_mult_twiddle:UUT6|Yr_s1b[-2]     ; Lost fanout                                                       ;
; fft16OPT:UUT|complex_mult_twiddle:UUT6|Yr_s1a[-2]     ; Lost fanout                                                       ;
; fft16OPT:UUT|complex_mult_twiddle:UUT6|Yr_s2[-3]      ; Lost fanout                                                       ;
; fft16OPT:UUT|complex_mult_twiddle:UUT6|Yr_s1b[-3]     ; Lost fanout                                                       ;
; fft16OPT:UUT|complex_mult_twiddle:UUT6|Yr_s1a[-3]     ; Lost fanout                                                       ;
; fft16OPT:UUT|complex_mult_twiddle:UUT6|Yr_s2[-4]      ; Lost fanout                                                       ;
; fft16OPT:UUT|complex_mult_twiddle:UUT6|Yr_s1b[-4]     ; Lost fanout                                                       ;
; fft16OPT:UUT|complex_mult_twiddle:UUT6|Yr_s1a[-4]     ; Lost fanout                                                       ;
; fft16OPT:UUT|complex_mult_twiddle:UUT6|Yr_s2[-5]      ; Lost fanout                                                       ;
; fft16OPT:UUT|complex_mult_twiddle:UUT6|Yr_s1b[-5]     ; Lost fanout                                                       ;
; fft16OPT:UUT|complex_mult_twiddle:UUT6|Yr_s1a[-5]     ; Lost fanout                                                       ;
; fft16OPT:UUT|complex_mult_twiddle:UUT6|Yr_s2[-6]      ; Lost fanout                                                       ;
; fft16OPT:UUT|complex_mult_twiddle:UUT6|Yr_s1b[-6]     ; Lost fanout                                                       ;
; fft16OPT:UUT|complex_mult_twiddle:UUT6|Yr_s1a[-6]     ; Lost fanout                                                       ;
; fft16OPT:UUT|complex_mult_twiddle:UUT6|Yr_s2[-7]      ; Lost fanout                                                       ;
; fft16OPT:UUT|complex_mult_twiddle:UUT6|Yr_s1b[-7]     ; Lost fanout                                                       ;
; fft16OPT:UUT|complex_mult_twiddle:UUT6|Yr_s1a[-7]     ; Lost fanout                                                       ;
; fft16OPT:UUT|complex_mult_twiddle:UUT6|Yr_s2[-8]      ; Lost fanout                                                       ;
; fft16OPT:UUT|complex_mult_twiddle:UUT6|Yr_s1b[-8]     ; Lost fanout                                                       ;
; fft16OPT:UUT|complex_mult_twiddle:UUT6|Yr_s1a[-8]     ; Lost fanout                                                       ;
; fft16OPT:UUT|complex_mult_twiddle:UUT6|Yr_s2[-9]      ; Lost fanout                                                       ;
; fft16OPT:UUT|complex_mult_twiddle:UUT6|Yr_s1b[-9]     ; Lost fanout                                                       ;
; fft16OPT:UUT|complex_mult_twiddle:UUT6|Yr_s1a[-9]     ; Lost fanout                                                       ;
; fft16OPT:UUT|complex_mult_twiddle:UUT6|Yr_s2[-10]     ; Lost fanout                                                       ;
; fft16OPT:UUT|complex_mult_twiddle:UUT6|Yr_s1b[-10]    ; Lost fanout                                                       ;
; fft16OPT:UUT|complex_mult_twiddle:UUT6|Yr_s1a[-10]    ; Lost fanout                                                       ;
; fft16OPT:UUT|complex_mult_twiddle:UUT6|Yr_s2[-11]     ; Lost fanout                                                       ;
; fft16OPT:UUT|complex_mult_twiddle:UUT6|Yr_s1b[-11]    ; Lost fanout                                                       ;
; fft16OPT:UUT|complex_mult_twiddle:UUT6|Yr_s1a[-11]    ; Lost fanout                                                       ;
; fft16OPT:UUT|complex_mult_twiddle:UUT6|pC_s[1,2]      ; Lost fanout                                                       ;
; fft16OPT:UUT|complex_mult_twiddle:UUT6|pA_s[0..2]     ; Lost fanout                                                       ;
; fft16OPT:UUT|complex_mult_twiddle:UUT6|pA_s[-1]       ; Lost fanout                                                       ;
; fft16OPT:UUT|complex_mult_twiddle:UUT6|pA_s[-2]       ; Lost fanout                                                       ;
; fft16OPT:UUT|complex_mult_twiddle:UUT6|pA_s[-3]       ; Lost fanout                                                       ;
; fft16OPT:UUT|complex_mult_twiddle:UUT6|pA_s[-4]       ; Lost fanout                                                       ;
; fft16OPT:UUT|complex_mult_twiddle:UUT6|pA_s[-5]       ; Lost fanout                                                       ;
; fft16OPT:UUT|complex_mult_twiddle:UUT6|pA_s[-6]       ; Lost fanout                                                       ;
; fft16OPT:UUT|complex_mult_twiddle:UUT6|pA_s[-7]       ; Lost fanout                                                       ;
; fft16OPT:UUT|complex_mult_twiddle:UUT6|pA_s[-8]       ; Lost fanout                                                       ;
; fft16OPT:UUT|complex_mult_twiddle:UUT6|pA_s[-9]       ; Lost fanout                                                       ;
; fft16OPT:UUT|complex_mult_twiddle:UUT6|pA_s[-10]      ; Lost fanout                                                       ;
; fft16OPT:UUT|complex_mult_twiddle:UUT6|pA_s[-11]      ; Lost fanout                                                       ;
; fft16OPT:UUT|complex_mult_twiddle:UUT6|c2Yr_s[0]      ; Lost fanout                                                       ;
; fft16OPT:UUT|complex_mult_twiddle:UUT6|c2Yr_s[-1]     ; Lost fanout                                                       ;
; fft16OPT:UUT|complex_mult_twiddle:UUT6|c2Yr_s[-2]     ; Lost fanout                                                       ;
; fft16OPT:UUT|complex_mult_twiddle:UUT6|c2Yr_s[-3]     ; Lost fanout                                                       ;
; fft16OPT:UUT|complex_mult_twiddle:UUT6|c2Yr_s[-4]     ; Lost fanout                                                       ;
; fft16OPT:UUT|complex_mult_twiddle:UUT6|c2Yr_s[-5]     ; Lost fanout                                                       ;
; fft16OPT:UUT|complex_mult_twiddle:UUT6|c2Yr_s[-6]     ; Lost fanout                                                       ;
; fft16OPT:UUT|complex_mult_twiddle:UUT6|c2Yr_s[-7]     ; Lost fanout                                                       ;
; fft16OPT:UUT|complex_mult_twiddle:UUT6|c2Yr_s[-8]     ; Lost fanout                                                       ;
; fft16OPT:UUT|complex_mult_twiddle:UUT6|c2Yr_s[-9]     ; Lost fanout                                                       ;
; fft16OPT:UUT|complex_mult_twiddle:UUT6|c2Yr_s[-10]    ; Lost fanout                                                       ;
; fft16OPT:UUT|complex_mult_twiddle:UUT6|c2Yr_s[-11]    ; Lost fanout                                                       ;
; fft16OPT:UUT|complex_mult_twiddle:UUT6|c2a_Yr_s[0]    ; Lost fanout                                                       ;
; fft16OPT:UUT|complex_mult_twiddle:UUT6|c2a_Yr_s[-1]   ; Lost fanout                                                       ;
; fft16OPT:UUT|complex_mult_twiddle:UUT6|c2a_Yr_s[-2]   ; Lost fanout                                                       ;
; fft16OPT:UUT|complex_mult_twiddle:UUT6|c2a_Yr_s[-3]   ; Lost fanout                                                       ;
; fft16OPT:UUT|complex_mult_twiddle:UUT6|c2a_Yr_s[-4]   ; Lost fanout                                                       ;
; fft16OPT:UUT|complex_mult_twiddle:UUT6|c2a_Yr_s[-5]   ; Lost fanout                                                       ;
; fft16OPT:UUT|complex_mult_twiddle:UUT6|c2a_Yr_s[-6]   ; Lost fanout                                                       ;
; fft16OPT:UUT|complex_mult_twiddle:UUT6|c2a_Yr_s[-7]   ; Lost fanout                                                       ;
; fft16OPT:UUT|complex_mult_twiddle:UUT6|c2a_Yr_s[-8]   ; Lost fanout                                                       ;
; fft16OPT:UUT|complex_mult_twiddle:UUT6|c2a_Yr_s[-9]   ; Lost fanout                                                       ;
; fft16OPT:UUT|complex_mult_twiddle:UUT6|c2a_Yr_s[-10]  ; Lost fanout                                                       ;
; fft16OPT:UUT|complex_mult_twiddle:UUT6|c2a_Yr_s[-11]  ; Lost fanout                                                       ;
; fft16OPT:UUT|complex_mult_twiddle:UUT6|c2b_Yr_s[0]    ; Lost fanout                                                       ;
; fft16OPT:UUT|complex_mult_twiddle:UUT6|c2b_Yr_s[-1]   ; Lost fanout                                                       ;
; fft16OPT:UUT|complex_mult_twiddle:UUT6|c2b_Yr_s[-2]   ; Lost fanout                                                       ;
; fft16OPT:UUT|complex_mult_twiddle:UUT6|c2b_Yr_s[-3]   ; Lost fanout                                                       ;
; fft16OPT:UUT|complex_mult_twiddle:UUT6|c2b_Yr_s[-4]   ; Lost fanout                                                       ;
; fft16OPT:UUT|complex_mult_twiddle:UUT6|c2b_Yr_s[-5]   ; Lost fanout                                                       ;
; fft16OPT:UUT|complex_mult_twiddle:UUT6|c2b_Yr_s[-6]   ; Lost fanout                                                       ;
; fft16OPT:UUT|complex_mult_twiddle:UUT6|c2b_Yr_s[-7]   ; Lost fanout                                                       ;
; fft16OPT:UUT|complex_mult_twiddle:UUT6|c2b_Yr_s[-8]   ; Lost fanout                                                       ;
; fft16OPT:UUT|complex_mult_twiddle:UUT6|c2b_Yr_s[-9]   ; Lost fanout                                                       ;
; fft16OPT:UUT|complex_mult_twiddle:UUT6|c2b_Yr_s[-10]  ; Lost fanout                                                       ;
; fft16OPT:UUT|complex_mult_twiddle:UUT6|c2b_Yr_s[-11]  ; Lost fanout                                                       ;
; fft16OPT:UUT|complex_mult_twiddle:UUT6|c1Yi_s[0]      ; Lost fanout                                                       ;
; fft16OPT:UUT|complex_mult_twiddle:UUT6|c1Yi_s[-1]     ; Lost fanout                                                       ;
; fft16OPT:UUT|complex_mult_twiddle:UUT6|c1Yi_s[-2]     ; Lost fanout                                                       ;
; fft16OPT:UUT|complex_mult_twiddle:UUT6|c1Yi_s[-3]     ; Lost fanout                                                       ;
; fft16OPT:UUT|complex_mult_twiddle:UUT6|c1Yi_s[-4]     ; Lost fanout                                                       ;
; fft16OPT:UUT|complex_mult_twiddle:UUT6|c1Yi_s[-5]     ; Lost fanout                                                       ;
; fft16OPT:UUT|complex_mult_twiddle:UUT6|c1Yi_s[-6]     ; Lost fanout                                                       ;
; fft16OPT:UUT|complex_mult_twiddle:UUT6|c1Yi_s[-7]     ; Lost fanout                                                       ;
; fft16OPT:UUT|complex_mult_twiddle:UUT6|c1Yi_s[-8]     ; Lost fanout                                                       ;
; fft16OPT:UUT|complex_mult_twiddle:UUT6|c1Yi_s[-9]     ; Lost fanout                                                       ;
; fft16OPT:UUT|complex_mult_twiddle:UUT6|c1Yi_s[-10]    ; Lost fanout                                                       ;
; fft16OPT:UUT|complex_mult_twiddle:UUT6|c1Yi_s[-11]    ; Lost fanout                                                       ;
; fft16OPT:UUT|complex_mult_twiddle:UUT6|c1a_Yi_s[0]    ; Lost fanout                                                       ;
; fft16OPT:UUT|complex_mult_twiddle:UUT6|c1a_Yi_s[-1]   ; Lost fanout                                                       ;
; fft16OPT:UUT|complex_mult_twiddle:UUT6|c1a_Yi_s[-2]   ; Lost fanout                                                       ;
; fft16OPT:UUT|complex_mult_twiddle:UUT6|c1a_Yi_s[-3]   ; Lost fanout                                                       ;
; fft16OPT:UUT|complex_mult_twiddle:UUT6|c1a_Yi_s[-4]   ; Lost fanout                                                       ;
; fft16OPT:UUT|complex_mult_twiddle:UUT6|c1a_Yi_s[-5]   ; Lost fanout                                                       ;
; fft16OPT:UUT|complex_mult_twiddle:UUT6|c1a_Yi_s[-6]   ; Lost fanout                                                       ;
; fft16OPT:UUT|complex_mult_twiddle:UUT6|c1a_Yi_s[-7]   ; Lost fanout                                                       ;
; fft16OPT:UUT|complex_mult_twiddle:UUT6|c1a_Yi_s[-8]   ; Lost fanout                                                       ;
; fft16OPT:UUT|complex_mult_twiddle:UUT6|c1a_Yi_s[-9]   ; Lost fanout                                                       ;
; fft16OPT:UUT|complex_mult_twiddle:UUT6|c1a_Yi_s[-10]  ; Lost fanout                                                       ;
; fft16OPT:UUT|complex_mult_twiddle:UUT6|c1a_Yi_s[-11]  ; Lost fanout                                                       ;
; fft16OPT:UUT|complex_mult_twiddle:UUT6|c1b_Yi_s[0]    ; Lost fanout                                                       ;
; fft16OPT:UUT|complex_mult_twiddle:UUT6|c1b_Yi_s[-1]   ; Lost fanout                                                       ;
; fft16OPT:UUT|complex_mult_twiddle:UUT6|c1b_Yi_s[-2]   ; Lost fanout                                                       ;
; fft16OPT:UUT|complex_mult_twiddle:UUT6|c1b_Yi_s[-3]   ; Lost fanout                                                       ;
; fft16OPT:UUT|complex_mult_twiddle:UUT6|c1b_Yi_s[-4]   ; Lost fanout                                                       ;
; fft16OPT:UUT|complex_mult_twiddle:UUT6|c1b_Yi_s[-5]   ; Lost fanout                                                       ;
; fft16OPT:UUT|complex_mult_twiddle:UUT6|c1b_Yi_s[-6]   ; Lost fanout                                                       ;
; fft16OPT:UUT|complex_mult_twiddle:UUT6|c1b_Yi_s[-7]   ; Lost fanout                                                       ;
; fft16OPT:UUT|complex_mult_twiddle:UUT6|c1b_Yi_s[-8]   ; Lost fanout                                                       ;
; fft16OPT:UUT|complex_mult_twiddle:UUT6|c1b_Yi_s[-9]   ; Lost fanout                                                       ;
; fft16OPT:UUT|complex_mult_twiddle:UUT6|c1b_Yi_s[-10]  ; Lost fanout                                                       ;
; fft16OPT:UUT|complex_mult_twiddle:UUT6|c1b_Yi_s[-11]  ; Lost fanout                                                       ;
; fft16OPT:UUT|complex_mult_twiddle:UUT6|pE_s[0..2]     ; Lost fanout                                                       ;
; fft16OPT:UUT|complex_mult_twiddle:UUT6|pE_s[-1]       ; Lost fanout                                                       ;
; fft16OPT:UUT|complex_mult_twiddle:UUT6|pE_s[-2]       ; Lost fanout                                                       ;
; fft16OPT:UUT|complex_mult_twiddle:UUT6|pE_s[-3]       ; Lost fanout                                                       ;
; fft16OPT:UUT|complex_mult_twiddle:UUT6|pE_s[-4]       ; Lost fanout                                                       ;
; fft16OPT:UUT|complex_mult_twiddle:UUT6|pE_s[-5]       ; Lost fanout                                                       ;
; fft16OPT:UUT|complex_mult_twiddle:UUT6|pE_s[-6]       ; Lost fanout                                                       ;
; fft16OPT:UUT|complex_mult_twiddle:UUT6|pE_s[-7]       ; Lost fanout                                                       ;
; fft16OPT:UUT|complex_mult_twiddle:UUT6|pE_s[-8]       ; Lost fanout                                                       ;
; fft16OPT:UUT|complex_mult_twiddle:UUT6|pE_s[-9]       ; Lost fanout                                                       ;
; fft16OPT:UUT|complex_mult_twiddle:UUT6|pE_s[-10]      ; Lost fanout                                                       ;
; fft16OPT:UUT|complex_mult_twiddle:UUT6|pE_s[-11]      ; Lost fanout                                                       ;
; fft16OPT:UUT|complex_mult_twiddle:UUT6|c1Yr_s[0]      ; Lost fanout                                                       ;
; fft16OPT:UUT|complex_mult_twiddle:UUT6|c1Yr_s[-1]     ; Lost fanout                                                       ;
; fft16OPT:UUT|complex_mult_twiddle:UUT6|c1Yr_s[-2]     ; Lost fanout                                                       ;
; fft16OPT:UUT|complex_mult_twiddle:UUT6|c1Yr_s[-3]     ; Lost fanout                                                       ;
; fft16OPT:UUT|complex_mult_twiddle:UUT6|c1Yr_s[-4]     ; Lost fanout                                                       ;
; fft16OPT:UUT|complex_mult_twiddle:UUT6|c1Yr_s[-5]     ; Lost fanout                                                       ;
; fft16OPT:UUT|complex_mult_twiddle:UUT6|c1Yr_s[-6]     ; Lost fanout                                                       ;
; fft16OPT:UUT|complex_mult_twiddle:UUT6|c1Yr_s[-7]     ; Lost fanout                                                       ;
; fft16OPT:UUT|complex_mult_twiddle:UUT6|c1Yr_s[-8]     ; Lost fanout                                                       ;
; fft16OPT:UUT|complex_mult_twiddle:UUT6|c1Yr_s[-9]     ; Lost fanout                                                       ;
; fft16OPT:UUT|complex_mult_twiddle:UUT6|c1Yr_s[-10]    ; Lost fanout                                                       ;
; fft16OPT:UUT|complex_mult_twiddle:UUT6|c1Yr_s[-11]    ; Lost fanout                                                       ;
; fft16OPT:UUT|complex_mult_twiddle:UUT6|c1a_Yr_s[0]    ; Lost fanout                                                       ;
; fft16OPT:UUT|complex_mult_twiddle:UUT6|c1a_Yr_s[-1]   ; Lost fanout                                                       ;
; fft16OPT:UUT|complex_mult_twiddle:UUT6|c1a_Yr_s[-2]   ; Lost fanout                                                       ;
; fft16OPT:UUT|complex_mult_twiddle:UUT6|c1a_Yr_s[-3]   ; Lost fanout                                                       ;
; fft16OPT:UUT|complex_mult_twiddle:UUT6|c1a_Yr_s[-4]   ; Lost fanout                                                       ;
; fft16OPT:UUT|complex_mult_twiddle:UUT6|c1a_Yr_s[-5]   ; Lost fanout                                                       ;
; fft16OPT:UUT|complex_mult_twiddle:UUT6|c1a_Yr_s[-6]   ; Lost fanout                                                       ;
; fft16OPT:UUT|complex_mult_twiddle:UUT6|c1a_Yr_s[-7]   ; Lost fanout                                                       ;
; fft16OPT:UUT|complex_mult_twiddle:UUT6|c1a_Yr_s[-8]   ; Lost fanout                                                       ;
; fft16OPT:UUT|complex_mult_twiddle:UUT6|c1a_Yr_s[-9]   ; Lost fanout                                                       ;
; fft16OPT:UUT|complex_mult_twiddle:UUT6|c1a_Yr_s[-10]  ; Lost fanout                                                       ;
; fft16OPT:UUT|complex_mult_twiddle:UUT6|c1a_Yr_s[-11]  ; Lost fanout                                                       ;
; fft16OPT:UUT|complex_mult_twiddle:UUT6|c1b_Yr_s[0]    ; Lost fanout                                                       ;
; fft16OPT:UUT|complex_mult_twiddle:UUT6|c1b_Yr_s[-1]   ; Lost fanout                                                       ;
; fft16OPT:UUT|complex_mult_twiddle:UUT6|c1b_Yr_s[-2]   ; Lost fanout                                                       ;
; fft16OPT:UUT|complex_mult_twiddle:UUT6|c1b_Yr_s[-3]   ; Lost fanout                                                       ;
; fft16OPT:UUT|complex_mult_twiddle:UUT6|c1b_Yr_s[-4]   ; Lost fanout                                                       ;
; fft16OPT:UUT|complex_mult_twiddle:UUT6|c1b_Yr_s[-5]   ; Lost fanout                                                       ;
; fft16OPT:UUT|complex_mult_twiddle:UUT6|c1b_Yr_s[-6]   ; Lost fanout                                                       ;
; fft16OPT:UUT|complex_mult_twiddle:UUT6|c1b_Yr_s[-7]   ; Lost fanout                                                       ;
; fft16OPT:UUT|complex_mult_twiddle:UUT6|c1b_Yr_s[-8]   ; Lost fanout                                                       ;
; fft16OPT:UUT|complex_mult_twiddle:UUT6|c1b_Yr_s[-9]   ; Lost fanout                                                       ;
; fft16OPT:UUT|complex_mult_twiddle:UUT6|c1b_Yr_s[-10]  ; Lost fanout                                                       ;
; fft16OPT:UUT|complex_mult_twiddle:UUT6|c1b_Yr_s[-11]  ; Lost fanout                                                       ;
; fft16OPT:UUT|complex_mult_twiddle:UUT6|c2Yi_s[0]      ; Lost fanout                                                       ;
; fft16OPT:UUT|complex_mult_twiddle:UUT6|c2Yi_s[-1]     ; Lost fanout                                                       ;
; fft16OPT:UUT|complex_mult_twiddle:UUT6|c2Yi_s[-2]     ; Lost fanout                                                       ;
; fft16OPT:UUT|complex_mult_twiddle:UUT6|c2Yi_s[-3]     ; Lost fanout                                                       ;
; fft16OPT:UUT|complex_mult_twiddle:UUT6|c2Yi_s[-4]     ; Lost fanout                                                       ;
; fft16OPT:UUT|complex_mult_twiddle:UUT6|c2Yi_s[-5]     ; Lost fanout                                                       ;
; fft16OPT:UUT|complex_mult_twiddle:UUT6|c2Yi_s[-6]     ; Lost fanout                                                       ;
; fft16OPT:UUT|complex_mult_twiddle:UUT6|c2Yi_s[-7]     ; Lost fanout                                                       ;
; fft16OPT:UUT|complex_mult_twiddle:UUT6|c2Yi_s[-8]     ; Lost fanout                                                       ;
; fft16OPT:UUT|complex_mult_twiddle:UUT6|c2Yi_s[-9]     ; Lost fanout                                                       ;
; fft16OPT:UUT|complex_mult_twiddle:UUT6|c2Yi_s[-10]    ; Lost fanout                                                       ;
; fft16OPT:UUT|complex_mult_twiddle:UUT6|c2Yi_s[-11]    ; Lost fanout                                                       ;
; fft16OPT:UUT|complex_mult_twiddle:UUT6|c2a_Yi_s[0]    ; Lost fanout                                                       ;
; fft16OPT:UUT|complex_mult_twiddle:UUT6|c2a_Yi_s[-1]   ; Lost fanout                                                       ;
; fft16OPT:UUT|complex_mult_twiddle:UUT6|c2a_Yi_s[-2]   ; Lost fanout                                                       ;
; fft16OPT:UUT|complex_mult_twiddle:UUT6|c2a_Yi_s[-3]   ; Lost fanout                                                       ;
; fft16OPT:UUT|complex_mult_twiddle:UUT6|c2a_Yi_s[-4]   ; Lost fanout                                                       ;
; fft16OPT:UUT|complex_mult_twiddle:UUT6|c2a_Yi_s[-5]   ; Lost fanout                                                       ;
; fft16OPT:UUT|complex_mult_twiddle:UUT6|c2a_Yi_s[-6]   ; Lost fanout                                                       ;
; fft16OPT:UUT|complex_mult_twiddle:UUT6|c2a_Yi_s[-7]   ; Lost fanout                                                       ;
; fft16OPT:UUT|complex_mult_twiddle:UUT6|c2a_Yi_s[-8]   ; Lost fanout                                                       ;
; fft16OPT:UUT|complex_mult_twiddle:UUT6|c2a_Yi_s[-9]   ; Lost fanout                                                       ;
; fft16OPT:UUT|complex_mult_twiddle:UUT6|c2a_Yi_s[-10]  ; Lost fanout                                                       ;
; fft16OPT:UUT|complex_mult_twiddle:UUT6|c2a_Yi_s[-11]  ; Lost fanout                                                       ;
; fft16OPT:UUT|complex_mult_twiddle:UUT6|c2b_Yi_s[0]    ; Lost fanout                                                       ;
; fft16OPT:UUT|complex_mult_twiddle:UUT6|c2b_Yi_s[-1]   ; Lost fanout                                                       ;
; fft16OPT:UUT|complex_mult_twiddle:UUT6|c2b_Yi_s[-2]   ; Lost fanout                                                       ;
; fft16OPT:UUT|complex_mult_twiddle:UUT6|c2b_Yi_s[-3]   ; Lost fanout                                                       ;
; fft16OPT:UUT|complex_mult_twiddle:UUT6|c2b_Yi_s[-4]   ; Lost fanout                                                       ;
; fft16OPT:UUT|complex_mult_twiddle:UUT6|c2b_Yi_s[-5]   ; Lost fanout                                                       ;
; fft16OPT:UUT|complex_mult_twiddle:UUT6|c2b_Yi_s[-6]   ; Lost fanout                                                       ;
; fft16OPT:UUT|complex_mult_twiddle:UUT6|c2b_Yi_s[-7]   ; Lost fanout                                                       ;
; fft16OPT:UUT|complex_mult_twiddle:UUT6|c2b_Yi_s[-8]   ; Lost fanout                                                       ;
; fft16OPT:UUT|complex_mult_twiddle:UUT6|c2b_Yi_s[-9]   ; Lost fanout                                                       ;
; fft16OPT:UUT|complex_mult_twiddle:UUT6|c2b_Yi_s[-10]  ; Lost fanout                                                       ;
; fft16OPT:UUT|complex_mult_twiddle:UUT6|c2b_Yi_s[-11]  ; Lost fanout                                                       ;
; fft16OPT:UUT|complex_mult_twiddle:UUT5|pB_s[0]        ; Lost fanout                                                       ;
; fft16OPT:UUT|complex_mult_twiddle:UUT5|pB_s[-1]       ; Lost fanout                                                       ;
; fft16OPT:UUT|complex_mult_twiddle:UUT5|pB_s[-2]       ; Lost fanout                                                       ;
; fft16OPT:UUT|complex_mult_twiddle:UUT5|pB_s[-3]       ; Lost fanout                                                       ;
; fft16OPT:UUT|complex_mult_twiddle:UUT5|pB_s[-4]       ; Lost fanout                                                       ;
; fft16OPT:UUT|complex_mult_twiddle:UUT5|pB_s[-5]       ; Lost fanout                                                       ;
; fft16OPT:UUT|complex_mult_twiddle:UUT5|pB_s[-6]       ; Lost fanout                                                       ;
; fft16OPT:UUT|complex_mult_twiddle:UUT5|pB_s[-7]       ; Lost fanout                                                       ;
; fft16OPT:UUT|complex_mult_twiddle:UUT5|pB_s[-8]       ; Lost fanout                                                       ;
; fft16OPT:UUT|complex_mult_twiddle:UUT5|pB_s[-9]       ; Lost fanout                                                       ;
; fft16OPT:UUT|complex_mult_twiddle:UUT5|pB_s[-10]      ; Lost fanout                                                       ;
; fft16OPT:UUT|complex_mult_twiddle:UUT5|pB_s[-11]      ; Lost fanout                                                       ;
; fft16OPT:UUT|complex_mult_twiddle:UUT5|pD_s[0]        ; Lost fanout                                                       ;
; fft16OPT:UUT|complex_mult_twiddle:UUT5|pD_s[-1]       ; Lost fanout                                                       ;
; fft16OPT:UUT|complex_mult_twiddle:UUT5|pD_s[-2]       ; Lost fanout                                                       ;
; fft16OPT:UUT|complex_mult_twiddle:UUT5|pD_s[-3]       ; Lost fanout                                                       ;
; fft16OPT:UUT|complex_mult_twiddle:UUT5|pD_s[-4]       ; Lost fanout                                                       ;
; fft16OPT:UUT|complex_mult_twiddle:UUT5|pD_s[-5]       ; Lost fanout                                                       ;
; fft16OPT:UUT|complex_mult_twiddle:UUT5|pD_s[-6]       ; Lost fanout                                                       ;
; fft16OPT:UUT|complex_mult_twiddle:UUT5|pD_s[-7]       ; Lost fanout                                                       ;
; fft16OPT:UUT|complex_mult_twiddle:UUT5|pD_s[-8]       ; Lost fanout                                                       ;
; fft16OPT:UUT|complex_mult_twiddle:UUT5|pD_s[-9]       ; Lost fanout                                                       ;
; fft16OPT:UUT|complex_mult_twiddle:UUT5|pD_s[-10]      ; Lost fanout                                                       ;
; fft16OPT:UUT|complex_mult_twiddle:UUT5|pD_s[-11]      ; Lost fanout                                                       ;
; fft16OPT:UUT|complex_mult_twiddle:UUT5|pF_s[0]        ; Lost fanout                                                       ;
; fft16OPT:UUT|complex_mult_twiddle:UUT5|pF_s[-1]       ; Lost fanout                                                       ;
; fft16OPT:UUT|complex_mult_twiddle:UUT5|pF_s[-2]       ; Lost fanout                                                       ;
; fft16OPT:UUT|complex_mult_twiddle:UUT5|pF_s[-3]       ; Lost fanout                                                       ;
; fft16OPT:UUT|complex_mult_twiddle:UUT5|pF_s[-4]       ; Lost fanout                                                       ;
; fft16OPT:UUT|complex_mult_twiddle:UUT5|pF_s[-5]       ; Lost fanout                                                       ;
; fft16OPT:UUT|complex_mult_twiddle:UUT5|pF_s[-6]       ; Lost fanout                                                       ;
; fft16OPT:UUT|complex_mult_twiddle:UUT5|pF_s[-7]       ; Lost fanout                                                       ;
; fft16OPT:UUT|complex_mult_twiddle:UUT5|pF_s[-8]       ; Lost fanout                                                       ;
; fft16OPT:UUT|complex_mult_twiddle:UUT5|pF_s[-9]       ; Lost fanout                                                       ;
; fft16OPT:UUT|complex_mult_twiddle:UUT5|pF_s[-10]      ; Lost fanout                                                       ;
; fft16OPT:UUT|complex_mult_twiddle:UUT5|pF_s[-11]      ; Lost fanout                                                       ;
; fft16OPT:UUT|complex_mult_twiddle:UUT5|Yi_s2[0]       ; Lost fanout                                                       ;
; fft16OPT:UUT|complex_mult_twiddle:UUT5|Yi_s1b[0]      ; Lost fanout                                                       ;
; fft16OPT:UUT|complex_mult_twiddle:UUT5|Yi_s1a[0]      ; Lost fanout                                                       ;
; fft16OPT:UUT|complex_mult_twiddle:UUT5|Yi_s2[-1]      ; Lost fanout                                                       ;
; fft16OPT:UUT|complex_mult_twiddle:UUT5|Yi_s1b[-1]     ; Lost fanout                                                       ;
; fft16OPT:UUT|complex_mult_twiddle:UUT5|Yi_s1a[-1]     ; Lost fanout                                                       ;
; fft16OPT:UUT|complex_mult_twiddle:UUT5|Yi_s2[-2]      ; Lost fanout                                                       ;
; fft16OPT:UUT|complex_mult_twiddle:UUT5|Yi_s1b[-2]     ; Lost fanout                                                       ;
; fft16OPT:UUT|complex_mult_twiddle:UUT5|Yi_s1a[-2]     ; Lost fanout                                                       ;
; fft16OPT:UUT|complex_mult_twiddle:UUT5|Yi_s2[-3]      ; Lost fanout                                                       ;
; fft16OPT:UUT|complex_mult_twiddle:UUT5|Yi_s1b[-3]     ; Lost fanout                                                       ;
; fft16OPT:UUT|complex_mult_twiddle:UUT5|Yi_s1a[-3]     ; Lost fanout                                                       ;
; fft16OPT:UUT|complex_mult_twiddle:UUT5|Yi_s2[-4]      ; Lost fanout                                                       ;
; fft16OPT:UUT|complex_mult_twiddle:UUT5|Yi_s1b[-4]     ; Lost fanout                                                       ;
; fft16OPT:UUT|complex_mult_twiddle:UUT5|Yi_s1a[-4]     ; Lost fanout                                                       ;
; fft16OPT:UUT|complex_mult_twiddle:UUT5|Yi_s2[-5]      ; Lost fanout                                                       ;
; fft16OPT:UUT|complex_mult_twiddle:UUT5|Yi_s1b[-5]     ; Lost fanout                                                       ;
; fft16OPT:UUT|complex_mult_twiddle:UUT5|Yi_s1a[-5]     ; Lost fanout                                                       ;
; fft16OPT:UUT|complex_mult_twiddle:UUT5|Yi_s2[-6]      ; Lost fanout                                                       ;
; fft16OPT:UUT|complex_mult_twiddle:UUT5|Yi_s1b[-6]     ; Lost fanout                                                       ;
; fft16OPT:UUT|complex_mult_twiddle:UUT5|Yi_s1a[-6]     ; Lost fanout                                                       ;
; fft16OPT:UUT|complex_mult_twiddle:UUT5|Yi_s2[-7]      ; Lost fanout                                                       ;
; fft16OPT:UUT|complex_mult_twiddle:UUT5|Yi_s1b[-7]     ; Lost fanout                                                       ;
; fft16OPT:UUT|complex_mult_twiddle:UUT5|Yi_s1a[-7]     ; Lost fanout                                                       ;
; fft16OPT:UUT|complex_mult_twiddle:UUT5|Yi_s2[-8]      ; Lost fanout                                                       ;
; fft16OPT:UUT|complex_mult_twiddle:UUT5|Yi_s1b[-8]     ; Lost fanout                                                       ;
; fft16OPT:UUT|complex_mult_twiddle:UUT5|Yi_s1a[-8]     ; Lost fanout                                                       ;
; fft16OPT:UUT|complex_mult_twiddle:UUT5|Yi_s2[-9]      ; Lost fanout                                                       ;
; fft16OPT:UUT|complex_mult_twiddle:UUT5|Yi_s1b[-9]     ; Lost fanout                                                       ;
; fft16OPT:UUT|complex_mult_twiddle:UUT5|Yi_s1a[-9]     ; Lost fanout                                                       ;
; fft16OPT:UUT|complex_mult_twiddle:UUT5|Yi_s2[-10]     ; Lost fanout                                                       ;
; fft16OPT:UUT|complex_mult_twiddle:UUT5|Yi_s1b[-10]    ; Lost fanout                                                       ;
; fft16OPT:UUT|complex_mult_twiddle:UUT5|Yi_s1a[-10]    ; Lost fanout                                                       ;
; fft16OPT:UUT|complex_mult_twiddle:UUT5|Yr_s2[0]       ; Lost fanout                                                       ;
; fft16OPT:UUT|complex_mult_twiddle:UUT5|Yr_s1b[0]      ; Lost fanout                                                       ;
; fft16OPT:UUT|complex_mult_twiddle:UUT5|Yr_s1a[0]      ; Lost fanout                                                       ;
; fft16OPT:UUT|complex_mult_twiddle:UUT5|Yr_s2[-1]      ; Lost fanout                                                       ;
; fft16OPT:UUT|complex_mult_twiddle:UUT5|Yr_s1b[-1]     ; Lost fanout                                                       ;
; fft16OPT:UUT|complex_mult_twiddle:UUT5|Yr_s1a[-1]     ; Lost fanout                                                       ;
; fft16OPT:UUT|complex_mult_twiddle:UUT5|Yr_s2[-2]      ; Lost fanout                                                       ;
; fft16OPT:UUT|complex_mult_twiddle:UUT5|Yr_s1b[-2]     ; Lost fanout                                                       ;
; fft16OPT:UUT|complex_mult_twiddle:UUT5|Yr_s1a[-2]     ; Lost fanout                                                       ;
; fft16OPT:UUT|complex_mult_twiddle:UUT5|Yr_s2[-3]      ; Lost fanout                                                       ;
; fft16OPT:UUT|complex_mult_twiddle:UUT5|Yr_s1b[-3]     ; Lost fanout                                                       ;
; fft16OPT:UUT|complex_mult_twiddle:UUT5|Yr_s1a[-3]     ; Lost fanout                                                       ;
; fft16OPT:UUT|complex_mult_twiddle:UUT5|Yr_s2[-4]      ; Lost fanout                                                       ;
; fft16OPT:UUT|complex_mult_twiddle:UUT5|Yr_s1b[-4]     ; Lost fanout                                                       ;
; fft16OPT:UUT|complex_mult_twiddle:UUT5|Yr_s1a[-4]     ; Lost fanout                                                       ;
; fft16OPT:UUT|complex_mult_twiddle:UUT5|Yr_s2[-5]      ; Lost fanout                                                       ;
; fft16OPT:UUT|complex_mult_twiddle:UUT5|Yr_s1b[-5]     ; Lost fanout                                                       ;
; fft16OPT:UUT|complex_mult_twiddle:UUT5|Yr_s1a[-5]     ; Lost fanout                                                       ;
; fft16OPT:UUT|complex_mult_twiddle:UUT5|Yr_s2[-6]      ; Lost fanout                                                       ;
; fft16OPT:UUT|complex_mult_twiddle:UUT5|Yr_s1b[-6]     ; Lost fanout                                                       ;
; fft16OPT:UUT|complex_mult_twiddle:UUT5|Yr_s1a[-6]     ; Lost fanout                                                       ;
; fft16OPT:UUT|complex_mult_twiddle:UUT5|Yr_s2[-7]      ; Lost fanout                                                       ;
; fft16OPT:UUT|complex_mult_twiddle:UUT5|Yr_s1b[-7]     ; Lost fanout                                                       ;
; fft16OPT:UUT|complex_mult_twiddle:UUT5|Yr_s1a[-7]     ; Lost fanout                                                       ;
; fft16OPT:UUT|complex_mult_twiddle:UUT5|Yr_s2[-8]      ; Lost fanout                                                       ;
; fft16OPT:UUT|complex_mult_twiddle:UUT5|Yr_s1b[-8]     ; Lost fanout                                                       ;
; fft16OPT:UUT|complex_mult_twiddle:UUT5|Yr_s1a[-8]     ; Lost fanout                                                       ;
; fft16OPT:UUT|complex_mult_twiddle:UUT5|Yr_s2[-9]      ; Lost fanout                                                       ;
; fft16OPT:UUT|complex_mult_twiddle:UUT5|Yr_s1b[-9]     ; Lost fanout                                                       ;
; fft16OPT:UUT|complex_mult_twiddle:UUT5|Yr_s1a[-9]     ; Lost fanout                                                       ;
; fft16OPT:UUT|complex_mult_twiddle:UUT5|Yr_s2[-10]     ; Lost fanout                                                       ;
; fft16OPT:UUT|complex_mult_twiddle:UUT5|Yr_s1b[-10]    ; Lost fanout                                                       ;
; fft16OPT:UUT|complex_mult_twiddle:UUT5|Yr_s1a[-10]    ; Lost fanout                                                       ;
; fft16OPT:UUT|complex_mult_twiddle:UUT5|Yr_s2[-11]     ; Lost fanout                                                       ;
; fft16OPT:UUT|complex_mult_twiddle:UUT5|Yr_s1b[-11]    ; Lost fanout                                                       ;
; fft16OPT:UUT|complex_mult_twiddle:UUT5|Yr_s1a[-11]    ; Lost fanout                                                       ;
; fft16OPT:UUT|complex_mult_twiddle:UUT5|pC_s[0..2]     ; Lost fanout                                                       ;
; fft16OPT:UUT|complex_mult_twiddle:UUT5|pC_s[-1]       ; Lost fanout                                                       ;
; fft16OPT:UUT|complex_mult_twiddle:UUT5|pC_s[-2]       ; Lost fanout                                                       ;
; fft16OPT:UUT|complex_mult_twiddle:UUT5|pC_s[-3]       ; Lost fanout                                                       ;
; fft16OPT:UUT|complex_mult_twiddle:UUT5|pC_s[-4]       ; Lost fanout                                                       ;
; fft16OPT:UUT|complex_mult_twiddle:UUT5|pC_s[-5]       ; Lost fanout                                                       ;
; fft16OPT:UUT|complex_mult_twiddle:UUT5|pC_s[-6]       ; Lost fanout                                                       ;
; fft16OPT:UUT|complex_mult_twiddle:UUT5|pC_s[-7]       ; Lost fanout                                                       ;
; fft16OPT:UUT|complex_mult_twiddle:UUT5|pC_s[-8]       ; Lost fanout                                                       ;
; fft16OPT:UUT|complex_mult_twiddle:UUT5|pC_s[-9]       ; Lost fanout                                                       ;
; fft16OPT:UUT|complex_mult_twiddle:UUT5|pC_s[-10]      ; Lost fanout                                                       ;
; fft16OPT:UUT|complex_mult_twiddle:UUT5|pC_s[-11]      ; Lost fanout                                                       ;
; fft16OPT:UUT|complex_mult_twiddle:UUT5|c3Yr_s[0]      ; Lost fanout                                                       ;
; fft16OPT:UUT|complex_mult_twiddle:UUT5|c3Yr_s[-1]     ; Lost fanout                                                       ;
; fft16OPT:UUT|complex_mult_twiddle:UUT5|c3Yr_s[-2]     ; Lost fanout                                                       ;
; fft16OPT:UUT|complex_mult_twiddle:UUT5|c3Yr_s[-3]     ; Lost fanout                                                       ;
; fft16OPT:UUT|complex_mult_twiddle:UUT5|c3Yr_s[-4]     ; Lost fanout                                                       ;
; fft16OPT:UUT|complex_mult_twiddle:UUT5|c3Yr_s[-5]     ; Lost fanout                                                       ;
; fft16OPT:UUT|complex_mult_twiddle:UUT5|c3Yr_s[-6]     ; Lost fanout                                                       ;
; fft16OPT:UUT|complex_mult_twiddle:UUT5|c3Yr_s[-7]     ; Lost fanout                                                       ;
; fft16OPT:UUT|complex_mult_twiddle:UUT5|c3Yr_s[-8]     ; Lost fanout                                                       ;
; fft16OPT:UUT|complex_mult_twiddle:UUT5|c3Yr_s[-9]     ; Lost fanout                                                       ;
; fft16OPT:UUT|complex_mult_twiddle:UUT5|c3Yr_s[-10]    ; Lost fanout                                                       ;
; fft16OPT:UUT|complex_mult_twiddle:UUT5|c3Yr_s[-11]    ; Lost fanout                                                       ;
; fft16OPT:UUT|complex_mult_twiddle:UUT5|c3a_Yr_s[0]    ; Lost fanout                                                       ;
; fft16OPT:UUT|complex_mult_twiddle:UUT5|c3a_Yr_s[-1]   ; Lost fanout                                                       ;
; fft16OPT:UUT|complex_mult_twiddle:UUT5|c3a_Yr_s[-2]   ; Lost fanout                                                       ;
; fft16OPT:UUT|complex_mult_twiddle:UUT5|c3a_Yr_s[-3]   ; Lost fanout                                                       ;
; fft16OPT:UUT|complex_mult_twiddle:UUT5|c3a_Yr_s[-4]   ; Lost fanout                                                       ;
; fft16OPT:UUT|complex_mult_twiddle:UUT5|c3a_Yr_s[-5]   ; Lost fanout                                                       ;
; fft16OPT:UUT|complex_mult_twiddle:UUT5|c3a_Yr_s[-6]   ; Lost fanout                                                       ;
; fft16OPT:UUT|complex_mult_twiddle:UUT5|c3a_Yr_s[-7]   ; Lost fanout                                                       ;
; fft16OPT:UUT|complex_mult_twiddle:UUT5|c3a_Yr_s[-8]   ; Lost fanout                                                       ;
; fft16OPT:UUT|complex_mult_twiddle:UUT5|c3a_Yr_s[-9]   ; Lost fanout                                                       ;
; fft16OPT:UUT|complex_mult_twiddle:UUT5|c3a_Yr_s[-10]  ; Lost fanout                                                       ;
; fft16OPT:UUT|complex_mult_twiddle:UUT5|c3a_Yr_s[-11]  ; Lost fanout                                                       ;
; fft16OPT:UUT|complex_mult_twiddle:UUT5|c3b_Yr_s[0]    ; Lost fanout                                                       ;
; fft16OPT:UUT|complex_mult_twiddle:UUT5|c3b_Yr_s[-1]   ; Lost fanout                                                       ;
; fft16OPT:UUT|complex_mult_twiddle:UUT5|c3b_Yr_s[-2]   ; Lost fanout                                                       ;
; fft16OPT:UUT|complex_mult_twiddle:UUT5|c3b_Yr_s[-3]   ; Lost fanout                                                       ;
; fft16OPT:UUT|complex_mult_twiddle:UUT5|c3b_Yr_s[-4]   ; Lost fanout                                                       ;
; fft16OPT:UUT|complex_mult_twiddle:UUT5|c3b_Yr_s[-5]   ; Lost fanout                                                       ;
; fft16OPT:UUT|complex_mult_twiddle:UUT5|c3b_Yr_s[-6]   ; Lost fanout                                                       ;
; fft16OPT:UUT|complex_mult_twiddle:UUT5|c3b_Yr_s[-7]   ; Lost fanout                                                       ;
; fft16OPT:UUT|complex_mult_twiddle:UUT5|c3b_Yr_s[-8]   ; Lost fanout                                                       ;
; fft16OPT:UUT|complex_mult_twiddle:UUT5|c3b_Yr_s[-9]   ; Lost fanout                                                       ;
; fft16OPT:UUT|complex_mult_twiddle:UUT5|c3b_Yr_s[-10]  ; Lost fanout                                                       ;
; fft16OPT:UUT|complex_mult_twiddle:UUT5|c3b_Yr_s[-11]  ; Lost fanout                                                       ;
; fft16OPT:UUT|complex_mult_twiddle:UUT5|Yr_sh8_s[0]    ; Lost fanout                                                       ;
; fft16OPT:UUT|complex_mult_twiddle:UUT5|Yr_sh8_s[-1]   ; Lost fanout                                                       ;
; fft16OPT:UUT|complex_mult_twiddle:UUT5|Yr_sh8_s[-2]   ; Lost fanout                                                       ;
; fft16OPT:UUT|complex_mult_twiddle:UUT5|Yr_sh8_s[-3]   ; Lost fanout                                                       ;
; fft16OPT:UUT|complex_mult_twiddle:UUT5|Yr_sh8_s[-4]   ; Lost fanout                                                       ;
; fft16OPT:UUT|complex_mult_twiddle:UUT5|Yr_sh8_s[-5]   ; Lost fanout                                                       ;
; fft16OPT:UUT|complex_mult_twiddle:UUT5|Yr_sh8_s[-6]   ; Lost fanout                                                       ;
; fft16OPT:UUT|complex_mult_twiddle:UUT5|Yr_sh8_s[-7]   ; Lost fanout                                                       ;
; fft16OPT:UUT|complex_mult_twiddle:UUT5|Yr_sh8_s[-8]   ; Lost fanout                                                       ;
; fft16OPT:UUT|complex_mult_twiddle:UUT5|Yr_sh8_s[-9]   ; Lost fanout                                                       ;
; fft16OPT:UUT|complex_mult_twiddle:UUT5|Yr_sh8_s[-10]  ; Lost fanout                                                       ;
; fft16OPT:UUT|complex_mult_twiddle:UUT5|Yr_sh8_s[-11]  ; Lost fanout                                                       ;
; fft16OPT:UUT|complex_mult_twiddle:UUT5|c3Yi_s[0]      ; Lost fanout                                                       ;
; fft16OPT:UUT|complex_mult_twiddle:UUT5|c3Yi_s[-1]     ; Lost fanout                                                       ;
; fft16OPT:UUT|complex_mult_twiddle:UUT5|c3Yi_s[-2]     ; Lost fanout                                                       ;
; fft16OPT:UUT|complex_mult_twiddle:UUT5|c3Yi_s[-3]     ; Lost fanout                                                       ;
; fft16OPT:UUT|complex_mult_twiddle:UUT5|c3Yi_s[-4]     ; Lost fanout                                                       ;
; fft16OPT:UUT|complex_mult_twiddle:UUT5|c3Yi_s[-5]     ; Lost fanout                                                       ;
; fft16OPT:UUT|complex_mult_twiddle:UUT5|c3Yi_s[-6]     ; Lost fanout                                                       ;
; fft16OPT:UUT|complex_mult_twiddle:UUT5|c3Yi_s[-7]     ; Lost fanout                                                       ;
; fft16OPT:UUT|complex_mult_twiddle:UUT5|c3Yi_s[-8]     ; Lost fanout                                                       ;
; fft16OPT:UUT|complex_mult_twiddle:UUT5|c3Yi_s[-9]     ; Lost fanout                                                       ;
; fft16OPT:UUT|complex_mult_twiddle:UUT5|c3Yi_s[-10]    ; Lost fanout                                                       ;
; fft16OPT:UUT|complex_mult_twiddle:UUT5|c3Yi_s[-11]    ; Lost fanout                                                       ;
; fft16OPT:UUT|complex_mult_twiddle:UUT5|c3a_Yi_s[0]    ; Lost fanout                                                       ;
; fft16OPT:UUT|complex_mult_twiddle:UUT5|c3a_Yi_s[-1]   ; Lost fanout                                                       ;
; fft16OPT:UUT|complex_mult_twiddle:UUT5|c3a_Yi_s[-2]   ; Lost fanout                                                       ;
; fft16OPT:UUT|complex_mult_twiddle:UUT5|c3a_Yi_s[-3]   ; Lost fanout                                                       ;
; fft16OPT:UUT|complex_mult_twiddle:UUT5|c3a_Yi_s[-4]   ; Lost fanout                                                       ;
; fft16OPT:UUT|complex_mult_twiddle:UUT5|c3a_Yi_s[-5]   ; Lost fanout                                                       ;
; fft16OPT:UUT|complex_mult_twiddle:UUT5|c3a_Yi_s[-6]   ; Lost fanout                                                       ;
; fft16OPT:UUT|complex_mult_twiddle:UUT5|c3a_Yi_s[-7]   ; Lost fanout                                                       ;
; fft16OPT:UUT|complex_mult_twiddle:UUT5|c3a_Yi_s[-8]   ; Lost fanout                                                       ;
; fft16OPT:UUT|complex_mult_twiddle:UUT5|c3a_Yi_s[-9]   ; Lost fanout                                                       ;
; fft16OPT:UUT|complex_mult_twiddle:UUT5|c3a_Yi_s[-10]  ; Lost fanout                                                       ;
; fft16OPT:UUT|complex_mult_twiddle:UUT5|c3a_Yi_s[-11]  ; Lost fanout                                                       ;
; fft16OPT:UUT|complex_mult_twiddle:UUT5|c3b_Yi_s[0]    ; Lost fanout                                                       ;
; fft16OPT:UUT|complex_mult_twiddle:UUT5|c3b_Yi_s[-1]   ; Lost fanout                                                       ;
; fft16OPT:UUT|complex_mult_twiddle:UUT5|c3b_Yi_s[-2]   ; Lost fanout                                                       ;
; fft16OPT:UUT|complex_mult_twiddle:UUT5|c3b_Yi_s[-3]   ; Lost fanout                                                       ;
; fft16OPT:UUT|complex_mult_twiddle:UUT5|c3b_Yi_s[-4]   ; Lost fanout                                                       ;
; fft16OPT:UUT|complex_mult_twiddle:UUT5|c3b_Yi_s[-5]   ; Lost fanout                                                       ;
; fft16OPT:UUT|complex_mult_twiddle:UUT5|c3b_Yi_s[-6]   ; Lost fanout                                                       ;
; fft16OPT:UUT|complex_mult_twiddle:UUT5|c3b_Yi_s[-7]   ; Lost fanout                                                       ;
; fft16OPT:UUT|complex_mult_twiddle:UUT5|c3b_Yi_s[-8]   ; Lost fanout                                                       ;
; fft16OPT:UUT|complex_mult_twiddle:UUT5|c3b_Yi_s[-9]   ; Lost fanout                                                       ;
; fft16OPT:UUT|complex_mult_twiddle:UUT5|c3b_Yi_s[-10]  ; Lost fanout                                                       ;
; fft16OPT:UUT|complex_mult_twiddle:UUT5|c3b_Yi_s[-11]  ; Lost fanout                                                       ;
; fft16OPT:UUT|complex_mult_twiddle:UUT5|Yi_sh8_s[0]    ; Lost fanout                                                       ;
; fft16OPT:UUT|complex_mult_twiddle:UUT5|Yi_sh8_s[-1]   ; Lost fanout                                                       ;
; fft16OPT:UUT|complex_mult_twiddle:UUT5|Yi_sh8_s[-2]   ; Lost fanout                                                       ;
; fft16OPT:UUT|complex_mult_twiddle:UUT5|Yi_sh8_s[-3]   ; Lost fanout                                                       ;
; fft16OPT:UUT|complex_mult_twiddle:UUT5|Yi_sh8_s[-4]   ; Lost fanout                                                       ;
; fft16OPT:UUT|complex_mult_twiddle:UUT5|Yi_sh8_s[-5]   ; Lost fanout                                                       ;
; fft16OPT:UUT|complex_mult_twiddle:UUT5|Yi_sh8_s[-6]   ; Lost fanout                                                       ;
; fft16OPT:UUT|complex_mult_twiddle:UUT5|Yi_sh8_s[-7]   ; Lost fanout                                                       ;
; fft16OPT:UUT|complex_mult_twiddle:UUT5|Yi_sh8_s[-8]   ; Lost fanout                                                       ;
; fft16OPT:UUT|complex_mult_twiddle:UUT5|Yi_sh8_s[-9]   ; Lost fanout                                                       ;
; fft16OPT:UUT|complex_mult_twiddle:UUT5|Yi_sh8_s[-10]  ; Lost fanout                                                       ;
; fft16OPT:UUT|complex_mult_twiddle:UUT5|Yi_sh8_s[-11]  ; Lost fanout                                                       ;
; fft16OPT:UUT|complex_mult_twiddle:UUT5|pA_s[1,2]      ; Lost fanout                                                       ;
; fft16OPT:UUT|complex_mult_twiddle:UUT5|pE_s[1,2]      ; Lost fanout                                                       ;
; fft16OPT:UUT|calc_pot:\gen_pot:8:calc_Z|i2_s[1]       ; Lost fanout                                                       ;
; fft16OPT:UUT|calc_pot:\gen_pot:8:calc_Z|r2_s[1]       ; Lost fanout                                                       ;
; fft16OPT:UUT|calc_pot:\gen_pot:7:calc_Z|i2_s[1]       ; Lost fanout                                                       ;
; fft16OPT:UUT|calc_pot:\gen_pot:7:calc_Z|r2_s[1]       ; Lost fanout                                                       ;
; fft16OPT:UUT|calc_pot:\gen_pot:6:calc_Z|i2_s[1]       ; Lost fanout                                                       ;
; fft16OPT:UUT|calc_pot:\gen_pot:6:calc_Z|r2_s[1]       ; Lost fanout                                                       ;
; fft16OPT:UUT|calc_pot:\gen_pot:5:calc_Z|i2_s[1]       ; Lost fanout                                                       ;
; fft16OPT:UUT|calc_pot:\gen_pot:5:calc_Z|r2_s[1]       ; Lost fanout                                                       ;
; fft16OPT:UUT|calc_pot:\gen_pot:4:calc_Z|i2_s[1]       ; Lost fanout                                                       ;
; fft16OPT:UUT|calc_pot:\gen_pot:4:calc_Z|r2_s[1]       ; Lost fanout                                                       ;
; fft16OPT:UUT|calc_pot:\gen_pot:3:calc_Z|i2_s[1]       ; Lost fanout                                                       ;
; fft16OPT:UUT|calc_pot:\gen_pot:3:calc_Z|r2_s[1]       ; Lost fanout                                                       ;
; fft16OPT:UUT|calc_pot:\gen_pot:2:calc_Z|i2_s[1]       ; Lost fanout                                                       ;
; fft16OPT:UUT|calc_pot:\gen_pot:2:calc_Z|r2_s[1]       ; Lost fanout                                                       ;
; fft16OPT:UUT|calc_pot:\gen_pot:1:calc_Z|i2_s[1]       ; Lost fanout                                                       ;
; fft16OPT:UUT|calc_pot:\gen_pot:1:calc_Z|r2_s[1]       ; Lost fanout                                                       ;
; fft16OPT:UUT|calc_pot:\gen_pot:0:calc_Z|i2_s[1]       ; Lost fanout                                                       ;
; fft16OPT:UUT|calc_pot:\gen_pot:0:calc_Z|r2_s[1]       ; Lost fanout                                                       ;
; fft16OPT:UUT|complex_mult_twiddle:UUT13|pA_s[1,2]     ; Lost fanout                                                       ;
; fft16OPT:UUT|complex_mult_twiddle:UUT13|pE_s[1,2]     ; Lost fanout                                                       ;
; fft16OPT:UUT|complex_mult_twiddle:UUT12|pC_s[1,2]     ; Lost fanout                                                       ;
; fft16OPT:UUT|complex_mult_twiddle:UUT10|pC_s[1,2]     ; Lost fanout                                                       ;
; fft16OPT:UUT|radix4:UUT4|Z2i_s[-11]                   ; Stuck at GND due to stuck port data_in                            ;
; fft16OPT:UUT|radix4:UUT4|Z2i_s[-10]                   ; Stuck at GND due to stuck port data_in                            ;
; fft16OPT:UUT|radix4:UUT4|Z2i_s[-9]                    ; Stuck at GND due to stuck port data_in                            ;
; fft16OPT:UUT|radix4:UUT4|Z2i_s[-8]                    ; Stuck at GND due to stuck port data_in                            ;
; fft16OPT:UUT|radix4:UUT4|Z2i_s[-7]                    ; Stuck at GND due to stuck port data_in                            ;
; fft16OPT:UUT|radix4:UUT4|Z2i_s[-6]                    ; Stuck at GND due to stuck port data_in                            ;
; fft16OPT:UUT|radix4:UUT4|Z2i_s[-5]                    ; Stuck at GND due to stuck port data_in                            ;
; fft16OPT:UUT|radix4:UUT4|Z2i_s[-4]                    ; Stuck at GND due to stuck port data_in                            ;
; fft16OPT:UUT|radix4:UUT4|Z2i_s[-3]                    ; Stuck at GND due to stuck port data_in                            ;
; fft16OPT:UUT|radix4:UUT4|Z2i_s[-2]                    ; Stuck at GND due to stuck port data_in                            ;
; fft16OPT:UUT|radix4:UUT4|Z2i_s[-1]                    ; Stuck at GND due to stuck port data_in                            ;
; fft16OPT:UUT|radix4:UUT4|Z2i_s[0]                     ; Stuck at GND due to stuck port data_in                            ;
; fft16OPT:UUT|radix4:UUT4|Z0i_s[-11]                   ; Stuck at GND due to stuck port data_in                            ;
; fft16OPT:UUT|radix4:UUT4|Z0i_s[-10]                   ; Stuck at GND due to stuck port data_in                            ;
; fft16OPT:UUT|radix4:UUT4|Z0i_s[-9]                    ; Stuck at GND due to stuck port data_in                            ;
; fft16OPT:UUT|radix4:UUT4|Z0i_s[-8]                    ; Stuck at GND due to stuck port data_in                            ;
; fft16OPT:UUT|radix4:UUT4|Z0i_s[-7]                    ; Stuck at GND due to stuck port data_in                            ;
; fft16OPT:UUT|radix4:UUT4|Z0i_s[-6]                    ; Stuck at GND due to stuck port data_in                            ;
; fft16OPT:UUT|radix4:UUT4|Z0i_s[-5]                    ; Stuck at GND due to stuck port data_in                            ;
; fft16OPT:UUT|radix4:UUT4|Z0i_s[-4]                    ; Stuck at GND due to stuck port data_in                            ;
; fft16OPT:UUT|radix4:UUT4|Z0i_s[-3]                    ; Stuck at GND due to stuck port data_in                            ;
; fft16OPT:UUT|radix4:UUT4|Z0i_s[-2]                    ; Stuck at GND due to stuck port data_in                            ;
; fft16OPT:UUT|radix4:UUT4|Z0i_s[-1]                    ; Stuck at GND due to stuck port data_in                            ;
; fft16OPT:UUT|radix4:UUT4|Z0i_s[0]                     ; Stuck at GND due to stuck port data_in                            ;
; fft16OPT:UUT|radix4:UUT3|Z2i_s[-11]                   ; Stuck at GND due to stuck port data_in                            ;
; fft16OPT:UUT|radix4:UUT3|Z2i_s[-10]                   ; Stuck at GND due to stuck port data_in                            ;
; fft16OPT:UUT|radix4:UUT3|Z2i_s[-9]                    ; Stuck at GND due to stuck port data_in                            ;
; fft16OPT:UUT|radix4:UUT3|Z2i_s[-8]                    ; Stuck at GND due to stuck port data_in                            ;
; fft16OPT:UUT|radix4:UUT3|Z2i_s[-7]                    ; Stuck at GND due to stuck port data_in                            ;
; fft16OPT:UUT|radix4:UUT3|Z2i_s[-6]                    ; Stuck at GND due to stuck port data_in                            ;
; fft16OPT:UUT|radix4:UUT3|Z2i_s[-5]                    ; Stuck at GND due to stuck port data_in                            ;
; fft16OPT:UUT|radix4:UUT3|Z2i_s[-4]                    ; Stuck at GND due to stuck port data_in                            ;
; fft16OPT:UUT|radix4:UUT3|Z2i_s[-3]                    ; Stuck at GND due to stuck port data_in                            ;
; fft16OPT:UUT|radix4:UUT3|Z2i_s[-2]                    ; Stuck at GND due to stuck port data_in                            ;
; fft16OPT:UUT|radix4:UUT3|Z2i_s[-1]                    ; Stuck at GND due to stuck port data_in                            ;
; fft16OPT:UUT|radix4:UUT3|Z2i_s[0]                     ; Stuck at GND due to stuck port data_in                            ;
; fft16OPT:UUT|radix4:UUT3|Z0i_s[-11]                   ; Stuck at GND due to stuck port data_in                            ;
; fft16OPT:UUT|radix4:UUT3|Z0i_s[-10]                   ; Stuck at GND due to stuck port data_in                            ;
; fft16OPT:UUT|radix4:UUT3|Z0i_s[-9]                    ; Stuck at GND due to stuck port data_in                            ;
; fft16OPT:UUT|radix4:UUT3|Z0i_s[-8]                    ; Stuck at GND due to stuck port data_in                            ;
; fft16OPT:UUT|radix4:UUT3|Z0i_s[-7]                    ; Stuck at GND due to stuck port data_in                            ;
; fft16OPT:UUT|radix4:UUT3|Z0i_s[-6]                    ; Stuck at GND due to stuck port data_in                            ;
; fft16OPT:UUT|radix4:UUT3|Z0i_s[-5]                    ; Stuck at GND due to stuck port data_in                            ;
; fft16OPT:UUT|radix4:UUT3|Z0i_s[-4]                    ; Stuck at GND due to stuck port data_in                            ;
; fft16OPT:UUT|radix4:UUT3|Z0i_s[-3]                    ; Stuck at GND due to stuck port data_in                            ;
; fft16OPT:UUT|radix4:UUT3|Z0i_s[-2]                    ; Stuck at GND due to stuck port data_in                            ;
; fft16OPT:UUT|radix4:UUT3|Z0i_s[-1]                    ; Stuck at GND due to stuck port data_in                            ;
; fft16OPT:UUT|radix4:UUT3|Z0i_s[0]                     ; Stuck at GND due to stuck port data_in                            ;
; fft16OPT:UUT|radix4:UUT2|Z2i_s[-11]                   ; Stuck at GND due to stuck port data_in                            ;
; fft16OPT:UUT|radix4:UUT2|Z2i_s[-10]                   ; Stuck at GND due to stuck port data_in                            ;
; fft16OPT:UUT|radix4:UUT2|Z2i_s[-9]                    ; Stuck at GND due to stuck port data_in                            ;
; fft16OPT:UUT|radix4:UUT2|Z2i_s[-8]                    ; Stuck at GND due to stuck port data_in                            ;
; fft16OPT:UUT|radix4:UUT2|Z2i_s[-7]                    ; Stuck at GND due to stuck port data_in                            ;
; fft16OPT:UUT|radix4:UUT2|Z2i_s[-6]                    ; Stuck at GND due to stuck port data_in                            ;
; fft16OPT:UUT|radix4:UUT2|Z2i_s[-5]                    ; Stuck at GND due to stuck port data_in                            ;
; fft16OPT:UUT|radix4:UUT2|Z2i_s[-4]                    ; Stuck at GND due to stuck port data_in                            ;
; fft16OPT:UUT|radix4:UUT2|Z2i_s[-3]                    ; Stuck at GND due to stuck port data_in                            ;
; fft16OPT:UUT|radix4:UUT2|Z2i_s[-2]                    ; Stuck at GND due to stuck port data_in                            ;
; fft16OPT:UUT|radix4:UUT2|Z2i_s[-1]                    ; Stuck at GND due to stuck port data_in                            ;
; fft16OPT:UUT|radix4:UUT2|Z2i_s[0]                     ; Stuck at GND due to stuck port data_in                            ;
; fft16OPT:UUT|radix4:UUT2|Z0i_s[-11]                   ; Stuck at GND due to stuck port data_in                            ;
; fft16OPT:UUT|radix4:UUT2|Z0i_s[-10]                   ; Stuck at GND due to stuck port data_in                            ;
; fft16OPT:UUT|radix4:UUT2|Z0i_s[-9]                    ; Stuck at GND due to stuck port data_in                            ;
; fft16OPT:UUT|radix4:UUT2|Z0i_s[-8]                    ; Stuck at GND due to stuck port data_in                            ;
; fft16OPT:UUT|radix4:UUT2|Z0i_s[-7]                    ; Stuck at GND due to stuck port data_in                            ;
; fft16OPT:UUT|radix4:UUT2|Z0i_s[-6]                    ; Stuck at GND due to stuck port data_in                            ;
; fft16OPT:UUT|radix4:UUT2|Z0i_s[-5]                    ; Stuck at GND due to stuck port data_in                            ;
; fft16OPT:UUT|radix4:UUT2|Z0i_s[-4]                    ; Stuck at GND due to stuck port data_in                            ;
; fft16OPT:UUT|radix4:UUT2|Z0i_s[-3]                    ; Stuck at GND due to stuck port data_in                            ;
; fft16OPT:UUT|radix4:UUT2|Z0i_s[-2]                    ; Stuck at GND due to stuck port data_in                            ;
; fft16OPT:UUT|radix4:UUT2|Z0i_s[-1]                    ; Stuck at GND due to stuck port data_in                            ;
; fft16OPT:UUT|radix4:UUT2|Z0i_s[0]                     ; Stuck at GND due to stuck port data_in                            ;
; fft16OPT:UUT|radix4:UUT1|Z2i_s[-11]                   ; Stuck at GND due to stuck port data_in                            ;
; fft16OPT:UUT|radix4:UUT1|Z2i_s[-10]                   ; Stuck at GND due to stuck port data_in                            ;
; fft16OPT:UUT|radix4:UUT1|Z2i_s[-9]                    ; Stuck at GND due to stuck port data_in                            ;
; fft16OPT:UUT|radix4:UUT1|Z2i_s[-8]                    ; Stuck at GND due to stuck port data_in                            ;
; fft16OPT:UUT|radix4:UUT1|Z2i_s[-7]                    ; Stuck at GND due to stuck port data_in                            ;
; fft16OPT:UUT|radix4:UUT1|Z2i_s[-6]                    ; Stuck at GND due to stuck port data_in                            ;
; fft16OPT:UUT|radix4:UUT1|Z2i_s[-5]                    ; Stuck at GND due to stuck port data_in                            ;
; fft16OPT:UUT|radix4:UUT1|Z2i_s[-4]                    ; Stuck at GND due to stuck port data_in                            ;
; fft16OPT:UUT|radix4:UUT1|Z2i_s[-3]                    ; Stuck at GND due to stuck port data_in                            ;
; fft16OPT:UUT|radix4:UUT1|Z2i_s[-2]                    ; Stuck at GND due to stuck port data_in                            ;
; fft16OPT:UUT|radix4:UUT1|Z2i_s[-1]                    ; Stuck at GND due to stuck port data_in                            ;
; fft16OPT:UUT|radix4:UUT1|Z2i_s[0]                     ; Stuck at GND due to stuck port data_in                            ;
; fft16OPT:UUT|radix4:UUT1|Z0i_s[-11]                   ; Stuck at GND due to stuck port data_in                            ;
; fft16OPT:UUT|radix4:UUT1|Z0i_s[-10]                   ; Stuck at GND due to stuck port data_in                            ;
; fft16OPT:UUT|radix4:UUT1|Z0i_s[-9]                    ; Stuck at GND due to stuck port data_in                            ;
; fft16OPT:UUT|radix4:UUT1|Z0i_s[-8]                    ; Stuck at GND due to stuck port data_in                            ;
; fft16OPT:UUT|radix4:UUT1|Z0i_s[-7]                    ; Stuck at GND due to stuck port data_in                            ;
; fft16OPT:UUT|radix4:UUT1|Z0i_s[-6]                    ; Stuck at GND due to stuck port data_in                            ;
; fft16OPT:UUT|radix4:UUT1|Z0i_s[-5]                    ; Stuck at GND due to stuck port data_in                            ;
; fft16OPT:UUT|radix4:UUT1|Z0i_s[-4]                    ; Stuck at GND due to stuck port data_in                            ;
; fft16OPT:UUT|radix4:UUT1|Z0i_s[-3]                    ; Stuck at GND due to stuck port data_in                            ;
; fft16OPT:UUT|radix4:UUT1|Z0i_s[-2]                    ; Stuck at GND due to stuck port data_in                            ;
; fft16OPT:UUT|radix4:UUT1|Z0i_s[-1]                    ; Stuck at GND due to stuck port data_in                            ;
; fft16OPT:UUT|radix4:UUT1|Z0i_s[0]                     ; Stuck at GND due to stuck port data_in                            ;
; fft16OPT:UUT|radix4:UUT4|Z3i_s[-11]                   ; Stuck at GND due to stuck port data_in                            ;
; fft16OPT:UUT|radix4:UUT4|Z3i_s[-10]                   ; Stuck at GND due to stuck port data_in                            ;
; fft16OPT:UUT|radix4:UUT4|Z3i_s[-9]                    ; Stuck at GND due to stuck port data_in                            ;
; fft16OPT:UUT|radix4:UUT4|Z3i_s[-8]                    ; Stuck at GND due to stuck port data_in                            ;
; fft16OPT:UUT|radix4:UUT4|Z3i_s[-7]                    ; Stuck at GND due to stuck port data_in                            ;
; fft16OPT:UUT|radix4:UUT4|Z3i_s[-6]                    ; Stuck at GND due to stuck port data_in                            ;
; fft16OPT:UUT|radix4:UUT4|Z3i_s[-5]                    ; Stuck at GND due to stuck port data_in                            ;
; fft16OPT:UUT|radix4:UUT4|Z3i_s[-4]                    ; Stuck at GND due to stuck port data_in                            ;
; fft16OPT:UUT|radix4:UUT4|Z3i_s[-3]                    ; Stuck at GND due to stuck port data_in                            ;
; fft16OPT:UUT|radix4:UUT4|Z3i_s[-2]                    ; Stuck at GND due to stuck port data_in                            ;
; fft16OPT:UUT|radix4:UUT4|Z3i_s[-1]                    ; Stuck at GND due to stuck port data_in                            ;
; fft16OPT:UUT|radix4:UUT4|Z3i_s[0]                     ; Stuck at GND due to stuck port data_in                            ;
; fft16OPT:UUT|radix4:UUT4|Z1i_s[-11]                   ; Stuck at GND due to stuck port data_in                            ;
; fft16OPT:UUT|radix4:UUT4|Z1i_s[-10]                   ; Stuck at GND due to stuck port data_in                            ;
; fft16OPT:UUT|radix4:UUT4|Z1i_s[-9]                    ; Stuck at GND due to stuck port data_in                            ;
; fft16OPT:UUT|radix4:UUT4|Z1i_s[-8]                    ; Stuck at GND due to stuck port data_in                            ;
; fft16OPT:UUT|radix4:UUT4|Z1i_s[-7]                    ; Stuck at GND due to stuck port data_in                            ;
; fft16OPT:UUT|radix4:UUT4|Z1i_s[-6]                    ; Stuck at GND due to stuck port data_in                            ;
; fft16OPT:UUT|radix4:UUT4|Z1i_s[-5]                    ; Stuck at GND due to stuck port data_in                            ;
; fft16OPT:UUT|radix4:UUT4|Z1i_s[-4]                    ; Stuck at GND due to stuck port data_in                            ;
; fft16OPT:UUT|radix4:UUT4|Z1i_s[-3]                    ; Stuck at GND due to stuck port data_in                            ;
; fft16OPT:UUT|radix4:UUT4|Z1i_s[-2]                    ; Stuck at GND due to stuck port data_in                            ;
; fft16OPT:UUT|radix4:UUT4|Z1i_s[-1]                    ; Stuck at GND due to stuck port data_in                            ;
; fft16OPT:UUT|radix4:UUT4|Z1i_s[0]                     ; Stuck at GND due to stuck port data_in                            ;
; fft16OPT:UUT|radix4:UUT3|Z3i_s[-11]                   ; Stuck at GND due to stuck port data_in                            ;
; fft16OPT:UUT|radix4:UUT3|Z3i_s[-10]                   ; Stuck at GND due to stuck port data_in                            ;
; fft16OPT:UUT|radix4:UUT3|Z3i_s[-9]                    ; Stuck at GND due to stuck port data_in                            ;
; fft16OPT:UUT|radix4:UUT3|Z3i_s[-8]                    ; Stuck at GND due to stuck port data_in                            ;
; fft16OPT:UUT|radix4:UUT3|Z3i_s[-7]                    ; Stuck at GND due to stuck port data_in                            ;
; fft16OPT:UUT|radix4:UUT3|Z3i_s[-6]                    ; Stuck at GND due to stuck port data_in                            ;
; fft16OPT:UUT|radix4:UUT3|Z3i_s[-5]                    ; Stuck at GND due to stuck port data_in                            ;
; fft16OPT:UUT|radix4:UUT3|Z3i_s[-4]                    ; Stuck at GND due to stuck port data_in                            ;
; fft16OPT:UUT|radix4:UUT3|Z3i_s[-3]                    ; Stuck at GND due to stuck port data_in                            ;
; fft16OPT:UUT|radix4:UUT3|Z3i_s[-2]                    ; Stuck at GND due to stuck port data_in                            ;
; fft16OPT:UUT|radix4:UUT3|Z3i_s[-1]                    ; Stuck at GND due to stuck port data_in                            ;
; fft16OPT:UUT|radix4:UUT3|Z3i_s[0]                     ; Stuck at GND due to stuck port data_in                            ;
; fft16OPT:UUT|radix4:UUT3|Z1i_s[-11]                   ; Stuck at GND due to stuck port data_in                            ;
; fft16OPT:UUT|radix4:UUT3|Z1i_s[-10]                   ; Stuck at GND due to stuck port data_in                            ;
; fft16OPT:UUT|radix4:UUT3|Z1i_s[-9]                    ; Stuck at GND due to stuck port data_in                            ;
; fft16OPT:UUT|radix4:UUT3|Z1i_s[-8]                    ; Stuck at GND due to stuck port data_in                            ;
; fft16OPT:UUT|radix4:UUT3|Z1i_s[-7]                    ; Stuck at GND due to stuck port data_in                            ;
; fft16OPT:UUT|radix4:UUT3|Z1i_s[-6]                    ; Stuck at GND due to stuck port data_in                            ;
; fft16OPT:UUT|radix4:UUT3|Z1i_s[-5]                    ; Stuck at GND due to stuck port data_in                            ;
; fft16OPT:UUT|radix4:UUT3|Z1i_s[-4]                    ; Stuck at GND due to stuck port data_in                            ;
; fft16OPT:UUT|radix4:UUT3|Z1i_s[-3]                    ; Stuck at GND due to stuck port data_in                            ;
; fft16OPT:UUT|radix4:UUT3|Z1i_s[-2]                    ; Stuck at GND due to stuck port data_in                            ;
; fft16OPT:UUT|radix4:UUT3|Z1i_s[-1]                    ; Stuck at GND due to stuck port data_in                            ;
; fft16OPT:UUT|radix4:UUT3|Z1i_s[0]                     ; Stuck at GND due to stuck port data_in                            ;
; fft16OPT:UUT|radix4:UUT2|Z3i_s[-11]                   ; Stuck at GND due to stuck port data_in                            ;
; fft16OPT:UUT|radix4:UUT2|Z3i_s[-10]                   ; Stuck at GND due to stuck port data_in                            ;
; fft16OPT:UUT|radix4:UUT2|Z3i_s[-9]                    ; Stuck at GND due to stuck port data_in                            ;
; fft16OPT:UUT|radix4:UUT2|Z3i_s[-8]                    ; Stuck at GND due to stuck port data_in                            ;
; fft16OPT:UUT|radix4:UUT2|Z3i_s[-7]                    ; Stuck at GND due to stuck port data_in                            ;
; fft16OPT:UUT|radix4:UUT2|Z3i_s[-6]                    ; Stuck at GND due to stuck port data_in                            ;
; fft16OPT:UUT|radix4:UUT2|Z3i_s[-5]                    ; Stuck at GND due to stuck port data_in                            ;
; fft16OPT:UUT|radix4:UUT2|Z3i_s[-4]                    ; Stuck at GND due to stuck port data_in                            ;
; fft16OPT:UUT|radix4:UUT2|Z3i_s[-3]                    ; Stuck at GND due to stuck port data_in                            ;
; fft16OPT:UUT|radix4:UUT2|Z3i_s[-2]                    ; Stuck at GND due to stuck port data_in                            ;
; fft16OPT:UUT|radix4:UUT2|Z3i_s[-1]                    ; Stuck at GND due to stuck port data_in                            ;
; fft16OPT:UUT|radix4:UUT2|Z3i_s[0]                     ; Stuck at GND due to stuck port data_in                            ;
; fft16OPT:UUT|radix4:UUT2|Z1i_s[-11]                   ; Stuck at GND due to stuck port data_in                            ;
; fft16OPT:UUT|radix4:UUT2|Z1i_s[-10]                   ; Stuck at GND due to stuck port data_in                            ;
; fft16OPT:UUT|radix4:UUT2|Z1i_s[-9]                    ; Stuck at GND due to stuck port data_in                            ;
; fft16OPT:UUT|radix4:UUT2|Z1i_s[-8]                    ; Stuck at GND due to stuck port data_in                            ;
; fft16OPT:UUT|radix4:UUT2|Z1i_s[-7]                    ; Stuck at GND due to stuck port data_in                            ;
; fft16OPT:UUT|radix4:UUT2|Z1i_s[-6]                    ; Stuck at GND due to stuck port data_in                            ;
; fft16OPT:UUT|radix4:UUT2|Z1i_s[-5]                    ; Stuck at GND due to stuck port data_in                            ;
; fft16OPT:UUT|radix4:UUT2|Z1i_s[-4]                    ; Stuck at GND due to stuck port data_in                            ;
; fft16OPT:UUT|radix4:UUT2|Z1i_s[-3]                    ; Stuck at GND due to stuck port data_in                            ;
; fft16OPT:UUT|radix4:UUT2|Z1i_s[-2]                    ; Stuck at GND due to stuck port data_in                            ;
; fft16OPT:UUT|radix4:UUT2|Z1i_s[-1]                    ; Stuck at GND due to stuck port data_in                            ;
; fft16OPT:UUT|radix4:UUT2|Z1i_s[0]                     ; Stuck at GND due to stuck port data_in                            ;
; fft16OPT:UUT|radix4:UUT1|Z3i_s[-11]                   ; Stuck at GND due to stuck port data_in                            ;
; fft16OPT:UUT|radix4:UUT1|Z3i_s[-10]                   ; Stuck at GND due to stuck port data_in                            ;
; fft16OPT:UUT|radix4:UUT1|Z3i_s[-9]                    ; Stuck at GND due to stuck port data_in                            ;
; fft16OPT:UUT|radix4:UUT1|Z3i_s[-8]                    ; Stuck at GND due to stuck port data_in                            ;
; fft16OPT:UUT|radix4:UUT1|Z3i_s[-7]                    ; Stuck at GND due to stuck port data_in                            ;
; fft16OPT:UUT|radix4:UUT1|Z3i_s[-6]                    ; Stuck at GND due to stuck port data_in                            ;
; fft16OPT:UUT|radix4:UUT1|Z3i_s[-5]                    ; Stuck at GND due to stuck port data_in                            ;
; fft16OPT:UUT|radix4:UUT1|Z3i_s[-4]                    ; Stuck at GND due to stuck port data_in                            ;
; fft16OPT:UUT|radix4:UUT1|Z3i_s[-3]                    ; Stuck at GND due to stuck port data_in                            ;
; fft16OPT:UUT|radix4:UUT1|Z3i_s[-2]                    ; Stuck at GND due to stuck port data_in                            ;
; fft16OPT:UUT|radix4:UUT1|Z3i_s[-1]                    ; Stuck at GND due to stuck port data_in                            ;
; fft16OPT:UUT|radix4:UUT1|Z3i_s[0]                     ; Stuck at GND due to stuck port data_in                            ;
; fft16OPT:UUT|radix4:UUT1|Z1i_s[-11]                   ; Stuck at GND due to stuck port data_in                            ;
; fft16OPT:UUT|radix4:UUT1|Z1i_s[-10]                   ; Stuck at GND due to stuck port data_in                            ;
; fft16OPT:UUT|radix4:UUT1|Z1i_s[-9]                    ; Stuck at GND due to stuck port data_in                            ;
; fft16OPT:UUT|radix4:UUT1|Z1i_s[-8]                    ; Stuck at GND due to stuck port data_in                            ;
; fft16OPT:UUT|radix4:UUT1|Z1i_s[-7]                    ; Stuck at GND due to stuck port data_in                            ;
; fft16OPT:UUT|radix4:UUT1|Z1i_s[-6]                    ; Stuck at GND due to stuck port data_in                            ;
; fft16OPT:UUT|radix4:UUT1|Z1i_s[-5]                    ; Stuck at GND due to stuck port data_in                            ;
; fft16OPT:UUT|radix4:UUT1|Z1i_s[-4]                    ; Stuck at GND due to stuck port data_in                            ;
; fft16OPT:UUT|radix4:UUT1|Z1i_s[-3]                    ; Stuck at GND due to stuck port data_in                            ;
; fft16OPT:UUT|radix4:UUT1|Z1i_s[-2]                    ; Stuck at GND due to stuck port data_in                            ;
; fft16OPT:UUT|radix4:UUT1|Z1i_s[-1]                    ; Stuck at GND due to stuck port data_in                            ;
; fft16OPT:UUT|radix4:UUT1|Z1i_s[0]                     ; Stuck at GND due to stuck port data_in                            ;
; fft16OPT:UUT|radix4:UUT4|y0i_r[-11]                   ; Stuck at GND due to stuck port data_in                            ;
; fft16OPT:UUT|radix4:UUT4|y0i_r[-10]                   ; Stuck at GND due to stuck port data_in                            ;
; fft16OPT:UUT|radix4:UUT4|y0i_r[-9]                    ; Stuck at GND due to stuck port data_in                            ;
; fft16OPT:UUT|radix4:UUT4|y0i_r[-8]                    ; Stuck at GND due to stuck port data_in                            ;
; fft16OPT:UUT|radix4:UUT4|y0i_r[-7]                    ; Stuck at GND due to stuck port data_in                            ;
; fft16OPT:UUT|radix4:UUT4|y0i_r[-6]                    ; Stuck at GND due to stuck port data_in                            ;
; fft16OPT:UUT|radix4:UUT4|y0i_r[-5]                    ; Stuck at GND due to stuck port data_in                            ;
; fft16OPT:UUT|radix4:UUT4|y0i_r[-4]                    ; Stuck at GND due to stuck port data_in                            ;
; fft16OPT:UUT|radix4:UUT4|y0i_r[-3]                    ; Stuck at GND due to stuck port data_in                            ;
; fft16OPT:UUT|radix4:UUT4|y0i_r[-2]                    ; Stuck at GND due to stuck port data_in                            ;
; fft16OPT:UUT|radix4:UUT4|y0i_r[-1]                    ; Stuck at GND due to stuck port data_in                            ;
; fft16OPT:UUT|radix4:UUT4|y0i_r[0]                     ; Stuck at GND due to stuck port data_in                            ;
; fft16OPT:UUT|radix4:UUT3|y0i_r[-11]                   ; Stuck at GND due to stuck port data_in                            ;
; fft16OPT:UUT|radix4:UUT3|y0i_r[-10]                   ; Stuck at GND due to stuck port data_in                            ;
; fft16OPT:UUT|radix4:UUT3|y0i_r[-9]                    ; Stuck at GND due to stuck port data_in                            ;
; fft16OPT:UUT|radix4:UUT3|y0i_r[-8]                    ; Stuck at GND due to stuck port data_in                            ;
; fft16OPT:UUT|radix4:UUT3|y0i_r[-7]                    ; Stuck at GND due to stuck port data_in                            ;
; fft16OPT:UUT|radix4:UUT3|y0i_r[-6]                    ; Stuck at GND due to stuck port data_in                            ;
; fft16OPT:UUT|radix4:UUT3|y0i_r[-5]                    ; Stuck at GND due to stuck port data_in                            ;
; fft16OPT:UUT|radix4:UUT3|y0i_r[-4]                    ; Stuck at GND due to stuck port data_in                            ;
; fft16OPT:UUT|radix4:UUT3|y0i_r[-3]                    ; Stuck at GND due to stuck port data_in                            ;
; fft16OPT:UUT|radix4:UUT3|y0i_r[-2]                    ; Stuck at GND due to stuck port data_in                            ;
; fft16OPT:UUT|radix4:UUT3|y0i_r[-1]                    ; Stuck at GND due to stuck port data_in                            ;
; fft16OPT:UUT|radix4:UUT3|y0i_r[0]                     ; Stuck at GND due to stuck port data_in                            ;
; fft16OPT:UUT|radix4:UUT2|y0i_r[-11]                   ; Stuck at GND due to stuck port data_in                            ;
; fft16OPT:UUT|radix4:UUT2|y0i_r[-10]                   ; Stuck at GND due to stuck port data_in                            ;
; fft16OPT:UUT|radix4:UUT2|y0i_r[-9]                    ; Stuck at GND due to stuck port data_in                            ;
; fft16OPT:UUT|radix4:UUT2|y0i_r[-8]                    ; Stuck at GND due to stuck port data_in                            ;
; fft16OPT:UUT|radix4:UUT2|y0i_r[-7]                    ; Stuck at GND due to stuck port data_in                            ;
; fft16OPT:UUT|radix4:UUT2|y0i_r[-6]                    ; Stuck at GND due to stuck port data_in                            ;
; fft16OPT:UUT|radix4:UUT2|y0i_r[-5]                    ; Stuck at GND due to stuck port data_in                            ;
; fft16OPT:UUT|radix4:UUT2|y0i_r[-4]                    ; Stuck at GND due to stuck port data_in                            ;
; fft16OPT:UUT|radix4:UUT2|y0i_r[-3]                    ; Stuck at GND due to stuck port data_in                            ;
; fft16OPT:UUT|radix4:UUT2|y0i_r[-2]                    ; Stuck at GND due to stuck port data_in                            ;
; fft16OPT:UUT|radix4:UUT2|y0i_r[-1]                    ; Stuck at GND due to stuck port data_in                            ;
; fft16OPT:UUT|radix4:UUT2|y0i_r[0]                     ; Stuck at GND due to stuck port data_in                            ;
; fft16OPT:UUT|radix4:UUT1|y0i_r[-11]                   ; Stuck at GND due to stuck port data_in                            ;
; fft16OPT:UUT|radix4:UUT1|y0i_r[-10]                   ; Stuck at GND due to stuck port data_in                            ;
; fft16OPT:UUT|radix4:UUT1|y0i_r[-9]                    ; Stuck at GND due to stuck port data_in                            ;
; fft16OPT:UUT|radix4:UUT1|y0i_r[-8]                    ; Stuck at GND due to stuck port data_in                            ;
; fft16OPT:UUT|radix4:UUT1|y0i_r[-7]                    ; Stuck at GND due to stuck port data_in                            ;
; fft16OPT:UUT|radix4:UUT1|y0i_r[-6]                    ; Stuck at GND due to stuck port data_in                            ;
; fft16OPT:UUT|radix4:UUT1|y0i_r[-5]                    ; Stuck at GND due to stuck port data_in                            ;
; fft16OPT:UUT|radix4:UUT1|y0i_r[-4]                    ; Stuck at GND due to stuck port data_in                            ;
; fft16OPT:UUT|radix4:UUT1|y0i_r[-3]                    ; Stuck at GND due to stuck port data_in                            ;
; fft16OPT:UUT|radix4:UUT1|y0i_r[-2]                    ; Stuck at GND due to stuck port data_in                            ;
; fft16OPT:UUT|radix4:UUT1|y0i_r[-1]                    ; Stuck at GND due to stuck port data_in                            ;
; fft16OPT:UUT|radix4:UUT1|y0i_r[0]                     ; Stuck at GND due to stuck port data_in                            ;
; fft16OPT:UUT|y3i_d[0][-11]                            ; Stuck at GND due to stuck port data_in                            ;
; fft16OPT:UUT|y3i_d[0][-10]                            ; Stuck at GND due to stuck port data_in                            ;
; fft16OPT:UUT|y3i_d[0][-9]                             ; Stuck at GND due to stuck port data_in                            ;
; fft16OPT:UUT|y3i_d[0][-8]                             ; Stuck at GND due to stuck port data_in                            ;
; fft16OPT:UUT|y3i_d[0][-7]                             ; Stuck at GND due to stuck port data_in                            ;
; fft16OPT:UUT|y3i_d[0][-6]                             ; Stuck at GND due to stuck port data_in                            ;
; fft16OPT:UUT|y3i_d[0][-5]                             ; Stuck at GND due to stuck port data_in                            ;
; fft16OPT:UUT|y3i_d[0][-4]                             ; Stuck at GND due to stuck port data_in                            ;
; fft16OPT:UUT|y3i_d[0][-3]                             ; Stuck at GND due to stuck port data_in                            ;
; fft16OPT:UUT|y3i_d[0][-2]                             ; Stuck at GND due to stuck port data_in                            ;
; fft16OPT:UUT|y3i_d[0][-1]                             ; Stuck at GND due to stuck port data_in                            ;
; fft16OPT:UUT|y3i_d[0][0]                              ; Stuck at GND due to stuck port data_in                            ;
; fft16OPT:UUT|y2i_d[0][-11]                            ; Stuck at GND due to stuck port data_in                            ;
; fft16OPT:UUT|y2i_d[0][-10]                            ; Stuck at GND due to stuck port data_in                            ;
; fft16OPT:UUT|y2i_d[0][-9]                             ; Stuck at GND due to stuck port data_in                            ;
; fft16OPT:UUT|y2i_d[0][-8]                             ; Stuck at GND due to stuck port data_in                            ;
; fft16OPT:UUT|y2i_d[0][-7]                             ; Stuck at GND due to stuck port data_in                            ;
; fft16OPT:UUT|y2i_d[0][-6]                             ; Stuck at GND due to stuck port data_in                            ;
; fft16OPT:UUT|y2i_d[0][-5]                             ; Stuck at GND due to stuck port data_in                            ;
; fft16OPT:UUT|y2i_d[0][-4]                             ; Stuck at GND due to stuck port data_in                            ;
; fft16OPT:UUT|y2i_d[0][-3]                             ; Stuck at GND due to stuck port data_in                            ;
; fft16OPT:UUT|y2i_d[0][-2]                             ; Stuck at GND due to stuck port data_in                            ;
; fft16OPT:UUT|y2i_d[0][-1]                             ; Stuck at GND due to stuck port data_in                            ;
; fft16OPT:UUT|y2i_d[0][0]                              ; Stuck at GND due to stuck port data_in                            ;
; fft16OPT:UUT|y1i_d[0][-11]                            ; Stuck at GND due to stuck port data_in                            ;
; fft16OPT:UUT|y1i_d[0][-10]                            ; Stuck at GND due to stuck port data_in                            ;
; fft16OPT:UUT|y1i_d[0][-9]                             ; Stuck at GND due to stuck port data_in                            ;
; fft16OPT:UUT|y1i_d[0][-8]                             ; Stuck at GND due to stuck port data_in                            ;
; fft16OPT:UUT|y1i_d[0][-7]                             ; Stuck at GND due to stuck port data_in                            ;
; fft16OPT:UUT|y1i_d[0][-6]                             ; Stuck at GND due to stuck port data_in                            ;
; fft16OPT:UUT|y1i_d[0][-5]                             ; Stuck at GND due to stuck port data_in                            ;
; fft16OPT:UUT|y1i_d[0][-4]                             ; Stuck at GND due to stuck port data_in                            ;
; fft16OPT:UUT|y1i_d[0][-3]                             ; Stuck at GND due to stuck port data_in                            ;
; fft16OPT:UUT|y1i_d[0][-2]                             ; Stuck at GND due to stuck port data_in                            ;
; fft16OPT:UUT|y1i_d[0][-1]                             ; Stuck at GND due to stuck port data_in                            ;
; fft16OPT:UUT|y1i_d[0][0]                              ; Stuck at GND due to stuck port data_in                            ;
; fft16OPT:UUT|y0i_d[0][-11]                            ; Stuck at GND due to stuck port data_in                            ;
; fft16OPT:UUT|y0i_d[0][-10]                            ; Stuck at GND due to stuck port data_in                            ;
; fft16OPT:UUT|y0i_d[0][-9]                             ; Stuck at GND due to stuck port data_in                            ;
; fft16OPT:UUT|y0i_d[0][-8]                             ; Stuck at GND due to stuck port data_in                            ;
; fft16OPT:UUT|y0i_d[0][-7]                             ; Stuck at GND due to stuck port data_in                            ;
; fft16OPT:UUT|y0i_d[0][-6]                             ; Stuck at GND due to stuck port data_in                            ;
; fft16OPT:UUT|y0i_d[0][-5]                             ; Stuck at GND due to stuck port data_in                            ;
; fft16OPT:UUT|y0i_d[0][-4]                             ; Stuck at GND due to stuck port data_in                            ;
; fft16OPT:UUT|y0i_d[0][-3]                             ; Stuck at GND due to stuck port data_in                            ;
; fft16OPT:UUT|y0i_d[0][-2]                             ; Stuck at GND due to stuck port data_in                            ;
; fft16OPT:UUT|y0i_d[0][-1]                             ; Stuck at GND due to stuck port data_in                            ;
; fft16OPT:UUT|y0i_d[0][0]                              ; Stuck at GND due to stuck port data_in                            ;
; fft16OPT:UUT|radix4:UUT4|Z1r_s[-11]                   ; Lost fanout                                                       ;
; fft16OPT:UUT|radix4:UUT3|Z1r_s[-11]                   ; Lost fanout                                                       ;
; fft16OPT:UUT|radix4:UUT2|Z1r_s[-11]                   ; Lost fanout                                                       ;
; fft16OPT:UUT|radix4:UUT1|Z1r_s[-11]                   ; Lost fanout                                                       ;
; fft16OPT:UUT|y3i_d[1][-11]                            ; Stuck at GND due to stuck port data_in                            ;
; fft16OPT:UUT|y3i_d[1][-10]                            ; Stuck at GND due to stuck port data_in                            ;
; fft16OPT:UUT|y3i_d[1][-9]                             ; Stuck at GND due to stuck port data_in                            ;
; fft16OPT:UUT|y3i_d[1][-8]                             ; Stuck at GND due to stuck port data_in                            ;
; fft16OPT:UUT|y3i_d[1][-7]                             ; Stuck at GND due to stuck port data_in                            ;
; fft16OPT:UUT|y3i_d[1][-6]                             ; Stuck at GND due to stuck port data_in                            ;
; fft16OPT:UUT|y3i_d[1][-5]                             ; Stuck at GND due to stuck port data_in                            ;
; fft16OPT:UUT|y3i_d[1][-4]                             ; Stuck at GND due to stuck port data_in                            ;
; fft16OPT:UUT|y3i_d[1][-3]                             ; Stuck at GND due to stuck port data_in                            ;
; fft16OPT:UUT|y3i_d[1][-2]                             ; Stuck at GND due to stuck port data_in                            ;
; fft16OPT:UUT|y3i_d[1][-1]                             ; Stuck at GND due to stuck port data_in                            ;
; fft16OPT:UUT|y3i_d[1][0]                              ; Stuck at GND due to stuck port data_in                            ;
; fft16OPT:UUT|y2i_d[1][-11]                            ; Stuck at GND due to stuck port data_in                            ;
; fft16OPT:UUT|y2i_d[1][-10]                            ; Stuck at GND due to stuck port data_in                            ;
; fft16OPT:UUT|y2i_d[1][-9]                             ; Stuck at GND due to stuck port data_in                            ;
; fft16OPT:UUT|y2i_d[1][-8]                             ; Stuck at GND due to stuck port data_in                            ;
; fft16OPT:UUT|y2i_d[1][-7]                             ; Stuck at GND due to stuck port data_in                            ;
; fft16OPT:UUT|y2i_d[1][-6]                             ; Stuck at GND due to stuck port data_in                            ;
; fft16OPT:UUT|y2i_d[1][-5]                             ; Stuck at GND due to stuck port data_in                            ;
; fft16OPT:UUT|y2i_d[1][-4]                             ; Stuck at GND due to stuck port data_in                            ;
; fft16OPT:UUT|y2i_d[1][-3]                             ; Stuck at GND due to stuck port data_in                            ;
; fft16OPT:UUT|y2i_d[1][-2]                             ; Stuck at GND due to stuck port data_in                            ;
; fft16OPT:UUT|y2i_d[1][-1]                             ; Stuck at GND due to stuck port data_in                            ;
; fft16OPT:UUT|y2i_d[1][0]                              ; Stuck at GND due to stuck port data_in                            ;
; fft16OPT:UUT|y1i_d[1][-11]                            ; Stuck at GND due to stuck port data_in                            ;
; fft16OPT:UUT|y1i_d[1][-10]                            ; Stuck at GND due to stuck port data_in                            ;
; fft16OPT:UUT|y1i_d[1][-9]                             ; Stuck at GND due to stuck port data_in                            ;
; fft16OPT:UUT|y1i_d[1][-8]                             ; Stuck at GND due to stuck port data_in                            ;
; fft16OPT:UUT|y1i_d[1][-7]                             ; Stuck at GND due to stuck port data_in                            ;
; fft16OPT:UUT|y1i_d[1][-6]                             ; Stuck at GND due to stuck port data_in                            ;
; fft16OPT:UUT|y1i_d[1][-5]                             ; Stuck at GND due to stuck port data_in                            ;
; fft16OPT:UUT|y1i_d[1][-4]                             ; Stuck at GND due to stuck port data_in                            ;
; fft16OPT:UUT|y1i_d[1][-3]                             ; Stuck at GND due to stuck port data_in                            ;
; fft16OPT:UUT|y1i_d[1][-2]                             ; Stuck at GND due to stuck port data_in                            ;
; fft16OPT:UUT|y1i_d[1][-1]                             ; Stuck at GND due to stuck port data_in                            ;
; fft16OPT:UUT|y1i_d[1][0]                              ; Stuck at GND due to stuck port data_in                            ;
; fft16OPT:UUT|y0i_d[1][-11]                            ; Stuck at GND due to stuck port data_in                            ;
; fft16OPT:UUT|y0i_d[1][-10]                            ; Stuck at GND due to stuck port data_in                            ;
; fft16OPT:UUT|y0i_d[1][-9]                             ; Stuck at GND due to stuck port data_in                            ;
; fft16OPT:UUT|y0i_d[1][-8]                             ; Stuck at GND due to stuck port data_in                            ;
; fft16OPT:UUT|y0i_d[1][-7]                             ; Stuck at GND due to stuck port data_in                            ;
; fft16OPT:UUT|y0i_d[1][-6]                             ; Stuck at GND due to stuck port data_in                            ;
; fft16OPT:UUT|y0i_d[1][-5]                             ; Stuck at GND due to stuck port data_in                            ;
; fft16OPT:UUT|y0i_d[1][-4]                             ; Stuck at GND due to stuck port data_in                            ;
; fft16OPT:UUT|y0i_d[1][-3]                             ; Stuck at GND due to stuck port data_in                            ;
; fft16OPT:UUT|y0i_d[1][-2]                             ; Stuck at GND due to stuck port data_in                            ;
; fft16OPT:UUT|y0i_d[1][-1]                             ; Stuck at GND due to stuck port data_in                            ;
; fft16OPT:UUT|y0i_d[1][0]                              ; Stuck at GND due to stuck port data_in                            ;
; fft16OPT:UUT|radix4:UUT4|y2i_r[-11]                   ; Stuck at GND due to stuck port data_in                            ;
; fft16OPT:UUT|radix4:UUT4|y2i_r[-10]                   ; Stuck at GND due to stuck port data_in                            ;
; fft16OPT:UUT|radix4:UUT4|y2i_r[-9]                    ; Stuck at GND due to stuck port data_in                            ;
; fft16OPT:UUT|radix4:UUT4|y2i_r[-8]                    ; Stuck at GND due to stuck port data_in                            ;
; fft16OPT:UUT|radix4:UUT4|y2i_r[-7]                    ; Stuck at GND due to stuck port data_in                            ;
; fft16OPT:UUT|radix4:UUT4|y2i_r[-6]                    ; Stuck at GND due to stuck port data_in                            ;
; fft16OPT:UUT|radix4:UUT4|y2i_r[-5]                    ; Stuck at GND due to stuck port data_in                            ;
; fft16OPT:UUT|radix4:UUT4|y2i_r[-4]                    ; Stuck at GND due to stuck port data_in                            ;
; fft16OPT:UUT|radix4:UUT4|y2i_r[-3]                    ; Stuck at GND due to stuck port data_in                            ;
; fft16OPT:UUT|radix4:UUT4|y2i_r[-2]                    ; Stuck at GND due to stuck port data_in                            ;
; fft16OPT:UUT|radix4:UUT4|y2i_r[-1]                    ; Stuck at GND due to stuck port data_in                            ;
; fft16OPT:UUT|radix4:UUT4|y2i_r[0]                     ; Stuck at GND due to stuck port data_in                            ;
; fft16OPT:UUT|radix4:UUT3|y2i_r[-11]                   ; Stuck at GND due to stuck port data_in                            ;
; fft16OPT:UUT|radix4:UUT3|y2i_r[-10]                   ; Stuck at GND due to stuck port data_in                            ;
; fft16OPT:UUT|radix4:UUT3|y2i_r[-9]                    ; Stuck at GND due to stuck port data_in                            ;
; fft16OPT:UUT|radix4:UUT3|y2i_r[-8]                    ; Stuck at GND due to stuck port data_in                            ;
; fft16OPT:UUT|radix4:UUT3|y2i_r[-7]                    ; Stuck at GND due to stuck port data_in                            ;
; fft16OPT:UUT|radix4:UUT3|y2i_r[-6]                    ; Stuck at GND due to stuck port data_in                            ;
; fft16OPT:UUT|radix4:UUT3|y2i_r[-5]                    ; Stuck at GND due to stuck port data_in                            ;
; fft16OPT:UUT|radix4:UUT3|y2i_r[-4]                    ; Stuck at GND due to stuck port data_in                            ;
; fft16OPT:UUT|radix4:UUT3|y2i_r[-3]                    ; Stuck at GND due to stuck port data_in                            ;
; fft16OPT:UUT|radix4:UUT3|y2i_r[-2]                    ; Stuck at GND due to stuck port data_in                            ;
; fft16OPT:UUT|radix4:UUT3|y2i_r[-1]                    ; Stuck at GND due to stuck port data_in                            ;
; fft16OPT:UUT|radix4:UUT3|y2i_r[0]                     ; Stuck at GND due to stuck port data_in                            ;
; fft16OPT:UUT|radix4:UUT2|y2i_r[-11]                   ; Stuck at GND due to stuck port data_in                            ;
; fft16OPT:UUT|radix4:UUT2|y2i_r[-10]                   ; Stuck at GND due to stuck port data_in                            ;
; fft16OPT:UUT|radix4:UUT2|y2i_r[-9]                    ; Stuck at GND due to stuck port data_in                            ;
; fft16OPT:UUT|radix4:UUT2|y2i_r[-8]                    ; Stuck at GND due to stuck port data_in                            ;
; fft16OPT:UUT|radix4:UUT2|y2i_r[-7]                    ; Stuck at GND due to stuck port data_in                            ;
; fft16OPT:UUT|radix4:UUT2|y2i_r[-6]                    ; Stuck at GND due to stuck port data_in                            ;
; fft16OPT:UUT|radix4:UUT2|y2i_r[-5]                    ; Stuck at GND due to stuck port data_in                            ;
; fft16OPT:UUT|radix4:UUT2|y2i_r[-4]                    ; Stuck at GND due to stuck port data_in                            ;
; fft16OPT:UUT|radix4:UUT2|y2i_r[-3]                    ; Stuck at GND due to stuck port data_in                            ;
; fft16OPT:UUT|radix4:UUT2|y2i_r[-2]                    ; Stuck at GND due to stuck port data_in                            ;
; fft16OPT:UUT|radix4:UUT2|y2i_r[-1]                    ; Stuck at GND due to stuck port data_in                            ;
; fft16OPT:UUT|radix4:UUT2|y2i_r[0]                     ; Stuck at GND due to stuck port data_in                            ;
; fft16OPT:UUT|radix4:UUT1|y2i_r[-11]                   ; Stuck at GND due to stuck port data_in                            ;
; fft16OPT:UUT|radix4:UUT1|y2i_r[-10]                   ; Stuck at GND due to stuck port data_in                            ;
; fft16OPT:UUT|radix4:UUT1|y2i_r[-9]                    ; Stuck at GND due to stuck port data_in                            ;
; fft16OPT:UUT|radix4:UUT1|y2i_r[-8]                    ; Stuck at GND due to stuck port data_in                            ;
; fft16OPT:UUT|radix4:UUT1|y2i_r[-7]                    ; Stuck at GND due to stuck port data_in                            ;
; fft16OPT:UUT|radix4:UUT1|y2i_r[-6]                    ; Stuck at GND due to stuck port data_in                            ;
; fft16OPT:UUT|radix4:UUT1|y2i_r[-5]                    ; Stuck at GND due to stuck port data_in                            ;
; fft16OPT:UUT|radix4:UUT1|y2i_r[-4]                    ; Stuck at GND due to stuck port data_in                            ;
; fft16OPT:UUT|radix4:UUT1|y2i_r[-3]                    ; Stuck at GND due to stuck port data_in                            ;
; fft16OPT:UUT|radix4:UUT1|y2i_r[-2]                    ; Stuck at GND due to stuck port data_in                            ;
; fft16OPT:UUT|radix4:UUT1|y2i_r[-1]                    ; Stuck at GND due to stuck port data_in                            ;
; fft16OPT:UUT|radix4:UUT1|y2i_r[0]                     ; Stuck at GND due to stuck port data_in                            ;
; fft16OPT:UUT|y8i_d[0][-11]                            ; Stuck at GND due to stuck port data_in                            ;
; fft16OPT:UUT|y8i_d[0][-10]                            ; Stuck at GND due to stuck port data_in                            ;
; fft16OPT:UUT|y8i_d[0][-9]                             ; Stuck at GND due to stuck port data_in                            ;
; fft16OPT:UUT|y8i_d[0][-8]                             ; Stuck at GND due to stuck port data_in                            ;
; fft16OPT:UUT|y8i_d[0][-7]                             ; Stuck at GND due to stuck port data_in                            ;
; fft16OPT:UUT|y8i_d[0][-6]                             ; Stuck at GND due to stuck port data_in                            ;
; fft16OPT:UUT|y8i_d[0][-5]                             ; Stuck at GND due to stuck port data_in                            ;
; fft16OPT:UUT|y8i_d[0][-4]                             ; Stuck at GND due to stuck port data_in                            ;
; fft16OPT:UUT|y8i_d[0][-3]                             ; Stuck at GND due to stuck port data_in                            ;
; fft16OPT:UUT|y8i_d[0][-2]                             ; Stuck at GND due to stuck port data_in                            ;
; fft16OPT:UUT|y8i_d[0][-1]                             ; Stuck at GND due to stuck port data_in                            ;
; fft16OPT:UUT|y8i_d[0][0]                              ; Stuck at GND due to stuck port data_in                            ;
; fft16OPT:UUT|y3i_d[2][-11]                            ; Stuck at GND due to stuck port data_in                            ;
; fft16OPT:UUT|y3i_d[2][-10]                            ; Stuck at GND due to stuck port data_in                            ;
; fft16OPT:UUT|y3i_d[2][-9]                             ; Stuck at GND due to stuck port data_in                            ;
; fft16OPT:UUT|y3i_d[2][-8]                             ; Stuck at GND due to stuck port data_in                            ;
; fft16OPT:UUT|y3i_d[2][-7]                             ; Stuck at GND due to stuck port data_in                            ;
; fft16OPT:UUT|y3i_d[2][-6]                             ; Stuck at GND due to stuck port data_in                            ;
; fft16OPT:UUT|y3i_d[2][-5]                             ; Stuck at GND due to stuck port data_in                            ;
; fft16OPT:UUT|y3i_d[2][-4]                             ; Stuck at GND due to stuck port data_in                            ;
; fft16OPT:UUT|y3i_d[2][-3]                             ; Stuck at GND due to stuck port data_in                            ;
; fft16OPT:UUT|y3i_d[2][-2]                             ; Stuck at GND due to stuck port data_in                            ;
; fft16OPT:UUT|y3i_d[2][-1]                             ; Stuck at GND due to stuck port data_in                            ;
; fft16OPT:UUT|y3i_d[2][0]                              ; Stuck at GND due to stuck port data_in                            ;
; fft16OPT:UUT|y2i_d[2][-11]                            ; Stuck at GND due to stuck port data_in                            ;
; fft16OPT:UUT|y2i_d[2][-10]                            ; Stuck at GND due to stuck port data_in                            ;
; fft16OPT:UUT|y2i_d[2][-9]                             ; Stuck at GND due to stuck port data_in                            ;
; fft16OPT:UUT|y2i_d[2][-8]                             ; Stuck at GND due to stuck port data_in                            ;
; fft16OPT:UUT|y2i_d[2][-7]                             ; Stuck at GND due to stuck port data_in                            ;
; fft16OPT:UUT|y2i_d[2][-6]                             ; Stuck at GND due to stuck port data_in                            ;
; fft16OPT:UUT|y2i_d[2][-5]                             ; Stuck at GND due to stuck port data_in                            ;
; fft16OPT:UUT|y2i_d[2][-4]                             ; Stuck at GND due to stuck port data_in                            ;
; fft16OPT:UUT|y2i_d[2][-3]                             ; Stuck at GND due to stuck port data_in                            ;
; fft16OPT:UUT|y2i_d[2][-2]                             ; Stuck at GND due to stuck port data_in                            ;
; fft16OPT:UUT|y2i_d[2][-1]                             ; Stuck at GND due to stuck port data_in                            ;
; fft16OPT:UUT|y2i_d[2][0]                              ; Stuck at GND due to stuck port data_in                            ;
; fft16OPT:UUT|y1i_d[2][-11]                            ; Stuck at GND due to stuck port data_in                            ;
; fft16OPT:UUT|y1i_d[2][-10]                            ; Stuck at GND due to stuck port data_in                            ;
; fft16OPT:UUT|y1i_d[2][-9]                             ; Stuck at GND due to stuck port data_in                            ;
; fft16OPT:UUT|y1i_d[2][-8]                             ; Stuck at GND due to stuck port data_in                            ;
; fft16OPT:UUT|y1i_d[2][-7]                             ; Stuck at GND due to stuck port data_in                            ;
; fft16OPT:UUT|y1i_d[2][-6]                             ; Stuck at GND due to stuck port data_in                            ;
; fft16OPT:UUT|y1i_d[2][-5]                             ; Stuck at GND due to stuck port data_in                            ;
; fft16OPT:UUT|y1i_d[2][-4]                             ; Stuck at GND due to stuck port data_in                            ;
; fft16OPT:UUT|y1i_d[2][-3]                             ; Stuck at GND due to stuck port data_in                            ;
; fft16OPT:UUT|y1i_d[2][-2]                             ; Stuck at GND due to stuck port data_in                            ;
; fft16OPT:UUT|y1i_d[2][-1]                             ; Stuck at GND due to stuck port data_in                            ;
; fft16OPT:UUT|y1i_d[2][0]                              ; Stuck at GND due to stuck port data_in                            ;
; fft16OPT:UUT|y0i_d[2][-11]                            ; Stuck at GND due to stuck port data_in                            ;
; fft16OPT:UUT|y0i_d[2][-10]                            ; Stuck at GND due to stuck port data_in                            ;
; fft16OPT:UUT|y0i_d[2][-9]                             ; Stuck at GND due to stuck port data_in                            ;
; fft16OPT:UUT|y0i_d[2][-8]                             ; Stuck at GND due to stuck port data_in                            ;
; fft16OPT:UUT|y0i_d[2][-7]                             ; Stuck at GND due to stuck port data_in                            ;
; fft16OPT:UUT|y0i_d[2][-6]                             ; Stuck at GND due to stuck port data_in                            ;
; fft16OPT:UUT|y0i_d[2][-5]                             ; Stuck at GND due to stuck port data_in                            ;
; fft16OPT:UUT|y0i_d[2][-4]                             ; Stuck at GND due to stuck port data_in                            ;
; fft16OPT:UUT|y0i_d[2][-3]                             ; Stuck at GND due to stuck port data_in                            ;
; fft16OPT:UUT|y0i_d[2][-2]                             ; Stuck at GND due to stuck port data_in                            ;
; fft16OPT:UUT|y0i_d[2][-1]                             ; Stuck at GND due to stuck port data_in                            ;
; fft16OPT:UUT|y0i_d[2][0]                              ; Stuck at GND due to stuck port data_in                            ;
; fft16OPT:UUT|complex_mult_twiddle:UUT12|Yi_s1a[0]     ; Stuck at GND due to stuck port data_in                            ;
; fft16OPT:UUT|complex_mult_twiddle:UUT12|Yi_s1a[-1]    ; Stuck at GND due to stuck port data_in                            ;
; fft16OPT:UUT|complex_mult_twiddle:UUT12|Yi_s1a[-2]    ; Stuck at GND due to stuck port data_in                            ;
; fft16OPT:UUT|complex_mult_twiddle:UUT12|Yi_s1a[-3]    ; Stuck at GND due to stuck port data_in                            ;
; fft16OPT:UUT|complex_mult_twiddle:UUT12|Yi_s1a[-4]    ; Stuck at GND due to stuck port data_in                            ;
; fft16OPT:UUT|complex_mult_twiddle:UUT12|Yi_s1a[-5]    ; Stuck at GND due to stuck port data_in                            ;
; fft16OPT:UUT|complex_mult_twiddle:UUT12|Yi_s1a[-6]    ; Stuck at GND due to stuck port data_in                            ;
; fft16OPT:UUT|complex_mult_twiddle:UUT12|Yi_s1a[-7]    ; Stuck at GND due to stuck port data_in                            ;
; fft16OPT:UUT|complex_mult_twiddle:UUT12|Yi_s1a[-8]    ; Stuck at GND due to stuck port data_in                            ;
; fft16OPT:UUT|complex_mult_twiddle:UUT12|Yi_s1a[-9]    ; Stuck at GND due to stuck port data_in                            ;
; fft16OPT:UUT|complex_mult_twiddle:UUT12|Yi_s1a[-10]   ; Stuck at GND due to stuck port data_in                            ;
; fft16OPT:UUT|complex_mult_twiddle:UUT12|Yi_s1a[-11]   ; Stuck at GND due to stuck port data_in                            ;
; fft16OPT:UUT|complex_mult_twiddle:UUT12|Yi_sh8_s[0]   ; Stuck at GND due to stuck port data_in                            ;
; fft16OPT:UUT|complex_mult_twiddle:UUT12|Yi_sh8_s[-1]  ; Stuck at GND due to stuck port data_in                            ;
; fft16OPT:UUT|complex_mult_twiddle:UUT12|Yi_sh8_s[-2]  ; Stuck at GND due to stuck port data_in                            ;
; fft16OPT:UUT|complex_mult_twiddle:UUT12|Yi_sh8_s[-3]  ; Stuck at GND due to stuck port data_in                            ;
; fft16OPT:UUT|complex_mult_twiddle:UUT12|Yi_sh8_s[-4]  ; Stuck at GND due to stuck port data_in                            ;
; fft16OPT:UUT|complex_mult_twiddle:UUT12|Yi_sh8_s[-5]  ; Stuck at GND due to stuck port data_in                            ;
; fft16OPT:UUT|complex_mult_twiddle:UUT12|Yi_sh8_s[-6]  ; Stuck at GND due to stuck port data_in                            ;
; fft16OPT:UUT|complex_mult_twiddle:UUT12|Yi_sh8_s[-7]  ; Stuck at GND due to stuck port data_in                            ;
; fft16OPT:UUT|complex_mult_twiddle:UUT12|Yi_sh8_s[-8]  ; Stuck at GND due to stuck port data_in                            ;
; fft16OPT:UUT|complex_mult_twiddle:UUT12|Yi_sh8_s[-9]  ; Stuck at GND due to stuck port data_in                            ;
; fft16OPT:UUT|complex_mult_twiddle:UUT12|Yi_sh8_s[-10] ; Stuck at GND due to stuck port data_in                            ;
; fft16OPT:UUT|complex_mult_twiddle:UUT12|Yi_sh8_s[-11] ; Stuck at GND due to stuck port data_in                            ;
; fft16OPT:UUT|complex_mult_twiddle:UUT12|Yi_s1b[0]     ; Stuck at GND due to stuck port data_in                            ;
; fft16OPT:UUT|complex_mult_twiddle:UUT12|Yi_s1b[-1]    ; Stuck at GND due to stuck port data_in                            ;
; fft16OPT:UUT|complex_mult_twiddle:UUT12|Yi_s1b[-2]    ; Stuck at GND due to stuck port data_in                            ;
; fft16OPT:UUT|complex_mult_twiddle:UUT12|Yi_s1b[-3]    ; Stuck at GND due to stuck port data_in                            ;
; fft16OPT:UUT|complex_mult_twiddle:UUT12|Yi_s1b[-4]    ; Stuck at GND due to stuck port data_in                            ;
; fft16OPT:UUT|complex_mult_twiddle:UUT12|Yi_s1b[-5]    ; Stuck at GND due to stuck port data_in                            ;
; fft16OPT:UUT|complex_mult_twiddle:UUT12|Yi_s1b[-6]    ; Stuck at GND due to stuck port data_in                            ;
; fft16OPT:UUT|complex_mult_twiddle:UUT12|Yi_s1b[-7]    ; Stuck at GND due to stuck port data_in                            ;
; fft16OPT:UUT|complex_mult_twiddle:UUT12|Yi_s1b[-8]    ; Stuck at GND due to stuck port data_in                            ;
; fft16OPT:UUT|complex_mult_twiddle:UUT12|Yi_s1b[-9]    ; Stuck at GND due to stuck port data_in                            ;
; fft16OPT:UUT|complex_mult_twiddle:UUT12|Yi_s1b[-10]   ; Stuck at GND due to stuck port data_in                            ;
; fft16OPT:UUT|complex_mult_twiddle:UUT12|Yi_s1b[-11]   ; Stuck at GND due to stuck port data_in                            ;
; fft16OPT:UUT|complex_mult_twiddle:UUT12|Yi_s2[0]      ; Stuck at GND due to stuck port data_in                            ;
; fft16OPT:UUT|complex_mult_twiddle:UUT12|Yi_s2[-1]     ; Stuck at GND due to stuck port data_in                            ;
; fft16OPT:UUT|complex_mult_twiddle:UUT12|Yi_s2[-2]     ; Stuck at GND due to stuck port data_in                            ;
; fft16OPT:UUT|complex_mult_twiddle:UUT12|Yi_s2[-3]     ; Stuck at GND due to stuck port data_in                            ;
; fft16OPT:UUT|complex_mult_twiddle:UUT12|Yi_s2[-4]     ; Stuck at GND due to stuck port data_in                            ;
; fft16OPT:UUT|complex_mult_twiddle:UUT12|Yi_s2[-5]     ; Stuck at GND due to stuck port data_in                            ;
; fft16OPT:UUT|complex_mult_twiddle:UUT12|Yi_s2[-6]     ; Stuck at GND due to stuck port data_in                            ;
; fft16OPT:UUT|complex_mult_twiddle:UUT12|Yi_s2[-7]     ; Stuck at GND due to stuck port data_in                            ;
; fft16OPT:UUT|complex_mult_twiddle:UUT12|Yi_s2[-8]     ; Stuck at GND due to stuck port data_in                            ;
; fft16OPT:UUT|complex_mult_twiddle:UUT12|Yi_s2[-9]     ; Stuck at GND due to stuck port data_in                            ;
; fft16OPT:UUT|complex_mult_twiddle:UUT12|Yi_s2[-10]    ; Stuck at GND due to stuck port data_in                            ;
; fft16OPT:UUT|complex_mult_twiddle:UUT12|Yi_s2[-11]    ; Stuck at GND due to stuck port data_in                            ;
; fft16OPT:UUT|complex_mult_twiddle:UUT9|Yi_s1a[0]      ; Stuck at GND due to stuck port data_in                            ;
; fft16OPT:UUT|complex_mult_twiddle:UUT9|Yi_s1a[-1]     ; Stuck at GND due to stuck port data_in                            ;
; fft16OPT:UUT|complex_mult_twiddle:UUT9|Yi_s1a[-2]     ; Stuck at GND due to stuck port data_in                            ;
; fft16OPT:UUT|complex_mult_twiddle:UUT9|Yi_s1a[-3]     ; Stuck at GND due to stuck port data_in                            ;
; fft16OPT:UUT|complex_mult_twiddle:UUT9|Yi_s1a[-4]     ; Stuck at GND due to stuck port data_in                            ;
; fft16OPT:UUT|complex_mult_twiddle:UUT9|Yi_s1a[-5]     ; Stuck at GND due to stuck port data_in                            ;
; fft16OPT:UUT|complex_mult_twiddle:UUT9|Yi_s1a[-6]     ; Stuck at GND due to stuck port data_in                            ;
; fft16OPT:UUT|complex_mult_twiddle:UUT9|Yi_s1a[-7]     ; Stuck at GND due to stuck port data_in                            ;
; fft16OPT:UUT|complex_mult_twiddle:UUT9|Yi_s1a[-8]     ; Stuck at GND due to stuck port data_in                            ;
; fft16OPT:UUT|complex_mult_twiddle:UUT9|Yi_s1a[-9]     ; Stuck at GND due to stuck port data_in                            ;
; fft16OPT:UUT|complex_mult_twiddle:UUT9|Yi_s1a[-10]    ; Stuck at GND due to stuck port data_in                            ;
; fft16OPT:UUT|complex_mult_twiddle:UUT9|Yi_s1a[-11]    ; Stuck at GND due to stuck port data_in                            ;
; fft16OPT:UUT|complex_mult_twiddle:UUT9|Yi_s1b[0]      ; Stuck at GND due to stuck port data_in                            ;
; fft16OPT:UUT|complex_mult_twiddle:UUT9|Yi_s1b[-1]     ; Stuck at GND due to stuck port data_in                            ;
; fft16OPT:UUT|complex_mult_twiddle:UUT9|Yi_s1b[-2]     ; Stuck at GND due to stuck port data_in                            ;
; fft16OPT:UUT|complex_mult_twiddle:UUT9|Yi_s1b[-3]     ; Stuck at GND due to stuck port data_in                            ;
; fft16OPT:UUT|complex_mult_twiddle:UUT9|Yi_s1b[-4]     ; Stuck at GND due to stuck port data_in                            ;
; fft16OPT:UUT|complex_mult_twiddle:UUT9|Yi_s1b[-5]     ; Stuck at GND due to stuck port data_in                            ;
; fft16OPT:UUT|complex_mult_twiddle:UUT9|Yi_s1b[-6]     ; Stuck at GND due to stuck port data_in                            ;
; fft16OPT:UUT|complex_mult_twiddle:UUT9|Yi_s1b[-7]     ; Stuck at GND due to stuck port data_in                            ;
; fft16OPT:UUT|complex_mult_twiddle:UUT9|Yi_s1b[-8]     ; Stuck at GND due to stuck port data_in                            ;
; fft16OPT:UUT|complex_mult_twiddle:UUT9|Yi_s1b[-9]     ; Stuck at GND due to stuck port data_in                            ;
; fft16OPT:UUT|complex_mult_twiddle:UUT9|Yi_s1b[-10]    ; Stuck at GND due to stuck port data_in                            ;
; fft16OPT:UUT|complex_mult_twiddle:UUT9|Yi_s1b[-11]    ; Stuck at GND due to stuck port data_in                            ;
; fft16OPT:UUT|complex_mult_twiddle:UUT9|Yi_s2[0]       ; Stuck at GND due to stuck port data_in                            ;
; fft16OPT:UUT|complex_mult_twiddle:UUT9|Yi_s2[-1]      ; Stuck at GND due to stuck port data_in                            ;
; fft16OPT:UUT|complex_mult_twiddle:UUT9|Yi_s2[-2]      ; Stuck at GND due to stuck port data_in                            ;
; fft16OPT:UUT|complex_mult_twiddle:UUT9|Yi_s2[-3]      ; Stuck at GND due to stuck port data_in                            ;
; fft16OPT:UUT|complex_mult_twiddle:UUT9|Yi_s2[-4]      ; Stuck at GND due to stuck port data_in                            ;
; fft16OPT:UUT|complex_mult_twiddle:UUT9|Yi_s2[-5]      ; Stuck at GND due to stuck port data_in                            ;
; fft16OPT:UUT|complex_mult_twiddle:UUT9|Yi_s2[-6]      ; Stuck at GND due to stuck port data_in                            ;
; fft16OPT:UUT|complex_mult_twiddle:UUT9|Yi_s2[-7]      ; Stuck at GND due to stuck port data_in                            ;
; fft16OPT:UUT|complex_mult_twiddle:UUT9|Yi_s2[-8]      ; Stuck at GND due to stuck port data_in                            ;
; fft16OPT:UUT|complex_mult_twiddle:UUT9|Yi_s2[-9]      ; Stuck at GND due to stuck port data_in                            ;
; fft16OPT:UUT|complex_mult_twiddle:UUT9|Yi_s2[-10]     ; Stuck at GND due to stuck port data_in                            ;
; fft16OPT:UUT|complex_mult_twiddle:UUT9|Yi_s2[-11]     ; Stuck at GND due to stuck port data_in                            ;
; fft16OPT:UUT|complex_mult_twiddle:UUT6|Yi_sh8_s[0]    ; Stuck at GND due to stuck port data_in                            ;
; fft16OPT:UUT|complex_mult_twiddle:UUT6|Yi_sh8_s[-1]   ; Stuck at GND due to stuck port data_in                            ;
; fft16OPT:UUT|complex_mult_twiddle:UUT6|Yi_sh8_s[-2]   ; Stuck at GND due to stuck port data_in                            ;
; fft16OPT:UUT|complex_mult_twiddle:UUT6|Yi_sh8_s[-3]   ; Stuck at GND due to stuck port data_in                            ;
; fft16OPT:UUT|complex_mult_twiddle:UUT6|Yi_sh8_s[-4]   ; Stuck at GND due to stuck port data_in                            ;
; fft16OPT:UUT|complex_mult_twiddle:UUT6|Yi_sh8_s[-5]   ; Stuck at GND due to stuck port data_in                            ;
; fft16OPT:UUT|complex_mult_twiddle:UUT6|Yi_sh8_s[-6]   ; Stuck at GND due to stuck port data_in                            ;
; fft16OPT:UUT|complex_mult_twiddle:UUT6|Yi_sh8_s[-7]   ; Stuck at GND due to stuck port data_in                            ;
; fft16OPT:UUT|complex_mult_twiddle:UUT6|Yi_sh8_s[-8]   ; Stuck at GND due to stuck port data_in                            ;
; fft16OPT:UUT|complex_mult_twiddle:UUT6|Yi_sh8_s[-9]   ; Stuck at GND due to stuck port data_in                            ;
; fft16OPT:UUT|complex_mult_twiddle:UUT6|Yi_sh8_s[-10]  ; Stuck at GND due to stuck port data_in                            ;
; fft16OPT:UUT|complex_mult_twiddle:UUT6|Yi_sh8_s[-11]  ; Stuck at GND due to stuck port data_in                            ;
; fft16OPT:UUT|y8i_d[1][-11]                            ; Stuck at GND due to stuck port data_in                            ;
; fft16OPT:UUT|y8i_d[1][-10]                            ; Stuck at GND due to stuck port data_in                            ;
; fft16OPT:UUT|y8i_d[1][-9]                             ; Stuck at GND due to stuck port data_in                            ;
; fft16OPT:UUT|y8i_d[1][-8]                             ; Stuck at GND due to stuck port data_in                            ;
; fft16OPT:UUT|y8i_d[1][-7]                             ; Stuck at GND due to stuck port data_in                            ;
; fft16OPT:UUT|y8i_d[1][-6]                             ; Stuck at GND due to stuck port data_in                            ;
; fft16OPT:UUT|y8i_d[1][-5]                             ; Stuck at GND due to stuck port data_in                            ;
; fft16OPT:UUT|y8i_d[1][-4]                             ; Stuck at GND due to stuck port data_in                            ;
; fft16OPT:UUT|y8i_d[1][-3]                             ; Stuck at GND due to stuck port data_in                            ;
; fft16OPT:UUT|y8i_d[1][-2]                             ; Stuck at GND due to stuck port data_in                            ;
; fft16OPT:UUT|y8i_d[1][-1]                             ; Stuck at GND due to stuck port data_in                            ;
; fft16OPT:UUT|y8i_d[1][0]                              ; Stuck at GND due to stuck port data_in                            ;
; fft16OPT:UUT|y3i_d[3][-11]                            ; Stuck at GND due to stuck port data_in                            ;
; fft16OPT:UUT|y3i_d[3][-10]                            ; Stuck at GND due to stuck port data_in                            ;
; fft16OPT:UUT|y3i_d[3][-9]                             ; Stuck at GND due to stuck port data_in                            ;
; fft16OPT:UUT|y3i_d[3][-8]                             ; Stuck at GND due to stuck port data_in                            ;
; fft16OPT:UUT|y3i_d[3][-7]                             ; Stuck at GND due to stuck port data_in                            ;
; fft16OPT:UUT|y3i_d[3][-6]                             ; Stuck at GND due to stuck port data_in                            ;
; fft16OPT:UUT|y3i_d[3][-5]                             ; Stuck at GND due to stuck port data_in                            ;
; fft16OPT:UUT|y3i_d[3][-4]                             ; Stuck at GND due to stuck port data_in                            ;
; fft16OPT:UUT|y3i_d[3][-3]                             ; Stuck at GND due to stuck port data_in                            ;
; fft16OPT:UUT|y3i_d[3][-2]                             ; Stuck at GND due to stuck port data_in                            ;
; fft16OPT:UUT|y3i_d[3][-1]                             ; Stuck at GND due to stuck port data_in                            ;
; fft16OPT:UUT|y3i_d[3][0]                              ; Stuck at GND due to stuck port data_in                            ;
; fft16OPT:UUT|y2i_d[3][-11]                            ; Stuck at GND due to stuck port data_in                            ;
; fft16OPT:UUT|y2i_d[3][-10]                            ; Stuck at GND due to stuck port data_in                            ;
; fft16OPT:UUT|y2i_d[3][-9]                             ; Stuck at GND due to stuck port data_in                            ;
; fft16OPT:UUT|y2i_d[3][-8]                             ; Stuck at GND due to stuck port data_in                            ;
; fft16OPT:UUT|y2i_d[3][-7]                             ; Stuck at GND due to stuck port data_in                            ;
; fft16OPT:UUT|y2i_d[3][-6]                             ; Stuck at GND due to stuck port data_in                            ;
; fft16OPT:UUT|y2i_d[3][-5]                             ; Stuck at GND due to stuck port data_in                            ;
; fft16OPT:UUT|y2i_d[3][-4]                             ; Stuck at GND due to stuck port data_in                            ;
; fft16OPT:UUT|y2i_d[3][-3]                             ; Stuck at GND due to stuck port data_in                            ;
; fft16OPT:UUT|y2i_d[3][-2]                             ; Stuck at GND due to stuck port data_in                            ;
; fft16OPT:UUT|y2i_d[3][-1]                             ; Stuck at GND due to stuck port data_in                            ;
; fft16OPT:UUT|y2i_d[3][0]                              ; Stuck at GND due to stuck port data_in                            ;
; fft16OPT:UUT|y1i_d[3][-11]                            ; Stuck at GND due to stuck port data_in                            ;
; fft16OPT:UUT|y1i_d[3][-10]                            ; Stuck at GND due to stuck port data_in                            ;
; fft16OPT:UUT|y1i_d[3][-9]                             ; Stuck at GND due to stuck port data_in                            ;
; fft16OPT:UUT|y1i_d[3][-8]                             ; Stuck at GND due to stuck port data_in                            ;
; fft16OPT:UUT|y1i_d[3][-7]                             ; Stuck at GND due to stuck port data_in                            ;
; fft16OPT:UUT|y1i_d[3][-6]                             ; Stuck at GND due to stuck port data_in                            ;
; fft16OPT:UUT|y1i_d[3][-5]                             ; Stuck at GND due to stuck port data_in                            ;
; fft16OPT:UUT|y1i_d[3][-4]                             ; Stuck at GND due to stuck port data_in                            ;
; fft16OPT:UUT|y1i_d[3][-3]                             ; Stuck at GND due to stuck port data_in                            ;
; fft16OPT:UUT|y1i_d[3][-2]                             ; Stuck at GND due to stuck port data_in                            ;
; fft16OPT:UUT|y1i_d[3][-1]                             ; Stuck at GND due to stuck port data_in                            ;
; fft16OPT:UUT|y1i_d[3][0]                              ; Stuck at GND due to stuck port data_in                            ;
; fft16OPT:UUT|y0i_d[3][-11]                            ; Stuck at GND due to stuck port data_in                            ;
; fft16OPT:UUT|y0i_d[3][-10]                            ; Stuck at GND due to stuck port data_in                            ;
; fft16OPT:UUT|y0i_d[3][-9]                             ; Stuck at GND due to stuck port data_in                            ;
; fft16OPT:UUT|y0i_d[3][-8]                             ; Stuck at GND due to stuck port data_in                            ;
; fft16OPT:UUT|y0i_d[3][-7]                             ; Stuck at GND due to stuck port data_in                            ;
; fft16OPT:UUT|y0i_d[3][-6]                             ; Stuck at GND due to stuck port data_in                            ;
; fft16OPT:UUT|y0i_d[3][-5]                             ; Stuck at GND due to stuck port data_in                            ;
; fft16OPT:UUT|y0i_d[3][-4]                             ; Stuck at GND due to stuck port data_in                            ;
; fft16OPT:UUT|y0i_d[3][-3]                             ; Stuck at GND due to stuck port data_in                            ;
; fft16OPT:UUT|y0i_d[3][-2]                             ; Stuck at GND due to stuck port data_in                            ;
; fft16OPT:UUT|y0i_d[3][-1]                             ; Stuck at GND due to stuck port data_in                            ;
; fft16OPT:UUT|y0i_d[3][0]                              ; Stuck at GND due to stuck port data_in                            ;
; fft16OPT:UUT|y8i_d[2][-11]                            ; Stuck at GND due to stuck port data_in                            ;
; fft16OPT:UUT|y8i_d[2][-10]                            ; Stuck at GND due to stuck port data_in                            ;
; fft16OPT:UUT|y8i_d[2][-9]                             ; Stuck at GND due to stuck port data_in                            ;
; fft16OPT:UUT|y8i_d[2][-8]                             ; Stuck at GND due to stuck port data_in                            ;
; fft16OPT:UUT|y8i_d[2][-7]                             ; Stuck at GND due to stuck port data_in                            ;
; fft16OPT:UUT|y8i_d[2][-6]                             ; Stuck at GND due to stuck port data_in                            ;
; fft16OPT:UUT|y8i_d[2][-5]                             ; Stuck at GND due to stuck port data_in                            ;
; fft16OPT:UUT|y8i_d[2][-4]                             ; Stuck at GND due to stuck port data_in                            ;
; fft16OPT:UUT|y8i_d[2][-3]                             ; Stuck at GND due to stuck port data_in                            ;
; fft16OPT:UUT|y8i_d[2][-2]                             ; Stuck at GND due to stuck port data_in                            ;
; fft16OPT:UUT|y8i_d[2][-1]                             ; Stuck at GND due to stuck port data_in                            ;
; fft16OPT:UUT|y8i_d[2][0]                              ; Stuck at GND due to stuck port data_in                            ;
; fft16OPT:UUT|y8i_d[3][-11]                            ; Stuck at GND due to stuck port data_in                            ;
; fft16OPT:UUT|y8i_d[3][-10]                            ; Stuck at GND due to stuck port data_in                            ;
; fft16OPT:UUT|y8i_d[3][-9]                             ; Stuck at GND due to stuck port data_in                            ;
; fft16OPT:UUT|y8i_d[3][-8]                             ; Stuck at GND due to stuck port data_in                            ;
; fft16OPT:UUT|y8i_d[3][-7]                             ; Stuck at GND due to stuck port data_in                            ;
; fft16OPT:UUT|y8i_d[3][-6]                             ; Stuck at GND due to stuck port data_in                            ;
; fft16OPT:UUT|y8i_d[3][-5]                             ; Stuck at GND due to stuck port data_in                            ;
; fft16OPT:UUT|y8i_d[3][-4]                             ; Stuck at GND due to stuck port data_in                            ;
; fft16OPT:UUT|y8i_d[3][-3]                             ; Stuck at GND due to stuck port data_in                            ;
; fft16OPT:UUT|y8i_d[3][-2]                             ; Stuck at GND due to stuck port data_in                            ;
; fft16OPT:UUT|y8i_d[3][-1]                             ; Stuck at GND due to stuck port data_in                            ;
; fft16OPT:UUT|y8i_d[3][0]                              ; Stuck at GND due to stuck port data_in                            ;
; fft16OPT:UUT|radix4:UUT14|Z2i_s[-11]                  ; Stuck at GND due to stuck port data_in                            ;
; fft16OPT:UUT|radix4:UUT14|Z2i_s[-10]                  ; Stuck at GND due to stuck port data_in                            ;
; fft16OPT:UUT|radix4:UUT14|Z2i_s[-9]                   ; Stuck at GND due to stuck port data_in                            ;
; fft16OPT:UUT|radix4:UUT14|Z2i_s[-8]                   ; Stuck at GND due to stuck port data_in                            ;
; fft16OPT:UUT|radix4:UUT14|Z2i_s[-7]                   ; Stuck at GND due to stuck port data_in                            ;
; fft16OPT:UUT|radix4:UUT14|Z2i_s[-6]                   ; Stuck at GND due to stuck port data_in                            ;
; fft16OPT:UUT|radix4:UUT14|Z2i_s[-5]                   ; Stuck at GND due to stuck port data_in                            ;
; fft16OPT:UUT|radix4:UUT14|Z2i_s[-4]                   ; Stuck at GND due to stuck port data_in                            ;
; fft16OPT:UUT|radix4:UUT14|Z2i_s[-3]                   ; Stuck at GND due to stuck port data_in                            ;
; fft16OPT:UUT|radix4:UUT14|Z2i_s[-2]                   ; Stuck at GND due to stuck port data_in                            ;
; fft16OPT:UUT|radix4:UUT14|Z2i_s[-1]                   ; Stuck at GND due to stuck port data_in                            ;
; fft16OPT:UUT|radix4:UUT14|Z2i_s[0]                    ; Stuck at GND due to stuck port data_in                            ;
; fft16OPT:UUT|radix4:UUT14|Z0i_s[-11]                  ; Stuck at GND due to stuck port data_in                            ;
; fft16OPT:UUT|radix4:UUT14|Z0i_s[-10]                  ; Stuck at GND due to stuck port data_in                            ;
; fft16OPT:UUT|radix4:UUT14|Z0i_s[-9]                   ; Stuck at GND due to stuck port data_in                            ;
; fft16OPT:UUT|radix4:UUT14|Z0i_s[-8]                   ; Stuck at GND due to stuck port data_in                            ;
; fft16OPT:UUT|radix4:UUT14|Z0i_s[-7]                   ; Stuck at GND due to stuck port data_in                            ;
; fft16OPT:UUT|radix4:UUT14|Z0i_s[-6]                   ; Stuck at GND due to stuck port data_in                            ;
; fft16OPT:UUT|radix4:UUT14|Z0i_s[-5]                   ; Stuck at GND due to stuck port data_in                            ;
; fft16OPT:UUT|radix4:UUT14|Z0i_s[-4]                   ; Stuck at GND due to stuck port data_in                            ;
; fft16OPT:UUT|radix4:UUT14|Z0i_s[-3]                   ; Stuck at GND due to stuck port data_in                            ;
; fft16OPT:UUT|radix4:UUT14|Z0i_s[-2]                   ; Stuck at GND due to stuck port data_in                            ;
; fft16OPT:UUT|radix4:UUT14|Z0i_s[-1]                   ; Stuck at GND due to stuck port data_in                            ;
; fft16OPT:UUT|radix4:UUT14|Z0i_s[0]                    ; Stuck at GND due to stuck port data_in                            ;
; fft16OPT:UUT|complex_mult_twiddle:UUT12|c3b_Yi_s[-11] ; Stuck at GND due to stuck port data_in                            ;
; fft16OPT:UUT|complex_mult_twiddle:UUT6|c3b_Yi_s[-11]  ; Stuck at GND due to stuck port data_in                            ;
; fft16OPT:UUT|radix4:UUT14|Z3i_s[-11]                  ; Stuck at GND due to stuck port data_in                            ;
; fft16OPT:UUT|radix4:UUT14|Z3i_s[-10]                  ; Stuck at GND due to stuck port data_in                            ;
; fft16OPT:UUT|radix4:UUT14|Z3i_s[-9]                   ; Stuck at GND due to stuck port data_in                            ;
; fft16OPT:UUT|radix4:UUT14|Z3i_s[-8]                   ; Stuck at GND due to stuck port data_in                            ;
; fft16OPT:UUT|radix4:UUT14|Z3i_s[-7]                   ; Stuck at GND due to stuck port data_in                            ;
; fft16OPT:UUT|radix4:UUT14|Z3i_s[-6]                   ; Stuck at GND due to stuck port data_in                            ;
; fft16OPT:UUT|radix4:UUT14|Z3i_s[-5]                   ; Stuck at GND due to stuck port data_in                            ;
; fft16OPT:UUT|radix4:UUT14|Z3i_s[-4]                   ; Stuck at GND due to stuck port data_in                            ;
; fft16OPT:UUT|radix4:UUT14|Z3i_s[-3]                   ; Stuck at GND due to stuck port data_in                            ;
; fft16OPT:UUT|radix4:UUT14|Z3i_s[-2]                   ; Stuck at GND due to stuck port data_in                            ;
; fft16OPT:UUT|radix4:UUT14|Z3i_s[-1]                   ; Stuck at GND due to stuck port data_in                            ;
; fft16OPT:UUT|radix4:UUT14|Z3i_s[0]                    ; Stuck at GND due to stuck port data_in                            ;
; fft16OPT:UUT|radix4:UUT14|Z1i_s[-11]                  ; Stuck at GND due to stuck port data_in                            ;
; fft16OPT:UUT|radix4:UUT14|Z1i_s[-10]                  ; Stuck at GND due to stuck port data_in                            ;
; fft16OPT:UUT|radix4:UUT14|Z1i_s[-9]                   ; Stuck at GND due to stuck port data_in                            ;
; fft16OPT:UUT|radix4:UUT14|Z1i_s[-8]                   ; Stuck at GND due to stuck port data_in                            ;
; fft16OPT:UUT|radix4:UUT14|Z1i_s[-7]                   ; Stuck at GND due to stuck port data_in                            ;
; fft16OPT:UUT|radix4:UUT14|Z1i_s[-6]                   ; Stuck at GND due to stuck port data_in                            ;
; fft16OPT:UUT|radix4:UUT14|Z1i_s[-5]                   ; Stuck at GND due to stuck port data_in                            ;
; fft16OPT:UUT|radix4:UUT14|Z1i_s[-4]                   ; Stuck at GND due to stuck port data_in                            ;
; fft16OPT:UUT|radix4:UUT14|Z1i_s[-3]                   ; Stuck at GND due to stuck port data_in                            ;
; fft16OPT:UUT|radix4:UUT14|Z1i_s[-2]                   ; Stuck at GND due to stuck port data_in                            ;
; fft16OPT:UUT|radix4:UUT14|Z1i_s[-1]                   ; Stuck at GND due to stuck port data_in                            ;
; fft16OPT:UUT|radix4:UUT14|Z1i_s[0]                    ; Stuck at GND due to stuck port data_in                            ;
; fft16OPT:UUT|complex_mult_twiddle:UUT12|c3a_Yi_s[0]   ; Stuck at GND due to stuck port data_in                            ;
; fft16OPT:UUT|complex_mult_twiddle:UUT12|c3a_Yi_s[-1]  ; Stuck at GND due to stuck port data_in                            ;
; fft16OPT:UUT|complex_mult_twiddle:UUT12|c3a_Yi_s[-2]  ; Stuck at GND due to stuck port data_in                            ;
; fft16OPT:UUT|complex_mult_twiddle:UUT12|c3a_Yi_s[-3]  ; Stuck at GND due to stuck port data_in                            ;
; fft16OPT:UUT|complex_mult_twiddle:UUT12|c3a_Yi_s[-4]  ; Stuck at GND due to stuck port data_in                            ;
; fft16OPT:UUT|complex_mult_twiddle:UUT12|c3a_Yi_s[-5]  ; Stuck at GND due to stuck port data_in                            ;
; fft16OPT:UUT|complex_mult_twiddle:UUT12|c3a_Yi_s[-6]  ; Stuck at GND due to stuck port data_in                            ;
; fft16OPT:UUT|complex_mult_twiddle:UUT12|c3a_Yi_s[-7]  ; Stuck at GND due to stuck port data_in                            ;
; fft16OPT:UUT|complex_mult_twiddle:UUT12|c3a_Yi_s[-8]  ; Stuck at GND due to stuck port data_in                            ;
; fft16OPT:UUT|complex_mult_twiddle:UUT12|c3a_Yi_s[-9]  ; Stuck at GND due to stuck port data_in                            ;
; fft16OPT:UUT|complex_mult_twiddle:UUT12|c3a_Yi_s[-10] ; Stuck at GND due to stuck port data_in                            ;
; fft16OPT:UUT|complex_mult_twiddle:UUT12|c3a_Yi_s[-11] ; Stuck at GND due to stuck port data_in                            ;
; fft16OPT:UUT|complex_mult_twiddle:UUT12|c3b_Yi_s[0]   ; Stuck at GND due to stuck port data_in                            ;
; fft16OPT:UUT|complex_mult_twiddle:UUT12|c3b_Yi_s[-1]  ; Stuck at GND due to stuck port data_in                            ;
; fft16OPT:UUT|complex_mult_twiddle:UUT12|c3b_Yi_s[-2]  ; Stuck at GND due to stuck port data_in                            ;
; fft16OPT:UUT|complex_mult_twiddle:UUT12|c3b_Yi_s[-3]  ; Stuck at GND due to stuck port data_in                            ;
; fft16OPT:UUT|complex_mult_twiddle:UUT12|c3b_Yi_s[-4]  ; Stuck at GND due to stuck port data_in                            ;
; fft16OPT:UUT|complex_mult_twiddle:UUT12|c3b_Yi_s[-5]  ; Stuck at GND due to stuck port data_in                            ;
; fft16OPT:UUT|complex_mult_twiddle:UUT12|c3b_Yi_s[-6]  ; Stuck at GND due to stuck port data_in                            ;
; fft16OPT:UUT|complex_mult_twiddle:UUT12|c3b_Yi_s[-7]  ; Stuck at GND due to stuck port data_in                            ;
; fft16OPT:UUT|complex_mult_twiddle:UUT12|c3b_Yi_s[-8]  ; Stuck at GND due to stuck port data_in                            ;
; fft16OPT:UUT|complex_mult_twiddle:UUT12|c3b_Yi_s[-9]  ; Stuck at GND due to stuck port data_in                            ;
; fft16OPT:UUT|complex_mult_twiddle:UUT12|c3b_Yi_s[-10] ; Stuck at GND due to stuck port data_in                            ;
; fft16OPT:UUT|complex_mult_twiddle:UUT6|c3a_Yi_s[0]    ; Stuck at GND due to stuck port data_in                            ;
; fft16OPT:UUT|complex_mult_twiddle:UUT6|c3a_Yi_s[-1]   ; Stuck at GND due to stuck port data_in                            ;
; fft16OPT:UUT|complex_mult_twiddle:UUT6|c3a_Yi_s[-2]   ; Stuck at GND due to stuck port data_in                            ;
; fft16OPT:UUT|complex_mult_twiddle:UUT6|c3a_Yi_s[-3]   ; Stuck at GND due to stuck port data_in                            ;
; fft16OPT:UUT|complex_mult_twiddle:UUT6|c3a_Yi_s[-4]   ; Stuck at GND due to stuck port data_in                            ;
; fft16OPT:UUT|complex_mult_twiddle:UUT6|c3a_Yi_s[-5]   ; Stuck at GND due to stuck port data_in                            ;
; fft16OPT:UUT|complex_mult_twiddle:UUT6|c3a_Yi_s[-6]   ; Stuck at GND due to stuck port data_in                            ;
; fft16OPT:UUT|complex_mult_twiddle:UUT6|c3a_Yi_s[-7]   ; Stuck at GND due to stuck port data_in                            ;
; fft16OPT:UUT|complex_mult_twiddle:UUT6|c3a_Yi_s[-8]   ; Stuck at GND due to stuck port data_in                            ;
; fft16OPT:UUT|complex_mult_twiddle:UUT6|c3a_Yi_s[-9]   ; Stuck at GND due to stuck port data_in                            ;
; fft16OPT:UUT|complex_mult_twiddle:UUT6|c3a_Yi_s[-10]  ; Stuck at GND due to stuck port data_in                            ;
; fft16OPT:UUT|complex_mult_twiddle:UUT6|c3a_Yi_s[-11]  ; Stuck at GND due to stuck port data_in                            ;
; fft16OPT:UUT|complex_mult_twiddle:UUT6|c3b_Yi_s[0]    ; Stuck at GND due to stuck port data_in                            ;
; fft16OPT:UUT|complex_mult_twiddle:UUT6|c3b_Yi_s[-1]   ; Stuck at GND due to stuck port data_in                            ;
; fft16OPT:UUT|complex_mult_twiddle:UUT6|c3b_Yi_s[-2]   ; Stuck at GND due to stuck port data_in                            ;
; fft16OPT:UUT|complex_mult_twiddle:UUT6|c3b_Yi_s[-3]   ; Stuck at GND due to stuck port data_in                            ;
; fft16OPT:UUT|complex_mult_twiddle:UUT6|c3b_Yi_s[-4]   ; Stuck at GND due to stuck port data_in                            ;
; fft16OPT:UUT|complex_mult_twiddle:UUT6|c3b_Yi_s[-5]   ; Stuck at GND due to stuck port data_in                            ;
; fft16OPT:UUT|complex_mult_twiddle:UUT6|c3b_Yi_s[-6]   ; Stuck at GND due to stuck port data_in                            ;
; fft16OPT:UUT|complex_mult_twiddle:UUT6|c3b_Yi_s[-7]   ; Stuck at GND due to stuck port data_in                            ;
; fft16OPT:UUT|complex_mult_twiddle:UUT6|c3b_Yi_s[-8]   ; Stuck at GND due to stuck port data_in                            ;
; fft16OPT:UUT|complex_mult_twiddle:UUT6|c3b_Yi_s[-9]   ; Stuck at GND due to stuck port data_in                            ;
; fft16OPT:UUT|complex_mult_twiddle:UUT6|c3b_Yi_s[-10]  ; Stuck at GND due to stuck port data_in                            ;
; fft16OPT:UUT|radix4:UUT14|y0i_r[-11]                  ; Stuck at GND due to stuck port data_in                            ;
; fft16OPT:UUT|radix4:UUT14|y0i_r[-10]                  ; Stuck at GND due to stuck port data_in                            ;
; fft16OPT:UUT|radix4:UUT14|y0i_r[-9]                   ; Stuck at GND due to stuck port data_in                            ;
; fft16OPT:UUT|radix4:UUT14|y0i_r[-8]                   ; Stuck at GND due to stuck port data_in                            ;
; fft16OPT:UUT|radix4:UUT14|y0i_r[-7]                   ; Stuck at GND due to stuck port data_in                            ;
; fft16OPT:UUT|radix4:UUT14|y0i_r[-6]                   ; Stuck at GND due to stuck port data_in                            ;
; fft16OPT:UUT|radix4:UUT14|y0i_r[-5]                   ; Stuck at GND due to stuck port data_in                            ;
; fft16OPT:UUT|radix4:UUT14|y0i_r[-4]                   ; Stuck at GND due to stuck port data_in                            ;
; fft16OPT:UUT|radix4:UUT14|y0i_r[-3]                   ; Stuck at GND due to stuck port data_in                            ;
; fft16OPT:UUT|radix4:UUT14|y0i_r[-2]                   ; Stuck at GND due to stuck port data_in                            ;
; fft16OPT:UUT|radix4:UUT14|y0i_r[-1]                   ; Stuck at GND due to stuck port data_in                            ;
; fft16OPT:UUT|radix4:UUT14|y0i_r[0]                    ; Stuck at GND due to stuck port data_in                            ;
; fft16OPT:UUT|complex_mult_twiddle:UUT12|c3Yi_s[0]     ; Stuck at GND due to stuck port data_in                            ;
; fft16OPT:UUT|complex_mult_twiddle:UUT12|c3Yi_s[-1]    ; Stuck at GND due to stuck port data_in                            ;
; fft16OPT:UUT|complex_mult_twiddle:UUT12|c3Yi_s[-2]    ; Stuck at GND due to stuck port data_in                            ;
; fft16OPT:UUT|complex_mult_twiddle:UUT12|c3Yi_s[-3]    ; Stuck at GND due to stuck port data_in                            ;
; fft16OPT:UUT|complex_mult_twiddle:UUT12|c3Yi_s[-4]    ; Stuck at GND due to stuck port data_in                            ;
; fft16OPT:UUT|complex_mult_twiddle:UUT12|c3Yi_s[-5]    ; Stuck at GND due to stuck port data_in                            ;
; fft16OPT:UUT|complex_mult_twiddle:UUT12|c3Yi_s[-6]    ; Stuck at GND due to stuck port data_in                            ;
; fft16OPT:UUT|complex_mult_twiddle:UUT12|c3Yi_s[-7]    ; Stuck at GND due to stuck port data_in                            ;
; fft16OPT:UUT|complex_mult_twiddle:UUT12|c3Yi_s[-8]    ; Stuck at GND due to stuck port data_in                            ;
; fft16OPT:UUT|complex_mult_twiddle:UUT12|c3Yi_s[-9]    ; Stuck at GND due to stuck port data_in                            ;
; fft16OPT:UUT|complex_mult_twiddle:UUT12|c3Yi_s[-10]   ; Stuck at GND due to stuck port data_in                            ;
; fft16OPT:UUT|complex_mult_twiddle:UUT12|c3Yi_s[-11]   ; Stuck at GND due to stuck port data_in                            ;
; fft16OPT:UUT|complex_mult_twiddle:UUT6|c3Yi_s[0]      ; Stuck at GND due to stuck port data_in                            ;
; fft16OPT:UUT|complex_mult_twiddle:UUT6|c3Yi_s[-1]     ; Stuck at GND due to stuck port data_in                            ;
; fft16OPT:UUT|complex_mult_twiddle:UUT6|c3Yi_s[-2]     ; Stuck at GND due to stuck port data_in                            ;
; fft16OPT:UUT|complex_mult_twiddle:UUT6|c3Yi_s[-3]     ; Stuck at GND due to stuck port data_in                            ;
; fft16OPT:UUT|complex_mult_twiddle:UUT6|c3Yi_s[-4]     ; Stuck at GND due to stuck port data_in                            ;
; fft16OPT:UUT|complex_mult_twiddle:UUT6|c3Yi_s[-5]     ; Stuck at GND due to stuck port data_in                            ;
; fft16OPT:UUT|complex_mult_twiddle:UUT6|c3Yi_s[-6]     ; Stuck at GND due to stuck port data_in                            ;
; fft16OPT:UUT|complex_mult_twiddle:UUT6|c3Yi_s[-7]     ; Stuck at GND due to stuck port data_in                            ;
; fft16OPT:UUT|complex_mult_twiddle:UUT6|c3Yi_s[-8]     ; Stuck at GND due to stuck port data_in                            ;
; fft16OPT:UUT|complex_mult_twiddle:UUT6|c3Yi_s[-9]     ; Stuck at GND due to stuck port data_in                            ;
; fft16OPT:UUT|complex_mult_twiddle:UUT6|c3Yi_s[-10]    ; Stuck at GND due to stuck port data_in                            ;
; fft16OPT:UUT|complex_mult_twiddle:UUT6|c3Yi_s[-11]    ; Stuck at GND due to stuck port data_in                            ;
; fft16OPT:UUT|radix4:UUT14|y2i_r[-11]                  ; Stuck at GND due to stuck port data_in                            ;
; fft16OPT:UUT|radix4:UUT14|y2i_r[-10]                  ; Stuck at GND due to stuck port data_in                            ;
; fft16OPT:UUT|radix4:UUT14|y2i_r[-9]                   ; Stuck at GND due to stuck port data_in                            ;
; fft16OPT:UUT|radix4:UUT14|y2i_r[-8]                   ; Stuck at GND due to stuck port data_in                            ;
; fft16OPT:UUT|radix4:UUT14|y2i_r[-7]                   ; Stuck at GND due to stuck port data_in                            ;
; fft16OPT:UUT|radix4:UUT14|y2i_r[-6]                   ; Stuck at GND due to stuck port data_in                            ;
; fft16OPT:UUT|radix4:UUT14|y2i_r[-5]                   ; Stuck at GND due to stuck port data_in                            ;
; fft16OPT:UUT|radix4:UUT14|y2i_r[-4]                   ; Stuck at GND due to stuck port data_in                            ;
; fft16OPT:UUT|radix4:UUT14|y2i_r[-3]                   ; Stuck at GND due to stuck port data_in                            ;
; fft16OPT:UUT|radix4:UUT14|y2i_r[-2]                   ; Stuck at GND due to stuck port data_in                            ;
; fft16OPT:UUT|radix4:UUT14|y2i_r[-1]                   ; Stuck at GND due to stuck port data_in                            ;
; fft16OPT:UUT|radix4:UUT14|y2i_r[0]                    ; Stuck at GND due to stuck port data_in                            ;
; fft16OPT:UUT|complex_mult_twiddle:UUT5|k_s1a[0]       ; Merged with fft16OPT:UUT|complex_mult_twiddle:UUT6|k_s1a[1]       ;
; fft16OPT:UUT|complex_mult_twiddle:UUT6|k_s1a[1]       ; Merged with fft16OPT:UUT|complex_mult_twiddle:UUT7|k_s1a[0]       ;
; fft16OPT:UUT|complex_mult_twiddle:UUT7|k_s1a[0]       ; Merged with fft16OPT:UUT|complex_mult_twiddle:UUT7|k_s1a[1]       ;
; fft16OPT:UUT|complex_mult_twiddle:UUT7|k_s1a[1]       ; Merged with fft16OPT:UUT|complex_mult_twiddle:UUT8|k_s1a[1]       ;
; fft16OPT:UUT|complex_mult_twiddle:UUT8|k_s1a[1]       ; Merged with fft16OPT:UUT|complex_mult_twiddle:UUT9|k_s1a[2]       ;
; fft16OPT:UUT|complex_mult_twiddle:UUT9|k_s1a[2]       ; Merged with fft16OPT:UUT|complex_mult_twiddle:UUT10|k_s1a[1]      ;
; fft16OPT:UUT|complex_mult_twiddle:UUT10|k_s1a[1]      ; Merged with fft16OPT:UUT|complex_mult_twiddle:UUT10|k_s1a[2]      ;
; fft16OPT:UUT|complex_mult_twiddle:UUT10|k_s1a[2]      ; Merged with fft16OPT:UUT|complex_mult_twiddle:UUT11|k_s1a[0]      ;
; fft16OPT:UUT|complex_mult_twiddle:UUT11|k_s1a[0]      ; Merged with fft16OPT:UUT|complex_mult_twiddle:UUT11|k_s1a[1]      ;
; fft16OPT:UUT|complex_mult_twiddle:UUT11|k_s1a[1]      ; Merged with fft16OPT:UUT|complex_mult_twiddle:UUT12|k_s1a[1]      ;
; fft16OPT:UUT|complex_mult_twiddle:UUT12|k_s1a[1]      ; Merged with fft16OPT:UUT|complex_mult_twiddle:UUT12|k_s1a[2]      ;
; fft16OPT:UUT|complex_mult_twiddle:UUT12|k_s1a[2]      ; Merged with fft16OPT:UUT|complex_mult_twiddle:UUT13|k_s1a[0]      ;
; fft16OPT:UUT|complex_mult_twiddle:UUT13|k_s1a[0]      ; Merged with fft16OPT:UUT|complex_mult_twiddle:UUT13|k_s1a[3]      ;
; fft16OPT:UUT|radix4:UUT16|Z0i_s[0]                    ; Merged with fft16OPT:UUT|radix4:UUT16|Z0i_s[-1]                   ;
; fft16OPT:UUT|complex_mult_twiddle:UUT13|c1b_Yr_s[-6]  ; Merged with fft16OPT:UUT|complex_mult_twiddle:UUT13|c1b_Yr_s[0]   ;
; fft16OPT:UUT|complex_mult_twiddle:UUT13|c1b_Yr_s[-5]  ; Merged with fft16OPT:UUT|complex_mult_twiddle:UUT13|c1b_Yr_s[0]   ;
; fft16OPT:UUT|complex_mult_twiddle:UUT13|c1b_Yr_s[-4]  ; Merged with fft16OPT:UUT|complex_mult_twiddle:UUT13|c1b_Yr_s[0]   ;
; fft16OPT:UUT|complex_mult_twiddle:UUT13|c1b_Yr_s[-3]  ; Merged with fft16OPT:UUT|complex_mult_twiddle:UUT13|c1b_Yr_s[0]   ;
; fft16OPT:UUT|complex_mult_twiddle:UUT13|c1b_Yr_s[-2]  ; Merged with fft16OPT:UUT|complex_mult_twiddle:UUT13|c1b_Yr_s[0]   ;
; fft16OPT:UUT|complex_mult_twiddle:UUT13|c1b_Yr_s[-1]  ; Merged with fft16OPT:UUT|complex_mult_twiddle:UUT13|c1b_Yr_s[0]   ;
; fft16OPT:UUT|complex_mult_twiddle:UUT13|c2b_Yr_s[-5]  ; Merged with fft16OPT:UUT|complex_mult_twiddle:UUT13|c2b_Yr_s[0]   ;
; fft16OPT:UUT|complex_mult_twiddle:UUT13|c2b_Yr_s[-4]  ; Merged with fft16OPT:UUT|complex_mult_twiddle:UUT13|c2b_Yr_s[0]   ;
; fft16OPT:UUT|complex_mult_twiddle:UUT13|c2b_Yr_s[-3]  ; Merged with fft16OPT:UUT|complex_mult_twiddle:UUT13|c2b_Yr_s[0]   ;
; fft16OPT:UUT|complex_mult_twiddle:UUT13|c2b_Yr_s[-2]  ; Merged with fft16OPT:UUT|complex_mult_twiddle:UUT13|c2b_Yr_s[0]   ;
; fft16OPT:UUT|complex_mult_twiddle:UUT13|c2b_Yr_s[-1]  ; Merged with fft16OPT:UUT|complex_mult_twiddle:UUT13|c2b_Yr_s[0]   ;
; fft16OPT:UUT|complex_mult_twiddle:UUT13|c1b_Yi_s[-6]  ; Merged with fft16OPT:UUT|complex_mult_twiddle:UUT13|c1b_Yi_s[0]   ;
; fft16OPT:UUT|complex_mult_twiddle:UUT13|c1b_Yi_s[-5]  ; Merged with fft16OPT:UUT|complex_mult_twiddle:UUT13|c1b_Yi_s[0]   ;
; fft16OPT:UUT|complex_mult_twiddle:UUT13|c1b_Yi_s[-4]  ; Merged with fft16OPT:UUT|complex_mult_twiddle:UUT13|c1b_Yi_s[0]   ;
; fft16OPT:UUT|complex_mult_twiddle:UUT13|c1b_Yi_s[-3]  ; Merged with fft16OPT:UUT|complex_mult_twiddle:UUT13|c1b_Yi_s[0]   ;
; fft16OPT:UUT|complex_mult_twiddle:UUT13|c1b_Yi_s[-2]  ; Merged with fft16OPT:UUT|complex_mult_twiddle:UUT13|c1b_Yi_s[0]   ;
; fft16OPT:UUT|complex_mult_twiddle:UUT13|c1b_Yi_s[-1]  ; Merged with fft16OPT:UUT|complex_mult_twiddle:UUT13|c1b_Yi_s[0]   ;
; fft16OPT:UUT|complex_mult_twiddle:UUT13|c2b_Yi_s[-5]  ; Merged with fft16OPT:UUT|complex_mult_twiddle:UUT13|c2b_Yi_s[0]   ;
; fft16OPT:UUT|complex_mult_twiddle:UUT13|c2b_Yi_s[-4]  ; Merged with fft16OPT:UUT|complex_mult_twiddle:UUT13|c2b_Yi_s[0]   ;
; fft16OPT:UUT|complex_mult_twiddle:UUT13|c2b_Yi_s[-3]  ; Merged with fft16OPT:UUT|complex_mult_twiddle:UUT13|c2b_Yi_s[0]   ;
; fft16OPT:UUT|complex_mult_twiddle:UUT13|c2b_Yi_s[-2]  ; Merged with fft16OPT:UUT|complex_mult_twiddle:UUT13|c2b_Yi_s[0]   ;
; fft16OPT:UUT|complex_mult_twiddle:UUT13|c2b_Yi_s[-1]  ; Merged with fft16OPT:UUT|complex_mult_twiddle:UUT13|c2b_Yi_s[0]   ;
; fft16OPT:UUT|complex_mult_twiddle:UUT13|k_s1b[0]      ; Merged with fft16OPT:UUT|complex_mult_twiddle:UUT13|k_s1b[3]      ;
; fft16OPT:UUT|complex_mult_twiddle:UUT12|k_s1b[1,2]    ; Merged with fft16OPT:UUT|complex_mult_twiddle:UUT13|k_s1b[3]      ;
; fft16OPT:UUT|complex_mult_twiddle:UUT11|k_s1b[0,1]    ; Merged with fft16OPT:UUT|complex_mult_twiddle:UUT13|k_s1b[3]      ;
; fft16OPT:UUT|complex_mult_twiddle:UUT10|k_s1b[1,2]    ; Merged with fft16OPT:UUT|complex_mult_twiddle:UUT13|k_s1b[3]      ;
; fft16OPT:UUT|complex_mult_twiddle:UUT9|k_s1b[2]       ; Merged with fft16OPT:UUT|complex_mult_twiddle:UUT13|k_s1b[3]      ;
; fft16OPT:UUT|complex_mult_twiddle:UUT8|k_s1b[1]       ; Merged with fft16OPT:UUT|complex_mult_twiddle:UUT13|k_s1b[3]      ;
; fft16OPT:UUT|complex_mult_twiddle:UUT7|k_s1b[0,1]     ; Merged with fft16OPT:UUT|complex_mult_twiddle:UUT13|k_s1b[3]      ;
; fft16OPT:UUT|complex_mult_twiddle:UUT6|k_s1b[1]       ; Merged with fft16OPT:UUT|complex_mult_twiddle:UUT13|k_s1b[3]      ;
; fft16OPT:UUT|complex_mult_twiddle:UUT5|k_s1b[0]       ; Merged with fft16OPT:UUT|complex_mult_twiddle:UUT13|k_s1b[3]      ;
; fft16OPT:UUT|complex_mult_twiddle:UUT13|k_s2[0]       ; Merged with fft16OPT:UUT|complex_mult_twiddle:UUT13|k_s2[3]       ;
; fft16OPT:UUT|complex_mult_twiddle:UUT12|k_s2[1,2]     ; Merged with fft16OPT:UUT|complex_mult_twiddle:UUT13|k_s2[3]       ;
; fft16OPT:UUT|complex_mult_twiddle:UUT11|k_s2[0,1]     ; Merged with fft16OPT:UUT|complex_mult_twiddle:UUT13|k_s2[3]       ;
; fft16OPT:UUT|complex_mult_twiddle:UUT10|k_s2[1,2]     ; Merged with fft16OPT:UUT|complex_mult_twiddle:UUT13|k_s2[3]       ;
; fft16OPT:UUT|complex_mult_twiddle:UUT9|k_s2[2]        ; Merged with fft16OPT:UUT|complex_mult_twiddle:UUT13|k_s2[3]       ;
; fft16OPT:UUT|complex_mult_twiddle:UUT8|k_s2[1]        ; Merged with fft16OPT:UUT|complex_mult_twiddle:UUT13|k_s2[3]       ;
; fft16OPT:UUT|complex_mult_twiddle:UUT7|k_s2[0,1]      ; Merged with fft16OPT:UUT|complex_mult_twiddle:UUT13|k_s2[3]       ;
; fft16OPT:UUT|complex_mult_twiddle:UUT6|k_s2[1]        ; Merged with fft16OPT:UUT|complex_mult_twiddle:UUT13|k_s2[3]       ;
; fft16OPT:UUT|complex_mult_twiddle:UUT5|k_s2[0]        ; Merged with fft16OPT:UUT|complex_mult_twiddle:UUT13|k_s2[3]       ;
; fft16OPT:UUT|complex_mult_twiddle:UUT12|Yr_sh8_s[-8]  ; Merged with fft16OPT:UUT|complex_mult_twiddle:UUT12|Yr_s1a[0]     ;
; fft16OPT:UUT|complex_mult_twiddle:UUT12|Yr_sh8_s[-7]  ; Merged with fft16OPT:UUT|complex_mult_twiddle:UUT12|Yr_s1a[0]     ;
; fft16OPT:UUT|complex_mult_twiddle:UUT12|Yr_sh8_s[-6]  ; Merged with fft16OPT:UUT|complex_mult_twiddle:UUT12|Yr_s1a[0]     ;
; fft16OPT:UUT|complex_mult_twiddle:UUT12|Yr_sh8_s[-5]  ; Merged with fft16OPT:UUT|complex_mult_twiddle:UUT12|Yr_s1a[0]     ;
; fft16OPT:UUT|complex_mult_twiddle:UUT12|Yr_sh8_s[-4]  ; Merged with fft16OPT:UUT|complex_mult_twiddle:UUT12|Yr_s1a[0]     ;
; fft16OPT:UUT|complex_mult_twiddle:UUT12|Yr_sh8_s[-3]  ; Merged with fft16OPT:UUT|complex_mult_twiddle:UUT12|Yr_s1a[0]     ;
; fft16OPT:UUT|complex_mult_twiddle:UUT12|Yr_sh8_s[-2]  ; Merged with fft16OPT:UUT|complex_mult_twiddle:UUT12|Yr_s1a[0]     ;
; fft16OPT:UUT|complex_mult_twiddle:UUT12|Yr_sh8_s[-1]  ; Merged with fft16OPT:UUT|complex_mult_twiddle:UUT12|Yr_s1a[0]     ;
; fft16OPT:UUT|complex_mult_twiddle:UUT12|Yr_sh8_s[0]   ; Merged with fft16OPT:UUT|complex_mult_twiddle:UUT12|Yr_s1a[0]     ;
; fft16OPT:UUT|complex_mult_twiddle:UUT12|Yr_sh8_s[-9]  ; Merged with fft16OPT:UUT|complex_mult_twiddle:UUT12|Yr_s1a[-1]    ;
; fft16OPT:UUT|complex_mult_twiddle:UUT12|Yr_sh8_s[-10] ; Merged with fft16OPT:UUT|complex_mult_twiddle:UUT12|Yr_s1a[-2]    ;
; fft16OPT:UUT|complex_mult_twiddle:UUT12|Yr_sh8_s[-11] ; Merged with fft16OPT:UUT|complex_mult_twiddle:UUT12|Yr_s1a[-3]    ;
; fft16OPT:UUT|complex_mult_twiddle:UUT12|c3b_Yr_s[-3]  ; Merged with fft16OPT:UUT|complex_mult_twiddle:UUT12|c3b_Yr_s[0]   ;
; fft16OPT:UUT|complex_mult_twiddle:UUT12|c3b_Yr_s[-2]  ; Merged with fft16OPT:UUT|complex_mult_twiddle:UUT12|c3b_Yr_s[0]   ;
; fft16OPT:UUT|complex_mult_twiddle:UUT12|c3b_Yr_s[-1]  ; Merged with fft16OPT:UUT|complex_mult_twiddle:UUT12|c3b_Yr_s[0]   ;
; fft16OPT:UUT|complex_mult_twiddle:UUT11|Yr_sh8_s[-8]  ; Merged with fft16OPT:UUT|complex_mult_twiddle:UUT11|Yr_sh8_s[0]   ;
; fft16OPT:UUT|complex_mult_twiddle:UUT11|Yr_sh8_s[-7]  ; Merged with fft16OPT:UUT|complex_mult_twiddle:UUT11|Yr_sh8_s[0]   ;
; fft16OPT:UUT|complex_mult_twiddle:UUT11|Yr_sh8_s[-6]  ; Merged with fft16OPT:UUT|complex_mult_twiddle:UUT11|Yr_sh8_s[0]   ;
; fft16OPT:UUT|complex_mult_twiddle:UUT11|Yr_sh8_s[-5]  ; Merged with fft16OPT:UUT|complex_mult_twiddle:UUT11|Yr_sh8_s[0]   ;
; fft16OPT:UUT|complex_mult_twiddle:UUT11|Yr_sh8_s[-4]  ; Merged with fft16OPT:UUT|complex_mult_twiddle:UUT11|Yr_sh8_s[0]   ;
; fft16OPT:UUT|complex_mult_twiddle:UUT11|Yr_sh8_s[-3]  ; Merged with fft16OPT:UUT|complex_mult_twiddle:UUT11|Yr_sh8_s[0]   ;
; fft16OPT:UUT|complex_mult_twiddle:UUT11|Yr_sh8_s[-2]  ; Merged with fft16OPT:UUT|complex_mult_twiddle:UUT11|Yr_sh8_s[0]   ;
; fft16OPT:UUT|complex_mult_twiddle:UUT11|Yr_sh8_s[-1]  ; Merged with fft16OPT:UUT|complex_mult_twiddle:UUT11|Yr_sh8_s[0]   ;
; fft16OPT:UUT|complex_mult_twiddle:UUT11|Yi_sh8_s[-8]  ; Merged with fft16OPT:UUT|complex_mult_twiddle:UUT11|Yi_sh8_s[0]   ;
; fft16OPT:UUT|complex_mult_twiddle:UUT11|Yi_sh8_s[-7]  ; Merged with fft16OPT:UUT|complex_mult_twiddle:UUT11|Yi_sh8_s[0]   ;
; fft16OPT:UUT|complex_mult_twiddle:UUT11|Yi_sh8_s[-6]  ; Merged with fft16OPT:UUT|complex_mult_twiddle:UUT11|Yi_sh8_s[0]   ;
; fft16OPT:UUT|complex_mult_twiddle:UUT11|Yi_sh8_s[-5]  ; Merged with fft16OPT:UUT|complex_mult_twiddle:UUT11|Yi_sh8_s[0]   ;
; fft16OPT:UUT|complex_mult_twiddle:UUT11|Yi_sh8_s[-4]  ; Merged with fft16OPT:UUT|complex_mult_twiddle:UUT11|Yi_sh8_s[0]   ;
; fft16OPT:UUT|complex_mult_twiddle:UUT11|Yi_sh8_s[-3]  ; Merged with fft16OPT:UUT|complex_mult_twiddle:UUT11|Yi_sh8_s[0]   ;
; fft16OPT:UUT|complex_mult_twiddle:UUT11|Yi_sh8_s[-2]  ; Merged with fft16OPT:UUT|complex_mult_twiddle:UUT11|Yi_sh8_s[0]   ;
; fft16OPT:UUT|complex_mult_twiddle:UUT11|Yi_sh8_s[-1]  ; Merged with fft16OPT:UUT|complex_mult_twiddle:UUT11|Yi_sh8_s[0]   ;
; fft16OPT:UUT|complex_mult_twiddle:UUT11|c1b_Yr_s[-6]  ; Merged with fft16OPT:UUT|complex_mult_twiddle:UUT11|c1b_Yr_s[0]   ;
; fft16OPT:UUT|complex_mult_twiddle:UUT11|c1b_Yr_s[-5]  ; Merged with fft16OPT:UUT|complex_mult_twiddle:UUT11|c1b_Yr_s[0]   ;
; fft16OPT:UUT|complex_mult_twiddle:UUT11|c1b_Yr_s[-4]  ; Merged with fft16OPT:UUT|complex_mult_twiddle:UUT11|c1b_Yr_s[0]   ;
; fft16OPT:UUT|complex_mult_twiddle:UUT11|c1b_Yr_s[-3]  ; Merged with fft16OPT:UUT|complex_mult_twiddle:UUT11|c1b_Yr_s[0]   ;
; fft16OPT:UUT|complex_mult_twiddle:UUT11|c1b_Yr_s[-2]  ; Merged with fft16OPT:UUT|complex_mult_twiddle:UUT11|c1b_Yr_s[0]   ;
; fft16OPT:UUT|complex_mult_twiddle:UUT11|c1b_Yr_s[-1]  ; Merged with fft16OPT:UUT|complex_mult_twiddle:UUT11|c1b_Yr_s[0]   ;
; fft16OPT:UUT|complex_mult_twiddle:UUT11|c2b_Yr_s[-5]  ; Merged with fft16OPT:UUT|complex_mult_twiddle:UUT11|c2b_Yr_s[0]   ;
; fft16OPT:UUT|complex_mult_twiddle:UUT11|c2b_Yr_s[-4]  ; Merged with fft16OPT:UUT|complex_mult_twiddle:UUT11|c2b_Yr_s[0]   ;
; fft16OPT:UUT|complex_mult_twiddle:UUT11|c2b_Yr_s[-3]  ; Merged with fft16OPT:UUT|complex_mult_twiddle:UUT11|c2b_Yr_s[0]   ;
; fft16OPT:UUT|complex_mult_twiddle:UUT11|c2b_Yr_s[-2]  ; Merged with fft16OPT:UUT|complex_mult_twiddle:UUT11|c2b_Yr_s[0]   ;
; fft16OPT:UUT|complex_mult_twiddle:UUT11|c2b_Yr_s[-1]  ; Merged with fft16OPT:UUT|complex_mult_twiddle:UUT11|c2b_Yr_s[0]   ;
; fft16OPT:UUT|complex_mult_twiddle:UUT11|c3b_Yr_s[-3]  ; Merged with fft16OPT:UUT|complex_mult_twiddle:UUT11|c3b_Yr_s[0]   ;
; fft16OPT:UUT|complex_mult_twiddle:UUT11|c3b_Yr_s[-2]  ; Merged with fft16OPT:UUT|complex_mult_twiddle:UUT11|c3b_Yr_s[0]   ;
; fft16OPT:UUT|complex_mult_twiddle:UUT11|c3b_Yr_s[-1]  ; Merged with fft16OPT:UUT|complex_mult_twiddle:UUT11|c3b_Yr_s[0]   ;
; fft16OPT:UUT|complex_mult_twiddle:UUT11|c1b_Yi_s[-6]  ; Merged with fft16OPT:UUT|complex_mult_twiddle:UUT11|c1b_Yi_s[0]   ;
; fft16OPT:UUT|complex_mult_twiddle:UUT11|c1b_Yi_s[-5]  ; Merged with fft16OPT:UUT|complex_mult_twiddle:UUT11|c1b_Yi_s[0]   ;
; fft16OPT:UUT|complex_mult_twiddle:UUT11|c1b_Yi_s[-4]  ; Merged with fft16OPT:UUT|complex_mult_twiddle:UUT11|c1b_Yi_s[0]   ;
; fft16OPT:UUT|complex_mult_twiddle:UUT11|c1b_Yi_s[-3]  ; Merged with fft16OPT:UUT|complex_mult_twiddle:UUT11|c1b_Yi_s[0]   ;
; fft16OPT:UUT|complex_mult_twiddle:UUT11|c1b_Yi_s[-2]  ; Merged with fft16OPT:UUT|complex_mult_twiddle:UUT11|c1b_Yi_s[0]   ;
; fft16OPT:UUT|complex_mult_twiddle:UUT11|c1b_Yi_s[-1]  ; Merged with fft16OPT:UUT|complex_mult_twiddle:UUT11|c1b_Yi_s[0]   ;
; fft16OPT:UUT|complex_mult_twiddle:UUT11|c2b_Yi_s[-5]  ; Merged with fft16OPT:UUT|complex_mult_twiddle:UUT11|c2b_Yi_s[0]   ;
; fft16OPT:UUT|complex_mult_twiddle:UUT11|c2b_Yi_s[-4]  ; Merged with fft16OPT:UUT|complex_mult_twiddle:UUT11|c2b_Yi_s[0]   ;
; fft16OPT:UUT|complex_mult_twiddle:UUT11|c2b_Yi_s[-3]  ; Merged with fft16OPT:UUT|complex_mult_twiddle:UUT11|c2b_Yi_s[0]   ;
; fft16OPT:UUT|complex_mult_twiddle:UUT11|c2b_Yi_s[-2]  ; Merged with fft16OPT:UUT|complex_mult_twiddle:UUT11|c2b_Yi_s[0]   ;
; fft16OPT:UUT|complex_mult_twiddle:UUT11|c2b_Yi_s[-1]  ; Merged with fft16OPT:UUT|complex_mult_twiddle:UUT11|c2b_Yi_s[0]   ;
; fft16OPT:UUT|complex_mult_twiddle:UUT11|c3b_Yi_s[-3]  ; Merged with fft16OPT:UUT|complex_mult_twiddle:UUT11|c3b_Yi_s[0]   ;
; fft16OPT:UUT|complex_mult_twiddle:UUT11|c3b_Yi_s[-2]  ; Merged with fft16OPT:UUT|complex_mult_twiddle:UUT11|c3b_Yi_s[0]   ;
; fft16OPT:UUT|complex_mult_twiddle:UUT11|c3b_Yi_s[-1]  ; Merged with fft16OPT:UUT|complex_mult_twiddle:UUT11|c3b_Yi_s[0]   ;
; fft16OPT:UUT|complex_mult_twiddle:UUT10|Yr_sh8_s[-8]  ; Merged with fft16OPT:UUT|complex_mult_twiddle:UUT10|Yr_s1a[0]     ;
; fft16OPT:UUT|complex_mult_twiddle:UUT10|Yr_sh8_s[-7]  ; Merged with fft16OPT:UUT|complex_mult_twiddle:UUT10|Yr_s1a[0]     ;
; fft16OPT:UUT|complex_mult_twiddle:UUT10|Yr_sh8_s[-6]  ; Merged with fft16OPT:UUT|complex_mult_twiddle:UUT10|Yr_s1a[0]     ;
; fft16OPT:UUT|complex_mult_twiddle:UUT10|Yr_sh8_s[-5]  ; Merged with fft16OPT:UUT|complex_mult_twiddle:UUT10|Yr_s1a[0]     ;
; fft16OPT:UUT|complex_mult_twiddle:UUT10|Yr_sh8_s[-4]  ; Merged with fft16OPT:UUT|complex_mult_twiddle:UUT10|Yr_s1a[0]     ;
; fft16OPT:UUT|complex_mult_twiddle:UUT10|Yr_sh8_s[-3]  ; Merged with fft16OPT:UUT|complex_mult_twiddle:UUT10|Yr_s1a[0]     ;
; fft16OPT:UUT|complex_mult_twiddle:UUT10|Yr_sh8_s[-2]  ; Merged with fft16OPT:UUT|complex_mult_twiddle:UUT10|Yr_s1a[0]     ;
; fft16OPT:UUT|complex_mult_twiddle:UUT10|Yr_sh8_s[-1]  ; Merged with fft16OPT:UUT|complex_mult_twiddle:UUT10|Yr_s1a[0]     ;
; fft16OPT:UUT|complex_mult_twiddle:UUT10|Yr_sh8_s[0]   ; Merged with fft16OPT:UUT|complex_mult_twiddle:UUT10|Yr_s1a[0]     ;
; fft16OPT:UUT|complex_mult_twiddle:UUT10|Yr_sh8_s[-9]  ; Merged with fft16OPT:UUT|complex_mult_twiddle:UUT10|Yr_s1a[-1]    ;
; fft16OPT:UUT|complex_mult_twiddle:UUT10|Yr_sh8_s[-10] ; Merged with fft16OPT:UUT|complex_mult_twiddle:UUT10|Yr_s1a[-2]    ;
; fft16OPT:UUT|complex_mult_twiddle:UUT10|Yr_sh8_s[-11] ; Merged with fft16OPT:UUT|complex_mult_twiddle:UUT10|Yr_s1a[-3]    ;
; fft16OPT:UUT|complex_mult_twiddle:UUT10|Yi_sh8_s[-8]  ; Merged with fft16OPT:UUT|complex_mult_twiddle:UUT10|Yi_s1a[0]     ;
; fft16OPT:UUT|complex_mult_twiddle:UUT10|Yi_sh8_s[-7]  ; Merged with fft16OPT:UUT|complex_mult_twiddle:UUT10|Yi_s1a[0]     ;
; fft16OPT:UUT|complex_mult_twiddle:UUT10|Yi_sh8_s[-6]  ; Merged with fft16OPT:UUT|complex_mult_twiddle:UUT10|Yi_s1a[0]     ;
; fft16OPT:UUT|complex_mult_twiddle:UUT10|Yi_sh8_s[-5]  ; Merged with fft16OPT:UUT|complex_mult_twiddle:UUT10|Yi_s1a[0]     ;
; fft16OPT:UUT|complex_mult_twiddle:UUT10|Yi_sh8_s[-4]  ; Merged with fft16OPT:UUT|complex_mult_twiddle:UUT10|Yi_s1a[0]     ;
; fft16OPT:UUT|complex_mult_twiddle:UUT10|Yi_sh8_s[-3]  ; Merged with fft16OPT:UUT|complex_mult_twiddle:UUT10|Yi_s1a[0]     ;
; fft16OPT:UUT|complex_mult_twiddle:UUT10|Yi_sh8_s[-2]  ; Merged with fft16OPT:UUT|complex_mult_twiddle:UUT10|Yi_s1a[0]     ;
; fft16OPT:UUT|complex_mult_twiddle:UUT10|Yi_sh8_s[-1]  ; Merged with fft16OPT:UUT|complex_mult_twiddle:UUT10|Yi_s1a[0]     ;
; fft16OPT:UUT|complex_mult_twiddle:UUT10|Yi_sh8_s[0]   ; Merged with fft16OPT:UUT|complex_mult_twiddle:UUT10|Yi_s1a[0]     ;
; fft16OPT:UUT|complex_mult_twiddle:UUT10|Yi_sh8_s[-9]  ; Merged with fft16OPT:UUT|complex_mult_twiddle:UUT10|Yi_s1a[-1]    ;
; fft16OPT:UUT|complex_mult_twiddle:UUT10|Yi_sh8_s[-10] ; Merged with fft16OPT:UUT|complex_mult_twiddle:UUT10|Yi_s1a[-2]    ;
; fft16OPT:UUT|complex_mult_twiddle:UUT10|Yi_sh8_s[-11] ; Merged with fft16OPT:UUT|complex_mult_twiddle:UUT10|Yi_s1a[-3]    ;
; fft16OPT:UUT|complex_mult_twiddle:UUT10|c3b_Yr_s[-3]  ; Merged with fft16OPT:UUT|complex_mult_twiddle:UUT10|c3b_Yr_s[0]   ;
; fft16OPT:UUT|complex_mult_twiddle:UUT10|c3b_Yr_s[-2]  ; Merged with fft16OPT:UUT|complex_mult_twiddle:UUT10|c3b_Yr_s[0]   ;
; fft16OPT:UUT|complex_mult_twiddle:UUT10|c3b_Yr_s[-1]  ; Merged with fft16OPT:UUT|complex_mult_twiddle:UUT10|c3b_Yr_s[0]   ;
; fft16OPT:UUT|complex_mult_twiddle:UUT10|c3b_Yi_s[-3]  ; Merged with fft16OPT:UUT|complex_mult_twiddle:UUT10|c3b_Yi_s[0]   ;
; fft16OPT:UUT|complex_mult_twiddle:UUT10|c3b_Yi_s[-2]  ; Merged with fft16OPT:UUT|complex_mult_twiddle:UUT10|c3b_Yi_s[0]   ;
; fft16OPT:UUT|complex_mult_twiddle:UUT10|c3b_Yi_s[-1]  ; Merged with fft16OPT:UUT|complex_mult_twiddle:UUT10|c3b_Yi_s[0]   ;
; fft16OPT:UUT|complex_mult_twiddle:UUT8|Yr_sh8_s[-8]   ; Merged with fft16OPT:UUT|complex_mult_twiddle:UUT8|Yr_sh8_s[0]    ;
; fft16OPT:UUT|complex_mult_twiddle:UUT8|Yr_sh8_s[-7]   ; Merged with fft16OPT:UUT|complex_mult_twiddle:UUT8|Yr_sh8_s[0]    ;
; fft16OPT:UUT|complex_mult_twiddle:UUT8|Yr_sh8_s[-6]   ; Merged with fft16OPT:UUT|complex_mult_twiddle:UUT8|Yr_sh8_s[0]    ;
; fft16OPT:UUT|complex_mult_twiddle:UUT8|Yr_sh8_s[-5]   ; Merged with fft16OPT:UUT|complex_mult_twiddle:UUT8|Yr_sh8_s[0]    ;
; fft16OPT:UUT|complex_mult_twiddle:UUT8|Yr_sh8_s[-4]   ; Merged with fft16OPT:UUT|complex_mult_twiddle:UUT8|Yr_sh8_s[0]    ;
; fft16OPT:UUT|complex_mult_twiddle:UUT8|Yr_sh8_s[-3]   ; Merged with fft16OPT:UUT|complex_mult_twiddle:UUT8|Yr_sh8_s[0]    ;
; fft16OPT:UUT|complex_mult_twiddle:UUT8|Yr_sh8_s[-2]   ; Merged with fft16OPT:UUT|complex_mult_twiddle:UUT8|Yr_sh8_s[0]    ;
; fft16OPT:UUT|complex_mult_twiddle:UUT8|Yr_sh8_s[-1]   ; Merged with fft16OPT:UUT|complex_mult_twiddle:UUT8|Yr_sh8_s[0]    ;
; fft16OPT:UUT|complex_mult_twiddle:UUT8|Yi_sh8_s[-8]   ; Merged with fft16OPT:UUT|complex_mult_twiddle:UUT8|Yi_sh8_s[0]    ;
; fft16OPT:UUT|complex_mult_twiddle:UUT8|Yi_sh8_s[-7]   ; Merged with fft16OPT:UUT|complex_mult_twiddle:UUT8|Yi_sh8_s[0]    ;
; fft16OPT:UUT|complex_mult_twiddle:UUT8|Yi_sh8_s[-6]   ; Merged with fft16OPT:UUT|complex_mult_twiddle:UUT8|Yi_sh8_s[0]    ;
; fft16OPT:UUT|complex_mult_twiddle:UUT8|Yi_sh8_s[-5]   ; Merged with fft16OPT:UUT|complex_mult_twiddle:UUT8|Yi_sh8_s[0]    ;
; fft16OPT:UUT|complex_mult_twiddle:UUT8|Yi_sh8_s[-4]   ; Merged with fft16OPT:UUT|complex_mult_twiddle:UUT8|Yi_sh8_s[0]    ;
; fft16OPT:UUT|complex_mult_twiddle:UUT8|Yi_sh8_s[-3]   ; Merged with fft16OPT:UUT|complex_mult_twiddle:UUT8|Yi_sh8_s[0]    ;
; fft16OPT:UUT|complex_mult_twiddle:UUT8|Yi_sh8_s[-2]   ; Merged with fft16OPT:UUT|complex_mult_twiddle:UUT8|Yi_sh8_s[0]    ;
; fft16OPT:UUT|complex_mult_twiddle:UUT8|Yi_sh8_s[-1]   ; Merged with fft16OPT:UUT|complex_mult_twiddle:UUT8|Yi_sh8_s[0]    ;
; fft16OPT:UUT|complex_mult_twiddle:UUT8|c3b_Yr_s[-3]   ; Merged with fft16OPT:UUT|complex_mult_twiddle:UUT8|c3b_Yr_s[0]    ;
; fft16OPT:UUT|complex_mult_twiddle:UUT8|c3b_Yr_s[-2]   ; Merged with fft16OPT:UUT|complex_mult_twiddle:UUT8|c3b_Yr_s[0]    ;
; fft16OPT:UUT|complex_mult_twiddle:UUT8|c3b_Yr_s[-1]   ; Merged with fft16OPT:UUT|complex_mult_twiddle:UUT8|c3b_Yr_s[0]    ;
; fft16OPT:UUT|complex_mult_twiddle:UUT8|c3b_Yi_s[-3]   ; Merged with fft16OPT:UUT|complex_mult_twiddle:UUT8|c3b_Yi_s[0]    ;
; fft16OPT:UUT|complex_mult_twiddle:UUT8|c3b_Yi_s[-2]   ; Merged with fft16OPT:UUT|complex_mult_twiddle:UUT8|c3b_Yi_s[0]    ;
; fft16OPT:UUT|complex_mult_twiddle:UUT8|c3b_Yi_s[-1]   ; Merged with fft16OPT:UUT|complex_mult_twiddle:UUT8|c3b_Yi_s[0]    ;
; fft16OPT:UUT|complex_mult_twiddle:UUT7|Yr_sh8_s[-8]   ; Merged with fft16OPT:UUT|complex_mult_twiddle:UUT7|Yr_sh8_s[0]    ;
; fft16OPT:UUT|complex_mult_twiddle:UUT7|Yr_sh8_s[-7]   ; Merged with fft16OPT:UUT|complex_mult_twiddle:UUT7|Yr_sh8_s[0]    ;
; fft16OPT:UUT|complex_mult_twiddle:UUT7|Yr_sh8_s[-6]   ; Merged with fft16OPT:UUT|complex_mult_twiddle:UUT7|Yr_sh8_s[0]    ;
; fft16OPT:UUT|complex_mult_twiddle:UUT7|Yr_sh8_s[-5]   ; Merged with fft16OPT:UUT|complex_mult_twiddle:UUT7|Yr_sh8_s[0]    ;
; fft16OPT:UUT|complex_mult_twiddle:UUT7|Yr_sh8_s[-4]   ; Merged with fft16OPT:UUT|complex_mult_twiddle:UUT7|Yr_sh8_s[0]    ;
; fft16OPT:UUT|complex_mult_twiddle:UUT7|Yr_sh8_s[-3]   ; Merged with fft16OPT:UUT|complex_mult_twiddle:UUT7|Yr_sh8_s[0]    ;
; fft16OPT:UUT|complex_mult_twiddle:UUT7|Yr_sh8_s[-2]   ; Merged with fft16OPT:UUT|complex_mult_twiddle:UUT7|Yr_sh8_s[0]    ;
; fft16OPT:UUT|complex_mult_twiddle:UUT7|Yr_sh8_s[-1]   ; Merged with fft16OPT:UUT|complex_mult_twiddle:UUT7|Yr_sh8_s[0]    ;
; fft16OPT:UUT|complex_mult_twiddle:UUT7|Yi_sh8_s[-8]   ; Merged with fft16OPT:UUT|complex_mult_twiddle:UUT7|Yi_sh8_s[0]    ;
; fft16OPT:UUT|complex_mult_twiddle:UUT7|Yi_sh8_s[-7]   ; Merged with fft16OPT:UUT|complex_mult_twiddle:UUT7|Yi_sh8_s[0]    ;
; fft16OPT:UUT|complex_mult_twiddle:UUT7|Yi_sh8_s[-6]   ; Merged with fft16OPT:UUT|complex_mult_twiddle:UUT7|Yi_sh8_s[0]    ;
; fft16OPT:UUT|complex_mult_twiddle:UUT7|Yi_sh8_s[-5]   ; Merged with fft16OPT:UUT|complex_mult_twiddle:UUT7|Yi_sh8_s[0]    ;
; fft16OPT:UUT|complex_mult_twiddle:UUT7|Yi_sh8_s[-4]   ; Merged with fft16OPT:UUT|complex_mult_twiddle:UUT7|Yi_sh8_s[0]    ;
; fft16OPT:UUT|complex_mult_twiddle:UUT7|Yi_sh8_s[-3]   ; Merged with fft16OPT:UUT|complex_mult_twiddle:UUT7|Yi_sh8_s[0]    ;
; fft16OPT:UUT|complex_mult_twiddle:UUT7|Yi_sh8_s[-2]   ; Merged with fft16OPT:UUT|complex_mult_twiddle:UUT7|Yi_sh8_s[0]    ;
; fft16OPT:UUT|complex_mult_twiddle:UUT7|Yi_sh8_s[-1]   ; Merged with fft16OPT:UUT|complex_mult_twiddle:UUT7|Yi_sh8_s[0]    ;
; fft16OPT:UUT|complex_mult_twiddle:UUT7|c1b_Yr_s[-6]   ; Merged with fft16OPT:UUT|complex_mult_twiddle:UUT7|c1b_Yr_s[0]    ;
; fft16OPT:UUT|complex_mult_twiddle:UUT7|c1b_Yr_s[-5]   ; Merged with fft16OPT:UUT|complex_mult_twiddle:UUT7|c1b_Yr_s[0]    ;
; fft16OPT:UUT|complex_mult_twiddle:UUT7|c1b_Yr_s[-4]   ; Merged with fft16OPT:UUT|complex_mult_twiddle:UUT7|c1b_Yr_s[0]    ;
; fft16OPT:UUT|complex_mult_twiddle:UUT7|c1b_Yr_s[-3]   ; Merged with fft16OPT:UUT|complex_mult_twiddle:UUT7|c1b_Yr_s[0]    ;
; fft16OPT:UUT|complex_mult_twiddle:UUT7|c1b_Yr_s[-2]   ; Merged with fft16OPT:UUT|complex_mult_twiddle:UUT7|c1b_Yr_s[0]    ;
; fft16OPT:UUT|complex_mult_twiddle:UUT7|c1b_Yr_s[-1]   ; Merged with fft16OPT:UUT|complex_mult_twiddle:UUT7|c1b_Yr_s[0]    ;
; fft16OPT:UUT|complex_mult_twiddle:UUT7|c2b_Yr_s[-5]   ; Merged with fft16OPT:UUT|complex_mult_twiddle:UUT7|c2b_Yr_s[0]    ;
; fft16OPT:UUT|complex_mult_twiddle:UUT7|c2b_Yr_s[-4]   ; Merged with fft16OPT:UUT|complex_mult_twiddle:UUT7|c2b_Yr_s[0]    ;
; fft16OPT:UUT|complex_mult_twiddle:UUT7|c2b_Yr_s[-3]   ; Merged with fft16OPT:UUT|complex_mult_twiddle:UUT7|c2b_Yr_s[0]    ;
; fft16OPT:UUT|complex_mult_twiddle:UUT7|c2b_Yr_s[-2]   ; Merged with fft16OPT:UUT|complex_mult_twiddle:UUT7|c2b_Yr_s[0]    ;
; fft16OPT:UUT|complex_mult_twiddle:UUT7|c2b_Yr_s[-1]   ; Merged with fft16OPT:UUT|complex_mult_twiddle:UUT7|c2b_Yr_s[0]    ;
; fft16OPT:UUT|complex_mult_twiddle:UUT7|c3b_Yr_s[-3]   ; Merged with fft16OPT:UUT|complex_mult_twiddle:UUT7|c3b_Yr_s[0]    ;
; fft16OPT:UUT|complex_mult_twiddle:UUT7|c3b_Yr_s[-2]   ; Merged with fft16OPT:UUT|complex_mult_twiddle:UUT7|c3b_Yr_s[0]    ;
; fft16OPT:UUT|complex_mult_twiddle:UUT7|c3b_Yr_s[-1]   ; Merged with fft16OPT:UUT|complex_mult_twiddle:UUT7|c3b_Yr_s[0]    ;
; fft16OPT:UUT|complex_mult_twiddle:UUT7|c1b_Yi_s[-6]   ; Merged with fft16OPT:UUT|complex_mult_twiddle:UUT7|c1b_Yi_s[0]    ;
; fft16OPT:UUT|complex_mult_twiddle:UUT7|c1b_Yi_s[-5]   ; Merged with fft16OPT:UUT|complex_mult_twiddle:UUT7|c1b_Yi_s[0]    ;
; fft16OPT:UUT|complex_mult_twiddle:UUT7|c1b_Yi_s[-4]   ; Merged with fft16OPT:UUT|complex_mult_twiddle:UUT7|c1b_Yi_s[0]    ;
; fft16OPT:UUT|complex_mult_twiddle:UUT7|c1b_Yi_s[-3]   ; Merged with fft16OPT:UUT|complex_mult_twiddle:UUT7|c1b_Yi_s[0]    ;
; fft16OPT:UUT|complex_mult_twiddle:UUT7|c1b_Yi_s[-2]   ; Merged with fft16OPT:UUT|complex_mult_twiddle:UUT7|c1b_Yi_s[0]    ;
; fft16OPT:UUT|complex_mult_twiddle:UUT7|c1b_Yi_s[-1]   ; Merged with fft16OPT:UUT|complex_mult_twiddle:UUT7|c1b_Yi_s[0]    ;
; fft16OPT:UUT|complex_mult_twiddle:UUT7|c2b_Yi_s[-5]   ; Merged with fft16OPT:UUT|complex_mult_twiddle:UUT7|c2b_Yi_s[0]    ;
; fft16OPT:UUT|complex_mult_twiddle:UUT7|c2b_Yi_s[-4]   ; Merged with fft16OPT:UUT|complex_mult_twiddle:UUT7|c2b_Yi_s[0]    ;
; fft16OPT:UUT|complex_mult_twiddle:UUT7|c2b_Yi_s[-3]   ; Merged with fft16OPT:UUT|complex_mult_twiddle:UUT7|c2b_Yi_s[0]    ;
; fft16OPT:UUT|complex_mult_twiddle:UUT7|c2b_Yi_s[-2]   ; Merged with fft16OPT:UUT|complex_mult_twiddle:UUT7|c2b_Yi_s[0]    ;
; fft16OPT:UUT|complex_mult_twiddle:UUT7|c2b_Yi_s[-1]   ; Merged with fft16OPT:UUT|complex_mult_twiddle:UUT7|c2b_Yi_s[0]    ;
; fft16OPT:UUT|complex_mult_twiddle:UUT7|c3b_Yi_s[-3]   ; Merged with fft16OPT:UUT|complex_mult_twiddle:UUT7|c3b_Yi_s[0]    ;
; fft16OPT:UUT|complex_mult_twiddle:UUT7|c3b_Yi_s[-2]   ; Merged with fft16OPT:UUT|complex_mult_twiddle:UUT7|c3b_Yi_s[0]    ;
; fft16OPT:UUT|complex_mult_twiddle:UUT7|c3b_Yi_s[-1]   ; Merged with fft16OPT:UUT|complex_mult_twiddle:UUT7|c3b_Yi_s[0]    ;
; fft16OPT:UUT|complex_mult_twiddle:UUT6|Yr_sh8_s[-8]   ; Merged with fft16OPT:UUT|complex_mult_twiddle:UUT6|Yr_sh8_s[0]    ;
; fft16OPT:UUT|complex_mult_twiddle:UUT6|Yr_sh8_s[-7]   ; Merged with fft16OPT:UUT|complex_mult_twiddle:UUT6|Yr_sh8_s[0]    ;
; fft16OPT:UUT|complex_mult_twiddle:UUT6|Yr_sh8_s[-6]   ; Merged with fft16OPT:UUT|complex_mult_twiddle:UUT6|Yr_sh8_s[0]    ;
; fft16OPT:UUT|complex_mult_twiddle:UUT6|Yr_sh8_s[-5]   ; Merged with fft16OPT:UUT|complex_mult_twiddle:UUT6|Yr_sh8_s[0]    ;
; fft16OPT:UUT|complex_mult_twiddle:UUT6|Yr_sh8_s[-4]   ; Merged with fft16OPT:UUT|complex_mult_twiddle:UUT6|Yr_sh8_s[0]    ;
; fft16OPT:UUT|complex_mult_twiddle:UUT6|Yr_sh8_s[-3]   ; Merged with fft16OPT:UUT|complex_mult_twiddle:UUT6|Yr_sh8_s[0]    ;
; fft16OPT:UUT|complex_mult_twiddle:UUT6|Yr_sh8_s[-2]   ; Merged with fft16OPT:UUT|complex_mult_twiddle:UUT6|Yr_sh8_s[0]    ;
; fft16OPT:UUT|complex_mult_twiddle:UUT6|Yr_sh8_s[-1]   ; Merged with fft16OPT:UUT|complex_mult_twiddle:UUT6|Yr_sh8_s[0]    ;
; fft16OPT:UUT|complex_mult_twiddle:UUT6|c3b_Yr_s[-3]   ; Merged with fft16OPT:UUT|complex_mult_twiddle:UUT6|c3b_Yr_s[0]    ;
; fft16OPT:UUT|complex_mult_twiddle:UUT6|c3b_Yr_s[-2]   ; Merged with fft16OPT:UUT|complex_mult_twiddle:UUT6|c3b_Yr_s[0]    ;
; fft16OPT:UUT|complex_mult_twiddle:UUT6|c3b_Yr_s[-1]   ; Merged with fft16OPT:UUT|complex_mult_twiddle:UUT6|c3b_Yr_s[0]    ;
; fft16OPT:UUT|complex_mult_twiddle:UUT5|c1b_Yr_s[-6]   ; Merged with fft16OPT:UUT|complex_mult_twiddle:UUT5|c1b_Yr_s[0]    ;
; fft16OPT:UUT|complex_mult_twiddle:UUT5|c1b_Yr_s[-5]   ; Merged with fft16OPT:UUT|complex_mult_twiddle:UUT5|c1b_Yr_s[0]    ;
; fft16OPT:UUT|complex_mult_twiddle:UUT5|c1b_Yr_s[-4]   ; Merged with fft16OPT:UUT|complex_mult_twiddle:UUT5|c1b_Yr_s[0]    ;
; fft16OPT:UUT|complex_mult_twiddle:UUT5|c1b_Yr_s[-3]   ; Merged with fft16OPT:UUT|complex_mult_twiddle:UUT5|c1b_Yr_s[0]    ;
; fft16OPT:UUT|complex_mult_twiddle:UUT5|c1b_Yr_s[-2]   ; Merged with fft16OPT:UUT|complex_mult_twiddle:UUT5|c1b_Yr_s[0]    ;
; fft16OPT:UUT|complex_mult_twiddle:UUT5|c1b_Yr_s[-1]   ; Merged with fft16OPT:UUT|complex_mult_twiddle:UUT5|c1b_Yr_s[0]    ;
; fft16OPT:UUT|complex_mult_twiddle:UUT5|c2b_Yr_s[-5]   ; Merged with fft16OPT:UUT|complex_mult_twiddle:UUT5|c2b_Yr_s[0]    ;
; fft16OPT:UUT|complex_mult_twiddle:UUT5|c2b_Yr_s[-4]   ; Merged with fft16OPT:UUT|complex_mult_twiddle:UUT5|c2b_Yr_s[0]    ;
; fft16OPT:UUT|complex_mult_twiddle:UUT5|c2b_Yr_s[-3]   ; Merged with fft16OPT:UUT|complex_mult_twiddle:UUT5|c2b_Yr_s[0]    ;
; fft16OPT:UUT|complex_mult_twiddle:UUT5|c2b_Yr_s[-2]   ; Merged with fft16OPT:UUT|complex_mult_twiddle:UUT5|c2b_Yr_s[0]    ;
; fft16OPT:UUT|complex_mult_twiddle:UUT5|c2b_Yr_s[-1]   ; Merged with fft16OPT:UUT|complex_mult_twiddle:UUT5|c2b_Yr_s[0]    ;
; fft16OPT:UUT|complex_mult_twiddle:UUT5|c1b_Yi_s[-6]   ; Merged with fft16OPT:UUT|complex_mult_twiddle:UUT5|c1b_Yi_s[0]    ;
; fft16OPT:UUT|complex_mult_twiddle:UUT5|c1b_Yi_s[-5]   ; Merged with fft16OPT:UUT|complex_mult_twiddle:UUT5|c1b_Yi_s[0]    ;
; fft16OPT:UUT|complex_mult_twiddle:UUT5|c1b_Yi_s[-4]   ; Merged with fft16OPT:UUT|complex_mult_twiddle:UUT5|c1b_Yi_s[0]    ;
; fft16OPT:UUT|complex_mult_twiddle:UUT5|c1b_Yi_s[-3]   ; Merged with fft16OPT:UUT|complex_mult_twiddle:UUT5|c1b_Yi_s[0]    ;
; fft16OPT:UUT|complex_mult_twiddle:UUT5|c1b_Yi_s[-2]   ; Merged with fft16OPT:UUT|complex_mult_twiddle:UUT5|c1b_Yi_s[0]    ;
; fft16OPT:UUT|complex_mult_twiddle:UUT5|c1b_Yi_s[-1]   ; Merged with fft16OPT:UUT|complex_mult_twiddle:UUT5|c1b_Yi_s[0]    ;
; fft16OPT:UUT|complex_mult_twiddle:UUT5|c2b_Yi_s[-5]   ; Merged with fft16OPT:UUT|complex_mult_twiddle:UUT5|c2b_Yi_s[0]    ;
; fft16OPT:UUT|complex_mult_twiddle:UUT5|c2b_Yi_s[-4]   ; Merged with fft16OPT:UUT|complex_mult_twiddle:UUT5|c2b_Yi_s[0]    ;
; fft16OPT:UUT|complex_mult_twiddle:UUT5|c2b_Yi_s[-3]   ; Merged with fft16OPT:UUT|complex_mult_twiddle:UUT5|c2b_Yi_s[0]    ;
; fft16OPT:UUT|complex_mult_twiddle:UUT5|c2b_Yi_s[-2]   ; Merged with fft16OPT:UUT|complex_mult_twiddle:UUT5|c2b_Yi_s[0]    ;
; fft16OPT:UUT|complex_mult_twiddle:UUT5|c2b_Yi_s[-1]   ; Merged with fft16OPT:UUT|complex_mult_twiddle:UUT5|c2b_Yi_s[0]    ;
; fft16OPT:UUT|radix4:UUT4|y3i_r[0]                     ; Merged with fft16OPT:UUT|radix4:UUT4|y3i_r[-1]                    ;
; fft16OPT:UUT|radix4:UUT4|y1r_r[-11]                   ; Merged with fft16OPT:UUT|radix4:UUT4|y3r_r[-11]                   ;
; fft16OPT:UUT|radix4:UUT4|y1r_r[-10]                   ; Merged with fft16OPT:UUT|radix4:UUT4|y3r_r[-10]                   ;
; fft16OPT:UUT|radix4:UUT4|y1r_r[-9]                    ; Merged with fft16OPT:UUT|radix4:UUT4|y3r_r[-9]                    ;
; fft16OPT:UUT|radix4:UUT4|y1r_r[-8]                    ; Merged with fft16OPT:UUT|radix4:UUT4|y3r_r[-8]                    ;
; fft16OPT:UUT|radix4:UUT4|y1r_r[-7]                    ; Merged with fft16OPT:UUT|radix4:UUT4|y3r_r[-7]                    ;
; fft16OPT:UUT|radix4:UUT4|y1r_r[-6]                    ; Merged with fft16OPT:UUT|radix4:UUT4|y3r_r[-6]                    ;
; fft16OPT:UUT|radix4:UUT4|y1r_r[-5]                    ; Merged with fft16OPT:UUT|radix4:UUT4|y3r_r[-5]                    ;
; fft16OPT:UUT|radix4:UUT4|y1r_r[-4]                    ; Merged with fft16OPT:UUT|radix4:UUT4|y3r_r[-4]                    ;
; fft16OPT:UUT|radix4:UUT4|y1r_r[-3]                    ; Merged with fft16OPT:UUT|radix4:UUT4|y3r_r[-3]                    ;
; fft16OPT:UUT|radix4:UUT4|y1r_r[-2]                    ; Merged with fft16OPT:UUT|radix4:UUT4|y3r_r[-2]                    ;
; fft16OPT:UUT|radix4:UUT4|y1r_r[-1]                    ; Merged with fft16OPT:UUT|radix4:UUT4|y3r_r[-1]                    ;
; fft16OPT:UUT|radix4:UUT4|y1r_r[0]                     ; Merged with fft16OPT:UUT|radix4:UUT4|y3r_r[-1]                    ;
; fft16OPT:UUT|radix4:UUT4|y3r_r[0]                     ; Merged with fft16OPT:UUT|radix4:UUT4|y3r_r[-1]                    ;
; fft16OPT:UUT|radix4:UUT3|y3i_r[0]                     ; Merged with fft16OPT:UUT|radix4:UUT3|y3i_r[-1]                    ;
; fft16OPT:UUT|radix4:UUT3|y1r_r[-11]                   ; Merged with fft16OPT:UUT|radix4:UUT3|y3r_r[-11]                   ;
; fft16OPT:UUT|radix4:UUT3|y1r_r[-10]                   ; Merged with fft16OPT:UUT|radix4:UUT3|y3r_r[-10]                   ;
; fft16OPT:UUT|radix4:UUT3|y1r_r[-9]                    ; Merged with fft16OPT:UUT|radix4:UUT3|y3r_r[-9]                    ;
; fft16OPT:UUT|radix4:UUT3|y1r_r[-8]                    ; Merged with fft16OPT:UUT|radix4:UUT3|y3r_r[-8]                    ;
; fft16OPT:UUT|radix4:UUT3|y1r_r[-7]                    ; Merged with fft16OPT:UUT|radix4:UUT3|y3r_r[-7]                    ;
; fft16OPT:UUT|radix4:UUT3|y1r_r[-6]                    ; Merged with fft16OPT:UUT|radix4:UUT3|y3r_r[-6]                    ;
; fft16OPT:UUT|radix4:UUT3|y1r_r[-5]                    ; Merged with fft16OPT:UUT|radix4:UUT3|y3r_r[-5]                    ;
; fft16OPT:UUT|radix4:UUT3|y1r_r[-4]                    ; Merged with fft16OPT:UUT|radix4:UUT3|y3r_r[-4]                    ;
; fft16OPT:UUT|radix4:UUT3|y1r_r[-3]                    ; Merged with fft16OPT:UUT|radix4:UUT3|y3r_r[-3]                    ;
; fft16OPT:UUT|radix4:UUT3|y1r_r[-2]                    ; Merged with fft16OPT:UUT|radix4:UUT3|y3r_r[-2]                    ;
; fft16OPT:UUT|radix4:UUT3|y1r_r[-1]                    ; Merged with fft16OPT:UUT|radix4:UUT3|y3r_r[-1]                    ;
; fft16OPT:UUT|radix4:UUT3|y1r_r[0]                     ; Merged with fft16OPT:UUT|radix4:UUT3|y3r_r[-1]                    ;
; fft16OPT:UUT|radix4:UUT3|y3r_r[0]                     ; Merged with fft16OPT:UUT|radix4:UUT3|y3r_r[-1]                    ;
; fft16OPT:UUT|radix4:UUT2|y3i_r[0]                     ; Merged with fft16OPT:UUT|radix4:UUT2|y3i_r[-1]                    ;
; fft16OPT:UUT|radix4:UUT2|y1r_r[-11]                   ; Merged with fft16OPT:UUT|radix4:UUT2|y3r_r[-11]                   ;
; fft16OPT:UUT|radix4:UUT2|y1r_r[-10]                   ; Merged with fft16OPT:UUT|radix4:UUT2|y3r_r[-10]                   ;
; fft16OPT:UUT|radix4:UUT2|y1r_r[-9]                    ; Merged with fft16OPT:UUT|radix4:UUT2|y3r_r[-9]                    ;
; fft16OPT:UUT|radix4:UUT2|y1r_r[-8]                    ; Merged with fft16OPT:UUT|radix4:UUT2|y3r_r[-8]                    ;
; fft16OPT:UUT|radix4:UUT2|y1r_r[-7]                    ; Merged with fft16OPT:UUT|radix4:UUT2|y3r_r[-7]                    ;
; fft16OPT:UUT|radix4:UUT2|y1r_r[-6]                    ; Merged with fft16OPT:UUT|radix4:UUT2|y3r_r[-6]                    ;
; fft16OPT:UUT|radix4:UUT2|y1r_r[-5]                    ; Merged with fft16OPT:UUT|radix4:UUT2|y3r_r[-5]                    ;
; fft16OPT:UUT|radix4:UUT2|y1r_r[-4]                    ; Merged with fft16OPT:UUT|radix4:UUT2|y3r_r[-4]                    ;
; fft16OPT:UUT|radix4:UUT2|y1r_r[-3]                    ; Merged with fft16OPT:UUT|radix4:UUT2|y3r_r[-3]                    ;
; fft16OPT:UUT|radix4:UUT2|y1r_r[-2]                    ; Merged with fft16OPT:UUT|radix4:UUT2|y3r_r[-2]                    ;
; fft16OPT:UUT|radix4:UUT2|y1r_r[-1]                    ; Merged with fft16OPT:UUT|radix4:UUT2|y3r_r[-1]                    ;
; fft16OPT:UUT|radix4:UUT2|y1r_r[0]                     ; Merged with fft16OPT:UUT|radix4:UUT2|y3r_r[-1]                    ;
; fft16OPT:UUT|radix4:UUT2|y3r_r[0]                     ; Merged with fft16OPT:UUT|radix4:UUT2|y3r_r[-1]                    ;
; fft16OPT:UUT|radix4:UUT1|y3i_r[0]                     ; Merged with fft16OPT:UUT|radix4:UUT1|y3i_r[-1]                    ;
; fft16OPT:UUT|radix4:UUT1|y1r_r[-11]                   ; Merged with fft16OPT:UUT|radix4:UUT1|y3r_r[-11]                   ;
; fft16OPT:UUT|radix4:UUT1|y1r_r[-10]                   ; Merged with fft16OPT:UUT|radix4:UUT1|y3r_r[-10]                   ;
; fft16OPT:UUT|radix4:UUT1|y1r_r[-9]                    ; Merged with fft16OPT:UUT|radix4:UUT1|y3r_r[-9]                    ;
; fft16OPT:UUT|radix4:UUT1|y1r_r[-8]                    ; Merged with fft16OPT:UUT|radix4:UUT1|y3r_r[-8]                    ;
; fft16OPT:UUT|radix4:UUT1|y1r_r[-7]                    ; Merged with fft16OPT:UUT|radix4:UUT1|y3r_r[-7]                    ;
; fft16OPT:UUT|radix4:UUT1|y1r_r[-6]                    ; Merged with fft16OPT:UUT|radix4:UUT1|y3r_r[-6]                    ;
; fft16OPT:UUT|radix4:UUT1|y1r_r[-5]                    ; Merged with fft16OPT:UUT|radix4:UUT1|y3r_r[-5]                    ;
; fft16OPT:UUT|radix4:UUT1|y1r_r[-4]                    ; Merged with fft16OPT:UUT|radix4:UUT1|y3r_r[-4]                    ;
; fft16OPT:UUT|radix4:UUT1|y1r_r[-3]                    ; Merged with fft16OPT:UUT|radix4:UUT1|y3r_r[-3]                    ;
; fft16OPT:UUT|radix4:UUT1|y1r_r[-2]                    ; Merged with fft16OPT:UUT|radix4:UUT1|y3r_r[-2]                    ;
; fft16OPT:UUT|radix4:UUT1|y1r_r[-1]                    ; Merged with fft16OPT:UUT|radix4:UUT1|y3r_r[-1]                    ;
; fft16OPT:UUT|radix4:UUT1|y1r_r[0]                     ; Merged with fft16OPT:UUT|radix4:UUT1|y3r_r[-1]                    ;
; fft16OPT:UUT|radix4:UUT1|y3r_r[0]                     ; Merged with fft16OPT:UUT|radix4:UUT1|y3r_r[-1]                    ;
; fft16OPT:UUT|y12i_d[0][0]                             ; Merged with fft16OPT:UUT|y12i_d[0][-1]                            ;
; fft16OPT:UUT|y4r_d[0][-11]                            ; Merged with fft16OPT:UUT|y12r_d[0][-11]                           ;
; fft16OPT:UUT|y4r_d[0][-10]                            ; Merged with fft16OPT:UUT|y12r_d[0][-10]                           ;
; fft16OPT:UUT|y4r_d[0][-9]                             ; Merged with fft16OPT:UUT|y12r_d[0][-9]                            ;
; fft16OPT:UUT|y4r_d[0][-8]                             ; Merged with fft16OPT:UUT|y12r_d[0][-8]                            ;
; fft16OPT:UUT|y4r_d[0][-7]                             ; Merged with fft16OPT:UUT|y12r_d[0][-7]                            ;
; fft16OPT:UUT|y4r_d[0][-6]                             ; Merged with fft16OPT:UUT|y12r_d[0][-6]                            ;
; fft16OPT:UUT|y4r_d[0][-5]                             ; Merged with fft16OPT:UUT|y12r_d[0][-5]                            ;
; fft16OPT:UUT|y4r_d[0][-4]                             ; Merged with fft16OPT:UUT|y12r_d[0][-4]                            ;
; fft16OPT:UUT|y4r_d[0][-3]                             ; Merged with fft16OPT:UUT|y12r_d[0][-3]                            ;
; fft16OPT:UUT|y4r_d[0][-2]                             ; Merged with fft16OPT:UUT|y12r_d[0][-2]                            ;
; fft16OPT:UUT|y4r_d[0][-1]                             ; Merged with fft16OPT:UUT|y12r_d[0][-1]                            ;
; fft16OPT:UUT|y4r_d[0][0]                              ; Merged with fft16OPT:UUT|y12r_d[0][-1]                            ;
; fft16OPT:UUT|y12r_d[0][0]                             ; Merged with fft16OPT:UUT|y12r_d[0][-1]                            ;
; fft16OPT:UUT|y12r_d[1][-11]                           ; Merged with fft16OPT:UUT|y4r_d[1][-11]                            ;
; fft16OPT:UUT|y12r_d[1][-10]                           ; Merged with fft16OPT:UUT|y4r_d[1][-10]                            ;
; fft16OPT:UUT|y12r_d[1][-9]                            ; Merged with fft16OPT:UUT|y4r_d[1][-9]                             ;
; fft16OPT:UUT|y12r_d[1][-8]                            ; Merged with fft16OPT:UUT|y4r_d[1][-8]                             ;
; fft16OPT:UUT|y12r_d[1][-7]                            ; Merged with fft16OPT:UUT|y4r_d[1][-7]                             ;
; fft16OPT:UUT|y12r_d[1][-6]                            ; Merged with fft16OPT:UUT|y4r_d[1][-6]                             ;
; fft16OPT:UUT|y12r_d[1][-5]                            ; Merged with fft16OPT:UUT|y4r_d[1][-5]                             ;
; fft16OPT:UUT|y12r_d[1][-4]                            ; Merged with fft16OPT:UUT|y4r_d[1][-4]                             ;
; fft16OPT:UUT|y12r_d[1][-3]                            ; Merged with fft16OPT:UUT|y4r_d[1][-3]                             ;
; fft16OPT:UUT|y12r_d[1][-2]                            ; Merged with fft16OPT:UUT|y4r_d[1][-2]                             ;
; fft16OPT:UUT|y12r_d[1][-1]                            ; Merged with fft16OPT:UUT|y4r_d[1][-1]                             ;
; fft16OPT:UUT|y4r_d[1][0]                              ; Merged with fft16OPT:UUT|y4r_d[1][-1]                             ;
; fft16OPT:UUT|y12r_d[1][0]                             ; Merged with fft16OPT:UUT|y4r_d[1][-1]                             ;
; fft16OPT:UUT|complex_mult_twiddle:UUT11|Yr_sh8_s[-9]  ; Merged with fft16OPT:UUT|complex_mult_twiddle:UUT11|Yr_sh8_s[0]   ;
; fft16OPT:UUT|complex_mult_twiddle:UUT10|Yr_s1a[-1]    ; Merged with fft16OPT:UUT|complex_mult_twiddle:UUT10|Yr_s1a[0]     ;
; fft16OPT:UUT|complex_mult_twiddle:UUT8|Yr_sh8_s[-9]   ; Merged with fft16OPT:UUT|complex_mult_twiddle:UUT10|Yr_s1a[0]     ;
; fft16OPT:UUT|complex_mult_twiddle:UUT8|Yr_sh8_s[0]    ; Merged with fft16OPT:UUT|complex_mult_twiddle:UUT10|Yr_s1a[0]     ;
; fft16OPT:UUT|complex_mult_twiddle:UUT8|Yr_sh8_s[-10]  ; Merged with fft16OPT:UUT|complex_mult_twiddle:UUT10|Yr_s1a[-2]    ;
; fft16OPT:UUT|complex_mult_twiddle:UUT8|Yr_sh8_s[-11]  ; Merged with fft16OPT:UUT|complex_mult_twiddle:UUT10|Yr_s1a[-3]    ;
; fft16OPT:UUT|complex_mult_twiddle:UUT10|Yi_s1a[-1]    ; Merged with fft16OPT:UUT|complex_mult_twiddle:UUT10|Yi_s1a[0]     ;
; fft16OPT:UUT|complex_mult_twiddle:UUT10|Yr_s1b[-1]    ; Merged with fft16OPT:UUT|complex_mult_twiddle:UUT10|Yr_s1b[0]     ;
; fft16OPT:UUT|complex_mult_twiddle:UUT10|Yi_s1b[-1]    ; Merged with fft16OPT:UUT|complex_mult_twiddle:UUT10|Yi_s1b[0]     ;
; fft16OPT:UUT|complex_mult_twiddle:UUT10|Yr_s2[-1]     ; Merged with fft16OPT:UUT|complex_mult_twiddle:UUT10|Yr_s2[0]      ;
; fft16OPT:UUT|complex_mult_twiddle:UUT10|Yi_s2[-1]     ; Merged with fft16OPT:UUT|complex_mult_twiddle:UUT10|Yi_s2[0]      ;
; fft16OPT:UUT|complex_mult_twiddle:UUT7|Yr_sh8_s[-9]   ; Merged with fft16OPT:UUT|complex_mult_twiddle:UUT7|Yr_sh8_s[0]    ;
; fft16OPT:UUT|complex_mult_twiddle:UUT7|Yi_sh8_s[-9]   ; Merged with fft16OPT:UUT|complex_mult_twiddle:UUT7|Yi_sh8_s[0]    ;
; fft16OPT:UUT|y12i_d[1][0]                             ; Merged with fft16OPT:UUT|y12i_d[1][-1]                            ;
; fft16OPT:UUT|y4r_d[2][-11]                            ; Merged with fft16OPT:UUT|y12r_d[2][-11]                           ;
; fft16OPT:UUT|y4r_d[2][-10]                            ; Merged with fft16OPT:UUT|y12r_d[2][-10]                           ;
; fft16OPT:UUT|y4r_d[2][-9]                             ; Merged with fft16OPT:UUT|y12r_d[2][-9]                            ;
; fft16OPT:UUT|y4r_d[2][-8]                             ; Merged with fft16OPT:UUT|y12r_d[2][-8]                            ;
; fft16OPT:UUT|y4r_d[2][-7]                             ; Merged with fft16OPT:UUT|y12r_d[2][-7]                            ;
; fft16OPT:UUT|y4r_d[2][-6]                             ; Merged with fft16OPT:UUT|y12r_d[2][-6]                            ;
; fft16OPT:UUT|y4r_d[2][-5]                             ; Merged with fft16OPT:UUT|y12r_d[2][-5]                            ;
; fft16OPT:UUT|y4r_d[2][-4]                             ; Merged with fft16OPT:UUT|y12r_d[2][-4]                            ;
; fft16OPT:UUT|y4r_d[2][-3]                             ; Merged with fft16OPT:UUT|y12r_d[2][-3]                            ;
; fft16OPT:UUT|y4r_d[2][-2]                             ; Merged with fft16OPT:UUT|y12r_d[2][-2]                            ;
; fft16OPT:UUT|y4r_d[2][-1]                             ; Merged with fft16OPT:UUT|y12r_d[2][-1]                            ;
; fft16OPT:UUT|y4r_d[2][0]                              ; Merged with fft16OPT:UUT|y12r_d[2][-1]                            ;
; fft16OPT:UUT|y12r_d[2][0]                             ; Merged with fft16OPT:UUT|y12r_d[2][-1]                            ;
; fft16OPT:UUT|y12r_d[3][-11]                           ; Merged with fft16OPT:UUT|y4r_d[3][-11]                            ;
; fft16OPT:UUT|y12r_d[3][-10]                           ; Merged with fft16OPT:UUT|y4r_d[3][-10]                            ;
; fft16OPT:UUT|y12r_d[3][-9]                            ; Merged with fft16OPT:UUT|y4r_d[3][-9]                             ;
; fft16OPT:UUT|y12r_d[3][-8]                            ; Merged with fft16OPT:UUT|y4r_d[3][-8]                             ;
; fft16OPT:UUT|y12r_d[3][-7]                            ; Merged with fft16OPT:UUT|y4r_d[3][-7]                             ;
; fft16OPT:UUT|y12r_d[3][-6]                            ; Merged with fft16OPT:UUT|y4r_d[3][-6]                             ;
; fft16OPT:UUT|y12r_d[3][-5]                            ; Merged with fft16OPT:UUT|y4r_d[3][-5]                             ;
; fft16OPT:UUT|y12r_d[3][-4]                            ; Merged with fft16OPT:UUT|y4r_d[3][-4]                             ;
; fft16OPT:UUT|y12r_d[3][-3]                            ; Merged with fft16OPT:UUT|y4r_d[3][-3]                             ;
; fft16OPT:UUT|y12r_d[3][-2]                            ; Merged with fft16OPT:UUT|y4r_d[3][-2]                             ;
; fft16OPT:UUT|y12r_d[3][-1]                            ; Merged with fft16OPT:UUT|y4r_d[3][-1]                             ;
; fft16OPT:UUT|y4r_d[3][0]                              ; Merged with fft16OPT:UUT|y4r_d[3][-1]                             ;
; fft16OPT:UUT|y12r_d[3][0]                             ; Merged with fft16OPT:UUT|y4r_d[3][-1]                             ;
; fft16OPT:UUT|y12i_d[2][0]                             ; Merged with fft16OPT:UUT|y12i_d[2][-1]                            ;
; fft16OPT:UUT|y12i_d[3][0]                             ; Merged with fft16OPT:UUT|y12i_d[3][-1]                            ;
; fft16OPT:UUT|calc_pot:\gen_pot:8:calc_Z|i2_s[-22]     ; Merged with fft16OPT:UUT|calc_pot:\gen_pot:0:calc_Z|i2_s[-22]     ;
; fft16OPT:UUT|calc_pot:\gen_pot:8:calc_Z|i2_s[-21]     ; Merged with fft16OPT:UUT|calc_pot:\gen_pot:0:calc_Z|i2_s[-21]     ;
; fft16OPT:UUT|calc_pot:\gen_pot:8:calc_Z|i2_s[-20]     ; Merged with fft16OPT:UUT|calc_pot:\gen_pot:0:calc_Z|i2_s[-20]     ;
; fft16OPT:UUT|calc_pot:\gen_pot:8:calc_Z|i2_s[-19]     ; Merged with fft16OPT:UUT|calc_pot:\gen_pot:0:calc_Z|i2_s[-19]     ;
; fft16OPT:UUT|calc_pot:\gen_pot:8:calc_Z|i2_s[-18]     ; Merged with fft16OPT:UUT|calc_pot:\gen_pot:0:calc_Z|i2_s[-18]     ;
; fft16OPT:UUT|calc_pot:\gen_pot:8:calc_Z|i2_s[-17]     ; Merged with fft16OPT:UUT|calc_pot:\gen_pot:0:calc_Z|i2_s[-17]     ;
; fft16OPT:UUT|calc_pot:\gen_pot:8:calc_Z|i2_s[-16]     ; Merged with fft16OPT:UUT|calc_pot:\gen_pot:0:calc_Z|i2_s[-16]     ;
; fft16OPT:UUT|calc_pot:\gen_pot:8:calc_Z|i2_s[-15]     ; Merged with fft16OPT:UUT|calc_pot:\gen_pot:0:calc_Z|i2_s[-15]     ;
; fft16OPT:UUT|calc_pot:\gen_pot:8:calc_Z|i2_s[-14]     ; Merged with fft16OPT:UUT|calc_pot:\gen_pot:0:calc_Z|i2_s[-14]     ;
; fft16OPT:UUT|calc_pot:\gen_pot:8:calc_Z|i2_s[-13]     ; Merged with fft16OPT:UUT|calc_pot:\gen_pot:0:calc_Z|i2_s[-13]     ;
; fft16OPT:UUT|calc_pot:\gen_pot:8:calc_Z|i2_s[-12]     ; Merged with fft16OPT:UUT|calc_pot:\gen_pot:0:calc_Z|i2_s[-12]     ;
; fft16OPT:UUT|calc_pot:\gen_pot:8:calc_Z|i2_s[-11]     ; Merged with fft16OPT:UUT|calc_pot:\gen_pot:0:calc_Z|i2_s[-11]     ;
; fft16OPT:UUT|calc_pot:\gen_pot:8:calc_Z|i2_s[-10]     ; Merged with fft16OPT:UUT|calc_pot:\gen_pot:0:calc_Z|i2_s[-10]     ;
; fft16OPT:UUT|calc_pot:\gen_pot:8:calc_Z|i2_s[-9]      ; Merged with fft16OPT:UUT|calc_pot:\gen_pot:0:calc_Z|i2_s[-9]      ;
; fft16OPT:UUT|calc_pot:\gen_pot:8:calc_Z|i2_s[-8]      ; Merged with fft16OPT:UUT|calc_pot:\gen_pot:0:calc_Z|i2_s[-8]      ;
; fft16OPT:UUT|calc_pot:\gen_pot:8:calc_Z|i2_s[-7]      ; Merged with fft16OPT:UUT|calc_pot:\gen_pot:0:calc_Z|i2_s[-7]      ;
; fft16OPT:UUT|calc_pot:\gen_pot:8:calc_Z|i2_s[-6]      ; Merged with fft16OPT:UUT|calc_pot:\gen_pot:0:calc_Z|i2_s[-6]      ;
; fft16OPT:UUT|calc_pot:\gen_pot:8:calc_Z|i2_s[-5]      ; Merged with fft16OPT:UUT|calc_pot:\gen_pot:0:calc_Z|i2_s[-5]      ;
; fft16OPT:UUT|calc_pot:\gen_pot:8:calc_Z|i2_s[-4]      ; Merged with fft16OPT:UUT|calc_pot:\gen_pot:0:calc_Z|i2_s[-4]      ;
; fft16OPT:UUT|calc_pot:\gen_pot:8:calc_Z|i2_s[-3]      ; Merged with fft16OPT:UUT|calc_pot:\gen_pot:0:calc_Z|i2_s[-3]      ;
; fft16OPT:UUT|calc_pot:\gen_pot:8:calc_Z|i2_s[-2]      ; Merged with fft16OPT:UUT|calc_pot:\gen_pot:0:calc_Z|i2_s[-2]      ;
; fft16OPT:UUT|calc_pot:\gen_pot:8:calc_Z|i2_s[-1]      ; Merged with fft16OPT:UUT|calc_pot:\gen_pot:0:calc_Z|i2_s[-1]      ;
; fft16OPT:UUT|calc_pot:\gen_pot:8:calc_Z|i2_s[0]       ; Merged with fft16OPT:UUT|calc_pot:\gen_pot:0:calc_Z|i2_s[0]       ;
; fft16OPT:UUT|complex_mult_twiddle:UUT9|Er_s3[-11]     ; Merged with fft16OPT:UUT|complex_mult_twiddle:UUT9|Er_s3[-10]     ;
; fft16OPT:UUT|complex_mult_twiddle:UUT9|Er_s3[-1]      ; Merged with fft16OPT:UUT|complex_mult_twiddle:UUT9|Er_s3[-10]     ;
; fft16OPT:UUT|complex_mult_twiddle:UUT9|Er_s3[-2]      ; Merged with fft16OPT:UUT|complex_mult_twiddle:UUT9|Er_s3[-10]     ;
; fft16OPT:UUT|complex_mult_twiddle:UUT9|Er_s3[-3]      ; Merged with fft16OPT:UUT|complex_mult_twiddle:UUT9|Er_s3[-10]     ;
; fft16OPT:UUT|complex_mult_twiddle:UUT9|Er_s3[-4]      ; Merged with fft16OPT:UUT|complex_mult_twiddle:UUT9|Er_s3[-10]     ;
; fft16OPT:UUT|complex_mult_twiddle:UUT9|Er_s3[-5]      ; Merged with fft16OPT:UUT|complex_mult_twiddle:UUT9|Er_s3[-10]     ;
; fft16OPT:UUT|complex_mult_twiddle:UUT9|Er_s3[-6]      ; Merged with fft16OPT:UUT|complex_mult_twiddle:UUT9|Er_s3[-10]     ;
; fft16OPT:UUT|complex_mult_twiddle:UUT9|Er_s3[-7]      ; Merged with fft16OPT:UUT|complex_mult_twiddle:UUT9|Er_s3[-10]     ;
; fft16OPT:UUT|complex_mult_twiddle:UUT9|Er_s3[-8]      ; Merged with fft16OPT:UUT|complex_mult_twiddle:UUT9|Er_s3[-10]     ;
; fft16OPT:UUT|complex_mult_twiddle:UUT9|Er_s3[-9]      ; Merged with fft16OPT:UUT|complex_mult_twiddle:UUT9|Er_s3[-10]     ;
; fft16OPT:UUT|complex_mult_twiddle:UUT9|Er_s3[0]       ; Merged with fft16OPT:UUT|complex_mult_twiddle:UUT9|Er_s3[-10]     ;
; fft16OPT:UUT|complex_mult_twiddle:UUT8|c3Yr_s[-11]    ; Merged with fft16OPT:UUT|complex_mult_twiddle:UUT10|c3Yr_s[-11]   ;
; fft16OPT:UUT|complex_mult_twiddle:UUT8|c3Yr_s[-10]    ; Merged with fft16OPT:UUT|complex_mult_twiddle:UUT10|c3Yr_s[-10]   ;
; fft16OPT:UUT|complex_mult_twiddle:UUT8|c3Yr_s[-9]     ; Merged with fft16OPT:UUT|complex_mult_twiddle:UUT10|c3Yr_s[-9]    ;
; fft16OPT:UUT|complex_mult_twiddle:UUT8|c3Yr_s[-8]     ; Merged with fft16OPT:UUT|complex_mult_twiddle:UUT10|c3Yr_s[-8]    ;
; fft16OPT:UUT|complex_mult_twiddle:UUT8|c3Yr_s[-7]     ; Merged with fft16OPT:UUT|complex_mult_twiddle:UUT10|c3Yr_s[-7]    ;
; fft16OPT:UUT|complex_mult_twiddle:UUT8|c3Yr_s[-6]     ; Merged with fft16OPT:UUT|complex_mult_twiddle:UUT10|c3Yr_s[-6]    ;
; fft16OPT:UUT|complex_mult_twiddle:UUT8|c3Yr_s[-5]     ; Merged with fft16OPT:UUT|complex_mult_twiddle:UUT10|c3Yr_s[-5]    ;
; fft16OPT:UUT|complex_mult_twiddle:UUT8|c3Yr_s[-4]     ; Merged with fft16OPT:UUT|complex_mult_twiddle:UUT10|c3Yr_s[-4]    ;
; fft16OPT:UUT|complex_mult_twiddle:UUT8|c3Yr_s[-3]     ; Merged with fft16OPT:UUT|complex_mult_twiddle:UUT10|c3Yr_s[-3]    ;
; fft16OPT:UUT|complex_mult_twiddle:UUT8|c3Yr_s[-2]     ; Merged with fft16OPT:UUT|complex_mult_twiddle:UUT10|c3Yr_s[-2]    ;
; fft16OPT:UUT|complex_mult_twiddle:UUT8|c3Yr_s[-1]     ; Merged with fft16OPT:UUT|complex_mult_twiddle:UUT10|c3Yr_s[-1]    ;
; fft16OPT:UUT|complex_mult_twiddle:UUT8|c3Yr_s[0]      ; Merged with fft16OPT:UUT|complex_mult_twiddle:UUT10|c3Yr_s[0]     ;
; fft16OPT:UUT|complex_mult_twiddle:UUT7|c2Yr_s[-11]    ; Merged with fft16OPT:UUT|complex_mult_twiddle:UUT5|c2Yr_s[-11]    ;
; fft16OPT:UUT|complex_mult_twiddle:UUT7|c2Yr_s[-10]    ; Merged with fft16OPT:UUT|complex_mult_twiddle:UUT5|c2Yr_s[-10]    ;
; fft16OPT:UUT|complex_mult_twiddle:UUT7|c2Yr_s[-9]     ; Merged with fft16OPT:UUT|complex_mult_twiddle:UUT5|c2Yr_s[-9]     ;
; fft16OPT:UUT|complex_mult_twiddle:UUT7|c2Yr_s[-8]     ; Merged with fft16OPT:UUT|complex_mult_twiddle:UUT5|c2Yr_s[-8]     ;
; fft16OPT:UUT|complex_mult_twiddle:UUT7|c2Yr_s[-7]     ; Merged with fft16OPT:UUT|complex_mult_twiddle:UUT5|c2Yr_s[-7]     ;
; fft16OPT:UUT|complex_mult_twiddle:UUT7|c2Yr_s[-6]     ; Merged with fft16OPT:UUT|complex_mult_twiddle:UUT5|c2Yr_s[-6]     ;
; fft16OPT:UUT|complex_mult_twiddle:UUT7|c2Yr_s[-5]     ; Merged with fft16OPT:UUT|complex_mult_twiddle:UUT5|c2Yr_s[-5]     ;
; fft16OPT:UUT|complex_mult_twiddle:UUT7|c2Yr_s[-4]     ; Merged with fft16OPT:UUT|complex_mult_twiddle:UUT5|c2Yr_s[-4]     ;
; fft16OPT:UUT|complex_mult_twiddle:UUT7|c2Yr_s[-3]     ; Merged with fft16OPT:UUT|complex_mult_twiddle:UUT5|c2Yr_s[-3]     ;
; fft16OPT:UUT|complex_mult_twiddle:UUT7|c2Yr_s[-2]     ; Merged with fft16OPT:UUT|complex_mult_twiddle:UUT5|c2Yr_s[-2]     ;
; fft16OPT:UUT|complex_mult_twiddle:UUT7|c2Yr_s[-1]     ; Merged with fft16OPT:UUT|complex_mult_twiddle:UUT5|c2Yr_s[-1]     ;
; fft16OPT:UUT|complex_mult_twiddle:UUT7|c2Yr_s[0]      ; Merged with fft16OPT:UUT|complex_mult_twiddle:UUT5|c2Yr_s[0]      ;
; fft16OPT:UUT|complex_mult_twiddle:UUT7|c1Yr_s[-11]    ; Merged with fft16OPT:UUT|complex_mult_twiddle:UUT5|c1Yr_s[-11]    ;
; fft16OPT:UUT|complex_mult_twiddle:UUT7|c1Yr_s[-10]    ; Merged with fft16OPT:UUT|complex_mult_twiddle:UUT5|c1Yr_s[-10]    ;
; fft16OPT:UUT|complex_mult_twiddle:UUT7|c1Yr_s[-9]     ; Merged with fft16OPT:UUT|complex_mult_twiddle:UUT5|c1Yr_s[-9]     ;
; fft16OPT:UUT|complex_mult_twiddle:UUT7|c1Yr_s[-8]     ; Merged with fft16OPT:UUT|complex_mult_twiddle:UUT5|c1Yr_s[-8]     ;
; fft16OPT:UUT|complex_mult_twiddle:UUT7|c1Yr_s[-7]     ; Merged with fft16OPT:UUT|complex_mult_twiddle:UUT5|c1Yr_s[-7]     ;
; fft16OPT:UUT|complex_mult_twiddle:UUT7|c1Yr_s[-6]     ; Merged with fft16OPT:UUT|complex_mult_twiddle:UUT5|c1Yr_s[-6]     ;
; fft16OPT:UUT|complex_mult_twiddle:UUT7|c1Yr_s[-5]     ; Merged with fft16OPT:UUT|complex_mult_twiddle:UUT5|c1Yr_s[-5]     ;
; fft16OPT:UUT|complex_mult_twiddle:UUT7|c1Yr_s[-4]     ; Merged with fft16OPT:UUT|complex_mult_twiddle:UUT5|c1Yr_s[-4]     ;
; fft16OPT:UUT|complex_mult_twiddle:UUT7|c1Yr_s[-3]     ; Merged with fft16OPT:UUT|complex_mult_twiddle:UUT5|c1Yr_s[-3]     ;
; fft16OPT:UUT|complex_mult_twiddle:UUT7|c1Yr_s[-2]     ; Merged with fft16OPT:UUT|complex_mult_twiddle:UUT5|c1Yr_s[-2]     ;
; fft16OPT:UUT|complex_mult_twiddle:UUT7|c1Yr_s[-1]     ; Merged with fft16OPT:UUT|complex_mult_twiddle:UUT5|c1Yr_s[-1]     ;
; fft16OPT:UUT|complex_mult_twiddle:UUT7|c1Yr_s[0]      ; Merged with fft16OPT:UUT|complex_mult_twiddle:UUT5|c1Yr_s[0]      ;
; fft16OPT:UUT|complex_mult_twiddle:UUT13|c1Yr_s[-11]   ; Merged with fft16OPT:UUT|complex_mult_twiddle:UUT11|c1Yr_s[-11]   ;
; fft16OPT:UUT|complex_mult_twiddle:UUT13|c1Yr_s[-10]   ; Merged with fft16OPT:UUT|complex_mult_twiddle:UUT11|c1Yr_s[-10]   ;
; fft16OPT:UUT|complex_mult_twiddle:UUT13|c1Yr_s[-9]    ; Merged with fft16OPT:UUT|complex_mult_twiddle:UUT11|c1Yr_s[-9]    ;
; fft16OPT:UUT|complex_mult_twiddle:UUT13|c1Yr_s[-8]    ; Merged with fft16OPT:UUT|complex_mult_twiddle:UUT11|c1Yr_s[-8]    ;
; fft16OPT:UUT|complex_mult_twiddle:UUT13|c1Yr_s[-7]    ; Merged with fft16OPT:UUT|complex_mult_twiddle:UUT11|c1Yr_s[-7]    ;
; fft16OPT:UUT|complex_mult_twiddle:UUT13|c1Yr_s[-6]    ; Merged with fft16OPT:UUT|complex_mult_twiddle:UUT11|c1Yr_s[-6]    ;
; fft16OPT:UUT|complex_mult_twiddle:UUT13|c1Yr_s[-5]    ; Merged with fft16OPT:UUT|complex_mult_twiddle:UUT11|c1Yr_s[-5]    ;
; fft16OPT:UUT|complex_mult_twiddle:UUT13|c1Yr_s[-4]    ; Merged with fft16OPT:UUT|complex_mult_twiddle:UUT11|c1Yr_s[-4]    ;
; fft16OPT:UUT|complex_mult_twiddle:UUT13|c1Yr_s[-3]    ; Merged with fft16OPT:UUT|complex_mult_twiddle:UUT11|c1Yr_s[-3]    ;
; fft16OPT:UUT|complex_mult_twiddle:UUT13|c1Yr_s[-2]    ; Merged with fft16OPT:UUT|complex_mult_twiddle:UUT11|c1Yr_s[-2]    ;
; fft16OPT:UUT|complex_mult_twiddle:UUT13|c1Yr_s[-1]    ; Merged with fft16OPT:UUT|complex_mult_twiddle:UUT11|c1Yr_s[-1]    ;
; fft16OPT:UUT|complex_mult_twiddle:UUT13|c1Yr_s[0]     ; Merged with fft16OPT:UUT|complex_mult_twiddle:UUT11|c1Yr_s[0]     ;
; fft16OPT:UUT|complex_mult_twiddle:UUT13|c2Yr_s[-11]   ; Merged with fft16OPT:UUT|complex_mult_twiddle:UUT11|c2Yr_s[-11]   ;
; fft16OPT:UUT|complex_mult_twiddle:UUT13|c2Yr_s[-10]   ; Merged with fft16OPT:UUT|complex_mult_twiddle:UUT11|c2Yr_s[-10]   ;
; fft16OPT:UUT|complex_mult_twiddle:UUT13|c2Yr_s[-9]    ; Merged with fft16OPT:UUT|complex_mult_twiddle:UUT11|c2Yr_s[-9]    ;
; fft16OPT:UUT|complex_mult_twiddle:UUT13|c2Yr_s[-8]    ; Merged with fft16OPT:UUT|complex_mult_twiddle:UUT11|c2Yr_s[-8]    ;
; fft16OPT:UUT|complex_mult_twiddle:UUT13|c2Yr_s[-7]    ; Merged with fft16OPT:UUT|complex_mult_twiddle:UUT11|c2Yr_s[-7]    ;
; fft16OPT:UUT|complex_mult_twiddle:UUT13|c2Yr_s[-6]    ; Merged with fft16OPT:UUT|complex_mult_twiddle:UUT11|c2Yr_s[-6]    ;
; fft16OPT:UUT|complex_mult_twiddle:UUT13|c2Yr_s[-5]    ; Merged with fft16OPT:UUT|complex_mult_twiddle:UUT11|c2Yr_s[-5]    ;
; fft16OPT:UUT|complex_mult_twiddle:UUT13|c2Yr_s[-4]    ; Merged with fft16OPT:UUT|complex_mult_twiddle:UUT11|c2Yr_s[-4]    ;
; fft16OPT:UUT|complex_mult_twiddle:UUT13|c2Yr_s[-3]    ; Merged with fft16OPT:UUT|complex_mult_twiddle:UUT11|c2Yr_s[-3]    ;
; fft16OPT:UUT|complex_mult_twiddle:UUT13|c2Yr_s[-2]    ; Merged with fft16OPT:UUT|complex_mult_twiddle:UUT11|c2Yr_s[-2]    ;
; fft16OPT:UUT|complex_mult_twiddle:UUT13|c2Yr_s[-1]    ; Merged with fft16OPT:UUT|complex_mult_twiddle:UUT11|c2Yr_s[-1]    ;
; fft16OPT:UUT|complex_mult_twiddle:UUT13|c2Yr_s[0]     ; Merged with fft16OPT:UUT|complex_mult_twiddle:UUT11|c2Yr_s[0]     ;
; fft16OPT:UUT|complex_mult_twiddle:UUT8|c3b_Yr_s[-11]  ; Merged with fft16OPT:UUT|complex_mult_twiddle:UUT10|c3b_Yr_s[-11] ;
; fft16OPT:UUT|complex_mult_twiddle:UUT8|c3a_Yr_s[-11]  ; Merged with fft16OPT:UUT|complex_mult_twiddle:UUT10|c3a_Yr_s[-11] ;
; fft16OPT:UUT|complex_mult_twiddle:UUT8|c3b_Yr_s[-10]  ; Merged with fft16OPT:UUT|complex_mult_twiddle:UUT10|c3b_Yr_s[-10] ;
; fft16OPT:UUT|complex_mult_twiddle:UUT8|c3a_Yr_s[-10]  ; Merged with fft16OPT:UUT|complex_mult_twiddle:UUT10|c3a_Yr_s[-10] ;
; fft16OPT:UUT|complex_mult_twiddle:UUT8|c3b_Yr_s[-9]   ; Merged with fft16OPT:UUT|complex_mult_twiddle:UUT10|c3b_Yr_s[-9]  ;
; fft16OPT:UUT|complex_mult_twiddle:UUT8|c3a_Yr_s[-9]   ; Merged with fft16OPT:UUT|complex_mult_twiddle:UUT10|c3a_Yr_s[-9]  ;
; fft16OPT:UUT|complex_mult_twiddle:UUT8|c3b_Yr_s[-8]   ; Merged with fft16OPT:UUT|complex_mult_twiddle:UUT10|c3b_Yr_s[-8]  ;
; fft16OPT:UUT|complex_mult_twiddle:UUT8|c3a_Yr_s[-8]   ; Merged with fft16OPT:UUT|complex_mult_twiddle:UUT10|c3a_Yr_s[-8]  ;
; fft16OPT:UUT|complex_mult_twiddle:UUT8|c3b_Yr_s[-7]   ; Merged with fft16OPT:UUT|complex_mult_twiddle:UUT10|c3b_Yr_s[-7]  ;
; fft16OPT:UUT|complex_mult_twiddle:UUT8|c3a_Yr_s[-7]   ; Merged with fft16OPT:UUT|complex_mult_twiddle:UUT10|c3a_Yr_s[-7]  ;
; fft16OPT:UUT|complex_mult_twiddle:UUT8|c3b_Yr_s[-6]   ; Merged with fft16OPT:UUT|complex_mult_twiddle:UUT10|c3b_Yr_s[-6]  ;
; fft16OPT:UUT|complex_mult_twiddle:UUT8|c3a_Yr_s[-6]   ; Merged with fft16OPT:UUT|complex_mult_twiddle:UUT10|c3a_Yr_s[-6]  ;
; fft16OPT:UUT|complex_mult_twiddle:UUT8|c3b_Yr_s[-5]   ; Merged with fft16OPT:UUT|complex_mult_twiddle:UUT10|c3b_Yr_s[-5]  ;
; fft16OPT:UUT|complex_mult_twiddle:UUT8|c3a_Yr_s[-5]   ; Merged with fft16OPT:UUT|complex_mult_twiddle:UUT10|c3a_Yr_s[-5]  ;
; fft16OPT:UUT|complex_mult_twiddle:UUT8|c3b_Yr_s[-4]   ; Merged with fft16OPT:UUT|complex_mult_twiddle:UUT10|c3b_Yr_s[-4]  ;
; fft16OPT:UUT|complex_mult_twiddle:UUT8|c3a_Yr_s[-4]   ; Merged with fft16OPT:UUT|complex_mult_twiddle:UUT10|c3a_Yr_s[-4]  ;
; fft16OPT:UUT|complex_mult_twiddle:UUT8|c3b_Yr_s[0]    ; Merged with fft16OPT:UUT|complex_mult_twiddle:UUT10|c3b_Yr_s[0]   ;
; fft16OPT:UUT|complex_mult_twiddle:UUT8|c3a_Yr_s[-3]   ; Merged with fft16OPT:UUT|complex_mult_twiddle:UUT10|c3a_Yr_s[-3]  ;
; fft16OPT:UUT|complex_mult_twiddle:UUT8|c3a_Yr_s[-2]   ; Merged with fft16OPT:UUT|complex_mult_twiddle:UUT10|c3a_Yr_s[-2]  ;
; fft16OPT:UUT|complex_mult_twiddle:UUT8|c3a_Yr_s[-1]   ; Merged with fft16OPT:UUT|complex_mult_twiddle:UUT10|c3a_Yr_s[-1]  ;
; fft16OPT:UUT|complex_mult_twiddle:UUT8|c3a_Yr_s[0]    ; Merged with fft16OPT:UUT|complex_mult_twiddle:UUT10|c3a_Yr_s[0]   ;
; fft16OPT:UUT|complex_mult_twiddle:UUT7|c2b_Yr_s[-11]  ; Merged with fft16OPT:UUT|complex_mult_twiddle:UUT5|c2b_Yr_s[-11]  ;
; fft16OPT:UUT|complex_mult_twiddle:UUT7|c2a_Yr_s[-11]  ; Merged with fft16OPT:UUT|complex_mult_twiddle:UUT5|c2a_Yr_s[-11]  ;
; fft16OPT:UUT|complex_mult_twiddle:UUT7|c2b_Yr_s[-10]  ; Merged with fft16OPT:UUT|complex_mult_twiddle:UUT5|c2b_Yr_s[-10]  ;
; fft16OPT:UUT|complex_mult_twiddle:UUT7|c2a_Yr_s[-10]  ; Merged with fft16OPT:UUT|complex_mult_twiddle:UUT5|c2a_Yr_s[-10]  ;
; fft16OPT:UUT|complex_mult_twiddle:UUT7|c2b_Yr_s[-9]   ; Merged with fft16OPT:UUT|complex_mult_twiddle:UUT5|c2b_Yr_s[-9]   ;
; fft16OPT:UUT|complex_mult_twiddle:UUT7|c2a_Yr_s[-9]   ; Merged with fft16OPT:UUT|complex_mult_twiddle:UUT5|c2a_Yr_s[-9]   ;
; fft16OPT:UUT|complex_mult_twiddle:UUT7|c2b_Yr_s[-8]   ; Merged with fft16OPT:UUT|complex_mult_twiddle:UUT5|c2b_Yr_s[-8]   ;
; fft16OPT:UUT|complex_mult_twiddle:UUT7|c2a_Yr_s[-8]   ; Merged with fft16OPT:UUT|complex_mult_twiddle:UUT5|c2a_Yr_s[-8]   ;
; fft16OPT:UUT|complex_mult_twiddle:UUT7|c2b_Yr_s[-7]   ; Merged with fft16OPT:UUT|complex_mult_twiddle:UUT5|c2b_Yr_s[-7]   ;
; fft16OPT:UUT|complex_mult_twiddle:UUT7|c2a_Yr_s[-7]   ; Merged with fft16OPT:UUT|complex_mult_twiddle:UUT5|c2a_Yr_s[-7]   ;
; fft16OPT:UUT|complex_mult_twiddle:UUT7|c2b_Yr_s[-6]   ; Merged with fft16OPT:UUT|complex_mult_twiddle:UUT5|c2b_Yr_s[-6]   ;
; fft16OPT:UUT|complex_mult_twiddle:UUT7|c2a_Yr_s[-6]   ; Merged with fft16OPT:UUT|complex_mult_twiddle:UUT5|c2a_Yr_s[-6]   ;
; fft16OPT:UUT|complex_mult_twiddle:UUT7|c2b_Yr_s[0]    ; Merged with fft16OPT:UUT|complex_mult_twiddle:UUT5|c2b_Yr_s[0]    ;
; fft16OPT:UUT|complex_mult_twiddle:UUT7|c2a_Yr_s[-5]   ; Merged with fft16OPT:UUT|complex_mult_twiddle:UUT5|c2a_Yr_s[-5]   ;
; fft16OPT:UUT|complex_mult_twiddle:UUT7|c2a_Yr_s[-4]   ; Merged with fft16OPT:UUT|complex_mult_twiddle:UUT5|c2a_Yr_s[-4]   ;
; fft16OPT:UUT|complex_mult_twiddle:UUT7|c2a_Yr_s[-3]   ; Merged with fft16OPT:UUT|complex_mult_twiddle:UUT5|c2a_Yr_s[-3]   ;
; fft16OPT:UUT|complex_mult_twiddle:UUT7|c2a_Yr_s[-2]   ; Merged with fft16OPT:UUT|complex_mult_twiddle:UUT5|c2a_Yr_s[-2]   ;
; fft16OPT:UUT|complex_mult_twiddle:UUT7|c2a_Yr_s[-1]   ; Merged with fft16OPT:UUT|complex_mult_twiddle:UUT5|c2a_Yr_s[-1]   ;
; fft16OPT:UUT|complex_mult_twiddle:UUT7|c2a_Yr_s[0]    ; Merged with fft16OPT:UUT|complex_mult_twiddle:UUT5|c2a_Yr_s[0]    ;
; fft16OPT:UUT|complex_mult_twiddle:UUT7|c1b_Yr_s[-11]  ; Merged with fft16OPT:UUT|complex_mult_twiddle:UUT5|c1b_Yr_s[-11]  ;
; fft16OPT:UUT|complex_mult_twiddle:UUT7|c1a_Yr_s[-11]  ; Merged with fft16OPT:UUT|complex_mult_twiddle:UUT5|c1a_Yr_s[-11]  ;
; fft16OPT:UUT|complex_mult_twiddle:UUT7|c1b_Yr_s[-10]  ; Merged with fft16OPT:UUT|complex_mult_twiddle:UUT5|c1b_Yr_s[-10]  ;
; fft16OPT:UUT|complex_mult_twiddle:UUT7|c1a_Yr_s[-10]  ; Merged with fft16OPT:UUT|complex_mult_twiddle:UUT5|c1a_Yr_s[-10]  ;
; fft16OPT:UUT|complex_mult_twiddle:UUT7|c1b_Yr_s[-9]   ; Merged with fft16OPT:UUT|complex_mult_twiddle:UUT5|c1b_Yr_s[-9]   ;
; fft16OPT:UUT|complex_mult_twiddle:UUT7|c1a_Yr_s[-9]   ; Merged with fft16OPT:UUT|complex_mult_twiddle:UUT5|c1a_Yr_s[-9]   ;
; fft16OPT:UUT|complex_mult_twiddle:UUT7|c1b_Yr_s[-8]   ; Merged with fft16OPT:UUT|complex_mult_twiddle:UUT5|c1b_Yr_s[-8]   ;
; fft16OPT:UUT|complex_mult_twiddle:UUT7|c1a_Yr_s[-8]   ; Merged with fft16OPT:UUT|complex_mult_twiddle:UUT5|c1a_Yr_s[-8]   ;
; fft16OPT:UUT|complex_mult_twiddle:UUT7|c1b_Yr_s[-7]   ; Merged with fft16OPT:UUT|complex_mult_twiddle:UUT5|c1b_Yr_s[-7]   ;
; fft16OPT:UUT|complex_mult_twiddle:UUT7|c1a_Yr_s[-7]   ; Merged with fft16OPT:UUT|complex_mult_twiddle:UUT5|c1a_Yr_s[-7]   ;
; fft16OPT:UUT|complex_mult_twiddle:UUT7|c1b_Yr_s[0]    ; Merged with fft16OPT:UUT|complex_mult_twiddle:UUT5|c1b_Yr_s[0]    ;
; fft16OPT:UUT|complex_mult_twiddle:UUT7|c1a_Yr_s[-6]   ; Merged with fft16OPT:UUT|complex_mult_twiddle:UUT5|c1a_Yr_s[-6]   ;
; fft16OPT:UUT|complex_mult_twiddle:UUT7|c1a_Yr_s[-5]   ; Merged with fft16OPT:UUT|complex_mult_twiddle:UUT5|c1a_Yr_s[-5]   ;
; fft16OPT:UUT|complex_mult_twiddle:UUT7|c1a_Yr_s[-4]   ; Merged with fft16OPT:UUT|complex_mult_twiddle:UUT5|c1a_Yr_s[-4]   ;
; fft16OPT:UUT|complex_mult_twiddle:UUT7|c1a_Yr_s[-3]   ; Merged with fft16OPT:UUT|complex_mult_twiddle:UUT5|c1a_Yr_s[-3]   ;
; fft16OPT:UUT|complex_mult_twiddle:UUT7|c1a_Yr_s[-2]   ; Merged with fft16OPT:UUT|complex_mult_twiddle:UUT5|c1a_Yr_s[-2]   ;
; fft16OPT:UUT|complex_mult_twiddle:UUT7|c1a_Yr_s[-1]   ; Merged with fft16OPT:UUT|complex_mult_twiddle:UUT5|c1a_Yr_s[-1]   ;
; fft16OPT:UUT|complex_mult_twiddle:UUT7|c1a_Yr_s[0]    ; Merged with fft16OPT:UUT|complex_mult_twiddle:UUT5|c1a_Yr_s[0]    ;
; fft16OPT:UUT|complex_mult_twiddle:UUT13|c1b_Yr_s[-11] ; Merged with fft16OPT:UUT|complex_mult_twiddle:UUT11|c1b_Yr_s[-11] ;
; fft16OPT:UUT|complex_mult_twiddle:UUT13|c1a_Yr_s[-11] ; Merged with fft16OPT:UUT|complex_mult_twiddle:UUT11|c1a_Yr_s[-11] ;
; fft16OPT:UUT|complex_mult_twiddle:UUT13|c1b_Yr_s[-10] ; Merged with fft16OPT:UUT|complex_mult_twiddle:UUT11|c1b_Yr_s[-10] ;
; fft16OPT:UUT|complex_mult_twiddle:UUT13|c1a_Yr_s[-10] ; Merged with fft16OPT:UUT|complex_mult_twiddle:UUT11|c1a_Yr_s[-10] ;
; fft16OPT:UUT|complex_mult_twiddle:UUT13|c1b_Yr_s[-9]  ; Merged with fft16OPT:UUT|complex_mult_twiddle:UUT11|c1b_Yr_s[-9]  ;
; fft16OPT:UUT|complex_mult_twiddle:UUT13|c1a_Yr_s[-9]  ; Merged with fft16OPT:UUT|complex_mult_twiddle:UUT11|c1a_Yr_s[-9]  ;
; fft16OPT:UUT|complex_mult_twiddle:UUT13|c1b_Yr_s[-8]  ; Merged with fft16OPT:UUT|complex_mult_twiddle:UUT11|c1b_Yr_s[-8]  ;
; fft16OPT:UUT|complex_mult_twiddle:UUT13|c1a_Yr_s[-8]  ; Merged with fft16OPT:UUT|complex_mult_twiddle:UUT11|c1a_Yr_s[-8]  ;
; fft16OPT:UUT|complex_mult_twiddle:UUT13|c1b_Yr_s[-7]  ; Merged with fft16OPT:UUT|complex_mult_twiddle:UUT11|c1b_Yr_s[-7]  ;
; fft16OPT:UUT|complex_mult_twiddle:UUT13|c1a_Yr_s[-7]  ; Merged with fft16OPT:UUT|complex_mult_twiddle:UUT11|c1a_Yr_s[-7]  ;
; fft16OPT:UUT|complex_mult_twiddle:UUT13|c1b_Yr_s[0]   ; Merged with fft16OPT:UUT|complex_mult_twiddle:UUT11|c1b_Yr_s[0]   ;
; fft16OPT:UUT|complex_mult_twiddle:UUT13|c1a_Yr_s[-6]  ; Merged with fft16OPT:UUT|complex_mult_twiddle:UUT11|c1a_Yr_s[-6]  ;
; fft16OPT:UUT|complex_mult_twiddle:UUT13|c1a_Yr_s[-5]  ; Merged with fft16OPT:UUT|complex_mult_twiddle:UUT11|c1a_Yr_s[-5]  ;
; fft16OPT:UUT|complex_mult_twiddle:UUT13|c1a_Yr_s[-4]  ; Merged with fft16OPT:UUT|complex_mult_twiddle:UUT11|c1a_Yr_s[-4]  ;
; fft16OPT:UUT|complex_mult_twiddle:UUT13|c1a_Yr_s[-3]  ; Merged with fft16OPT:UUT|complex_mult_twiddle:UUT11|c1a_Yr_s[-3]  ;
; fft16OPT:UUT|complex_mult_twiddle:UUT13|c1a_Yr_s[-2]  ; Merged with fft16OPT:UUT|complex_mult_twiddle:UUT11|c1a_Yr_s[-2]  ;
; fft16OPT:UUT|complex_mult_twiddle:UUT13|c1a_Yr_s[-1]  ; Merged with fft16OPT:UUT|complex_mult_twiddle:UUT11|c1a_Yr_s[-1]  ;
; fft16OPT:UUT|complex_mult_twiddle:UUT13|c1a_Yr_s[0]   ; Merged with fft16OPT:UUT|complex_mult_twiddle:UUT11|c1a_Yr_s[0]   ;
; fft16OPT:UUT|complex_mult_twiddle:UUT13|c2b_Yr_s[-11] ; Merged with fft16OPT:UUT|complex_mult_twiddle:UUT11|c2b_Yr_s[-11] ;
; fft16OPT:UUT|complex_mult_twiddle:UUT13|c2a_Yr_s[-11] ; Merged with fft16OPT:UUT|complex_mult_twiddle:UUT11|c2a_Yr_s[-11] ;
; fft16OPT:UUT|complex_mult_twiddle:UUT13|c2b_Yr_s[-10] ; Merged with fft16OPT:UUT|complex_mult_twiddle:UUT11|c2b_Yr_s[-10] ;
; fft16OPT:UUT|complex_mult_twiddle:UUT13|c2a_Yr_s[-10] ; Merged with fft16OPT:UUT|complex_mult_twiddle:UUT11|c2a_Yr_s[-10] ;
; fft16OPT:UUT|complex_mult_twiddle:UUT13|c2b_Yr_s[-9]  ; Merged with fft16OPT:UUT|complex_mult_twiddle:UUT11|c2b_Yr_s[-9]  ;
; fft16OPT:UUT|complex_mult_twiddle:UUT13|c2a_Yr_s[-9]  ; Merged with fft16OPT:UUT|complex_mult_twiddle:UUT11|c2a_Yr_s[-9]  ;
; fft16OPT:UUT|complex_mult_twiddle:UUT13|c2b_Yr_s[-8]  ; Merged with fft16OPT:UUT|complex_mult_twiddle:UUT11|c2b_Yr_s[-8]  ;
; fft16OPT:UUT|complex_mult_twiddle:UUT13|c2a_Yr_s[-8]  ; Merged with fft16OPT:UUT|complex_mult_twiddle:UUT11|c2a_Yr_s[-8]  ;
; fft16OPT:UUT|complex_mult_twiddle:UUT13|c2b_Yr_s[-7]  ; Merged with fft16OPT:UUT|complex_mult_twiddle:UUT11|c2b_Yr_s[-7]  ;
; fft16OPT:UUT|complex_mult_twiddle:UUT13|c2a_Yr_s[-7]  ; Merged with fft16OPT:UUT|complex_mult_twiddle:UUT11|c2a_Yr_s[-7]  ;
; fft16OPT:UUT|complex_mult_twiddle:UUT13|c2b_Yr_s[-6]  ; Merged with fft16OPT:UUT|complex_mult_twiddle:UUT11|c2b_Yr_s[-6]  ;
; fft16OPT:UUT|complex_mult_twiddle:UUT13|c2a_Yr_s[-6]  ; Merged with fft16OPT:UUT|complex_mult_twiddle:UUT11|c2a_Yr_s[-6]  ;
; fft16OPT:UUT|complex_mult_twiddle:UUT13|c2b_Yr_s[0]   ; Merged with fft16OPT:UUT|complex_mult_twiddle:UUT11|c2b_Yr_s[0]   ;
; fft16OPT:UUT|complex_mult_twiddle:UUT13|c2a_Yr_s[-5]  ; Merged with fft16OPT:UUT|complex_mult_twiddle:UUT11|c2a_Yr_s[-5]  ;
; fft16OPT:UUT|complex_mult_twiddle:UUT13|c2a_Yr_s[-4]  ; Merged with fft16OPT:UUT|complex_mult_twiddle:UUT11|c2a_Yr_s[-4]  ;
; fft16OPT:UUT|complex_mult_twiddle:UUT13|c2a_Yr_s[-3]  ; Merged with fft16OPT:UUT|complex_mult_twiddle:UUT11|c2a_Yr_s[-3]  ;
; fft16OPT:UUT|complex_mult_twiddle:UUT13|c2a_Yr_s[-2]  ; Merged with fft16OPT:UUT|complex_mult_twiddle:UUT11|c2a_Yr_s[-2]  ;
; fft16OPT:UUT|complex_mult_twiddle:UUT13|c2a_Yr_s[-1]  ; Merged with fft16OPT:UUT|complex_mult_twiddle:UUT11|c2a_Yr_s[-1]  ;
; fft16OPT:UUT|complex_mult_twiddle:UUT13|c2a_Yr_s[0]   ; Merged with fft16OPT:UUT|complex_mult_twiddle:UUT11|c2a_Yr_s[0]   ;
; fft16OPT:UUT|calc_pot:\gen_pot:0:calc_Z|i2_s[-7]      ; Stuck at GND due to stuck port data_in                            ;
; fft16OPT:UUT|calc_pot:\gen_pot:0:calc_Z|i2_s[-8]      ; Stuck at GND due to stuck port data_in                            ;
; fft16OPT:UUT|calc_pot:\gen_pot:0:calc_Z|i2_s[-9]      ; Stuck at GND due to stuck port data_in                            ;
; fft16OPT:UUT|calc_pot:\gen_pot:0:calc_Z|i2_s[-10]     ; Stuck at GND due to stuck port data_in                            ;
; fft16OPT:UUT|calc_pot:\gen_pot:0:calc_Z|i2_s[-11]     ; Stuck at GND due to stuck port data_in                            ;
; fft16OPT:UUT|calc_pot:\gen_pot:0:calc_Z|i2_s[-12]     ; Stuck at GND due to stuck port data_in                            ;
; fft16OPT:UUT|calc_pot:\gen_pot:0:calc_Z|i2_s[-13]     ; Stuck at GND due to stuck port data_in                            ;
; fft16OPT:UUT|calc_pot:\gen_pot:0:calc_Z|i2_s[-14]     ; Stuck at GND due to stuck port data_in                            ;
; fft16OPT:UUT|calc_pot:\gen_pot:0:calc_Z|i2_s[-15]     ; Stuck at GND due to stuck port data_in                            ;
; fft16OPT:UUT|calc_pot:\gen_pot:0:calc_Z|i2_s[-16]     ; Stuck at GND due to stuck port data_in                            ;
; fft16OPT:UUT|calc_pot:\gen_pot:0:calc_Z|i2_s[-17]     ; Stuck at GND due to stuck port data_in                            ;
; fft16OPT:UUT|calc_pot:\gen_pot:0:calc_Z|i2_s[-18]     ; Stuck at GND due to stuck port data_in                            ;
; fft16OPT:UUT|calc_pot:\gen_pot:0:calc_Z|i2_s[-19]     ; Stuck at GND due to stuck port data_in                            ;
; fft16OPT:UUT|calc_pot:\gen_pot:0:calc_Z|i2_s[-20]     ; Stuck at GND due to stuck port data_in                            ;
; fft16OPT:UUT|calc_pot:\gen_pot:0:calc_Z|i2_s[-21]     ; Stuck at GND due to stuck port data_in                            ;
; fft16OPT:UUT|calc_pot:\gen_pot:0:calc_Z|i2_s[-22]     ; Stuck at GND due to stuck port data_in                            ;
; fft16OPT:UUT|calc_pot:\gen_pot:0:calc_Z|i2_s[-6]      ; Stuck at GND due to stuck port data_in                            ;
; fft16OPT:UUT|calc_pot:\gen_pot:0:calc_Z|i2_s[-5]      ; Stuck at GND due to stuck port data_in                            ;
; fft16OPT:UUT|calc_pot:\gen_pot:0:calc_Z|i2_s[-4]      ; Stuck at GND due to stuck port data_in                            ;
; fft16OPT:UUT|calc_pot:\gen_pot:0:calc_Z|i2_s[-3]      ; Stuck at GND due to stuck port data_in                            ;
; fft16OPT:UUT|calc_pot:\gen_pot:0:calc_Z|i2_s[-2]      ; Stuck at GND due to stuck port data_in                            ;
; fft16OPT:UUT|calc_pot:\gen_pot:0:calc_Z|i2_s[-1]      ; Stuck at GND due to stuck port data_in                            ;
; fft16OPT:UUT|calc_pot:\gen_pot:0:calc_Z|i2_s[0]       ; Stuck at GND due to stuck port data_in                            ;
; fft16OPT:UUT|complex_mult_twiddle:UUT9|Er_s3[-10]     ; Stuck at GND due to stuck port data_in                            ;
; fft16OPT:UUT|radix4:UUT16|Z0r_s[-11]                  ; Merged with fft16OPT:UUT|radix4:UUT16|Z1r_s[-11]                  ;
; fft16OPT:UUT|radix4:UUT16|Z0r_s[-10]                  ; Merged with fft16OPT:UUT|radix4:UUT16|Z1r_s[-10]                  ;
; fft16OPT:UUT|radix4:UUT16|Z0r_s[-9]                   ; Merged with fft16OPT:UUT|radix4:UUT16|Z1r_s[-9]                   ;
; fft16OPT:UUT|radix4:UUT16|Z0r_s[-8]                   ; Merged with fft16OPT:UUT|radix4:UUT16|Z1r_s[-8]                   ;
; fft16OPT:UUT|radix4:UUT16|Z0r_s[-7]                   ; Merged with fft16OPT:UUT|radix4:UUT16|Z1r_s[-7]                   ;
; fft16OPT:UUT|radix4:UUT16|Z0r_s[-6]                   ; Merged with fft16OPT:UUT|radix4:UUT16|Z1r_s[-6]                   ;
; fft16OPT:UUT|radix4:UUT16|Z0r_s[-5]                   ; Merged with fft16OPT:UUT|radix4:UUT16|Z1r_s[-5]                   ;
; fft16OPT:UUT|radix4:UUT16|Z0r_s[-4]                   ; Merged with fft16OPT:UUT|radix4:UUT16|Z1r_s[-4]                   ;
; fft16OPT:UUT|radix4:UUT16|Z0r_s[-3]                   ; Merged with fft16OPT:UUT|radix4:UUT16|Z1r_s[-3]                   ;
; fft16OPT:UUT|radix4:UUT16|Z0r_s[-2]                   ; Merged with fft16OPT:UUT|radix4:UUT16|Z1r_s[-2]                   ;
; fft16OPT:UUT|radix4:UUT16|Z0r_s[-1]                   ; Merged with fft16OPT:UUT|radix4:UUT16|Z1r_s[-1]                   ;
; fft16OPT:UUT|radix4:UUT16|Z0r_s[0]                    ; Merged with fft16OPT:UUT|radix4:UUT16|Z1r_s[-1]                   ;
; fft16OPT:UUT|radix4:UUT16|Z1r_s[0]                    ; Merged with fft16OPT:UUT|radix4:UUT16|Z1r_s[-1]                   ;
; fft16OPT:UUT|complex_mult_twiddle:UUT12|pD_s[-11]     ; Merged with fft16OPT:UUT|complex_mult_twiddle:UUT12|pC_s[-11]     ;
; fft16OPT:UUT|complex_mult_twiddle:UUT6|pD_s[-11]      ; Merged with fft16OPT:UUT|complex_mult_twiddle:UUT6|pC_s[-11]      ;
; fft16OPT:UUT|calc_pot:\gen_pot:8:calc_Z|r2_s[-21]     ; Stuck at GND due to stuck port data_in                            ;
; fft16OPT:UUT|calc_pot:\gen_pot:7:calc_Z|i2_s[-21]     ; Stuck at GND due to stuck port data_in                            ;
; fft16OPT:UUT|calc_pot:\gen_pot:7:calc_Z|r2_s[-21]     ; Stuck at GND due to stuck port data_in                            ;
; fft16OPT:UUT|calc_pot:\gen_pot:6:calc_Z|i2_s[-21]     ; Stuck at GND due to stuck port data_in                            ;
; fft16OPT:UUT|calc_pot:\gen_pot:6:calc_Z|r2_s[-21]     ; Stuck at GND due to stuck port data_in                            ;
; fft16OPT:UUT|calc_pot:\gen_pot:5:calc_Z|i2_s[-21]     ; Stuck at GND due to stuck port data_in                            ;
; fft16OPT:UUT|calc_pot:\gen_pot:5:calc_Z|r2_s[-21]     ; Stuck at GND due to stuck port data_in                            ;
; fft16OPT:UUT|calc_pot:\gen_pot:4:calc_Z|i2_s[-21]     ; Stuck at GND due to stuck port data_in                            ;
; fft16OPT:UUT|calc_pot:\gen_pot:4:calc_Z|r2_s[-21]     ; Stuck at GND due to stuck port data_in                            ;
; fft16OPT:UUT|calc_pot:\gen_pot:3:calc_Z|i2_s[-21]     ; Stuck at GND due to stuck port data_in                            ;
; fft16OPT:UUT|calc_pot:\gen_pot:3:calc_Z|r2_s[-21]     ; Stuck at GND due to stuck port data_in                            ;
; fft16OPT:UUT|calc_pot:\gen_pot:2:calc_Z|i2_s[-21]     ; Stuck at GND due to stuck port data_in                            ;
; fft16OPT:UUT|calc_pot:\gen_pot:2:calc_Z|r2_s[-21]     ; Stuck at GND due to stuck port data_in                            ;
; fft16OPT:UUT|calc_pot:\gen_pot:1:calc_Z|i2_s[-21]     ; Stuck at GND due to stuck port data_in                            ;
; fft16OPT:UUT|calc_pot:\gen_pot:1:calc_Z|r2_s[-21]     ; Stuck at GND due to stuck port data_in                            ;
; fft16OPT:UUT|calc_pot:\gen_pot:0:calc_Z|r2_s[-21]     ; Stuck at GND due to stuck port data_in                            ;
; fft16OPT:UUT|calc_pot:\gen_pot:8:calc_Z|r2_s[-22]     ; Lost fanout                                                       ;
; fft16OPT:UUT|calc_pot:\gen_pot:8:calc_Z|r2_s[-20]     ; Lost fanout                                                       ;
; fft16OPT:UUT|calc_pot:\gen_pot:8:calc_Z|r2_s[-19]     ; Lost fanout                                                       ;
; fft16OPT:UUT|calc_pot:\gen_pot:8:calc_Z|r2_s[-18]     ; Lost fanout                                                       ;
; fft16OPT:UUT|calc_pot:\gen_pot:8:calc_Z|r2_s[-17]     ; Lost fanout                                                       ;
; fft16OPT:UUT|calc_pot:\gen_pot:8:calc_Z|r2_s[-16]     ; Lost fanout                                                       ;
; fft16OPT:UUT|calc_pot:\gen_pot:8:calc_Z|r2_s[-15]     ; Lost fanout                                                       ;
; fft16OPT:UUT|calc_pot:\gen_pot:8:calc_Z|r2_s[-14]     ; Lost fanout                                                       ;
; fft16OPT:UUT|calc_pot:\gen_pot:8:calc_Z|r2_s[-13]     ; Lost fanout                                                       ;
; fft16OPT:UUT|calc_pot:\gen_pot:8:calc_Z|r2_s[-12]     ; Lost fanout                                                       ;
; fft16OPT:UUT|calc_pot:\gen_pot:0:calc_Z|r2_s[-22]     ; Lost fanout                                                       ;
; fft16OPT:UUT|calc_pot:\gen_pot:0:calc_Z|r2_s[-20]     ; Lost fanout                                                       ;
; fft16OPT:UUT|calc_pot:\gen_pot:0:calc_Z|r2_s[-19]     ; Lost fanout                                                       ;
; fft16OPT:UUT|calc_pot:\gen_pot:0:calc_Z|r2_s[-18]     ; Lost fanout                                                       ;
; fft16OPT:UUT|calc_pot:\gen_pot:0:calc_Z|r2_s[-17]     ; Lost fanout                                                       ;
; fft16OPT:UUT|calc_pot:\gen_pot:0:calc_Z|r2_s[-16]     ; Lost fanout                                                       ;
; fft16OPT:UUT|calc_pot:\gen_pot:0:calc_Z|r2_s[-15]     ; Lost fanout                                                       ;
; fft16OPT:UUT|calc_pot:\gen_pot:0:calc_Z|r2_s[-14]     ; Lost fanout                                                       ;
; fft16OPT:UUT|calc_pot:\gen_pot:0:calc_Z|r2_s[-13]     ; Lost fanout                                                       ;
; fft16OPT:UUT|calc_pot:\gen_pot:0:calc_Z|r2_s[-12]     ; Lost fanout                                                       ;
; fft16OPT:UUT|y8r_d[3][-11]                            ; Lost fanout                                                       ;
; fft16OPT:UUT|y8r_d[2][-11]                            ; Lost fanout                                                       ;
; fft16OPT:UUT|y8r_d[1][-11]                            ; Lost fanout                                                       ;
; fft16OPT:UUT|y8r_d[0][-11]                            ; Lost fanout                                                       ;
; fft16OPT:UUT|radix4:UUT1|y2r_r[-11]                   ; Lost fanout                                                       ;
; fft16OPT:UUT|complex_mult_twiddle:UUT11|pC_s[0]       ; Lost fanout                                                       ;
; fft16OPT:UUT|complex_mult_twiddle:UUT11|pA_s[0]       ; Lost fanout                                                       ;
; fft16OPT:UUT|complex_mult_twiddle:UUT11|pC_s[-1]      ; Lost fanout                                                       ;
; fft16OPT:UUT|complex_mult_twiddle:UUT11|pA_s[-1]      ; Lost fanout                                                       ;
; fft16OPT:UUT|complex_mult_twiddle:UUT11|pC_s[-2]      ; Lost fanout                                                       ;
; fft16OPT:UUT|complex_mult_twiddle:UUT11|pA_s[-2]      ; Lost fanout                                                       ;
; fft16OPT:UUT|complex_mult_twiddle:UUT11|pC_s[-3]      ; Lost fanout                                                       ;
; fft16OPT:UUT|complex_mult_twiddle:UUT11|pA_s[-3]      ; Lost fanout                                                       ;
; fft16OPT:UUT|complex_mult_twiddle:UUT11|pC_s[-4]      ; Lost fanout                                                       ;
; fft16OPT:UUT|complex_mult_twiddle:UUT11|pA_s[-4]      ; Lost fanout                                                       ;
; fft16OPT:UUT|complex_mult_twiddle:UUT11|pC_s[-5]      ; Lost fanout                                                       ;
; fft16OPT:UUT|complex_mult_twiddle:UUT11|pA_s[-5]      ; Lost fanout                                                       ;
; fft16OPT:UUT|complex_mult_twiddle:UUT11|pC_s[-6]      ; Lost fanout                                                       ;
; fft16OPT:UUT|complex_mult_twiddle:UUT11|pA_s[-6]      ; Lost fanout                                                       ;
; fft16OPT:UUT|complex_mult_twiddle:UUT11|pC_s[-7]      ; Lost fanout                                                       ;
; fft16OPT:UUT|complex_mult_twiddle:UUT11|pA_s[-7]      ; Lost fanout                                                       ;
; fft16OPT:UUT|complex_mult_twiddle:UUT11|pC_s[-8]      ; Lost fanout                                                       ;
; fft16OPT:UUT|complex_mult_twiddle:UUT11|pA_s[-8]      ; Lost fanout                                                       ;
; fft16OPT:UUT|complex_mult_twiddle:UUT11|pC_s[-9]      ; Lost fanout                                                       ;
; fft16OPT:UUT|complex_mult_twiddle:UUT11|pA_s[-9]      ; Lost fanout                                                       ;
; fft16OPT:UUT|complex_mult_twiddle:UUT11|pC_s[-10]     ; Lost fanout                                                       ;
; fft16OPT:UUT|complex_mult_twiddle:UUT11|pA_s[-10]     ; Lost fanout                                                       ;
; fft16OPT:UUT|complex_mult_twiddle:UUT11|pC_s[-11]     ; Lost fanout                                                       ;
; fft16OPT:UUT|complex_mult_twiddle:UUT11|pA_s[-11]     ; Lost fanout                                                       ;
; fft16OPT:UUT|complex_mult_twiddle:UUT11|pD_s[0]       ; Lost fanout                                                       ;
; fft16OPT:UUT|complex_mult_twiddle:UUT11|pE_s[0]       ; Lost fanout                                                       ;
; fft16OPT:UUT|complex_mult_twiddle:UUT11|pD_s[-1]      ; Lost fanout                                                       ;
; fft16OPT:UUT|complex_mult_twiddle:UUT11|pE_s[-1]      ; Lost fanout                                                       ;
; fft16OPT:UUT|complex_mult_twiddle:UUT11|pD_s[-2]      ; Lost fanout                                                       ;
; fft16OPT:UUT|complex_mult_twiddle:UUT11|pE_s[-2]      ; Lost fanout                                                       ;
; fft16OPT:UUT|complex_mult_twiddle:UUT11|pD_s[-3]      ; Lost fanout                                                       ;
; fft16OPT:UUT|complex_mult_twiddle:UUT11|pE_s[-3]      ; Lost fanout                                                       ;
; fft16OPT:UUT|complex_mult_twiddle:UUT11|pD_s[-4]      ; Lost fanout                                                       ;
; fft16OPT:UUT|complex_mult_twiddle:UUT11|pE_s[-4]      ; Lost fanout                                                       ;
; fft16OPT:UUT|complex_mult_twiddle:UUT11|pD_s[-5]      ; Lost fanout                                                       ;
; fft16OPT:UUT|complex_mult_twiddle:UUT11|pE_s[-5]      ; Lost fanout                                                       ;
; fft16OPT:UUT|complex_mult_twiddle:UUT11|pD_s[-6]      ; Lost fanout                                                       ;
; fft16OPT:UUT|complex_mult_twiddle:UUT11|pE_s[-6]      ; Lost fanout                                                       ;
; fft16OPT:UUT|complex_mult_twiddle:UUT11|pD_s[-7]      ; Lost fanout                                                       ;
; fft16OPT:UUT|complex_mult_twiddle:UUT11|pE_s[-7]      ; Lost fanout                                                       ;
; fft16OPT:UUT|complex_mult_twiddle:UUT11|pD_s[-8]      ; Lost fanout                                                       ;
; fft16OPT:UUT|complex_mult_twiddle:UUT11|pE_s[-8]      ; Lost fanout                                                       ;
; fft16OPT:UUT|complex_mult_twiddle:UUT11|pD_s[-9]      ; Lost fanout                                                       ;
; fft16OPT:UUT|complex_mult_twiddle:UUT11|pE_s[-9]      ; Lost fanout                                                       ;
; fft16OPT:UUT|complex_mult_twiddle:UUT11|pD_s[-10]     ; Lost fanout                                                       ;
; fft16OPT:UUT|complex_mult_twiddle:UUT11|pE_s[-10]     ; Lost fanout                                                       ;
; fft16OPT:UUT|complex_mult_twiddle:UUT11|pD_s[-11]     ; Lost fanout                                                       ;
; fft16OPT:UUT|complex_mult_twiddle:UUT11|c3Yi_s[-11]   ; Lost fanout                                                       ;
; fft16OPT:UUT|complex_mult_twiddle:UUT11|c3Yr_s[-11]   ; Lost fanout                                                       ;
; fft16OPT:UUT|complex_mult_twiddle:UUT11|c3Yi_s[-10]   ; Lost fanout                                                       ;
; fft16OPT:UUT|complex_mult_twiddle:UUT11|c3Yr_s[-10]   ; Lost fanout                                                       ;
; fft16OPT:UUT|complex_mult_twiddle:UUT11|c3Yi_s[-9]    ; Lost fanout                                                       ;
; fft16OPT:UUT|complex_mult_twiddle:UUT11|c3Yr_s[-9]    ; Lost fanout                                                       ;
; fft16OPT:UUT|complex_mult_twiddle:UUT11|c3Yi_s[-8]    ; Lost fanout                                                       ;
; fft16OPT:UUT|complex_mult_twiddle:UUT11|c3Yr_s[-8]    ; Lost fanout                                                       ;
; fft16OPT:UUT|complex_mult_twiddle:UUT11|c3Yi_s[-7]    ; Lost fanout                                                       ;
; fft16OPT:UUT|complex_mult_twiddle:UUT11|c3Yr_s[-7]    ; Lost fanout                                                       ;
; fft16OPT:UUT|complex_mult_twiddle:UUT11|c3Yi_s[-6]    ; Lost fanout                                                       ;
; fft16OPT:UUT|complex_mult_twiddle:UUT11|c3Yr_s[-6]    ; Lost fanout                                                       ;
; fft16OPT:UUT|complex_mult_twiddle:UUT11|c3Yi_s[-5]    ; Lost fanout                                                       ;
; fft16OPT:UUT|complex_mult_twiddle:UUT11|c3Yr_s[-5]    ; Lost fanout                                                       ;
; fft16OPT:UUT|complex_mult_twiddle:UUT11|c3Yi_s[-4]    ; Lost fanout                                                       ;
; fft16OPT:UUT|complex_mult_twiddle:UUT11|c3Yr_s[-4]    ; Lost fanout                                                       ;
; fft16OPT:UUT|complex_mult_twiddle:UUT11|c3Yi_s[-3]    ; Lost fanout                                                       ;
; fft16OPT:UUT|complex_mult_twiddle:UUT11|c3Yr_s[-3]    ; Lost fanout                                                       ;
; fft16OPT:UUT|complex_mult_twiddle:UUT11|c3Yi_s[-2]    ; Lost fanout                                                       ;
; fft16OPT:UUT|complex_mult_twiddle:UUT11|c3Yr_s[-2]    ; Lost fanout                                                       ;
; fft16OPT:UUT|complex_mult_twiddle:UUT11|c3Yi_s[-1]    ; Lost fanout                                                       ;
; fft16OPT:UUT|complex_mult_twiddle:UUT11|c3Yr_s[-1]    ; Lost fanout                                                       ;
; fft16OPT:UUT|complex_mult_twiddle:UUT11|c3Yi_s[0]     ; Lost fanout                                                       ;
; fft16OPT:UUT|complex_mult_twiddle:UUT11|Yi_sh8_s[-11] ; Lost fanout                                                       ;
; fft16OPT:UUT|complex_mult_twiddle:UUT11|Yi_sh8_s[-10] ; Lost fanout                                                       ;
; fft16OPT:UUT|complex_mult_twiddle:UUT11|Yi_sh8_s[-9]  ; Lost fanout                                                       ;
; fft16OPT:UUT|complex_mult_twiddle:UUT11|c3b_Yi_s[-11] ; Lost fanout                                                       ;
; fft16OPT:UUT|complex_mult_twiddle:UUT11|c3a_Yi_s[-11] ; Lost fanout                                                       ;
; fft16OPT:UUT|complex_mult_twiddle:UUT11|c3b_Yi_s[-10] ; Lost fanout                                                       ;
; fft16OPT:UUT|complex_mult_twiddle:UUT11|c3a_Yi_s[-10] ; Lost fanout                                                       ;
; fft16OPT:UUT|complex_mult_twiddle:UUT11|c3b_Yi_s[-9]  ; Lost fanout                                                       ;
; fft16OPT:UUT|complex_mult_twiddle:UUT11|c3a_Yi_s[-9]  ; Lost fanout                                                       ;
; fft16OPT:UUT|complex_mult_twiddle:UUT11|c3b_Yi_s[-8]  ; Lost fanout                                                       ;
; fft16OPT:UUT|complex_mult_twiddle:UUT11|c3a_Yi_s[-8]  ; Lost fanout                                                       ;
; fft16OPT:UUT|complex_mult_twiddle:UUT11|c3b_Yi_s[-7]  ; Lost fanout                                                       ;
; fft16OPT:UUT|complex_mult_twiddle:UUT11|c3a_Yi_s[-7]  ; Lost fanout                                                       ;
; fft16OPT:UUT|complex_mult_twiddle:UUT11|c3b_Yi_s[-6]  ; Lost fanout                                                       ;
; fft16OPT:UUT|complex_mult_twiddle:UUT11|c3a_Yi_s[-6]  ; Lost fanout                                                       ;
; fft16OPT:UUT|complex_mult_twiddle:UUT11|c3b_Yi_s[-5]  ; Lost fanout                                                       ;
; fft16OPT:UUT|complex_mult_twiddle:UUT11|c3a_Yi_s[-5]  ; Lost fanout                                                       ;
; fft16OPT:UUT|complex_mult_twiddle:UUT11|c3b_Yi_s[-4]  ; Lost fanout                                                       ;
; fft16OPT:UUT|complex_mult_twiddle:UUT11|c3a_Yi_s[-4]  ; Lost fanout                                                       ;
; fft16OPT:UUT|complex_mult_twiddle:UUT11|c3a_Yi_s[-3]  ; Lost fanout                                                       ;
; fft16OPT:UUT|complex_mult_twiddle:UUT11|c3a_Yi_s[-2]  ; Lost fanout                                                       ;
; fft16OPT:UUT|complex_mult_twiddle:UUT11|c3a_Yi_s[-1]  ; Lost fanout                                                       ;
; fft16OPT:UUT|complex_mult_twiddle:UUT11|c3b_Yi_s[0]   ; Lost fanout                                                       ;
; fft16OPT:UUT|complex_mult_twiddle:UUT11|c3a_Yi_s[0]   ; Lost fanout                                                       ;
; fft16OPT:UUT|complex_mult_twiddle:UUT11|Yi_sh8_s[0]   ; Lost fanout                                                       ;
; fft16OPT:UUT|complex_mult_twiddle:UUT11|c3Yr_s[0]     ; Lost fanout                                                       ;
; fft16OPT:UUT|complex_mult_twiddle:UUT11|Yr_sh8_s[-11] ; Lost fanout                                                       ;
; fft16OPT:UUT|complex_mult_twiddle:UUT11|Yr_sh8_s[-10] ; Lost fanout                                                       ;
; fft16OPT:UUT|complex_mult_twiddle:UUT11|c3b_Yr_s[-11] ; Lost fanout                                                       ;
; fft16OPT:UUT|complex_mult_twiddle:UUT11|c3a_Yr_s[-11] ; Lost fanout                                                       ;
; fft16OPT:UUT|complex_mult_twiddle:UUT11|c3b_Yr_s[-10] ; Lost fanout                                                       ;
; fft16OPT:UUT|complex_mult_twiddle:UUT11|c3a_Yr_s[-10] ; Lost fanout                                                       ;
; fft16OPT:UUT|complex_mult_twiddle:UUT11|c3b_Yr_s[-9]  ; Lost fanout                                                       ;
; fft16OPT:UUT|complex_mult_twiddle:UUT11|c3a_Yr_s[-9]  ; Lost fanout                                                       ;
; fft16OPT:UUT|complex_mult_twiddle:UUT11|c3b_Yr_s[-8]  ; Lost fanout                                                       ;
; fft16OPT:UUT|complex_mult_twiddle:UUT11|c3a_Yr_s[-8]  ; Lost fanout                                                       ;
; fft16OPT:UUT|complex_mult_twiddle:UUT11|c3b_Yr_s[-7]  ; Lost fanout                                                       ;
; fft16OPT:UUT|complex_mult_twiddle:UUT11|c3a_Yr_s[-7]  ; Lost fanout                                                       ;
; fft16OPT:UUT|complex_mult_twiddle:UUT11|c3b_Yr_s[-6]  ; Lost fanout                                                       ;
; fft16OPT:UUT|complex_mult_twiddle:UUT11|c3a_Yr_s[-6]  ; Lost fanout                                                       ;
; fft16OPT:UUT|complex_mult_twiddle:UUT11|c3b_Yr_s[-5]  ; Lost fanout                                                       ;
; fft16OPT:UUT|complex_mult_twiddle:UUT11|c3a_Yr_s[-5]  ; Lost fanout                                                       ;
; fft16OPT:UUT|complex_mult_twiddle:UUT11|c3b_Yr_s[-4]  ; Lost fanout                                                       ;
; fft16OPT:UUT|complex_mult_twiddle:UUT11|c3a_Yr_s[-4]  ; Lost fanout                                                       ;
; fft16OPT:UUT|complex_mult_twiddle:UUT11|c3a_Yr_s[-3]  ; Lost fanout                                                       ;
; fft16OPT:UUT|complex_mult_twiddle:UUT11|c3a_Yr_s[-2]  ; Lost fanout                                                       ;
; fft16OPT:UUT|complex_mult_twiddle:UUT11|c3a_Yr_s[-1]  ; Lost fanout                                                       ;
; fft16OPT:UUT|complex_mult_twiddle:UUT11|c3b_Yr_s[0]   ; Lost fanout                                                       ;
; fft16OPT:UUT|complex_mult_twiddle:UUT11|c3a_Yr_s[0]   ; Lost fanout                                                       ;
; fft16OPT:UUT|complex_mult_twiddle:UUT11|Yr_sh8_s[0]   ; Lost fanout                                                       ;
; fft16OPT:UUT|complex_mult_twiddle:UUT11|pE_s[-11]     ; Lost fanout                                                       ;
; fft16OPT:UUT|complex_mult_twiddle:UUT10|Yi_s2[0]      ; Lost fanout                                                       ;
; fft16OPT:UUT|complex_mult_twiddle:UUT10|Yi_s1b[0]     ; Lost fanout                                                       ;
; fft16OPT:UUT|complex_mult_twiddle:UUT10|Yi_s2[-2]     ; Lost fanout                                                       ;
; fft16OPT:UUT|complex_mult_twiddle:UUT10|Yi_s1b[-2]    ; Lost fanout                                                       ;
; fft16OPT:UUT|complex_mult_twiddle:UUT10|Yi_s2[-3]     ; Lost fanout                                                       ;
; fft16OPT:UUT|complex_mult_twiddle:UUT10|Yi_s1b[-3]    ; Lost fanout                                                       ;
; fft16OPT:UUT|complex_mult_twiddle:UUT10|Yi_s2[-4]     ; Lost fanout                                                       ;
; fft16OPT:UUT|complex_mult_twiddle:UUT10|Yi_s1b[-4]    ; Lost fanout                                                       ;
; fft16OPT:UUT|complex_mult_twiddle:UUT10|Yi_s1a[-4]    ; Lost fanout                                                       ;
; fft16OPT:UUT|complex_mult_twiddle:UUT10|Yi_s2[-5]     ; Lost fanout                                                       ;
; fft16OPT:UUT|complex_mult_twiddle:UUT10|Yi_s1b[-5]    ; Lost fanout                                                       ;
; fft16OPT:UUT|complex_mult_twiddle:UUT10|Yi_s1a[-5]    ; Lost fanout                                                       ;
; fft16OPT:UUT|complex_mult_twiddle:UUT10|Yi_s2[-6]     ; Lost fanout                                                       ;
; fft16OPT:UUT|complex_mult_twiddle:UUT10|Yi_s1b[-6]    ; Lost fanout                                                       ;
; fft16OPT:UUT|complex_mult_twiddle:UUT10|Yi_s1a[-6]    ; Lost fanout                                                       ;
; fft16OPT:UUT|complex_mult_twiddle:UUT10|Yi_s2[-7]     ; Lost fanout                                                       ;
; fft16OPT:UUT|complex_mult_twiddle:UUT10|Yi_s1b[-7]    ; Lost fanout                                                       ;
; fft16OPT:UUT|complex_mult_twiddle:UUT10|Yi_s1a[-7]    ; Lost fanout                                                       ;
; fft16OPT:UUT|complex_mult_twiddle:UUT10|Yi_s2[-8]     ; Lost fanout                                                       ;
; fft16OPT:UUT|complex_mult_twiddle:UUT10|Yi_s1b[-8]    ; Lost fanout                                                       ;
; fft16OPT:UUT|complex_mult_twiddle:UUT10|Yi_s1a[-8]    ; Lost fanout                                                       ;
; fft16OPT:UUT|complex_mult_twiddle:UUT10|Yi_s2[-9]     ; Lost fanout                                                       ;
; fft16OPT:UUT|complex_mult_twiddle:UUT10|Yi_s1b[-9]    ; Lost fanout                                                       ;
; fft16OPT:UUT|complex_mult_twiddle:UUT10|Yi_s1a[-9]    ; Lost fanout                                                       ;
; fft16OPT:UUT|complex_mult_twiddle:UUT10|Yi_s2[-10]    ; Lost fanout                                                       ;
; fft16OPT:UUT|complex_mult_twiddle:UUT10|Yi_s1b[-10]   ; Lost fanout                                                       ;
; fft16OPT:UUT|complex_mult_twiddle:UUT10|Yi_s1a[-10]   ; Lost fanout                                                       ;
; fft16OPT:UUT|complex_mult_twiddle:UUT10|Yi_s2[-11]    ; Lost fanout                                                       ;
; fft16OPT:UUT|complex_mult_twiddle:UUT10|Yi_s1b[-11]   ; Lost fanout                                                       ;
; fft16OPT:UUT|complex_mult_twiddle:UUT10|Yi_s1a[-11]   ; Lost fanout                                                       ;
; fft16OPT:UUT|complex_mult_twiddle:UUT7|pC_s[0]        ; Lost fanout                                                       ;
; fft16OPT:UUT|complex_mult_twiddle:UUT7|pA_s[0]        ; Lost fanout                                                       ;
; fft16OPT:UUT|complex_mult_twiddle:UUT7|pC_s[-1]       ; Lost fanout                                                       ;
; fft16OPT:UUT|complex_mult_twiddle:UUT7|pA_s[-1]       ; Lost fanout                                                       ;
; fft16OPT:UUT|complex_mult_twiddle:UUT7|pC_s[-2]       ; Lost fanout                                                       ;
; fft16OPT:UUT|complex_mult_twiddle:UUT7|pA_s[-2]       ; Lost fanout                                                       ;
; fft16OPT:UUT|complex_mult_twiddle:UUT7|pC_s[-3]       ; Lost fanout                                                       ;
; fft16OPT:UUT|complex_mult_twiddle:UUT7|pA_s[-3]       ; Lost fanout                                                       ;
; fft16OPT:UUT|complex_mult_twiddle:UUT7|pC_s[-4]       ; Lost fanout                                                       ;
; fft16OPT:UUT|complex_mult_twiddle:UUT7|pA_s[-4]       ; Lost fanout                                                       ;
; fft16OPT:UUT|complex_mult_twiddle:UUT7|pC_s[-5]       ; Lost fanout                                                       ;
; fft16OPT:UUT|complex_mult_twiddle:UUT7|pA_s[-5]       ; Lost fanout                                                       ;
; fft16OPT:UUT|complex_mult_twiddle:UUT7|pC_s[-6]       ; Lost fanout                                                       ;
; fft16OPT:UUT|complex_mult_twiddle:UUT7|pA_s[-6]       ; Lost fanout                                                       ;
; fft16OPT:UUT|complex_mult_twiddle:UUT7|pC_s[-7]       ; Lost fanout                                                       ;
; fft16OPT:UUT|complex_mult_twiddle:UUT7|pA_s[-7]       ; Lost fanout                                                       ;
; fft16OPT:UUT|complex_mult_twiddle:UUT7|pC_s[-8]       ; Lost fanout                                                       ;
; fft16OPT:UUT|complex_mult_twiddle:UUT7|pA_s[-8]       ; Lost fanout                                                       ;
; fft16OPT:UUT|complex_mult_twiddle:UUT7|pC_s[-9]       ; Lost fanout                                                       ;
; fft16OPT:UUT|complex_mult_twiddle:UUT7|pA_s[-9]       ; Lost fanout                                                       ;
; fft16OPT:UUT|complex_mult_twiddle:UUT7|pC_s[-10]      ; Lost fanout                                                       ;
; fft16OPT:UUT|complex_mult_twiddle:UUT7|pA_s[-10]      ; Lost fanout                                                       ;
; fft16OPT:UUT|complex_mult_twiddle:UUT7|pC_s[-11]      ; Lost fanout                                                       ;
; fft16OPT:UUT|complex_mult_twiddle:UUT7|pA_s[-11]      ; Lost fanout                                                       ;
; fft16OPT:UUT|complex_mult_twiddle:UUT7|pD_s[0]        ; Lost fanout                                                       ;
; fft16OPT:UUT|complex_mult_twiddle:UUT7|pE_s[0]        ; Lost fanout                                                       ;
; fft16OPT:UUT|complex_mult_twiddle:UUT7|pD_s[-1]       ; Lost fanout                                                       ;
; fft16OPT:UUT|complex_mult_twiddle:UUT7|pE_s[-1]       ; Lost fanout                                                       ;
; fft16OPT:UUT|complex_mult_twiddle:UUT7|pD_s[-2]       ; Lost fanout                                                       ;
; fft16OPT:UUT|complex_mult_twiddle:UUT7|pE_s[-2]       ; Lost fanout                                                       ;
; fft16OPT:UUT|complex_mult_twiddle:UUT7|pD_s[-3]       ; Lost fanout                                                       ;
; fft16OPT:UUT|complex_mult_twiddle:UUT7|pE_s[-3]       ; Lost fanout                                                       ;
; fft16OPT:UUT|complex_mult_twiddle:UUT7|pD_s[-4]       ; Lost fanout                                                       ;
; fft16OPT:UUT|complex_mult_twiddle:UUT7|pE_s[-4]       ; Lost fanout                                                       ;
; fft16OPT:UUT|complex_mult_twiddle:UUT7|pD_s[-5]       ; Lost fanout                                                       ;
; fft16OPT:UUT|complex_mult_twiddle:UUT7|pE_s[-5]       ; Lost fanout                                                       ;
; fft16OPT:UUT|complex_mult_twiddle:UUT7|pD_s[-6]       ; Lost fanout                                                       ;
; fft16OPT:UUT|complex_mult_twiddle:UUT7|pE_s[-6]       ; Lost fanout                                                       ;
; fft16OPT:UUT|complex_mult_twiddle:UUT7|pD_s[-7]       ; Lost fanout                                                       ;
; fft16OPT:UUT|complex_mult_twiddle:UUT7|pE_s[-7]       ; Lost fanout                                                       ;
; fft16OPT:UUT|complex_mult_twiddle:UUT7|pD_s[-8]       ; Lost fanout                                                       ;
; fft16OPT:UUT|complex_mult_twiddle:UUT7|pE_s[-8]       ; Lost fanout                                                       ;
; fft16OPT:UUT|complex_mult_twiddle:UUT7|pD_s[-9]       ; Lost fanout                                                       ;
; fft16OPT:UUT|complex_mult_twiddle:UUT7|pE_s[-9]       ; Lost fanout                                                       ;
; fft16OPT:UUT|complex_mult_twiddle:UUT7|pD_s[-10]      ; Lost fanout                                                       ;
; fft16OPT:UUT|complex_mult_twiddle:UUT7|pE_s[-10]      ; Lost fanout                                                       ;
; fft16OPT:UUT|complex_mult_twiddle:UUT7|pD_s[-11]      ; Lost fanout                                                       ;
; fft16OPT:UUT|complex_mult_twiddle:UUT7|c3Yi_s[-11]    ; Lost fanout                                                       ;
; fft16OPT:UUT|complex_mult_twiddle:UUT7|c3Yr_s[-11]    ; Lost fanout                                                       ;
; fft16OPT:UUT|complex_mult_twiddle:UUT7|c3Yi_s[-10]    ; Lost fanout                                                       ;
; fft16OPT:UUT|complex_mult_twiddle:UUT7|c3Yr_s[-10]    ; Lost fanout                                                       ;
; fft16OPT:UUT|complex_mult_twiddle:UUT7|c3Yi_s[-9]     ; Lost fanout                                                       ;
; fft16OPT:UUT|complex_mult_twiddle:UUT7|c3Yr_s[-9]     ; Lost fanout                                                       ;
; fft16OPT:UUT|complex_mult_twiddle:UUT7|c3Yi_s[-8]     ; Lost fanout                                                       ;
; fft16OPT:UUT|complex_mult_twiddle:UUT7|c3Yr_s[-8]     ; Lost fanout                                                       ;
; fft16OPT:UUT|complex_mult_twiddle:UUT7|c3Yi_s[-7]     ; Lost fanout                                                       ;
; fft16OPT:UUT|complex_mult_twiddle:UUT7|c3Yr_s[-7]     ; Lost fanout                                                       ;
; fft16OPT:UUT|complex_mult_twiddle:UUT7|c3Yi_s[-6]     ; Lost fanout                                                       ;
; fft16OPT:UUT|complex_mult_twiddle:UUT7|c3Yr_s[-6]     ; Lost fanout                                                       ;
; fft16OPT:UUT|complex_mult_twiddle:UUT7|c3Yi_s[-5]     ; Lost fanout                                                       ;
; fft16OPT:UUT|complex_mult_twiddle:UUT7|c3Yr_s[-5]     ; Lost fanout                                                       ;
; fft16OPT:UUT|complex_mult_twiddle:UUT7|c3Yi_s[-4]     ; Lost fanout                                                       ;
; fft16OPT:UUT|complex_mult_twiddle:UUT7|c3Yr_s[-4]     ; Lost fanout                                                       ;
; fft16OPT:UUT|complex_mult_twiddle:UUT7|c3Yi_s[-3]     ; Lost fanout                                                       ;
; fft16OPT:UUT|complex_mult_twiddle:UUT7|c3Yr_s[-3]     ; Lost fanout                                                       ;
; fft16OPT:UUT|complex_mult_twiddle:UUT7|c3Yi_s[-2]     ; Lost fanout                                                       ;
; fft16OPT:UUT|complex_mult_twiddle:UUT7|c3Yr_s[-2]     ; Lost fanout                                                       ;
; fft16OPT:UUT|complex_mult_twiddle:UUT7|c3Yi_s[-1]     ; Lost fanout                                                       ;
; fft16OPT:UUT|complex_mult_twiddle:UUT7|c3Yr_s[-1]     ; Lost fanout                                                       ;
; fft16OPT:UUT|complex_mult_twiddle:UUT7|c3Yi_s[0]      ; Lost fanout                                                       ;
; fft16OPT:UUT|complex_mult_twiddle:UUT7|Yi_sh8_s[-11]  ; Lost fanout                                                       ;
; fft16OPT:UUT|complex_mult_twiddle:UUT7|Yi_sh8_s[-10]  ; Lost fanout                                                       ;
; fft16OPT:UUT|complex_mult_twiddle:UUT7|c3b_Yi_s[-11]  ; Lost fanout                                                       ;
; fft16OPT:UUT|complex_mult_twiddle:UUT7|c3a_Yi_s[-11]  ; Lost fanout                                                       ;
; fft16OPT:UUT|complex_mult_twiddle:UUT7|c3b_Yi_s[-10]  ; Lost fanout                                                       ;
; fft16OPT:UUT|complex_mult_twiddle:UUT7|c3a_Yi_s[-10]  ; Lost fanout                                                       ;
; fft16OPT:UUT|complex_mult_twiddle:UUT7|c3b_Yi_s[-9]   ; Lost fanout                                                       ;
; fft16OPT:UUT|complex_mult_twiddle:UUT7|c3a_Yi_s[-9]   ; Lost fanout                                                       ;
; fft16OPT:UUT|complex_mult_twiddle:UUT7|c3b_Yi_s[-8]   ; Lost fanout                                                       ;
; fft16OPT:UUT|complex_mult_twiddle:UUT7|c3a_Yi_s[-8]   ; Lost fanout                                                       ;
; fft16OPT:UUT|complex_mult_twiddle:UUT7|c3b_Yi_s[-7]   ; Lost fanout                                                       ;
; fft16OPT:UUT|complex_mult_twiddle:UUT7|c3a_Yi_s[-7]   ; Lost fanout                                                       ;
; fft16OPT:UUT|complex_mult_twiddle:UUT7|c3b_Yi_s[-6]   ; Lost fanout                                                       ;
; fft16OPT:UUT|complex_mult_twiddle:UUT7|c3a_Yi_s[-6]   ; Lost fanout                                                       ;
; fft16OPT:UUT|complex_mult_twiddle:UUT7|c3b_Yi_s[-5]   ; Lost fanout                                                       ;
; fft16OPT:UUT|complex_mult_twiddle:UUT7|c3a_Yi_s[-5]   ; Lost fanout                                                       ;
; fft16OPT:UUT|complex_mult_twiddle:UUT7|c3b_Yi_s[-4]   ; Lost fanout                                                       ;
; fft16OPT:UUT|complex_mult_twiddle:UUT7|c3a_Yi_s[-4]   ; Lost fanout                                                       ;
; fft16OPT:UUT|complex_mult_twiddle:UUT7|c3a_Yi_s[-3]   ; Lost fanout                                                       ;
; fft16OPT:UUT|complex_mult_twiddle:UUT7|c3a_Yi_s[-2]   ; Lost fanout                                                       ;
; fft16OPT:UUT|complex_mult_twiddle:UUT7|c3a_Yi_s[-1]   ; Lost fanout                                                       ;
; fft16OPT:UUT|complex_mult_twiddle:UUT7|c3b_Yi_s[0]    ; Lost fanout                                                       ;
; fft16OPT:UUT|complex_mult_twiddle:UUT7|c3a_Yi_s[0]    ; Lost fanout                                                       ;
; fft16OPT:UUT|complex_mult_twiddle:UUT7|Yi_sh8_s[0]    ; Lost fanout                                                       ;
; fft16OPT:UUT|complex_mult_twiddle:UUT7|c3Yr_s[0]      ; Lost fanout                                                       ;
; fft16OPT:UUT|complex_mult_twiddle:UUT7|Yr_sh8_s[-11]  ; Lost fanout                                                       ;
; fft16OPT:UUT|complex_mult_twiddle:UUT7|Yr_sh8_s[-10]  ; Lost fanout                                                       ;
; fft16OPT:UUT|complex_mult_twiddle:UUT7|c3b_Yr_s[-11]  ; Lost fanout                                                       ;
; fft16OPT:UUT|complex_mult_twiddle:UUT7|c3a_Yr_s[-11]  ; Lost fanout                                                       ;
; fft16OPT:UUT|complex_mult_twiddle:UUT7|c3b_Yr_s[-10]  ; Lost fanout                                                       ;
; fft16OPT:UUT|complex_mult_twiddle:UUT7|c3a_Yr_s[-10]  ; Lost fanout                                                       ;
; fft16OPT:UUT|complex_mult_twiddle:UUT7|c3b_Yr_s[-9]   ; Lost fanout                                                       ;
; fft16OPT:UUT|complex_mult_twiddle:UUT7|c3a_Yr_s[-9]   ; Lost fanout                                                       ;
; fft16OPT:UUT|complex_mult_twiddle:UUT7|c3b_Yr_s[-8]   ; Lost fanout                                                       ;
; fft16OPT:UUT|complex_mult_twiddle:UUT7|c3a_Yr_s[-8]   ; Lost fanout                                                       ;
; fft16OPT:UUT|complex_mult_twiddle:UUT7|c3b_Yr_s[-7]   ; Lost fanout                                                       ;
; fft16OPT:UUT|complex_mult_twiddle:UUT7|c3a_Yr_s[-7]   ; Lost fanout                                                       ;
; fft16OPT:UUT|complex_mult_twiddle:UUT7|c3b_Yr_s[-6]   ; Lost fanout                                                       ;
; fft16OPT:UUT|complex_mult_twiddle:UUT7|c3a_Yr_s[-6]   ; Lost fanout                                                       ;
; fft16OPT:UUT|complex_mult_twiddle:UUT7|c3b_Yr_s[-5]   ; Lost fanout                                                       ;
; fft16OPT:UUT|complex_mult_twiddle:UUT7|c3a_Yr_s[-5]   ; Lost fanout                                                       ;
; fft16OPT:UUT|complex_mult_twiddle:UUT7|c3b_Yr_s[-4]   ; Lost fanout                                                       ;
; fft16OPT:UUT|complex_mult_twiddle:UUT7|c3a_Yr_s[-4]   ; Lost fanout                                                       ;
; fft16OPT:UUT|complex_mult_twiddle:UUT7|c3a_Yr_s[-3]   ; Lost fanout                                                       ;
; fft16OPT:UUT|complex_mult_twiddle:UUT7|c3a_Yr_s[-2]   ; Lost fanout                                                       ;
; fft16OPT:UUT|complex_mult_twiddle:UUT7|c3a_Yr_s[-1]   ; Lost fanout                                                       ;
; fft16OPT:UUT|complex_mult_twiddle:UUT7|c3b_Yr_s[0]    ; Lost fanout                                                       ;
; fft16OPT:UUT|complex_mult_twiddle:UUT7|c3a_Yr_s[0]    ; Lost fanout                                                       ;
; fft16OPT:UUT|complex_mult_twiddle:UUT7|Yr_sh8_s[0]    ; Lost fanout                                                       ;
; fft16OPT:UUT|complex_mult_twiddle:UUT7|pE_s[-11]      ; Lost fanout                                                       ;
; fft16OPT:UUT|complex_mult_twiddle:UUT12|Yr_s2[-11]    ; Lost fanout                                                       ;
; fft16OPT:UUT|complex_mult_twiddle:UUT12|Yr_s1b[-11]   ; Lost fanout                                                       ;
; fft16OPT:UUT|complex_mult_twiddle:UUT12|Yr_s1a[-11]   ; Lost fanout                                                       ;
; fft16OPT:UUT|complex_mult_twiddle:UUT12|Yr_s2[-10]    ; Lost fanout                                                       ;
; fft16OPT:UUT|complex_mult_twiddle:UUT12|Yr_s1b[-10]   ; Lost fanout                                                       ;
; fft16OPT:UUT|complex_mult_twiddle:UUT12|Yr_s1a[-10]   ; Lost fanout                                                       ;
; fft16OPT:UUT|complex_mult_twiddle:UUT12|Yr_s2[-9]     ; Lost fanout                                                       ;
; fft16OPT:UUT|complex_mult_twiddle:UUT12|Yr_s1b[-9]    ; Lost fanout                                                       ;
; fft16OPT:UUT|complex_mult_twiddle:UUT12|Yr_s1a[-9]    ; Lost fanout                                                       ;
; fft16OPT:UUT|complex_mult_twiddle:UUT12|Yr_s2[-8]     ; Lost fanout                                                       ;
; fft16OPT:UUT|complex_mult_twiddle:UUT12|Yr_s1b[-8]    ; Lost fanout                                                       ;
; fft16OPT:UUT|complex_mult_twiddle:UUT12|Yr_s1a[-8]    ; Lost fanout                                                       ;
; fft16OPT:UUT|complex_mult_twiddle:UUT12|Yr_s2[-7]     ; Lost fanout                                                       ;
; fft16OPT:UUT|complex_mult_twiddle:UUT12|Yr_s1b[-7]    ; Lost fanout                                                       ;
; fft16OPT:UUT|complex_mult_twiddle:UUT12|Yr_s1a[-7]    ; Lost fanout                                                       ;
; fft16OPT:UUT|complex_mult_twiddle:UUT12|Yr_s2[-6]     ; Lost fanout                                                       ;
; fft16OPT:UUT|complex_mult_twiddle:UUT12|Yr_s1b[-6]    ; Lost fanout                                                       ;
; fft16OPT:UUT|complex_mult_twiddle:UUT12|Yr_s1a[-6]    ; Lost fanout                                                       ;
; fft16OPT:UUT|complex_mult_twiddle:UUT12|Yr_s2[-5]     ; Lost fanout                                                       ;
; fft16OPT:UUT|complex_mult_twiddle:UUT12|Yr_s1b[-5]    ; Lost fanout                                                       ;
; fft16OPT:UUT|complex_mult_twiddle:UUT12|Yr_s1a[-5]    ; Lost fanout                                                       ;
; fft16OPT:UUT|complex_mult_twiddle:UUT12|Yr_s2[-4]     ; Lost fanout                                                       ;
; fft16OPT:UUT|complex_mult_twiddle:UUT12|Yr_s1b[-4]    ; Lost fanout                                                       ;
; fft16OPT:UUT|complex_mult_twiddle:UUT12|Yr_s1a[-4]    ; Lost fanout                                                       ;
; fft16OPT:UUT|complex_mult_twiddle:UUT12|Yr_s2[-3]     ; Lost fanout                                                       ;
; fft16OPT:UUT|complex_mult_twiddle:UUT12|Yr_s1b[-3]    ; Lost fanout                                                       ;
; fft16OPT:UUT|complex_mult_twiddle:UUT12|Yr_s2[-2]     ; Lost fanout                                                       ;
; fft16OPT:UUT|complex_mult_twiddle:UUT12|Yr_s1b[-2]    ; Lost fanout                                                       ;
; fft16OPT:UUT|complex_mult_twiddle:UUT12|Yr_s2[-1]     ; Lost fanout                                                       ;
; fft16OPT:UUT|complex_mult_twiddle:UUT12|Yr_s1b[-1]    ; Lost fanout                                                       ;
; fft16OPT:UUT|complex_mult_twiddle:UUT12|Yr_s2[0]      ; Lost fanout                                                       ;
; fft16OPT:UUT|complex_mult_twiddle:UUT12|Yr_s1b[0]     ; Lost fanout                                                       ;
; fft16OPT:UUT|complex_mult_twiddle:UUT10|Yr_s2[-11]    ; Lost fanout                                                       ;
; fft16OPT:UUT|complex_mult_twiddle:UUT10|Yr_s1b[-11]   ; Lost fanout                                                       ;
; fft16OPT:UUT|complex_mult_twiddle:UUT10|Yr_s1a[-11]   ; Lost fanout                                                       ;
; fft16OPT:UUT|complex_mult_twiddle:UUT10|Yr_s2[-10]    ; Lost fanout                                                       ;
; fft16OPT:UUT|complex_mult_twiddle:UUT10|Yr_s1b[-10]   ; Lost fanout                                                       ;
; fft16OPT:UUT|complex_mult_twiddle:UUT10|Yr_s1a[-10]   ; Lost fanout                                                       ;
; fft16OPT:UUT|complex_mult_twiddle:UUT10|Yr_s2[-9]     ; Lost fanout                                                       ;
; fft16OPT:UUT|complex_mult_twiddle:UUT10|Yr_s1b[-9]    ; Lost fanout                                                       ;
; fft16OPT:UUT|complex_mult_twiddle:UUT10|Yr_s1a[-9]    ; Lost fanout                                                       ;
; fft16OPT:UUT|complex_mult_twiddle:UUT10|Yr_s2[-8]     ; Lost fanout                                                       ;
; fft16OPT:UUT|complex_mult_twiddle:UUT10|Yr_s1b[-8]    ; Lost fanout                                                       ;
; fft16OPT:UUT|complex_mult_twiddle:UUT10|Yr_s1a[-8]    ; Lost fanout                                                       ;
; fft16OPT:UUT|complex_mult_twiddle:UUT10|Yr_s2[-7]     ; Lost fanout                                                       ;
; fft16OPT:UUT|complex_mult_twiddle:UUT10|Yr_s1b[-7]    ; Lost fanout                                                       ;
; fft16OPT:UUT|complex_mult_twiddle:UUT10|Yr_s1a[-7]    ; Lost fanout                                                       ;
; fft16OPT:UUT|complex_mult_twiddle:UUT10|Yr_s2[-6]     ; Lost fanout                                                       ;
; fft16OPT:UUT|complex_mult_twiddle:UUT10|Yr_s1b[-6]    ; Lost fanout                                                       ;
; fft16OPT:UUT|complex_mult_twiddle:UUT10|Yr_s1a[-6]    ; Lost fanout                                                       ;
; fft16OPT:UUT|complex_mult_twiddle:UUT10|Yr_s2[-5]     ; Lost fanout                                                       ;
; fft16OPT:UUT|complex_mult_twiddle:UUT10|Yr_s1b[-5]    ; Lost fanout                                                       ;
; fft16OPT:UUT|complex_mult_twiddle:UUT10|Yr_s1a[-5]    ; Lost fanout                                                       ;
; fft16OPT:UUT|complex_mult_twiddle:UUT10|Yr_s2[-4]     ; Lost fanout                                                       ;
; fft16OPT:UUT|complex_mult_twiddle:UUT10|Yr_s1b[-4]    ; Lost fanout                                                       ;
; fft16OPT:UUT|complex_mult_twiddle:UUT10|Yr_s1a[-4]    ; Lost fanout                                                       ;
; fft16OPT:UUT|complex_mult_twiddle:UUT10|Yr_s2[-3]     ; Lost fanout                                                       ;
; fft16OPT:UUT|complex_mult_twiddle:UUT10|Yr_s1b[-3]    ; Lost fanout                                                       ;
; fft16OPT:UUT|complex_mult_twiddle:UUT10|Yr_s2[-2]     ; Lost fanout                                                       ;
; fft16OPT:UUT|complex_mult_twiddle:UUT10|Yr_s1b[-2]    ; Lost fanout                                                       ;
; fft16OPT:UUT|complex_mult_twiddle:UUT10|Yr_s2[0]      ; Lost fanout                                                       ;
; fft16OPT:UUT|complex_mult_twiddle:UUT10|Yr_s1b[0]     ; Lost fanout                                                       ;
; fft16OPT:UUT|complex_mult_twiddle:UUT6|Er_s3[-11]     ; Merged with fft16OPT:UUT|complex_mult_twiddle:UUT6|Ei_s3[-11]     ;
; fft16OPT:UUT|complex_mult_twiddle:UUT7|c1b_Yi_s[-7]   ; Merged with fft16OPT:UUT|complex_mult_twiddle:UUT7|c1b_Yi_s[-8]   ;
; fft16OPT:UUT|complex_mult_twiddle:UUT7|c1b_Yi_s[0]    ; Merged with fft16OPT:UUT|complex_mult_twiddle:UUT7|c1b_Yi_s[-8]   ;
; fft16OPT:UUT|complex_mult_twiddle:UUT11|c1b_Yr_s[-7]  ; Merged with fft16OPT:UUT|complex_mult_twiddle:UUT11|c1b_Yr_s[-8]  ;
; fft16OPT:UUT|complex_mult_twiddle:UUT11|c1b_Yr_s[0]   ; Merged with fft16OPT:UUT|complex_mult_twiddle:UUT11|c1b_Yr_s[-8]  ;
; fft16OPT:UUT|complex_mult_twiddle:UUT5|c1b_Yr_s[-7]   ; Merged with fft16OPT:UUT|complex_mult_twiddle:UUT5|c1b_Yr_s[-8]   ;
; fft16OPT:UUT|complex_mult_twiddle:UUT5|c1b_Yr_s[0]    ; Merged with fft16OPT:UUT|complex_mult_twiddle:UUT5|c1b_Yr_s[-8]   ;
; fft16OPT:UUT|complex_mult_twiddle:UUT13|c1b_Yi_s[-7]  ; Merged with fft16OPT:UUT|complex_mult_twiddle:UUT13|c1b_Yi_s[-8]  ;
; fft16OPT:UUT|complex_mult_twiddle:UUT13|c1b_Yi_s[0]   ; Merged with fft16OPT:UUT|complex_mult_twiddle:UUT13|c1b_Yi_s[-8]  ;
; fft16OPT:UUT|calc_pot:\gen_pot:7:calc_Z|r2_s[-22]     ; Lost fanout                                                       ;
; fft16OPT:UUT|calc_pot:\gen_pot:7:calc_Z|i2_s[-22]     ; Lost fanout                                                       ;
; fft16OPT:UUT|calc_pot:\gen_pot:6:calc_Z|r2_s[-22]     ; Lost fanout                                                       ;
; fft16OPT:UUT|calc_pot:\gen_pot:6:calc_Z|i2_s[-22]     ; Lost fanout                                                       ;
; fft16OPT:UUT|calc_pot:\gen_pot:5:calc_Z|r2_s[-22]     ; Lost fanout                                                       ;
; fft16OPT:UUT|calc_pot:\gen_pot:5:calc_Z|i2_s[-22]     ; Lost fanout                                                       ;
; fft16OPT:UUT|calc_pot:\gen_pot:4:calc_Z|r2_s[-22]     ; Lost fanout                                                       ;
; fft16OPT:UUT|calc_pot:\gen_pot:4:calc_Z|i2_s[-22]     ; Lost fanout                                                       ;
; fft16OPT:UUT|calc_pot:\gen_pot:3:calc_Z|r2_s[-22]     ; Lost fanout                                                       ;
; fft16OPT:UUT|calc_pot:\gen_pot:3:calc_Z|i2_s[-22]     ; Lost fanout                                                       ;
; fft16OPT:UUT|calc_pot:\gen_pot:2:calc_Z|r2_s[-22]     ; Lost fanout                                                       ;
; fft16OPT:UUT|calc_pot:\gen_pot:2:calc_Z|i2_s[-22]     ; Lost fanout                                                       ;
; fft16OPT:UUT|calc_pot:\gen_pot:1:calc_Z|r2_s[-22]     ; Lost fanout                                                       ;
; fft16OPT:UUT|calc_pot:\gen_pot:1:calc_Z|i2_s[-22]     ; Lost fanout                                                       ;
; Total Number of Removed Registers = 4023              ;                                                                   ;
+-------------------------------------------------------+-------------------------------------------------------------------+


+----------------------------------------------------------------------------------------------------------------------------------------------------------------------+
; Removed Registers Triggering Further Register Optimizations                                                                                                          ;
+----------------------------------------------------+---------------------------+-------------------------------------------------------------------------------------+
; Register name                                      ; Reason for Removal        ; Registers Removed due to This Register                                              ;
+----------------------------------------------------+---------------------------+-------------------------------------------------------------------------------------+
; fft16OPT:UUT|radix4:UUT4|d20_s                     ; Stuck at VCC              ; fft16OPT:UUT|radix4:UUT4|y0i_r[-11], fft16OPT:UUT|radix4:UUT4|y0i_r[-10],           ;
;                                                    ; due to stuck port data_in ; fft16OPT:UUT|radix4:UUT4|y0i_r[-9], fft16OPT:UUT|radix4:UUT4|y0i_r[-8],             ;
;                                                    ;                           ; fft16OPT:UUT|radix4:UUT4|y0i_r[-7], fft16OPT:UUT|radix4:UUT4|y0i_r[-6],             ;
;                                                    ;                           ; fft16OPT:UUT|radix4:UUT4|y0i_r[-5], fft16OPT:UUT|radix4:UUT4|y0i_r[-4],             ;
;                                                    ;                           ; fft16OPT:UUT|radix4:UUT4|y0i_r[-3], fft16OPT:UUT|radix4:UUT4|y0i_r[-2],             ;
;                                                    ;                           ; fft16OPT:UUT|radix4:UUT4|y0i_r[-1], fft16OPT:UUT|radix4:UUT4|y0i_r[0],              ;
;                                                    ;                           ; fft16OPT:UUT|y3i_d[0][-11], fft16OPT:UUT|y3i_d[0][-10], fft16OPT:UUT|y3i_d[0][-9],  ;
;                                                    ;                           ; fft16OPT:UUT|y3i_d[0][-8], fft16OPT:UUT|y3i_d[0][-7], fft16OPT:UUT|y3i_d[0][-6],    ;
;                                                    ;                           ; fft16OPT:UUT|y3i_d[0][-5], fft16OPT:UUT|y3i_d[0][-4], fft16OPT:UUT|y3i_d[0][-3],    ;
;                                                    ;                           ; fft16OPT:UUT|y3i_d[0][-2], fft16OPT:UUT|y3i_d[0][-1], fft16OPT:UUT|y3i_d[0][0],     ;
;                                                    ;                           ; fft16OPT:UUT|y3i_d[1][-11], fft16OPT:UUT|y3i_d[1][-10], fft16OPT:UUT|y3i_d[1][-9],  ;
;                                                    ;                           ; fft16OPT:UUT|y3i_d[1][-8], fft16OPT:UUT|y3i_d[1][-7], fft16OPT:UUT|y3i_d[1][-6],    ;
;                                                    ;                           ; fft16OPT:UUT|y3i_d[1][-5], fft16OPT:UUT|y3i_d[1][-4], fft16OPT:UUT|y3i_d[1][-3],    ;
;                                                    ;                           ; fft16OPT:UUT|y3i_d[1][-2], fft16OPT:UUT|y3i_d[1][-1], fft16OPT:UUT|y3i_d[1][0],     ;
;                                                    ;                           ; fft16OPT:UUT|radix4:UUT4|y2i_r[-11], fft16OPT:UUT|radix4:UUT4|y2i_r[-10],           ;
;                                                    ;                           ; fft16OPT:UUT|radix4:UUT4|y2i_r[-9], fft16OPT:UUT|radix4:UUT4|y2i_r[-8],             ;
;                                                    ;                           ; fft16OPT:UUT|radix4:UUT4|y2i_r[-7], fft16OPT:UUT|radix4:UUT4|y2i_r[-6],             ;
;                                                    ;                           ; fft16OPT:UUT|radix4:UUT4|y2i_r[-5], fft16OPT:UUT|radix4:UUT4|y2i_r[-4],             ;
;                                                    ;                           ; fft16OPT:UUT|radix4:UUT4|y2i_r[-3], fft16OPT:UUT|radix4:UUT4|y2i_r[-2],             ;
;                                                    ;                           ; fft16OPT:UUT|radix4:UUT4|y2i_r[-1], fft16OPT:UUT|radix4:UUT4|y2i_r[0],              ;
;                                                    ;                           ; fft16OPT:UUT|y3i_d[2][-11], fft16OPT:UUT|y3i_d[2][-10], fft16OPT:UUT|y3i_d[2][-9],  ;
;                                                    ;                           ; fft16OPT:UUT|y3i_d[2][-8], fft16OPT:UUT|y3i_d[2][-7], fft16OPT:UUT|y3i_d[2][-6],    ;
;                                                    ;                           ; fft16OPT:UUT|y3i_d[2][-5], fft16OPT:UUT|y3i_d[2][-4], fft16OPT:UUT|y3i_d[2][-3],    ;
;                                                    ;                           ; fft16OPT:UUT|y3i_d[2][-2], fft16OPT:UUT|y3i_d[2][-1], fft16OPT:UUT|y3i_d[2][0],     ;
;                                                    ;                           ; fft16OPT:UUT|complex_mult_twiddle:UUT12|Yi_s1a[0],                                  ;
;                                                    ;                           ; fft16OPT:UUT|complex_mult_twiddle:UUT12|Yi_s1a[-1],                                 ;
;                                                    ;                           ; fft16OPT:UUT|complex_mult_twiddle:UUT12|Yi_s1a[-2],                                 ;
;                                                    ;                           ; fft16OPT:UUT|complex_mult_twiddle:UUT12|Yi_s1a[-3],                                 ;
;                                                    ;                           ; fft16OPT:UUT|complex_mult_twiddle:UUT12|Yi_s1a[-4],                                 ;
;                                                    ;                           ; fft16OPT:UUT|complex_mult_twiddle:UUT12|Yi_s1a[-5],                                 ;
;                                                    ;                           ; fft16OPT:UUT|complex_mult_twiddle:UUT12|Yi_s1a[-6],                                 ;
;                                                    ;                           ; fft16OPT:UUT|complex_mult_twiddle:UUT12|Yi_s1a[-7],                                 ;
;                                                    ;                           ; fft16OPT:UUT|complex_mult_twiddle:UUT12|Yi_s1a[-8],                                 ;
;                                                    ;                           ; fft16OPT:UUT|complex_mult_twiddle:UUT12|Yi_s1a[-9],                                 ;
;                                                    ;                           ; fft16OPT:UUT|complex_mult_twiddle:UUT12|Yi_s1a[-10],                                ;
;                                                    ;                           ; fft16OPT:UUT|complex_mult_twiddle:UUT12|Yi_s1a[-11],                                ;
;                                                    ;                           ; fft16OPT:UUT|complex_mult_twiddle:UUT12|Yi_sh8_s[0],                                ;
;                                                    ;                           ; fft16OPT:UUT|complex_mult_twiddle:UUT12|Yi_sh8_s[-1],                               ;
;                                                    ;                           ; fft16OPT:UUT|complex_mult_twiddle:UUT12|Yi_sh8_s[-2],                               ;
;                                                    ;                           ; fft16OPT:UUT|complex_mult_twiddle:UUT12|Yi_sh8_s[-3],                               ;
;                                                    ;                           ; fft16OPT:UUT|complex_mult_twiddle:UUT12|Yi_sh8_s[-4],                               ;
;                                                    ;                           ; fft16OPT:UUT|complex_mult_twiddle:UUT12|Yi_sh8_s[-5],                               ;
;                                                    ;                           ; fft16OPT:UUT|complex_mult_twiddle:UUT12|Yi_sh8_s[-6],                               ;
;                                                    ;                           ; fft16OPT:UUT|complex_mult_twiddle:UUT12|Yi_sh8_s[-7],                               ;
;                                                    ;                           ; fft16OPT:UUT|complex_mult_twiddle:UUT12|Yi_sh8_s[-8],                               ;
;                                                    ;                           ; fft16OPT:UUT|complex_mult_twiddle:UUT12|Yi_sh8_s[-9],                               ;
;                                                    ;                           ; fft16OPT:UUT|complex_mult_twiddle:UUT12|Yi_sh8_s[-10],                              ;
;                                                    ;                           ; fft16OPT:UUT|complex_mult_twiddle:UUT12|Yi_sh8_s[-11],                              ;
;                                                    ;                           ; fft16OPT:UUT|complex_mult_twiddle:UUT12|Yi_s1b[0],                                  ;
;                                                    ;                           ; fft16OPT:UUT|complex_mult_twiddle:UUT12|Yi_s1b[-1],                                 ;
;                                                    ;                           ; fft16OPT:UUT|complex_mult_twiddle:UUT12|Yi_s1b[-2],                                 ;
;                                                    ;                           ; fft16OPT:UUT|complex_mult_twiddle:UUT12|Yi_s1b[-3],                                 ;
;                                                    ;                           ; fft16OPT:UUT|complex_mult_twiddle:UUT12|Yi_s1b[-4],                                 ;
;                                                    ;                           ; fft16OPT:UUT|complex_mult_twiddle:UUT12|Yi_s1b[-5],                                 ;
;                                                    ;                           ; fft16OPT:UUT|complex_mult_twiddle:UUT12|Yi_s1b[-6],                                 ;
;                                                    ;                           ; fft16OPT:UUT|complex_mult_twiddle:UUT12|Yi_s1b[-7],                                 ;
;                                                    ;                           ; fft16OPT:UUT|complex_mult_twiddle:UUT12|Yi_s1b[-8],                                 ;
;                                                    ;                           ; fft16OPT:UUT|complex_mult_twiddle:UUT12|Yi_s1b[-9],                                 ;
;                                                    ;                           ; fft16OPT:UUT|complex_mult_twiddle:UUT12|Yi_s1b[-10],                                ;
;                                                    ;                           ; fft16OPT:UUT|complex_mult_twiddle:UUT12|Yi_s1b[-11],                                ;
;                                                    ;                           ; fft16OPT:UUT|complex_mult_twiddle:UUT12|Yi_s2[0],                                   ;
;                                                    ;                           ; fft16OPT:UUT|complex_mult_twiddle:UUT12|Yi_s2[-1],                                  ;
;                                                    ;                           ; fft16OPT:UUT|complex_mult_twiddle:UUT12|Yi_s2[-2],                                  ;
;                                                    ;                           ; fft16OPT:UUT|complex_mult_twiddle:UUT12|Yi_s2[-3],                                  ;
;                                                    ;                           ; fft16OPT:UUT|complex_mult_twiddle:UUT12|Yi_s2[-4],                                  ;
;                                                    ;                           ; fft16OPT:UUT|complex_mult_twiddle:UUT12|Yi_s2[-5],                                  ;
;                                                    ;                           ; fft16OPT:UUT|complex_mult_twiddle:UUT12|Yi_s2[-6],                                  ;
;                                                    ;                           ; fft16OPT:UUT|complex_mult_twiddle:UUT12|Yi_s2[-7],                                  ;
;                                                    ;                           ; fft16OPT:UUT|complex_mult_twiddle:UUT12|Yi_s2[-8],                                  ;
;                                                    ;                           ; fft16OPT:UUT|complex_mult_twiddle:UUT12|Yi_s2[-9],                                  ;
;                                                    ;                           ; fft16OPT:UUT|complex_mult_twiddle:UUT12|Yi_s2[-10],                                 ;
;                                                    ;                           ; fft16OPT:UUT|complex_mult_twiddle:UUT12|Yi_s2[-11], fft16OPT:UUT|y3i_d[3][-11],     ;
;                                                    ;                           ; fft16OPT:UUT|y3i_d[3][-10], fft16OPT:UUT|y3i_d[3][-9], fft16OPT:UUT|y3i_d[3][-8],   ;
;                                                    ;                           ; fft16OPT:UUT|y3i_d[3][-7], fft16OPT:UUT|y3i_d[3][-6], fft16OPT:UUT|y3i_d[3][-5],    ;
;                                                    ;                           ; fft16OPT:UUT|y3i_d[3][-4], fft16OPT:UUT|y3i_d[3][-3], fft16OPT:UUT|y3i_d[3][-2],    ;
;                                                    ;                           ; fft16OPT:UUT|y3i_d[3][-1], fft16OPT:UUT|y3i_d[3][0],                                ;
;                                                    ;                           ; fft16OPT:UUT|radix4:UUT14|Z2i_s[-8], fft16OPT:UUT|radix4:UUT14|Z2i_s[-7],           ;
;                                                    ;                           ; fft16OPT:UUT|radix4:UUT14|Z2i_s[-6], fft16OPT:UUT|radix4:UUT14|Z2i_s[-5],           ;
;                                                    ;                           ; fft16OPT:UUT|radix4:UUT14|Z2i_s[-4], fft16OPT:UUT|radix4:UUT14|Z2i_s[-3],           ;
;                                                    ;                           ; fft16OPT:UUT|radix4:UUT14|Z2i_s[-2], fft16OPT:UUT|radix4:UUT14|Z2i_s[-1],           ;
;                                                    ;                           ; fft16OPT:UUT|radix4:UUT14|Z2i_s[0],                                                 ;
;                                                    ;                           ; fft16OPT:UUT|complex_mult_twiddle:UUT12|c3b_Yi_s[-11],                              ;
;                                                    ;                           ; fft16OPT:UUT|radix4:UUT14|Z3i_s[-8], fft16OPT:UUT|radix4:UUT14|Z3i_s[-7],           ;
;                                                    ;                           ; fft16OPT:UUT|radix4:UUT14|Z3i_s[-6], fft16OPT:UUT|radix4:UUT14|Z3i_s[-5],           ;
;                                                    ;                           ; fft16OPT:UUT|radix4:UUT14|Z3i_s[-4], fft16OPT:UUT|radix4:UUT14|Z3i_s[-3],           ;
;                                                    ;                           ; fft16OPT:UUT|radix4:UUT14|Z3i_s[-2], fft16OPT:UUT|radix4:UUT14|Z3i_s[-1],           ;
;                                                    ;                           ; fft16OPT:UUT|radix4:UUT14|Z3i_s[0],                                                 ;
;                                                    ;                           ; fft16OPT:UUT|complex_mult_twiddle:UUT12|c3a_Yi_s[-3],                               ;
;                                                    ;                           ; fft16OPT:UUT|complex_mult_twiddle:UUT12|c3a_Yi_s[-4],                               ;
;                                                    ;                           ; fft16OPT:UUT|complex_mult_twiddle:UUT12|c3a_Yi_s[-5],                               ;
;                                                    ;                           ; fft16OPT:UUT|complex_mult_twiddle:UUT12|c3a_Yi_s[-6],                               ;
;                                                    ;                           ; fft16OPT:UUT|complex_mult_twiddle:UUT12|c3a_Yi_s[-7],                               ;
;                                                    ;                           ; fft16OPT:UUT|complex_mult_twiddle:UUT12|c3a_Yi_s[-8],                               ;
;                                                    ;                           ; fft16OPT:UUT|complex_mult_twiddle:UUT12|c3a_Yi_s[-9],                               ;
;                                                    ;                           ; fft16OPT:UUT|complex_mult_twiddle:UUT12|c3a_Yi_s[-10],                              ;
;                                                    ;                           ; fft16OPT:UUT|complex_mult_twiddle:UUT12|c3a_Yi_s[-11],                              ;
;                                                    ;                           ; fft16OPT:UUT|complex_mult_twiddle:UUT12|c3b_Yi_s[-4],                               ;
;                                                    ;                           ; fft16OPT:UUT|complex_mult_twiddle:UUT12|c3b_Yi_s[-5],                               ;
;                                                    ;                           ; fft16OPT:UUT|complex_mult_twiddle:UUT12|c3b_Yi_s[-6],                               ;
;                                                    ;                           ; fft16OPT:UUT|complex_mult_twiddle:UUT12|c3b_Yi_s[-7],                               ;
;                                                    ;                           ; fft16OPT:UUT|complex_mult_twiddle:UUT12|c3b_Yi_s[-8],                               ;
;                                                    ;                           ; fft16OPT:UUT|complex_mult_twiddle:UUT12|c3b_Yi_s[-9],                               ;
;                                                    ;                           ; fft16OPT:UUT|complex_mult_twiddle:UUT12|c3b_Yi_s[-10],                              ;
;                                                    ;                           ; fft16OPT:UUT|complex_mult_twiddle:UUT12|c3Yi_s[-3],                                 ;
;                                                    ;                           ; fft16OPT:UUT|complex_mult_twiddle:UUT12|c3Yi_s[-4],                                 ;
;                                                    ;                           ; fft16OPT:UUT|complex_mult_twiddle:UUT12|c3Yi_s[-5],                                 ;
;                                                    ;                           ; fft16OPT:UUT|complex_mult_twiddle:UUT12|c3Yi_s[-6],                                 ;
;                                                    ;                           ; fft16OPT:UUT|complex_mult_twiddle:UUT12|c3Yi_s[-7],                                 ;
;                                                    ;                           ; fft16OPT:UUT|complex_mult_twiddle:UUT12|c3Yi_s[-8],                                 ;
;                                                    ;                           ; fft16OPT:UUT|complex_mult_twiddle:UUT12|c3Yi_s[-9],                                 ;
;                                                    ;                           ; fft16OPT:UUT|complex_mult_twiddle:UUT12|c3Yi_s[-10],                                ;
;                                                    ;                           ; fft16OPT:UUT|complex_mult_twiddle:UUT12|c3Yi_s[-11]                                 ;
; fft16OPT:UUT|radix4:UUT3|d20_s                     ; Stuck at VCC              ; fft16OPT:UUT|radix4:UUT3|y0i_r[-11], fft16OPT:UUT|radix4:UUT3|y0i_r[-10],           ;
;                                                    ; due to stuck port data_in ; fft16OPT:UUT|radix4:UUT3|y0i_r[-9], fft16OPT:UUT|radix4:UUT3|y0i_r[-8],             ;
;                                                    ;                           ; fft16OPT:UUT|radix4:UUT3|y0i_r[-7], fft16OPT:UUT|radix4:UUT3|y0i_r[-6],             ;
;                                                    ;                           ; fft16OPT:UUT|radix4:UUT3|y0i_r[-5], fft16OPT:UUT|radix4:UUT3|y0i_r[-4],             ;
;                                                    ;                           ; fft16OPT:UUT|radix4:UUT3|y0i_r[-3], fft16OPT:UUT|radix4:UUT3|y0i_r[-2],             ;
;                                                    ;                           ; fft16OPT:UUT|radix4:UUT3|y0i_r[-1], fft16OPT:UUT|radix4:UUT3|y0i_r[0],              ;
;                                                    ;                           ; fft16OPT:UUT|y2i_d[0][-11], fft16OPT:UUT|y2i_d[0][-10], fft16OPT:UUT|y2i_d[0][-9],  ;
;                                                    ;                           ; fft16OPT:UUT|y2i_d[0][-8], fft16OPT:UUT|y2i_d[0][-7], fft16OPT:UUT|y2i_d[0][-6],    ;
;                                                    ;                           ; fft16OPT:UUT|y2i_d[0][-5], fft16OPT:UUT|y2i_d[0][-4], fft16OPT:UUT|y2i_d[0][-3],    ;
;                                                    ;                           ; fft16OPT:UUT|y2i_d[0][-2], fft16OPT:UUT|y2i_d[0][-1], fft16OPT:UUT|y2i_d[0][0],     ;
;                                                    ;                           ; fft16OPT:UUT|y2i_d[1][-11], fft16OPT:UUT|y2i_d[1][-10], fft16OPT:UUT|y2i_d[1][-9],  ;
;                                                    ;                           ; fft16OPT:UUT|y2i_d[1][-8], fft16OPT:UUT|y2i_d[1][-7], fft16OPT:UUT|y2i_d[1][-6],    ;
;                                                    ;                           ; fft16OPT:UUT|y2i_d[1][-5], fft16OPT:UUT|y2i_d[1][-4], fft16OPT:UUT|y2i_d[1][-3],    ;
;                                                    ;                           ; fft16OPT:UUT|y2i_d[1][-2], fft16OPT:UUT|y2i_d[1][-1], fft16OPT:UUT|y2i_d[1][0],     ;
;                                                    ;                           ; fft16OPT:UUT|radix4:UUT3|y2i_r[-11], fft16OPT:UUT|radix4:UUT3|y2i_r[-10],           ;
;                                                    ;                           ; fft16OPT:UUT|radix4:UUT3|y2i_r[-9], fft16OPT:UUT|radix4:UUT3|y2i_r[-8],             ;
;                                                    ;                           ; fft16OPT:UUT|radix4:UUT3|y2i_r[-7], fft16OPT:UUT|radix4:UUT3|y2i_r[-6],             ;
;                                                    ;                           ; fft16OPT:UUT|radix4:UUT3|y2i_r[-5], fft16OPT:UUT|radix4:UUT3|y2i_r[-4],             ;
;                                                    ;                           ; fft16OPT:UUT|radix4:UUT3|y2i_r[-3], fft16OPT:UUT|radix4:UUT3|y2i_r[-2],             ;
;                                                    ;                           ; fft16OPT:UUT|radix4:UUT3|y2i_r[-1], fft16OPT:UUT|radix4:UUT3|y2i_r[0],              ;
;                                                    ;                           ; fft16OPT:UUT|y2i_d[2][-11], fft16OPT:UUT|y2i_d[2][-10], fft16OPT:UUT|y2i_d[2][-9],  ;
;                                                    ;                           ; fft16OPT:UUT|y2i_d[2][-8], fft16OPT:UUT|y2i_d[2][-7], fft16OPT:UUT|y2i_d[2][-6],    ;
;                                                    ;                           ; fft16OPT:UUT|y2i_d[2][-5], fft16OPT:UUT|y2i_d[2][-4], fft16OPT:UUT|y2i_d[2][-3],    ;
;                                                    ;                           ; fft16OPT:UUT|y2i_d[2][-2], fft16OPT:UUT|y2i_d[2][-1], fft16OPT:UUT|y2i_d[2][0],     ;
;                                                    ;                           ; fft16OPT:UUT|complex_mult_twiddle:UUT9|Yi_s1a[0],                                   ;
;                                                    ;                           ; fft16OPT:UUT|complex_mult_twiddle:UUT9|Yi_s1a[-1],                                  ;
;                                                    ;                           ; fft16OPT:UUT|complex_mult_twiddle:UUT9|Yi_s1a[-2],                                  ;
;                                                    ;                           ; fft16OPT:UUT|complex_mult_twiddle:UUT9|Yi_s1a[-3],                                  ;
;                                                    ;                           ; fft16OPT:UUT|complex_mult_twiddle:UUT9|Yi_s1a[-4],                                  ;
;                                                    ;                           ; fft16OPT:UUT|complex_mult_twiddle:UUT9|Yi_s1a[-5],                                  ;
;                                                    ;                           ; fft16OPT:UUT|complex_mult_twiddle:UUT9|Yi_s1a[-6],                                  ;
;                                                    ;                           ; fft16OPT:UUT|complex_mult_twiddle:UUT9|Yi_s1a[-7],                                  ;
;                                                    ;                           ; fft16OPT:UUT|complex_mult_twiddle:UUT9|Yi_s1a[-8],                                  ;
;                                                    ;                           ; fft16OPT:UUT|complex_mult_twiddle:UUT9|Yi_s1a[-9],                                  ;
;                                                    ;                           ; fft16OPT:UUT|complex_mult_twiddle:UUT9|Yi_s1a[-10],                                 ;
;                                                    ;                           ; fft16OPT:UUT|complex_mult_twiddle:UUT9|Yi_s1a[-11],                                 ;
;                                                    ;                           ; fft16OPT:UUT|complex_mult_twiddle:UUT9|Yi_s1b[0],                                   ;
;                                                    ;                           ; fft16OPT:UUT|complex_mult_twiddle:UUT9|Yi_s1b[-1],                                  ;
;                                                    ;                           ; fft16OPT:UUT|complex_mult_twiddle:UUT9|Yi_s1b[-2],                                  ;
;                                                    ;                           ; fft16OPT:UUT|complex_mult_twiddle:UUT9|Yi_s1b[-3],                                  ;
;                                                    ;                           ; fft16OPT:UUT|complex_mult_twiddle:UUT9|Yi_s1b[-4],                                  ;
;                                                    ;                           ; fft16OPT:UUT|complex_mult_twiddle:UUT9|Yi_s1b[-5],                                  ;
;                                                    ;                           ; fft16OPT:UUT|complex_mult_twiddle:UUT9|Yi_s1b[-6],                                  ;
;                                                    ;                           ; fft16OPT:UUT|complex_mult_twiddle:UUT9|Yi_s1b[-7],                                  ;
;                                                    ;                           ; fft16OPT:UUT|complex_mult_twiddle:UUT9|Yi_s1b[-8],                                  ;
;                                                    ;                           ; fft16OPT:UUT|complex_mult_twiddle:UUT9|Yi_s1b[-9],                                  ;
;                                                    ;                           ; fft16OPT:UUT|complex_mult_twiddle:UUT9|Yi_s1b[-10],                                 ;
;                                                    ;                           ; fft16OPT:UUT|complex_mult_twiddle:UUT9|Yi_s1b[-11],                                 ;
;                                                    ;                           ; fft16OPT:UUT|complex_mult_twiddle:UUT9|Yi_s2[0],                                    ;
;                                                    ;                           ; fft16OPT:UUT|complex_mult_twiddle:UUT9|Yi_s2[-1],                                   ;
;                                                    ;                           ; fft16OPT:UUT|complex_mult_twiddle:UUT9|Yi_s2[-2],                                   ;
;                                                    ;                           ; fft16OPT:UUT|complex_mult_twiddle:UUT9|Yi_s2[-3],                                   ;
;                                                    ;                           ; fft16OPT:UUT|complex_mult_twiddle:UUT9|Yi_s2[-4],                                   ;
;                                                    ;                           ; fft16OPT:UUT|complex_mult_twiddle:UUT9|Yi_s2[-5],                                   ;
;                                                    ;                           ; fft16OPT:UUT|complex_mult_twiddle:UUT9|Yi_s2[-6],                                   ;
;                                                    ;                           ; fft16OPT:UUT|complex_mult_twiddle:UUT9|Yi_s2[-7],                                   ;
;                                                    ;                           ; fft16OPT:UUT|complex_mult_twiddle:UUT9|Yi_s2[-8],                                   ;
;                                                    ;                           ; fft16OPT:UUT|complex_mult_twiddle:UUT9|Yi_s2[-9],                                   ;
;                                                    ;                           ; fft16OPT:UUT|complex_mult_twiddle:UUT9|Yi_s2[-10],                                  ;
;                                                    ;                           ; fft16OPT:UUT|complex_mult_twiddle:UUT9|Yi_s2[-11], fft16OPT:UUT|y2i_d[3][-11],      ;
;                                                    ;                           ; fft16OPT:UUT|y2i_d[3][-10], fft16OPT:UUT|y2i_d[3][-9], fft16OPT:UUT|y2i_d[3][-8],   ;
;                                                    ;                           ; fft16OPT:UUT|y2i_d[3][-7], fft16OPT:UUT|y2i_d[3][-6], fft16OPT:UUT|y2i_d[3][-5],    ;
;                                                    ;                           ; fft16OPT:UUT|y2i_d[3][-4], fft16OPT:UUT|y2i_d[3][-3], fft16OPT:UUT|y2i_d[3][-2],    ;
;                                                    ;                           ; fft16OPT:UUT|y2i_d[3][-1], fft16OPT:UUT|y2i_d[3][0],                                ;
;                                                    ;                           ; fft16OPT:UUT|radix4:UUT14|Z0i_s[-8], fft16OPT:UUT|radix4:UUT14|Z0i_s[-7],           ;
;                                                    ;                           ; fft16OPT:UUT|radix4:UUT14|Z0i_s[-6], fft16OPT:UUT|radix4:UUT14|Z0i_s[-5],           ;
;                                                    ;                           ; fft16OPT:UUT|radix4:UUT14|Z0i_s[-4], fft16OPT:UUT|radix4:UUT14|Z0i_s[-3],           ;
;                                                    ;                           ; fft16OPT:UUT|radix4:UUT14|Z0i_s[-2], fft16OPT:UUT|radix4:UUT14|Z0i_s[-1],           ;
;                                                    ;                           ; fft16OPT:UUT|radix4:UUT14|Z0i_s[0], fft16OPT:UUT|radix4:UUT14|Z1i_s[-8],            ;
;                                                    ;                           ; fft16OPT:UUT|radix4:UUT14|Z1i_s[-7], fft16OPT:UUT|radix4:UUT14|Z1i_s[-6],           ;
;                                                    ;                           ; fft16OPT:UUT|radix4:UUT14|Z1i_s[-5], fft16OPT:UUT|radix4:UUT14|Z1i_s[-4],           ;
;                                                    ;                           ; fft16OPT:UUT|radix4:UUT14|Z1i_s[-3], fft16OPT:UUT|radix4:UUT14|Z1i_s[-2],           ;
;                                                    ;                           ; fft16OPT:UUT|radix4:UUT14|Z1i_s[-1], fft16OPT:UUT|radix4:UUT14|Z1i_s[0]             ;
; fft16OPT:UUT|radix4:UUT1|d20_s                     ; Stuck at VCC              ; fft16OPT:UUT|radix4:UUT1|y0i_r[-11], fft16OPT:UUT|radix4:UUT1|y0i_r[-10],           ;
;                                                    ; due to stuck port data_in ; fft16OPT:UUT|radix4:UUT1|y0i_r[-9], fft16OPT:UUT|radix4:UUT1|y0i_r[-8],             ;
;                                                    ;                           ; fft16OPT:UUT|radix4:UUT1|y0i_r[-7], fft16OPT:UUT|radix4:UUT1|y0i_r[-6],             ;
;                                                    ;                           ; fft16OPT:UUT|radix4:UUT1|y0i_r[-5], fft16OPT:UUT|radix4:UUT1|y0i_r[-4],             ;
;                                                    ;                           ; fft16OPT:UUT|radix4:UUT1|y0i_r[-3], fft16OPT:UUT|radix4:UUT1|y0i_r[-2],             ;
;                                                    ;                           ; fft16OPT:UUT|radix4:UUT1|y0i_r[-1], fft16OPT:UUT|radix4:UUT1|y0i_r[0],              ;
;                                                    ;                           ; fft16OPT:UUT|y0i_d[0][-11], fft16OPT:UUT|y0i_d[0][-10], fft16OPT:UUT|y0i_d[0][-9],  ;
;                                                    ;                           ; fft16OPT:UUT|y0i_d[0][-8], fft16OPT:UUT|y0i_d[0][-7], fft16OPT:UUT|y0i_d[0][-6],    ;
;                                                    ;                           ; fft16OPT:UUT|y0i_d[0][-5], fft16OPT:UUT|y0i_d[0][-4], fft16OPT:UUT|y0i_d[0][-3],    ;
;                                                    ;                           ; fft16OPT:UUT|y0i_d[0][-2], fft16OPT:UUT|y0i_d[0][-1], fft16OPT:UUT|y0i_d[0][0],     ;
;                                                    ;                           ; fft16OPT:UUT|y0i_d[1][-11], fft16OPT:UUT|y0i_d[1][-10], fft16OPT:UUT|y0i_d[1][-9],  ;
;                                                    ;                           ; fft16OPT:UUT|y0i_d[1][-8], fft16OPT:UUT|y0i_d[1][-7], fft16OPT:UUT|y0i_d[1][-6],    ;
;                                                    ;                           ; fft16OPT:UUT|y0i_d[1][-5], fft16OPT:UUT|y0i_d[1][-4], fft16OPT:UUT|y0i_d[1][-3],    ;
;                                                    ;                           ; fft16OPT:UUT|y0i_d[1][-2], fft16OPT:UUT|y0i_d[1][-1], fft16OPT:UUT|y0i_d[1][0],     ;
;                                                    ;                           ; fft16OPT:UUT|radix4:UUT1|y2i_r[-11], fft16OPT:UUT|radix4:UUT1|y2i_r[-10],           ;
;                                                    ;                           ; fft16OPT:UUT|radix4:UUT1|y2i_r[-9], fft16OPT:UUT|radix4:UUT1|y2i_r[-8],             ;
;                                                    ;                           ; fft16OPT:UUT|radix4:UUT1|y2i_r[-7], fft16OPT:UUT|radix4:UUT1|y2i_r[-6],             ;
;                                                    ;                           ; fft16OPT:UUT|radix4:UUT1|y2i_r[-5], fft16OPT:UUT|radix4:UUT1|y2i_r[-4],             ;
;                                                    ;                           ; fft16OPT:UUT|radix4:UUT1|y2i_r[-3], fft16OPT:UUT|radix4:UUT1|y2i_r[-2],             ;
;                                                    ;                           ; fft16OPT:UUT|radix4:UUT1|y2i_r[-1], fft16OPT:UUT|radix4:UUT1|y2i_r[0],              ;
;                                                    ;                           ; fft16OPT:UUT|y8i_d[0][-11], fft16OPT:UUT|y8i_d[0][-10], fft16OPT:UUT|y8i_d[0][-9],  ;
;                                                    ;                           ; fft16OPT:UUT|y8i_d[0][-8], fft16OPT:UUT|y8i_d[0][-7], fft16OPT:UUT|y8i_d[0][-6],    ;
;                                                    ;                           ; fft16OPT:UUT|y8i_d[0][-5], fft16OPT:UUT|y8i_d[0][-4], fft16OPT:UUT|y8i_d[0][-3],    ;
;                                                    ;                           ; fft16OPT:UUT|y8i_d[0][-2], fft16OPT:UUT|y8i_d[0][-1], fft16OPT:UUT|y8i_d[0][0],     ;
;                                                    ;                           ; fft16OPT:UUT|y0i_d[2][-11], fft16OPT:UUT|y0i_d[2][-10], fft16OPT:UUT|y0i_d[2][-9],  ;
;                                                    ;                           ; fft16OPT:UUT|y0i_d[2][-8], fft16OPT:UUT|y0i_d[2][-7], fft16OPT:UUT|y0i_d[2][-6],    ;
;                                                    ;                           ; fft16OPT:UUT|y0i_d[2][-5], fft16OPT:UUT|y0i_d[2][-4], fft16OPT:UUT|y0i_d[2][-3],    ;
;                                                    ;                           ; fft16OPT:UUT|y0i_d[2][-2], fft16OPT:UUT|y0i_d[2][-1], fft16OPT:UUT|y0i_d[2][0],     ;
;                                                    ;                           ; fft16OPT:UUT|y8i_d[1][-11], fft16OPT:UUT|y8i_d[1][-10], fft16OPT:UUT|y8i_d[1][-9],  ;
;                                                    ;                           ; fft16OPT:UUT|y8i_d[1][-8], fft16OPT:UUT|y8i_d[1][-7], fft16OPT:UUT|y8i_d[1][-6],    ;
;                                                    ;                           ; fft16OPT:UUT|y8i_d[1][-5], fft16OPT:UUT|y8i_d[1][-4], fft16OPT:UUT|y8i_d[1][-3],    ;
;                                                    ;                           ; fft16OPT:UUT|y8i_d[1][-2], fft16OPT:UUT|y8i_d[1][-1], fft16OPT:UUT|y8i_d[1][0],     ;
;                                                    ;                           ; fft16OPT:UUT|y0i_d[3][-11], fft16OPT:UUT|y0i_d[3][-10], fft16OPT:UUT|y0i_d[3][-9],  ;
;                                                    ;                           ; fft16OPT:UUT|y0i_d[3][-8], fft16OPT:UUT|y0i_d[3][-7], fft16OPT:UUT|y0i_d[3][-6],    ;
;                                                    ;                           ; fft16OPT:UUT|y0i_d[3][-5], fft16OPT:UUT|y0i_d[3][-4], fft16OPT:UUT|y0i_d[3][-3],    ;
;                                                    ;                           ; fft16OPT:UUT|y0i_d[3][-2], fft16OPT:UUT|y0i_d[3][-1], fft16OPT:UUT|y0i_d[3][0],     ;
;                                                    ;                           ; fft16OPT:UUT|y8i_d[2][-11], fft16OPT:UUT|y8i_d[2][-10], fft16OPT:UUT|y8i_d[2][-9],  ;
;                                                    ;                           ; fft16OPT:UUT|y8i_d[2][-8], fft16OPT:UUT|y8i_d[2][-7], fft16OPT:UUT|y8i_d[2][-6],    ;
;                                                    ;                           ; fft16OPT:UUT|y8i_d[2][-5], fft16OPT:UUT|y8i_d[2][-4], fft16OPT:UUT|y8i_d[2][-3],    ;
;                                                    ;                           ; fft16OPT:UUT|y8i_d[2][-2], fft16OPT:UUT|y8i_d[2][-1], fft16OPT:UUT|y8i_d[2][0],     ;
;                                                    ;                           ; fft16OPT:UUT|y8i_d[3][-11], fft16OPT:UUT|y8i_d[3][-10], fft16OPT:UUT|y8i_d[3][-9],  ;
;                                                    ;                           ; fft16OPT:UUT|y8i_d[3][-8], fft16OPT:UUT|y8i_d[3][-7], fft16OPT:UUT|y8i_d[3][-6],    ;
;                                                    ;                           ; fft16OPT:UUT|y8i_d[3][-5], fft16OPT:UUT|y8i_d[3][-4], fft16OPT:UUT|y8i_d[3][-3],    ;
;                                                    ;                           ; fft16OPT:UUT|y8i_d[3][-2], fft16OPT:UUT|y8i_d[3][-1], fft16OPT:UUT|y8i_d[3][0]      ;
; fft16OPT:UUT|radix4:UUT2|d20_s                     ; Stuck at VCC              ; fft16OPT:UUT|radix4:UUT2|y0i_r[-11], fft16OPT:UUT|radix4:UUT2|y0i_r[-10],           ;
;                                                    ; due to stuck port data_in ; fft16OPT:UUT|radix4:UUT2|y0i_r[-9], fft16OPT:UUT|radix4:UUT2|y0i_r[-8],             ;
;                                                    ;                           ; fft16OPT:UUT|radix4:UUT2|y0i_r[-7], fft16OPT:UUT|radix4:UUT2|y0i_r[-6],             ;
;                                                    ;                           ; fft16OPT:UUT|radix4:UUT2|y0i_r[-5], fft16OPT:UUT|radix4:UUT2|y0i_r[-4],             ;
;                                                    ;                           ; fft16OPT:UUT|radix4:UUT2|y0i_r[-3], fft16OPT:UUT|radix4:UUT2|y0i_r[-2],             ;
;                                                    ;                           ; fft16OPT:UUT|radix4:UUT2|y0i_r[-1], fft16OPT:UUT|radix4:UUT2|y0i_r[0],              ;
;                                                    ;                           ; fft16OPT:UUT|y1i_d[0][-11], fft16OPT:UUT|y1i_d[0][-10], fft16OPT:UUT|y1i_d[0][-9],  ;
;                                                    ;                           ; fft16OPT:UUT|y1i_d[0][-8], fft16OPT:UUT|y1i_d[0][-7], fft16OPT:UUT|y1i_d[0][-6],    ;
;                                                    ;                           ; fft16OPT:UUT|y1i_d[0][-5], fft16OPT:UUT|y1i_d[0][-4], fft16OPT:UUT|y1i_d[0][-3],    ;
;                                                    ;                           ; fft16OPT:UUT|y1i_d[0][-2], fft16OPT:UUT|y1i_d[0][-1], fft16OPT:UUT|y1i_d[0][0],     ;
;                                                    ;                           ; fft16OPT:UUT|y1i_d[1][-11], fft16OPT:UUT|y1i_d[1][-10], fft16OPT:UUT|y1i_d[1][-9],  ;
;                                                    ;                           ; fft16OPT:UUT|y1i_d[1][-8], fft16OPT:UUT|y1i_d[1][-7], fft16OPT:UUT|y1i_d[1][-6],    ;
;                                                    ;                           ; fft16OPT:UUT|y1i_d[1][-5], fft16OPT:UUT|y1i_d[1][-4], fft16OPT:UUT|y1i_d[1][-3],    ;
;                                                    ;                           ; fft16OPT:UUT|y1i_d[1][-2], fft16OPT:UUT|y1i_d[1][-1], fft16OPT:UUT|y1i_d[1][0],     ;
;                                                    ;                           ; fft16OPT:UUT|radix4:UUT2|y2i_r[-11], fft16OPT:UUT|radix4:UUT2|y2i_r[-10],           ;
;                                                    ;                           ; fft16OPT:UUT|radix4:UUT2|y2i_r[-9], fft16OPT:UUT|radix4:UUT2|y2i_r[-8],             ;
;                                                    ;                           ; fft16OPT:UUT|radix4:UUT2|y2i_r[-7], fft16OPT:UUT|radix4:UUT2|y2i_r[-6],             ;
;                                                    ;                           ; fft16OPT:UUT|radix4:UUT2|y2i_r[-5], fft16OPT:UUT|radix4:UUT2|y2i_r[-4],             ;
;                                                    ;                           ; fft16OPT:UUT|radix4:UUT2|y2i_r[-3], fft16OPT:UUT|radix4:UUT2|y2i_r[-2],             ;
;                                                    ;                           ; fft16OPT:UUT|radix4:UUT2|y2i_r[-1], fft16OPT:UUT|radix4:UUT2|y2i_r[0],              ;
;                                                    ;                           ; fft16OPT:UUT|y1i_d[2][-11], fft16OPT:UUT|y1i_d[2][-10], fft16OPT:UUT|y1i_d[2][-9],  ;
;                                                    ;                           ; fft16OPT:UUT|y1i_d[2][-8], fft16OPT:UUT|y1i_d[2][-7], fft16OPT:UUT|y1i_d[2][-6],    ;
;                                                    ;                           ; fft16OPT:UUT|y1i_d[2][-5], fft16OPT:UUT|y1i_d[2][-4], fft16OPT:UUT|y1i_d[2][-3],    ;
;                                                    ;                           ; fft16OPT:UUT|y1i_d[2][-2], fft16OPT:UUT|y1i_d[2][-1], fft16OPT:UUT|y1i_d[2][0],     ;
;                                                    ;                           ; fft16OPT:UUT|complex_mult_twiddle:UUT6|Yi_sh8_s[0],                                 ;
;                                                    ;                           ; fft16OPT:UUT|complex_mult_twiddle:UUT6|Yi_sh8_s[-1],                                ;
;                                                    ;                           ; fft16OPT:UUT|complex_mult_twiddle:UUT6|Yi_sh8_s[-2],                                ;
;                                                    ;                           ; fft16OPT:UUT|complex_mult_twiddle:UUT6|Yi_sh8_s[-3],                                ;
;                                                    ;                           ; fft16OPT:UUT|complex_mult_twiddle:UUT6|Yi_sh8_s[-4],                                ;
;                                                    ;                           ; fft16OPT:UUT|complex_mult_twiddle:UUT6|Yi_sh8_s[-5],                                ;
;                                                    ;                           ; fft16OPT:UUT|complex_mult_twiddle:UUT6|Yi_sh8_s[-6],                                ;
;                                                    ;                           ; fft16OPT:UUT|complex_mult_twiddle:UUT6|Yi_sh8_s[-7],                                ;
;                                                    ;                           ; fft16OPT:UUT|complex_mult_twiddle:UUT6|Yi_sh8_s[-8],                                ;
;                                                    ;                           ; fft16OPT:UUT|complex_mult_twiddle:UUT6|Yi_sh8_s[-9],                                ;
;                                                    ;                           ; fft16OPT:UUT|complex_mult_twiddle:UUT6|Yi_sh8_s[-10],                               ;
;                                                    ;                           ; fft16OPT:UUT|complex_mult_twiddle:UUT6|Yi_sh8_s[-11], fft16OPT:UUT|y1i_d[3][-11],   ;
;                                                    ;                           ; fft16OPT:UUT|y1i_d[3][-10], fft16OPT:UUT|y1i_d[3][-9], fft16OPT:UUT|y1i_d[3][-8],   ;
;                                                    ;                           ; fft16OPT:UUT|y1i_d[3][-7], fft16OPT:UUT|y1i_d[3][-6], fft16OPT:UUT|y1i_d[3][-5],    ;
;                                                    ;                           ; fft16OPT:UUT|y1i_d[3][-4], fft16OPT:UUT|y1i_d[3][-3], fft16OPT:UUT|y1i_d[3][-2],    ;
;                                                    ;                           ; fft16OPT:UUT|y1i_d[3][-1], fft16OPT:UUT|y1i_d[3][0],                                ;
;                                                    ;                           ; fft16OPT:UUT|complex_mult_twiddle:UUT6|c3b_Yi_s[-11],                               ;
;                                                    ;                           ; fft16OPT:UUT|complex_mult_twiddle:UUT6|c3a_Yi_s[-3],                                ;
;                                                    ;                           ; fft16OPT:UUT|complex_mult_twiddle:UUT6|c3a_Yi_s[-4],                                ;
;                                                    ;                           ; fft16OPT:UUT|complex_mult_twiddle:UUT6|c3a_Yi_s[-5],                                ;
;                                                    ;                           ; fft16OPT:UUT|complex_mult_twiddle:UUT6|c3a_Yi_s[-6],                                ;
;                                                    ;                           ; fft16OPT:UUT|complex_mult_twiddle:UUT6|c3a_Yi_s[-7],                                ;
;                                                    ;                           ; fft16OPT:UUT|complex_mult_twiddle:UUT6|c3a_Yi_s[-8],                                ;
;                                                    ;                           ; fft16OPT:UUT|complex_mult_twiddle:UUT6|c3a_Yi_s[-9],                                ;
;                                                    ;                           ; fft16OPT:UUT|complex_mult_twiddle:UUT6|c3a_Yi_s[-10],                               ;
;                                                    ;                           ; fft16OPT:UUT|complex_mult_twiddle:UUT6|c3a_Yi_s[-11],                               ;
;                                                    ;                           ; fft16OPT:UUT|complex_mult_twiddle:UUT6|c3b_Yi_s[-4],                                ;
;                                                    ;                           ; fft16OPT:UUT|complex_mult_twiddle:UUT6|c3b_Yi_s[-5],                                ;
;                                                    ;                           ; fft16OPT:UUT|complex_mult_twiddle:UUT6|c3b_Yi_s[-6],                                ;
;                                                    ;                           ; fft16OPT:UUT|complex_mult_twiddle:UUT6|c3b_Yi_s[-7],                                ;
;                                                    ;                           ; fft16OPT:UUT|complex_mult_twiddle:UUT6|c3b_Yi_s[-8],                                ;
;                                                    ;                           ; fft16OPT:UUT|complex_mult_twiddle:UUT6|c3b_Yi_s[-9],                                ;
;                                                    ;                           ; fft16OPT:UUT|complex_mult_twiddle:UUT6|c3b_Yi_s[-10],                               ;
;                                                    ;                           ; fft16OPT:UUT|complex_mult_twiddle:UUT6|c3Yi_s[-3],                                  ;
;                                                    ;                           ; fft16OPT:UUT|complex_mult_twiddle:UUT6|c3Yi_s[-4],                                  ;
;                                                    ;                           ; fft16OPT:UUT|complex_mult_twiddle:UUT6|c3Yi_s[-5],                                  ;
;                                                    ;                           ; fft16OPT:UUT|complex_mult_twiddle:UUT6|c3Yi_s[-6],                                  ;
;                                                    ;                           ; fft16OPT:UUT|complex_mult_twiddle:UUT6|c3Yi_s[-7],                                  ;
;                                                    ;                           ; fft16OPT:UUT|complex_mult_twiddle:UUT6|c3Yi_s[-8],                                  ;
;                                                    ;                           ; fft16OPT:UUT|complex_mult_twiddle:UUT6|c3Yi_s[-9],                                  ;
;                                                    ;                           ; fft16OPT:UUT|complex_mult_twiddle:UUT6|c3Yi_s[-10],                                 ;
;                                                    ;                           ; fft16OPT:UUT|complex_mult_twiddle:UUT6|c3Yi_s[-11]                                  ;
; fft16OPT:UUT|radix4:UUT14|d20_s                    ; Stuck at VCC              ; fft16OPT:UUT|radix4:UUT14|y0i_r[-11], fft16OPT:UUT|radix4:UUT14|y0i_r[-10],         ;
;                                                    ; due to stuck port data_in ; fft16OPT:UUT|radix4:UUT14|y0i_r[-9], fft16OPT:UUT|radix4:UUT14|y0i_r[-8],           ;
;                                                    ;                           ; fft16OPT:UUT|radix4:UUT14|y0i_r[-7], fft16OPT:UUT|radix4:UUT14|y0i_r[-6],           ;
;                                                    ;                           ; fft16OPT:UUT|radix4:UUT14|y0i_r[-5], fft16OPT:UUT|radix4:UUT14|y0i_r[-4],           ;
;                                                    ;                           ; fft16OPT:UUT|radix4:UUT14|y0i_r[-3], fft16OPT:UUT|radix4:UUT14|y0i_r[-2],           ;
;                                                    ;                           ; fft16OPT:UUT|radix4:UUT14|y0i_r[-1], fft16OPT:UUT|radix4:UUT14|y0i_r[0],            ;
;                                                    ;                           ; fft16OPT:UUT|radix4:UUT14|y2i_r[-11], fft16OPT:UUT|radix4:UUT14|y2i_r[-10],         ;
;                                                    ;                           ; fft16OPT:UUT|radix4:UUT14|y2i_r[-9], fft16OPT:UUT|radix4:UUT14|y2i_r[-8],           ;
;                                                    ;                           ; fft16OPT:UUT|radix4:UUT14|y2i_r[-7], fft16OPT:UUT|radix4:UUT14|y2i_r[-6],           ;
;                                                    ;                           ; fft16OPT:UUT|radix4:UUT14|y2i_r[-5], fft16OPT:UUT|radix4:UUT14|y2i_r[-4],           ;
;                                                    ;                           ; fft16OPT:UUT|radix4:UUT14|y2i_r[-3], fft16OPT:UUT|radix4:UUT14|y2i_r[-2],           ;
;                                                    ;                           ; fft16OPT:UUT|radix4:UUT14|y2i_r[-1], fft16OPT:UUT|radix4:UUT14|y2i_r[0],            ;
;                                                    ;                           ; fft16OPT:UUT|calc_pot:\gen_pot:0:calc_Z|i2_s[-7],                                   ;
;                                                    ;                           ; fft16OPT:UUT|calc_pot:\gen_pot:0:calc_Z|i2_s[-8],                                   ;
;                                                    ;                           ; fft16OPT:UUT|calc_pot:\gen_pot:0:calc_Z|i2_s[-6],                                   ;
;                                                    ;                           ; fft16OPT:UUT|calc_pot:\gen_pot:0:calc_Z|i2_s[-5],                                   ;
;                                                    ;                           ; fft16OPT:UUT|calc_pot:\gen_pot:0:calc_Z|i2_s[-4],                                   ;
;                                                    ;                           ; fft16OPT:UUT|calc_pot:\gen_pot:0:calc_Z|i2_s[-3],                                   ;
;                                                    ;                           ; fft16OPT:UUT|calc_pot:\gen_pot:0:calc_Z|i2_s[-2],                                   ;
;                                                    ;                           ; fft16OPT:UUT|calc_pot:\gen_pot:0:calc_Z|i2_s[-1],                                   ;
;                                                    ;                           ; fft16OPT:UUT|calc_pot:\gen_pot:0:calc_Z|i2_s[0],                                    ;
;                                                    ;                           ; fft16OPT:UUT|calc_pot:\gen_pot:8:calc_Z|r2_s[-22],                                  ;
;                                                    ;                           ; fft16OPT:UUT|calc_pot:\gen_pot:8:calc_Z|r2_s[-20],                                  ;
;                                                    ;                           ; fft16OPT:UUT|calc_pot:\gen_pot:8:calc_Z|r2_s[-19],                                  ;
;                                                    ;                           ; fft16OPT:UUT|calc_pot:\gen_pot:0:calc_Z|r2_s[-22],                                  ;
;                                                    ;                           ; fft16OPT:UUT|calc_pot:\gen_pot:0:calc_Z|r2_s[-20],                                  ;
;                                                    ;                           ; fft16OPT:UUT|calc_pot:\gen_pot:0:calc_Z|r2_s[-19],                                  ;
;                                                    ;                           ; fft16OPT:UUT|calc_pot:\gen_pot:0:calc_Z|r2_s[-18]                                   ;
; fft16OPT:UUT|complex_mult_twiddle:UUT11|pC_s[0]    ; Lost Fanouts              ; fft16OPT:UUT|complex_mult_twiddle:UUT11|c3Yi_s[-11],                                ;
;                                                    ;                           ; fft16OPT:UUT|complex_mult_twiddle:UUT11|c3Yr_s[-11],                                ;
;                                                    ;                           ; fft16OPT:UUT|complex_mult_twiddle:UUT11|c3Yi_s[-10],                                ;
;                                                    ;                           ; fft16OPT:UUT|complex_mult_twiddle:UUT11|c3Yr_s[-10],                                ;
;                                                    ;                           ; fft16OPT:UUT|complex_mult_twiddle:UUT11|c3Yi_s[-9],                                 ;
;                                                    ;                           ; fft16OPT:UUT|complex_mult_twiddle:UUT11|c3Yr_s[-9],                                 ;
;                                                    ;                           ; fft16OPT:UUT|complex_mult_twiddle:UUT11|c3Yi_s[-8],                                 ;
;                                                    ;                           ; fft16OPT:UUT|complex_mult_twiddle:UUT11|c3Yr_s[-8],                                 ;
;                                                    ;                           ; fft16OPT:UUT|complex_mult_twiddle:UUT11|c3Yi_s[-7],                                 ;
;                                                    ;                           ; fft16OPT:UUT|complex_mult_twiddle:UUT11|Yi_sh8_s[-11],                              ;
;                                                    ;                           ; fft16OPT:UUT|complex_mult_twiddle:UUT11|Yi_sh8_s[-10],                              ;
;                                                    ;                           ; fft16OPT:UUT|complex_mult_twiddle:UUT11|Yi_sh8_s[-9],                               ;
;                                                    ;                           ; fft16OPT:UUT|complex_mult_twiddle:UUT11|c3b_Yi_s[-11],                              ;
;                                                    ;                           ; fft16OPT:UUT|complex_mult_twiddle:UUT11|c3a_Yi_s[-11],                              ;
;                                                    ;                           ; fft16OPT:UUT|complex_mult_twiddle:UUT11|c3b_Yi_s[-10],                              ;
;                                                    ;                           ; fft16OPT:UUT|complex_mult_twiddle:UUT11|c3a_Yi_s[-10],                              ;
;                                                    ;                           ; fft16OPT:UUT|complex_mult_twiddle:UUT11|c3b_Yi_s[-9],                               ;
;                                                    ;                           ; fft16OPT:UUT|complex_mult_twiddle:UUT11|c3a_Yi_s[-9],                               ;
;                                                    ;                           ; fft16OPT:UUT|complex_mult_twiddle:UUT11|c3b_Yi_s[-8],                               ;
;                                                    ;                           ; fft16OPT:UUT|complex_mult_twiddle:UUT11|c3a_Yi_s[-8],                               ;
;                                                    ;                           ; fft16OPT:UUT|complex_mult_twiddle:UUT11|Yi_sh8_s[0],                                ;
;                                                    ;                           ; fft16OPT:UUT|complex_mult_twiddle:UUT11|Yr_sh8_s[-11],                              ;
;                                                    ;                           ; fft16OPT:UUT|complex_mult_twiddle:UUT11|Yr_sh8_s[-10],                              ;
;                                                    ;                           ; fft16OPT:UUT|complex_mult_twiddle:UUT11|c3b_Yr_s[-11],                              ;
;                                                    ;                           ; fft16OPT:UUT|complex_mult_twiddle:UUT11|c3a_Yr_s[-11],                              ;
;                                                    ;                           ; fft16OPT:UUT|complex_mult_twiddle:UUT11|c3b_Yr_s[-10],                              ;
;                                                    ;                           ; fft16OPT:UUT|complex_mult_twiddle:UUT11|c3a_Yr_s[-10],                              ;
;                                                    ;                           ; fft16OPT:UUT|complex_mult_twiddle:UUT11|c3b_Yr_s[-9],                               ;
;                                                    ;                           ; fft16OPT:UUT|complex_mult_twiddle:UUT11|c3a_Yr_s[-9],                               ;
;                                                    ;                           ; fft16OPT:UUT|complex_mult_twiddle:UUT11|c3b_Yr_s[-8],                               ;
;                                                    ;                           ; fft16OPT:UUT|complex_mult_twiddle:UUT11|c3a_Yr_s[-8],                               ;
;                                                    ;                           ; fft16OPT:UUT|complex_mult_twiddle:UUT11|Yr_sh8_s[0]                                 ;
; fft16OPT:UUT|complex_mult_twiddle:UUT7|pC_s[0]     ; Lost Fanouts              ; fft16OPT:UUT|complex_mult_twiddle:UUT7|c3Yi_s[-11],                                 ;
;                                                    ;                           ; fft16OPT:UUT|complex_mult_twiddle:UUT7|c3Yr_s[-11],                                 ;
;                                                    ;                           ; fft16OPT:UUT|complex_mult_twiddle:UUT7|c3Yi_s[-10],                                 ;
;                                                    ;                           ; fft16OPT:UUT|complex_mult_twiddle:UUT7|c3Yr_s[-10],                                 ;
;                                                    ;                           ; fft16OPT:UUT|complex_mult_twiddle:UUT7|c3Yi_s[-9],                                  ;
;                                                    ;                           ; fft16OPT:UUT|complex_mult_twiddle:UUT7|c3Yr_s[-9],                                  ;
;                                                    ;                           ; fft16OPT:UUT|complex_mult_twiddle:UUT7|c3Yi_s[-8],                                  ;
;                                                    ;                           ; fft16OPT:UUT|complex_mult_twiddle:UUT7|c3Yr_s[-8],                                  ;
;                                                    ;                           ; fft16OPT:UUT|complex_mult_twiddle:UUT7|c3Yi_s[-7],                                  ;
;                                                    ;                           ; fft16OPT:UUT|complex_mult_twiddle:UUT7|Yi_sh8_s[-11],                               ;
;                                                    ;                           ; fft16OPT:UUT|complex_mult_twiddle:UUT7|Yi_sh8_s[-10],                               ;
;                                                    ;                           ; fft16OPT:UUT|complex_mult_twiddle:UUT7|c3b_Yi_s[-11],                               ;
;                                                    ;                           ; fft16OPT:UUT|complex_mult_twiddle:UUT7|c3a_Yi_s[-11],                               ;
;                                                    ;                           ; fft16OPT:UUT|complex_mult_twiddle:UUT7|c3b_Yi_s[-10],                               ;
;                                                    ;                           ; fft16OPT:UUT|complex_mult_twiddle:UUT7|c3a_Yi_s[-10],                               ;
;                                                    ;                           ; fft16OPT:UUT|complex_mult_twiddle:UUT7|c3b_Yi_s[-9],                                ;
;                                                    ;                           ; fft16OPT:UUT|complex_mult_twiddle:UUT7|c3a_Yi_s[-9],                                ;
;                                                    ;                           ; fft16OPT:UUT|complex_mult_twiddle:UUT7|c3b_Yi_s[-8],                                ;
;                                                    ;                           ; fft16OPT:UUT|complex_mult_twiddle:UUT7|c3a_Yi_s[-8],                                ;
;                                                    ;                           ; fft16OPT:UUT|complex_mult_twiddle:UUT7|Yi_sh8_s[0],                                 ;
;                                                    ;                           ; fft16OPT:UUT|complex_mult_twiddle:UUT7|Yr_sh8_s[-11],                               ;
;                                                    ;                           ; fft16OPT:UUT|complex_mult_twiddle:UUT7|Yr_sh8_s[-10],                               ;
;                                                    ;                           ; fft16OPT:UUT|complex_mult_twiddle:UUT7|c3b_Yr_s[-11],                               ;
;                                                    ;                           ; fft16OPT:UUT|complex_mult_twiddle:UUT7|c3a_Yr_s[-11],                               ;
;                                                    ;                           ; fft16OPT:UUT|complex_mult_twiddle:UUT7|c3b_Yr_s[-10],                               ;
;                                                    ;                           ; fft16OPT:UUT|complex_mult_twiddle:UUT7|c3a_Yr_s[-10],                               ;
;                                                    ;                           ; fft16OPT:UUT|complex_mult_twiddle:UUT7|c3b_Yr_s[-9],                                ;
;                                                    ;                           ; fft16OPT:UUT|complex_mult_twiddle:UUT7|c3a_Yr_s[-9],                                ;
;                                                    ;                           ; fft16OPT:UUT|complex_mult_twiddle:UUT7|c3b_Yr_s[-8],                                ;
;                                                    ;                           ; fft16OPT:UUT|complex_mult_twiddle:UUT7|c3a_Yr_s[-8],                                ;
;                                                    ;                           ; fft16OPT:UUT|complex_mult_twiddle:UUT7|Yr_sh8_s[0]                                  ;
; fft16OPT:UUT|complex_mult_twiddle:UUT9|pF_s[0]     ; Lost Fanouts              ; fft16OPT:UUT|complex_mult_twiddle:UUT9|c2Yr_s[0],                                   ;
;                                                    ;                           ; fft16OPT:UUT|complex_mult_twiddle:UUT9|c2Yr_s[-1],                                  ;
;                                                    ;                           ; fft16OPT:UUT|complex_mult_twiddle:UUT9|c2Yr_s[-2],                                  ;
;                                                    ;                           ; fft16OPT:UUT|complex_mult_twiddle:UUT9|c2Yr_s[-3],                                  ;
;                                                    ;                           ; fft16OPT:UUT|complex_mult_twiddle:UUT9|c2Yr_s[-4],                                  ;
;                                                    ;                           ; fft16OPT:UUT|complex_mult_twiddle:UUT9|c2Yr_s[-5],                                  ;
;                                                    ;                           ; fft16OPT:UUT|complex_mult_twiddle:UUT9|c2Yr_s[-6],                                  ;
;                                                    ;                           ; fft16OPT:UUT|complex_mult_twiddle:UUT9|c2a_Yr_s[0],                                 ;
;                                                    ;                           ; fft16OPT:UUT|complex_mult_twiddle:UUT9|c2a_Yr_s[-1],                                ;
;                                                    ;                           ; fft16OPT:UUT|complex_mult_twiddle:UUT9|c2a_Yr_s[-2],                                ;
;                                                    ;                           ; fft16OPT:UUT|complex_mult_twiddle:UUT9|c2a_Yr_s[-3],                                ;
;                                                    ;                           ; fft16OPT:UUT|complex_mult_twiddle:UUT9|c2a_Yr_s[-4],                                ;
;                                                    ;                           ; fft16OPT:UUT|complex_mult_twiddle:UUT9|c2a_Yr_s[-5],                                ;
;                                                    ;                           ; fft16OPT:UUT|complex_mult_twiddle:UUT9|c2a_Yr_s[-6]                                 ;
; fft16OPT:UUT|complex_mult_twiddle:UUT6|pB_s[0]     ; Lost Fanouts              ; fft16OPT:UUT|complex_mult_twiddle:UUT6|c1Yr_s[0],                                   ;
;                                                    ;                           ; fft16OPT:UUT|complex_mult_twiddle:UUT6|c1Yr_s[-1],                                  ;
;                                                    ;                           ; fft16OPT:UUT|complex_mult_twiddle:UUT6|c1Yr_s[-2],                                  ;
;                                                    ;                           ; fft16OPT:UUT|complex_mult_twiddle:UUT6|c1Yr_s[-3],                                  ;
;                                                    ;                           ; fft16OPT:UUT|complex_mult_twiddle:UUT6|c1Yr_s[-4],                                  ;
;                                                    ;                           ; fft16OPT:UUT|complex_mult_twiddle:UUT6|c1Yr_s[-5],                                  ;
;                                                    ;                           ; fft16OPT:UUT|complex_mult_twiddle:UUT6|c1Yr_s[-6],                                  ;
;                                                    ;                           ; fft16OPT:UUT|complex_mult_twiddle:UUT6|c1a_Yr_s[0],                                 ;
;                                                    ;                           ; fft16OPT:UUT|complex_mult_twiddle:UUT6|c1a_Yr_s[-1],                                ;
;                                                    ;                           ; fft16OPT:UUT|complex_mult_twiddle:UUT6|c1a_Yr_s[-2],                                ;
;                                                    ;                           ; fft16OPT:UUT|complex_mult_twiddle:UUT6|c1a_Yr_s[-3],                                ;
;                                                    ;                           ; fft16OPT:UUT|complex_mult_twiddle:UUT6|c1a_Yr_s[-4],                                ;
;                                                    ;                           ; fft16OPT:UUT|complex_mult_twiddle:UUT6|c1a_Yr_s[-5],                                ;
;                                                    ;                           ; fft16OPT:UUT|complex_mult_twiddle:UUT6|c1a_Yr_s[-6]                                 ;
; fft16OPT:UUT|complex_mult_twiddle:UUT12|pB_s[0]    ; Lost Fanouts              ; fft16OPT:UUT|complex_mult_twiddle:UUT12|c1Yr_s[0],                                  ;
;                                                    ;                           ; fft16OPT:UUT|complex_mult_twiddle:UUT12|c1Yr_s[-1],                                 ;
;                                                    ;                           ; fft16OPT:UUT|complex_mult_twiddle:UUT12|c1Yr_s[-2],                                 ;
;                                                    ;                           ; fft16OPT:UUT|complex_mult_twiddle:UUT12|c1Yr_s[-3],                                 ;
;                                                    ;                           ; fft16OPT:UUT|complex_mult_twiddle:UUT12|c1Yr_s[-4],                                 ;
;                                                    ;                           ; fft16OPT:UUT|complex_mult_twiddle:UUT12|c1Yr_s[-5],                                 ;
;                                                    ;                           ; fft16OPT:UUT|complex_mult_twiddle:UUT12|c1Yr_s[-6],                                 ;
;                                                    ;                           ; fft16OPT:UUT|complex_mult_twiddle:UUT12|c1a_Yr_s[0],                                ;
;                                                    ;                           ; fft16OPT:UUT|complex_mult_twiddle:UUT12|c1a_Yr_s[-1],                               ;
;                                                    ;                           ; fft16OPT:UUT|complex_mult_twiddle:UUT12|c1a_Yr_s[-2],                               ;
;                                                    ;                           ; fft16OPT:UUT|complex_mult_twiddle:UUT12|c1a_Yr_s[-3],                               ;
;                                                    ;                           ; fft16OPT:UUT|complex_mult_twiddle:UUT12|c1a_Yr_s[-4],                               ;
;                                                    ;                           ; fft16OPT:UUT|complex_mult_twiddle:UUT12|c1a_Yr_s[-5],                               ;
;                                                    ;                           ; fft16OPT:UUT|complex_mult_twiddle:UUT12|c1a_Yr_s[-6]                                ;
; fft16OPT:UUT|complex_mult_twiddle:UUT12|pF_s[0]    ; Lost Fanouts              ; fft16OPT:UUT|complex_mult_twiddle:UUT12|c2Yr_s[0],                                  ;
;                                                    ;                           ; fft16OPT:UUT|complex_mult_twiddle:UUT12|c2Yr_s[-1],                                 ;
;                                                    ;                           ; fft16OPT:UUT|complex_mult_twiddle:UUT12|c2Yr_s[-2],                                 ;
;                                                    ;                           ; fft16OPT:UUT|complex_mult_twiddle:UUT12|c2Yr_s[-3],                                 ;
;                                                    ;                           ; fft16OPT:UUT|complex_mult_twiddle:UUT12|c2Yr_s[-4],                                 ;
;                                                    ;                           ; fft16OPT:UUT|complex_mult_twiddle:UUT12|c2Yr_s[-5],                                 ;
;                                                    ;                           ; fft16OPT:UUT|complex_mult_twiddle:UUT12|c2Yr_s[-6],                                 ;
;                                                    ;                           ; fft16OPT:UUT|complex_mult_twiddle:UUT12|c2a_Yr_s[0],                                ;
;                                                    ;                           ; fft16OPT:UUT|complex_mult_twiddle:UUT12|c2a_Yr_s[-1],                               ;
;                                                    ;                           ; fft16OPT:UUT|complex_mult_twiddle:UUT12|c2a_Yr_s[-2],                               ;
;                                                    ;                           ; fft16OPT:UUT|complex_mult_twiddle:UUT12|c2a_Yr_s[-3],                               ;
;                                                    ;                           ; fft16OPT:UUT|complex_mult_twiddle:UUT12|c2a_Yr_s[-4],                               ;
;                                                    ;                           ; fft16OPT:UUT|complex_mult_twiddle:UUT12|c2a_Yr_s[-5],                               ;
;                                                    ;                           ; fft16OPT:UUT|complex_mult_twiddle:UUT12|c2a_Yr_s[-6]                                ;
; fft16OPT:UUT|complex_mult_twiddle:UUT8|pB_s[0]     ; Lost Fanouts              ; fft16OPT:UUT|complex_mult_twiddle:UUT8|c1Yr_s[0],                                   ;
;                                                    ;                           ; fft16OPT:UUT|complex_mult_twiddle:UUT8|c1Yr_s[-1],                                  ;
;                                                    ;                           ; fft16OPT:UUT|complex_mult_twiddle:UUT8|c1Yr_s[-2],                                  ;
;                                                    ;                           ; fft16OPT:UUT|complex_mult_twiddle:UUT8|c1Yr_s[-3],                                  ;
;                                                    ;                           ; fft16OPT:UUT|complex_mult_twiddle:UUT8|c1Yr_s[-4],                                  ;
;                                                    ;                           ; fft16OPT:UUT|complex_mult_twiddle:UUT8|c1Yr_s[-5],                                  ;
;                                                    ;                           ; fft16OPT:UUT|complex_mult_twiddle:UUT8|c1Yr_s[-6],                                  ;
;                                                    ;                           ; fft16OPT:UUT|complex_mult_twiddle:UUT8|c1a_Yr_s[0],                                 ;
;                                                    ;                           ; fft16OPT:UUT|complex_mult_twiddle:UUT8|c1a_Yr_s[-1],                                ;
;                                                    ;                           ; fft16OPT:UUT|complex_mult_twiddle:UUT8|c1a_Yr_s[-2],                                ;
;                                                    ;                           ; fft16OPT:UUT|complex_mult_twiddle:UUT8|c1a_Yr_s[-3],                                ;
;                                                    ;                           ; fft16OPT:UUT|complex_mult_twiddle:UUT8|c1a_Yr_s[-4],                                ;
;                                                    ;                           ; fft16OPT:UUT|complex_mult_twiddle:UUT8|c1a_Yr_s[-5],                                ;
;                                                    ;                           ; fft16OPT:UUT|complex_mult_twiddle:UUT8|c1a_Yr_s[-6]                                 ;
; fft16OPT:UUT|complex_mult_twiddle:UUT8|pF_s[0]     ; Lost Fanouts              ; fft16OPT:UUT|complex_mult_twiddle:UUT8|c2Yr_s[0],                                   ;
;                                                    ;                           ; fft16OPT:UUT|complex_mult_twiddle:UUT8|c2Yr_s[-1],                                  ;
;                                                    ;                           ; fft16OPT:UUT|complex_mult_twiddle:UUT8|c2Yr_s[-2],                                  ;
;                                                    ;                           ; fft16OPT:UUT|complex_mult_twiddle:UUT8|c2Yr_s[-3],                                  ;
;                                                    ;                           ; fft16OPT:UUT|complex_mult_twiddle:UUT8|c2Yr_s[-4],                                  ;
;                                                    ;                           ; fft16OPT:UUT|complex_mult_twiddle:UUT8|c2Yr_s[-5],                                  ;
;                                                    ;                           ; fft16OPT:UUT|complex_mult_twiddle:UUT8|c2Yr_s[-6],                                  ;
;                                                    ;                           ; fft16OPT:UUT|complex_mult_twiddle:UUT8|c2a_Yr_s[0],                                 ;
;                                                    ;                           ; fft16OPT:UUT|complex_mult_twiddle:UUT8|c2a_Yr_s[-1],                                ;
;                                                    ;                           ; fft16OPT:UUT|complex_mult_twiddle:UUT8|c2a_Yr_s[-2],                                ;
;                                                    ;                           ; fft16OPT:UUT|complex_mult_twiddle:UUT8|c2a_Yr_s[-3],                                ;
;                                                    ;                           ; fft16OPT:UUT|complex_mult_twiddle:UUT8|c2a_Yr_s[-4],                                ;
;                                                    ;                           ; fft16OPT:UUT|complex_mult_twiddle:UUT8|c2a_Yr_s[-5],                                ;
;                                                    ;                           ; fft16OPT:UUT|complex_mult_twiddle:UUT8|c2a_Yr_s[-6]                                 ;
; fft16OPT:UUT|complex_mult_twiddle:UUT10|pB_s[0]    ; Lost Fanouts              ; fft16OPT:UUT|complex_mult_twiddle:UUT10|c1Yr_s[0],                                  ;
;                                                    ;                           ; fft16OPT:UUT|complex_mult_twiddle:UUT10|c1Yr_s[-1],                                 ;
;                                                    ;                           ; fft16OPT:UUT|complex_mult_twiddle:UUT10|c1Yr_s[-2],                                 ;
;                                                    ;                           ; fft16OPT:UUT|complex_mult_twiddle:UUT10|c1Yr_s[-3],                                 ;
;                                                    ;                           ; fft16OPT:UUT|complex_mult_twiddle:UUT10|c1Yr_s[-4],                                 ;
;                                                    ;                           ; fft16OPT:UUT|complex_mult_twiddle:UUT10|c1Yr_s[-5],                                 ;
;                                                    ;                           ; fft16OPT:UUT|complex_mult_twiddle:UUT10|c1Yr_s[-6],                                 ;
;                                                    ;                           ; fft16OPT:UUT|complex_mult_twiddle:UUT10|c1a_Yr_s[0],                                ;
;                                                    ;                           ; fft16OPT:UUT|complex_mult_twiddle:UUT10|c1a_Yr_s[-1],                               ;
;                                                    ;                           ; fft16OPT:UUT|complex_mult_twiddle:UUT10|c1a_Yr_s[-2],                               ;
;                                                    ;                           ; fft16OPT:UUT|complex_mult_twiddle:UUT10|c1a_Yr_s[-3],                               ;
;                                                    ;                           ; fft16OPT:UUT|complex_mult_twiddle:UUT10|c1a_Yr_s[-4],                               ;
;                                                    ;                           ; fft16OPT:UUT|complex_mult_twiddle:UUT10|c1a_Yr_s[-5],                               ;
;                                                    ;                           ; fft16OPT:UUT|complex_mult_twiddle:UUT10|c1a_Yr_s[-6]                                ;
; fft16OPT:UUT|complex_mult_twiddle:UUT10|pF_s[0]    ; Lost Fanouts              ; fft16OPT:UUT|complex_mult_twiddle:UUT10|c2Yr_s[0],                                  ;
;                                                    ;                           ; fft16OPT:UUT|complex_mult_twiddle:UUT10|c2Yr_s[-1],                                 ;
;                                                    ;                           ; fft16OPT:UUT|complex_mult_twiddle:UUT10|c2Yr_s[-2],                                 ;
;                                                    ;                           ; fft16OPT:UUT|complex_mult_twiddle:UUT10|c2Yr_s[-3],                                 ;
;                                                    ;                           ; fft16OPT:UUT|complex_mult_twiddle:UUT10|c2Yr_s[-4],                                 ;
;                                                    ;                           ; fft16OPT:UUT|complex_mult_twiddle:UUT10|c2Yr_s[-5],                                 ;
;                                                    ;                           ; fft16OPT:UUT|complex_mult_twiddle:UUT10|c2Yr_s[-6],                                 ;
;                                                    ;                           ; fft16OPT:UUT|complex_mult_twiddle:UUT10|c2a_Yr_s[0],                                ;
;                                                    ;                           ; fft16OPT:UUT|complex_mult_twiddle:UUT10|c2a_Yr_s[-1],                               ;
;                                                    ;                           ; fft16OPT:UUT|complex_mult_twiddle:UUT10|c2a_Yr_s[-2],                               ;
;                                                    ;                           ; fft16OPT:UUT|complex_mult_twiddle:UUT10|c2a_Yr_s[-3],                               ;
;                                                    ;                           ; fft16OPT:UUT|complex_mult_twiddle:UUT10|c2a_Yr_s[-4],                               ;
;                                                    ;                           ; fft16OPT:UUT|complex_mult_twiddle:UUT10|c2a_Yr_s[-5],                               ;
;                                                    ;                           ; fft16OPT:UUT|complex_mult_twiddle:UUT10|c2a_Yr_s[-6]                                ;
; fft16OPT:UUT|complex_mult_twiddle:UUT6|pF_s[0]     ; Lost Fanouts              ; fft16OPT:UUT|complex_mult_twiddle:UUT6|c2Yr_s[0],                                   ;
;                                                    ;                           ; fft16OPT:UUT|complex_mult_twiddle:UUT6|c2Yr_s[-1],                                  ;
;                                                    ;                           ; fft16OPT:UUT|complex_mult_twiddle:UUT6|c2Yr_s[-2],                                  ;
;                                                    ;                           ; fft16OPT:UUT|complex_mult_twiddle:UUT6|c2Yr_s[-3],                                  ;
;                                                    ;                           ; fft16OPT:UUT|complex_mult_twiddle:UUT6|c2Yr_s[-4],                                  ;
;                                                    ;                           ; fft16OPT:UUT|complex_mult_twiddle:UUT6|c2Yr_s[-5],                                  ;
;                                                    ;                           ; fft16OPT:UUT|complex_mult_twiddle:UUT6|c2Yr_s[-6],                                  ;
;                                                    ;                           ; fft16OPT:UUT|complex_mult_twiddle:UUT6|c2a_Yr_s[0],                                 ;
;                                                    ;                           ; fft16OPT:UUT|complex_mult_twiddle:UUT6|c2a_Yr_s[-1],                                ;
;                                                    ;                           ; fft16OPT:UUT|complex_mult_twiddle:UUT6|c2a_Yr_s[-2],                                ;
;                                                    ;                           ; fft16OPT:UUT|complex_mult_twiddle:UUT6|c2a_Yr_s[-3],                                ;
;                                                    ;                           ; fft16OPT:UUT|complex_mult_twiddle:UUT6|c2a_Yr_s[-4],                                ;
;                                                    ;                           ; fft16OPT:UUT|complex_mult_twiddle:UUT6|c2a_Yr_s[-5],                                ;
;                                                    ;                           ; fft16OPT:UUT|complex_mult_twiddle:UUT6|c2a_Yr_s[-6]                                 ;
; fft16OPT:UUT|complex_mult_twiddle:UUT9|pB_s[0]     ; Lost Fanouts              ; fft16OPT:UUT|complex_mult_twiddle:UUT9|c1Yr_s[0],                                   ;
;                                                    ;                           ; fft16OPT:UUT|complex_mult_twiddle:UUT9|c1Yr_s[-1],                                  ;
;                                                    ;                           ; fft16OPT:UUT|complex_mult_twiddle:UUT9|c1Yr_s[-2],                                  ;
;                                                    ;                           ; fft16OPT:UUT|complex_mult_twiddle:UUT9|c1Yr_s[-3],                                  ;
;                                                    ;                           ; fft16OPT:UUT|complex_mult_twiddle:UUT9|c1Yr_s[-4],                                  ;
;                                                    ;                           ; fft16OPT:UUT|complex_mult_twiddle:UUT9|c1Yr_s[-5],                                  ;
;                                                    ;                           ; fft16OPT:UUT|complex_mult_twiddle:UUT9|c1Yr_s[-6],                                  ;
;                                                    ;                           ; fft16OPT:UUT|complex_mult_twiddle:UUT9|c1a_Yr_s[0],                                 ;
;                                                    ;                           ; fft16OPT:UUT|complex_mult_twiddle:UUT9|c1a_Yr_s[-1],                                ;
;                                                    ;                           ; fft16OPT:UUT|complex_mult_twiddle:UUT9|c1a_Yr_s[-2],                                ;
;                                                    ;                           ; fft16OPT:UUT|complex_mult_twiddle:UUT9|c1a_Yr_s[-3],                                ;
;                                                    ;                           ; fft16OPT:UUT|complex_mult_twiddle:UUT9|c1a_Yr_s[-4],                                ;
;                                                    ;                           ; fft16OPT:UUT|complex_mult_twiddle:UUT9|c1a_Yr_s[-5],                                ;
;                                                    ;                           ; fft16OPT:UUT|complex_mult_twiddle:UUT9|c1a_Yr_s[-6]                                 ;
; fft16OPT:UUT|complex_mult_twiddle:UUT9|pD_s[0]     ; Lost Fanouts              ; fft16OPT:UUT|complex_mult_twiddle:UUT9|c3Yr_s[0],                                   ;
;                                                    ;                           ; fft16OPT:UUT|complex_mult_twiddle:UUT9|c3Yr_s[-1],                                  ;
;                                                    ;                           ; fft16OPT:UUT|complex_mult_twiddle:UUT9|c3Yr_s[-2],                                  ;
;                                                    ;                           ; fft16OPT:UUT|complex_mult_twiddle:UUT9|c3Yr_s[-3],                                  ;
;                                                    ;                           ; fft16OPT:UUT|complex_mult_twiddle:UUT9|c3Yr_s[-4],                                  ;
;                                                    ;                           ; fft16OPT:UUT|complex_mult_twiddle:UUT9|c3Yr_s[-5],                                  ;
;                                                    ;                           ; fft16OPT:UUT|complex_mult_twiddle:UUT9|c3Yr_s[-6],                                  ;
;                                                    ;                           ; fft16OPT:UUT|complex_mult_twiddle:UUT9|c3a_Yr_s[0],                                 ;
;                                                    ;                           ; fft16OPT:UUT|complex_mult_twiddle:UUT9|c3a_Yr_s[-1],                                ;
;                                                    ;                           ; fft16OPT:UUT|complex_mult_twiddle:UUT9|c3a_Yr_s[-2],                                ;
;                                                    ;                           ; fft16OPT:UUT|complex_mult_twiddle:UUT9|c3a_Yr_s[-3],                                ;
;                                                    ;                           ; fft16OPT:UUT|complex_mult_twiddle:UUT9|c3a_Yr_s[-4]                                 ;
; fft16OPT:UUT|complex_mult_twiddle:UUT13|pD_s[0]    ; Lost Fanouts              ; fft16OPT:UUT|complex_mult_twiddle:UUT13|c3Yr_s[0],                                  ;
;                                                    ;                           ; fft16OPT:UUT|complex_mult_twiddle:UUT13|c3Yr_s[-1],                                 ;
;                                                    ;                           ; fft16OPT:UUT|complex_mult_twiddle:UUT13|c3Yr_s[-2],                                 ;
;                                                    ;                           ; fft16OPT:UUT|complex_mult_twiddle:UUT13|c3Yr_s[-3],                                 ;
;                                                    ;                           ; fft16OPT:UUT|complex_mult_twiddle:UUT13|c3Yr_s[-4],                                 ;
;                                                    ;                           ; fft16OPT:UUT|complex_mult_twiddle:UUT13|c3Yr_s[-5],                                 ;
;                                                    ;                           ; fft16OPT:UUT|complex_mult_twiddle:UUT13|c3Yr_s[-6],                                 ;
;                                                    ;                           ; fft16OPT:UUT|complex_mult_twiddle:UUT13|c3a_Yr_s[0],                                ;
;                                                    ;                           ; fft16OPT:UUT|complex_mult_twiddle:UUT13|c3a_Yr_s[-1],                               ;
;                                                    ;                           ; fft16OPT:UUT|complex_mult_twiddle:UUT13|c3a_Yr_s[-2],                               ;
;                                                    ;                           ; fft16OPT:UUT|complex_mult_twiddle:UUT13|c3a_Yr_s[-3],                               ;
;                                                    ;                           ; fft16OPT:UUT|complex_mult_twiddle:UUT13|c3a_Yr_s[-4]                                ;
; fft16OPT:UUT|complex_mult_twiddle:UUT5|pD_s[0]     ; Lost Fanouts              ; fft16OPT:UUT|complex_mult_twiddle:UUT5|c3Yr_s[0],                                   ;
;                                                    ;                           ; fft16OPT:UUT|complex_mult_twiddle:UUT5|c3Yr_s[-1],                                  ;
;                                                    ;                           ; fft16OPT:UUT|complex_mult_twiddle:UUT5|c3Yr_s[-2],                                  ;
;                                                    ;                           ; fft16OPT:UUT|complex_mult_twiddle:UUT5|c3Yr_s[-3],                                  ;
;                                                    ;                           ; fft16OPT:UUT|complex_mult_twiddle:UUT5|c3Yr_s[-4],                                  ;
;                                                    ;                           ; fft16OPT:UUT|complex_mult_twiddle:UUT5|c3Yr_s[-5],                                  ;
;                                                    ;                           ; fft16OPT:UUT|complex_mult_twiddle:UUT5|c3Yr_s[-6],                                  ;
;                                                    ;                           ; fft16OPT:UUT|complex_mult_twiddle:UUT5|c3a_Yr_s[0],                                 ;
;                                                    ;                           ; fft16OPT:UUT|complex_mult_twiddle:UUT5|c3a_Yr_s[-1],                                ;
;                                                    ;                           ; fft16OPT:UUT|complex_mult_twiddle:UUT5|c3a_Yr_s[-2],                                ;
;                                                    ;                           ; fft16OPT:UUT|complex_mult_twiddle:UUT5|c3a_Yr_s[-3],                                ;
;                                                    ;                           ; fft16OPT:UUT|complex_mult_twiddle:UUT5|c3a_Yr_s[-4]                                 ;
; fft16OPT:UUT|complex_mult_twiddle:UUT8|c2Yi_s[0]   ; Lost Fanouts              ; fft16OPT:UUT|complex_mult_twiddle:UUT8|c2a_Yi_s[0],                                 ;
;                                                    ;                           ; fft16OPT:UUT|complex_mult_twiddle:UUT8|c2a_Yi_s[-1],                                ;
;                                                    ;                           ; fft16OPT:UUT|complex_mult_twiddle:UUT8|c2a_Yi_s[-2],                                ;
;                                                    ;                           ; fft16OPT:UUT|complex_mult_twiddle:UUT8|c2a_Yi_s[-3],                                ;
;                                                    ;                           ; fft16OPT:UUT|complex_mult_twiddle:UUT8|c2a_Yi_s[-4],                                ;
;                                                    ;                           ; fft16OPT:UUT|complex_mult_twiddle:UUT8|c2a_Yi_s[-5],                                ;
;                                                    ;                           ; fft16OPT:UUT|complex_mult_twiddle:UUT8|c2a_Yi_s[-6]                                 ;
; fft16OPT:UUT|complex_mult_twiddle:UUT9|c1Yi_s[0]   ; Lost Fanouts              ; fft16OPT:UUT|complex_mult_twiddle:UUT9|c1a_Yi_s[0],                                 ;
;                                                    ;                           ; fft16OPT:UUT|complex_mult_twiddle:UUT9|c1a_Yi_s[-1],                                ;
;                                                    ;                           ; fft16OPT:UUT|complex_mult_twiddle:UUT9|c1a_Yi_s[-2],                                ;
;                                                    ;                           ; fft16OPT:UUT|complex_mult_twiddle:UUT9|c1a_Yi_s[-3],                                ;
;                                                    ;                           ; fft16OPT:UUT|complex_mult_twiddle:UUT9|c1a_Yi_s[-4],                                ;
;                                                    ;                           ; fft16OPT:UUT|complex_mult_twiddle:UUT9|c1a_Yi_s[-5],                                ;
;                                                    ;                           ; fft16OPT:UUT|complex_mult_twiddle:UUT9|c1a_Yi_s[-6]                                 ;
; fft16OPT:UUT|complex_mult_twiddle:UUT9|c2Yi_s[0]   ; Lost Fanouts              ; fft16OPT:UUT|complex_mult_twiddle:UUT9|c2a_Yi_s[0],                                 ;
;                                                    ;                           ; fft16OPT:UUT|complex_mult_twiddle:UUT9|c2a_Yi_s[-1],                                ;
;                                                    ;                           ; fft16OPT:UUT|complex_mult_twiddle:UUT9|c2a_Yi_s[-2],                                ;
;                                                    ;                           ; fft16OPT:UUT|complex_mult_twiddle:UUT9|c2a_Yi_s[-3],                                ;
;                                                    ;                           ; fft16OPT:UUT|complex_mult_twiddle:UUT9|c2a_Yi_s[-4],                                ;
;                                                    ;                           ; fft16OPT:UUT|complex_mult_twiddle:UUT9|c2a_Yi_s[-5],                                ;
;                                                    ;                           ; fft16OPT:UUT|complex_mult_twiddle:UUT9|c2a_Yi_s[-6]                                 ;
; fft16OPT:UUT|complex_mult_twiddle:UUT7|pC_s[2]     ; Lost Fanouts              ; fft16OPT:UUT|complex_mult_twiddle:UUT7|c3Yr_s[-6],                                  ;
;                                                    ;                           ; fft16OPT:UUT|complex_mult_twiddle:UUT7|c3Yr_s[-5],                                  ;
;                                                    ;                           ; fft16OPT:UUT|complex_mult_twiddle:UUT7|c3Yr_s[-4],                                  ;
;                                                    ;                           ; fft16OPT:UUT|complex_mult_twiddle:UUT7|c3Yr_s[-3],                                  ;
;                                                    ;                           ; fft16OPT:UUT|complex_mult_twiddle:UUT7|c3Yr_s[-2],                                  ;
;                                                    ;                           ; fft16OPT:UUT|complex_mult_twiddle:UUT7|c3Yr_s[-1],                                  ;
;                                                    ;                           ; fft16OPT:UUT|complex_mult_twiddle:UUT7|c3Yr_s[0]                                    ;
; fft16OPT:UUT|complex_mult_twiddle:UUT12|c1Yi_s[0]  ; Lost Fanouts              ; fft16OPT:UUT|complex_mult_twiddle:UUT12|c1a_Yi_s[0],                                ;
;                                                    ;                           ; fft16OPT:UUT|complex_mult_twiddle:UUT12|c1a_Yi_s[-1],                               ;
;                                                    ;                           ; fft16OPT:UUT|complex_mult_twiddle:UUT12|c1a_Yi_s[-2],                               ;
;                                                    ;                           ; fft16OPT:UUT|complex_mult_twiddle:UUT12|c1a_Yi_s[-3],                               ;
;                                                    ;                           ; fft16OPT:UUT|complex_mult_twiddle:UUT12|c1a_Yi_s[-4],                               ;
;                                                    ;                           ; fft16OPT:UUT|complex_mult_twiddle:UUT12|c1a_Yi_s[-5],                               ;
;                                                    ;                           ; fft16OPT:UUT|complex_mult_twiddle:UUT12|c1a_Yi_s[-6]                                ;
; fft16OPT:UUT|complex_mult_twiddle:UUT12|c2Yi_s[0]  ; Lost Fanouts              ; fft16OPT:UUT|complex_mult_twiddle:UUT12|c2a_Yi_s[0],                                ;
;                                                    ;                           ; fft16OPT:UUT|complex_mult_twiddle:UUT12|c2a_Yi_s[-1],                               ;
;                                                    ;                           ; fft16OPT:UUT|complex_mult_twiddle:UUT12|c2a_Yi_s[-2],                               ;
;                                                    ;                           ; fft16OPT:UUT|complex_mult_twiddle:UUT12|c2a_Yi_s[-3],                               ;
;                                                    ;                           ; fft16OPT:UUT|complex_mult_twiddle:UUT12|c2a_Yi_s[-4],                               ;
;                                                    ;                           ; fft16OPT:UUT|complex_mult_twiddle:UUT12|c2a_Yi_s[-5],                               ;
;                                                    ;                           ; fft16OPT:UUT|complex_mult_twiddle:UUT12|c2a_Yi_s[-6]                                ;
; fft16OPT:UUT|complex_mult_twiddle:UUT6|c1Yi_s[0]   ; Lost Fanouts              ; fft16OPT:UUT|complex_mult_twiddle:UUT6|c1a_Yi_s[0],                                 ;
;                                                    ;                           ; fft16OPT:UUT|complex_mult_twiddle:UUT6|c1a_Yi_s[-1],                                ;
;                                                    ;                           ; fft16OPT:UUT|complex_mult_twiddle:UUT6|c1a_Yi_s[-2],                                ;
;                                                    ;                           ; fft16OPT:UUT|complex_mult_twiddle:UUT6|c1a_Yi_s[-3],                                ;
;                                                    ;                           ; fft16OPT:UUT|complex_mult_twiddle:UUT6|c1a_Yi_s[-4],                                ;
;                                                    ;                           ; fft16OPT:UUT|complex_mult_twiddle:UUT6|c1a_Yi_s[-5],                                ;
;                                                    ;                           ; fft16OPT:UUT|complex_mult_twiddle:UUT6|c1a_Yi_s[-6]                                 ;
; fft16OPT:UUT|complex_mult_twiddle:UUT6|c2Yi_s[0]   ; Lost Fanouts              ; fft16OPT:UUT|complex_mult_twiddle:UUT6|c2a_Yi_s[0],                                 ;
;                                                    ;                           ; fft16OPT:UUT|complex_mult_twiddle:UUT6|c2a_Yi_s[-1],                                ;
;                                                    ;                           ; fft16OPT:UUT|complex_mult_twiddle:UUT6|c2a_Yi_s[-2],                                ;
;                                                    ;                           ; fft16OPT:UUT|complex_mult_twiddle:UUT6|c2a_Yi_s[-3],                                ;
;                                                    ;                           ; fft16OPT:UUT|complex_mult_twiddle:UUT6|c2a_Yi_s[-4],                                ;
;                                                    ;                           ; fft16OPT:UUT|complex_mult_twiddle:UUT6|c2a_Yi_s[-5],                                ;
;                                                    ;                           ; fft16OPT:UUT|complex_mult_twiddle:UUT6|c2a_Yi_s[-6]                                 ;
; fft16OPT:UUT|complex_mult_twiddle:UUT8|c1Yi_s[0]   ; Lost Fanouts              ; fft16OPT:UUT|complex_mult_twiddle:UUT8|c1a_Yi_s[0],                                 ;
;                                                    ;                           ; fft16OPT:UUT|complex_mult_twiddle:UUT8|c1a_Yi_s[-1],                                ;
;                                                    ;                           ; fft16OPT:UUT|complex_mult_twiddle:UUT8|c1a_Yi_s[-2],                                ;
;                                                    ;                           ; fft16OPT:UUT|complex_mult_twiddle:UUT8|c1a_Yi_s[-3],                                ;
;                                                    ;                           ; fft16OPT:UUT|complex_mult_twiddle:UUT8|c1a_Yi_s[-4],                                ;
;                                                    ;                           ; fft16OPT:UUT|complex_mult_twiddle:UUT8|c1a_Yi_s[-5],                                ;
;                                                    ;                           ; fft16OPT:UUT|complex_mult_twiddle:UUT8|c1a_Yi_s[-6]                                 ;
; fft16OPT:UUT|complex_mult_twiddle:UUT11|pC_s[2]    ; Lost Fanouts              ; fft16OPT:UUT|complex_mult_twiddle:UUT11|c3Yr_s[-6],                                 ;
;                                                    ;                           ; fft16OPT:UUT|complex_mult_twiddle:UUT11|c3Yr_s[-5],                                 ;
;                                                    ;                           ; fft16OPT:UUT|complex_mult_twiddle:UUT11|c3Yr_s[-4],                                 ;
;                                                    ;                           ; fft16OPT:UUT|complex_mult_twiddle:UUT11|c3Yr_s[-3],                                 ;
;                                                    ;                           ; fft16OPT:UUT|complex_mult_twiddle:UUT11|c3Yr_s[-2],                                 ;
;                                                    ;                           ; fft16OPT:UUT|complex_mult_twiddle:UUT11|c3Yr_s[-1],                                 ;
;                                                    ;                           ; fft16OPT:UUT|complex_mult_twiddle:UUT11|c3Yr_s[0]                                   ;
; fft16OPT:UUT|complex_mult_twiddle:UUT10|c1Yi_s[0]  ; Lost Fanouts              ; fft16OPT:UUT|complex_mult_twiddle:UUT10|c1a_Yi_s[0],                                ;
;                                                    ;                           ; fft16OPT:UUT|complex_mult_twiddle:UUT10|c1a_Yi_s[-1],                               ;
;                                                    ;                           ; fft16OPT:UUT|complex_mult_twiddle:UUT10|c1a_Yi_s[-2],                               ;
;                                                    ;                           ; fft16OPT:UUT|complex_mult_twiddle:UUT10|c1a_Yi_s[-3],                               ;
;                                                    ;                           ; fft16OPT:UUT|complex_mult_twiddle:UUT10|c1a_Yi_s[-4],                               ;
;                                                    ;                           ; fft16OPT:UUT|complex_mult_twiddle:UUT10|c1a_Yi_s[-5],                               ;
;                                                    ;                           ; fft16OPT:UUT|complex_mult_twiddle:UUT10|c1a_Yi_s[-6]                                ;
; fft16OPT:UUT|complex_mult_twiddle:UUT10|c2Yi_s[0]  ; Lost Fanouts              ; fft16OPT:UUT|complex_mult_twiddle:UUT10|c2a_Yi_s[0],                                ;
;                                                    ;                           ; fft16OPT:UUT|complex_mult_twiddle:UUT10|c2a_Yi_s[-1],                               ;
;                                                    ;                           ; fft16OPT:UUT|complex_mult_twiddle:UUT10|c2a_Yi_s[-2],                               ;
;                                                    ;                           ; fft16OPT:UUT|complex_mult_twiddle:UUT10|c2a_Yi_s[-3],                               ;
;                                                    ;                           ; fft16OPT:UUT|complex_mult_twiddle:UUT10|c2a_Yi_s[-4],                               ;
;                                                    ;                           ; fft16OPT:UUT|complex_mult_twiddle:UUT10|c2a_Yi_s[-5],                               ;
;                                                    ;                           ; fft16OPT:UUT|complex_mult_twiddle:UUT10|c2a_Yi_s[-6]                                ;
; fft16OPT:UUT|complex_mult_twiddle:UUT9|c3Yi_s[0]   ; Lost Fanouts              ; fft16OPT:UUT|complex_mult_twiddle:UUT9|c3a_Yi_s[0],                                 ;
;                                                    ;                           ; fft16OPT:UUT|complex_mult_twiddle:UUT9|c3a_Yi_s[-1],                                ;
;                                                    ;                           ; fft16OPT:UUT|complex_mult_twiddle:UUT9|c3a_Yi_s[-2],                                ;
;                                                    ;                           ; fft16OPT:UUT|complex_mult_twiddle:UUT9|c3a_Yi_s[-3],                                ;
;                                                    ;                           ; fft16OPT:UUT|complex_mult_twiddle:UUT9|c3a_Yi_s[-4]                                 ;
; fft16OPT:UUT|complex_mult_twiddle:UUT13|c3Yi_s[0]  ; Lost Fanouts              ; fft16OPT:UUT|complex_mult_twiddle:UUT13|c3a_Yi_s[0],                                ;
;                                                    ;                           ; fft16OPT:UUT|complex_mult_twiddle:UUT13|c3a_Yi_s[-1],                               ;
;                                                    ;                           ; fft16OPT:UUT|complex_mult_twiddle:UUT13|c3a_Yi_s[-2],                               ;
;                                                    ;                           ; fft16OPT:UUT|complex_mult_twiddle:UUT13|c3a_Yi_s[-3],                               ;
;                                                    ;                           ; fft16OPT:UUT|complex_mult_twiddle:UUT13|c3a_Yi_s[-4]                                ;
; fft16OPT:UUT|complex_mult_twiddle:UUT5|c3Yi_s[0]   ; Lost Fanouts              ; fft16OPT:UUT|complex_mult_twiddle:UUT5|c3a_Yi_s[0],                                 ;
;                                                    ;                           ; fft16OPT:UUT|complex_mult_twiddle:UUT5|c3a_Yi_s[-1],                                ;
;                                                    ;                           ; fft16OPT:UUT|complex_mult_twiddle:UUT5|c3a_Yi_s[-2],                                ;
;                                                    ;                           ; fft16OPT:UUT|complex_mult_twiddle:UUT5|c3a_Yi_s[-3],                                ;
;                                                    ;                           ; fft16OPT:UUT|complex_mult_twiddle:UUT5|c3a_Yi_s[-4]                                 ;
; fft16OPT:UUT|y8r_d[3][-11]                         ; Lost Fanouts              ; fft16OPT:UUT|y8r_d[2][-11], fft16OPT:UUT|y8r_d[1][-11], fft16OPT:UUT|y8r_d[0][-11], ;
;                                                    ;                           ; fft16OPT:UUT|radix4:UUT1|y2r_r[-11]                                                 ;
; fft16OPT:UUT|complex_mult_twiddle:UUT9|k_s1a[3]    ; Stuck at GND              ; fft16OPT:UUT|complex_mult_twiddle:UUT9|k_s1b[3],                                    ;
;                                                    ; due to stuck port data_in ; fft16OPT:UUT|complex_mult_twiddle:UUT9|k_s2[3],                                     ;
;                                                    ;                           ; fft16OPT:UUT|complex_mult_twiddle:UUT9|Er_s3[-10]                                   ;
; fft16OPT:UUT|complex_mult_twiddle:UUT13|Yi_s2[-11] ; Lost Fanouts              ; fft16OPT:UUT|complex_mult_twiddle:UUT13|Yi_s1b[-11],                                ;
;                                                    ;                           ; fft16OPT:UUT|complex_mult_twiddle:UUT13|Yi_s1a[-11]                                 ;
; fft16OPT:UUT|complex_mult_twiddle:UUT12|k_s1a[3]   ; Stuck at GND              ; fft16OPT:UUT|complex_mult_twiddle:UUT12|k_s1b[3],                                   ;
;                                                    ; due to stuck port data_in ; fft16OPT:UUT|complex_mult_twiddle:UUT12|k_s2[3]                                     ;
; fft16OPT:UUT|complex_mult_twiddle:UUT12|k_s1a[0]   ; Stuck at GND              ; fft16OPT:UUT|complex_mult_twiddle:UUT12|k_s1b[0],                                   ;
;                                                    ; due to stuck port data_in ; fft16OPT:UUT|complex_mult_twiddle:UUT12|k_s2[0]                                     ;
; fft16OPT:UUT|complex_mult_twiddle:UUT11|k_s1a[3]   ; Stuck at GND              ; fft16OPT:UUT|complex_mult_twiddle:UUT11|k_s1b[3],                                   ;
;                                                    ; due to stuck port data_in ; fft16OPT:UUT|complex_mult_twiddle:UUT11|k_s2[3]                                     ;
; fft16OPT:UUT|complex_mult_twiddle:UUT11|k_s1a[2]   ; Stuck at GND              ; fft16OPT:UUT|complex_mult_twiddle:UUT11|k_s1b[2],                                   ;
;                                                    ; due to stuck port data_in ; fft16OPT:UUT|complex_mult_twiddle:UUT11|k_s2[2]                                     ;
; fft16OPT:UUT|complex_mult_twiddle:UUT11|Yi_s2[-11] ; Lost Fanouts              ; fft16OPT:UUT|complex_mult_twiddle:UUT11|Yi_s1b[-11],                                ;
;                                                    ;                           ; fft16OPT:UUT|complex_mult_twiddle:UUT11|Yi_s1a[-11]                                 ;
; fft16OPT:UUT|complex_mult_twiddle:UUT10|k_s1a[3]   ; Stuck at GND              ; fft16OPT:UUT|complex_mult_twiddle:UUT10|k_s1b[3],                                   ;
;                                                    ; due to stuck port data_in ; fft16OPT:UUT|complex_mult_twiddle:UUT10|k_s2[3]                                     ;
; fft16OPT:UUT|complex_mult_twiddle:UUT10|k_s1a[0]   ; Stuck at GND              ; fft16OPT:UUT|complex_mult_twiddle:UUT10|k_s1b[0],                                   ;
;                                                    ; due to stuck port data_in ; fft16OPT:UUT|complex_mult_twiddle:UUT10|k_s2[0]                                     ;
; fft16OPT:UUT|complex_mult_twiddle:UUT9|k_s1a[1]    ; Stuck at GND              ; fft16OPT:UUT|complex_mult_twiddle:UUT9|k_s1b[1],                                    ;
;                                                    ; due to stuck port data_in ; fft16OPT:UUT|complex_mult_twiddle:UUT9|k_s2[1]                                      ;
; fft16OPT:UUT|complex_mult_twiddle:UUT9|k_s1a[0]    ; Stuck at GND              ; fft16OPT:UUT|complex_mult_twiddle:UUT9|k_s1b[0],                                    ;
;                                                    ; due to stuck port data_in ; fft16OPT:UUT|complex_mult_twiddle:UUT9|k_s2[0]                                      ;
; fft16OPT:UUT|complex_mult_twiddle:UUT8|k_s1a[3]    ; Stuck at GND              ; fft16OPT:UUT|complex_mult_twiddle:UUT8|k_s1b[3],                                    ;
;                                                    ; due to stuck port data_in ; fft16OPT:UUT|complex_mult_twiddle:UUT8|k_s2[3]                                      ;
; fft16OPT:UUT|complex_mult_twiddle:UUT8|k_s1a[2]    ; Stuck at GND              ; fft16OPT:UUT|complex_mult_twiddle:UUT8|k_s1b[2],                                    ;
;                                                    ; due to stuck port data_in ; fft16OPT:UUT|complex_mult_twiddle:UUT8|k_s2[2]                                      ;
; fft16OPT:UUT|complex_mult_twiddle:UUT8|k_s1a[0]    ; Stuck at GND              ; fft16OPT:UUT|complex_mult_twiddle:UUT8|k_s1b[0],                                    ;
;                                                    ; due to stuck port data_in ; fft16OPT:UUT|complex_mult_twiddle:UUT8|k_s2[0]                                      ;
; fft16OPT:UUT|complex_mult_twiddle:UUT8|Yi_s2[-11]  ; Lost Fanouts              ; fft16OPT:UUT|complex_mult_twiddle:UUT8|Yi_s1b[-11],                                 ;
;                                                    ;                           ; fft16OPT:UUT|complex_mult_twiddle:UUT8|Yi_s1a[-11]                                  ;
; fft16OPT:UUT|complex_mult_twiddle:UUT7|k_s1a[3]    ; Stuck at GND              ; fft16OPT:UUT|complex_mult_twiddle:UUT7|k_s1b[3],                                    ;
;                                                    ; due to stuck port data_in ; fft16OPT:UUT|complex_mult_twiddle:UUT7|k_s2[3]                                      ;
; fft16OPT:UUT|complex_mult_twiddle:UUT7|k_s1a[2]    ; Stuck at GND              ; fft16OPT:UUT|complex_mult_twiddle:UUT7|k_s1b[2],                                    ;
;                                                    ; due to stuck port data_in ; fft16OPT:UUT|complex_mult_twiddle:UUT7|k_s2[2]                                      ;
; fft16OPT:UUT|complex_mult_twiddle:UUT7|Yi_s2[-11]  ; Lost Fanouts              ; fft16OPT:UUT|complex_mult_twiddle:UUT7|Yi_s1b[-11],                                 ;
;                                                    ;                           ; fft16OPT:UUT|complex_mult_twiddle:UUT7|Yi_s1a[-11]                                  ;
; fft16OPT:UUT|complex_mult_twiddle:UUT6|k_s1a[3]    ; Stuck at GND              ; fft16OPT:UUT|complex_mult_twiddle:UUT6|k_s1b[3],                                    ;
;                                                    ; due to stuck port data_in ; fft16OPT:UUT|complex_mult_twiddle:UUT6|k_s2[3]                                      ;
; fft16OPT:UUT|complex_mult_twiddle:UUT6|k_s1a[2]    ; Stuck at GND              ; fft16OPT:UUT|complex_mult_twiddle:UUT6|k_s1b[2],                                    ;
;                                                    ; due to stuck port data_in ; fft16OPT:UUT|complex_mult_twiddle:UUT6|k_s2[2]                                      ;
; fft16OPT:UUT|complex_mult_twiddle:UUT6|k_s1a[0]    ; Stuck at GND              ; fft16OPT:UUT|complex_mult_twiddle:UUT6|k_s1b[0],                                    ;
;                                                    ; due to stuck port data_in ; fft16OPT:UUT|complex_mult_twiddle:UUT6|k_s2[0]                                      ;
; fft16OPT:UUT|complex_mult_twiddle:UUT6|Yi_s2[-11]  ; Lost Fanouts              ; fft16OPT:UUT|complex_mult_twiddle:UUT6|Yi_s1b[-11],                                 ;
;                                                    ;                           ; fft16OPT:UUT|complex_mult_twiddle:UUT6|Yi_s1a[-11]                                  ;
; fft16OPT:UUT|complex_mult_twiddle:UUT5|k_s1a[3]    ; Stuck at GND              ; fft16OPT:UUT|complex_mult_twiddle:UUT5|k_s1b[3],                                    ;
;                                                    ; due to stuck port data_in ; fft16OPT:UUT|complex_mult_twiddle:UUT5|k_s2[3]                                      ;
; fft16OPT:UUT|complex_mult_twiddle:UUT5|k_s1a[2]    ; Stuck at GND              ; fft16OPT:UUT|complex_mult_twiddle:UUT5|k_s1b[2],                                    ;
;                                                    ; due to stuck port data_in ; fft16OPT:UUT|complex_mult_twiddle:UUT5|k_s2[2]                                      ;
; fft16OPT:UUT|complex_mult_twiddle:UUT5|k_s1a[1]    ; Stuck at GND              ; fft16OPT:UUT|complex_mult_twiddle:UUT5|k_s1b[1],                                    ;
;                                                    ; due to stuck port data_in ; fft16OPT:UUT|complex_mult_twiddle:UUT5|k_s2[1]                                      ;
; fft16OPT:UUT|complex_mult_twiddle:UUT5|Yi_s2[-11]  ; Lost Fanouts              ; fft16OPT:UUT|complex_mult_twiddle:UUT5|Yi_s1b[-11],                                 ;
;                                                    ;                           ; fft16OPT:UUT|complex_mult_twiddle:UUT5|Yi_s1a[-11]                                  ;
; fft16OPT:UUT|complex_mult_twiddle:UUT13|Yi_s2[0]   ; Lost Fanouts              ; fft16OPT:UUT|complex_mult_twiddle:UUT13|Yi_s1b[0],                                  ;
;                                                    ;                           ; fft16OPT:UUT|complex_mult_twiddle:UUT13|Yi_s1a[0]                                   ;
; fft16OPT:UUT|complex_mult_twiddle:UUT13|Yi_s2[-1]  ; Lost Fanouts              ; fft16OPT:UUT|complex_mult_twiddle:UUT13|Yi_s1b[-1],                                 ;
;                                                    ;                           ; fft16OPT:UUT|complex_mult_twiddle:UUT13|Yi_s1a[-1]                                  ;
; fft16OPT:UUT|complex_mult_twiddle:UUT13|Yi_s2[-2]  ; Lost Fanouts              ; fft16OPT:UUT|complex_mult_twiddle:UUT13|Yi_s1b[-2],                                 ;
;                                                    ;                           ; fft16OPT:UUT|complex_mult_twiddle:UUT13|Yi_s1a[-2]                                  ;
; fft16OPT:UUT|complex_mult_twiddle:UUT13|Yi_s2[-3]  ; Lost Fanouts              ; fft16OPT:UUT|complex_mult_twiddle:UUT13|Yi_s1b[-3],                                 ;
;                                                    ;                           ; fft16OPT:UUT|complex_mult_twiddle:UUT13|Yi_s1a[-3]                                  ;
; fft16OPT:UUT|complex_mult_twiddle:UUT13|Yi_s2[-4]  ; Lost Fanouts              ; fft16OPT:UUT|complex_mult_twiddle:UUT13|Yi_s1b[-4],                                 ;
;                                                    ;                           ; fft16OPT:UUT|complex_mult_twiddle:UUT13|Yi_s1a[-4]                                  ;
; fft16OPT:UUT|complex_mult_twiddle:UUT13|Yi_s2[-5]  ; Lost Fanouts              ; fft16OPT:UUT|complex_mult_twiddle:UUT13|Yi_s1b[-5],                                 ;
;                                                    ;                           ; fft16OPT:UUT|complex_mult_twiddle:UUT13|Yi_s1a[-5]                                  ;
; fft16OPT:UUT|complex_mult_twiddle:UUT13|Yi_s2[-6]  ; Lost Fanouts              ; fft16OPT:UUT|complex_mult_twiddle:UUT13|Yi_s1b[-6],                                 ;
;                                                    ;                           ; fft16OPT:UUT|complex_mult_twiddle:UUT13|Yi_s1a[-6]                                  ;
; fft16OPT:UUT|complex_mult_twiddle:UUT13|Yi_s2[-7]  ; Lost Fanouts              ; fft16OPT:UUT|complex_mult_twiddle:UUT13|Yi_s1b[-7],                                 ;
;                                                    ;                           ; fft16OPT:UUT|complex_mult_twiddle:UUT13|Yi_s1a[-7]                                  ;
; fft16OPT:UUT|complex_mult_twiddle:UUT13|Yi_s2[-8]  ; Lost Fanouts              ; fft16OPT:UUT|complex_mult_twiddle:UUT13|Yi_s1b[-8],                                 ;
;                                                    ;                           ; fft16OPT:UUT|complex_mult_twiddle:UUT13|Yi_s1a[-8]                                  ;
; fft16OPT:UUT|complex_mult_twiddle:UUT13|Yi_s2[-9]  ; Lost Fanouts              ; fft16OPT:UUT|complex_mult_twiddle:UUT13|Yi_s1b[-9],                                 ;
;                                                    ;                           ; fft16OPT:UUT|complex_mult_twiddle:UUT13|Yi_s1a[-9]                                  ;
; fft16OPT:UUT|complex_mult_twiddle:UUT13|Yi_s2[-10] ; Lost Fanouts              ; fft16OPT:UUT|complex_mult_twiddle:UUT13|Yi_s1b[-10],                                ;
;                                                    ;                           ; fft16OPT:UUT|complex_mult_twiddle:UUT13|Yi_s1a[-10]                                 ;
; fft16OPT:UUT|complex_mult_twiddle:UUT13|Yr_s2[0]   ; Lost Fanouts              ; fft16OPT:UUT|complex_mult_twiddle:UUT13|Yr_s1b[0],                                  ;
;                                                    ;                           ; fft16OPT:UUT|complex_mult_twiddle:UUT13|Yr_s1a[0]                                   ;
; fft16OPT:UUT|complex_mult_twiddle:UUT13|Yr_s2[-1]  ; Lost Fanouts              ; fft16OPT:UUT|complex_mult_twiddle:UUT13|Yr_s1b[-1],                                 ;
;                                                    ;                           ; fft16OPT:UUT|complex_mult_twiddle:UUT13|Yr_s1a[-1]                                  ;
; fft16OPT:UUT|complex_mult_twiddle:UUT13|Yr_s2[-2]  ; Lost Fanouts              ; fft16OPT:UUT|complex_mult_twiddle:UUT13|Yr_s1b[-2],                                 ;
;                                                    ;                           ; fft16OPT:UUT|complex_mult_twiddle:UUT13|Yr_s1a[-2]                                  ;
; fft16OPT:UUT|complex_mult_twiddle:UUT13|Yr_s2[-3]  ; Lost Fanouts              ; fft16OPT:UUT|complex_mult_twiddle:UUT13|Yr_s1b[-3],                                 ;
;                                                    ;                           ; fft16OPT:UUT|complex_mult_twiddle:UUT13|Yr_s1a[-3]                                  ;
; fft16OPT:UUT|complex_mult_twiddle:UUT13|Yr_s2[-4]  ; Lost Fanouts              ; fft16OPT:UUT|complex_mult_twiddle:UUT13|Yr_s1b[-4],                                 ;
;                                                    ;                           ; fft16OPT:UUT|complex_mult_twiddle:UUT13|Yr_s1a[-4]                                  ;
; fft16OPT:UUT|complex_mult_twiddle:UUT13|Yr_s2[-5]  ; Lost Fanouts              ; fft16OPT:UUT|complex_mult_twiddle:UUT13|Yr_s1b[-5],                                 ;
;                                                    ;                           ; fft16OPT:UUT|complex_mult_twiddle:UUT13|Yr_s1a[-5]                                  ;
; fft16OPT:UUT|complex_mult_twiddle:UUT13|Yr_s2[-6]  ; Lost Fanouts              ; fft16OPT:UUT|complex_mult_twiddle:UUT13|Yr_s1b[-6],                                 ;
;                                                    ;                           ; fft16OPT:UUT|complex_mult_twiddle:UUT13|Yr_s1a[-6]                                  ;
; fft16OPT:UUT|complex_mult_twiddle:UUT13|Yr_s2[-7]  ; Lost Fanouts              ; fft16OPT:UUT|complex_mult_twiddle:UUT13|Yr_s1b[-7],                                 ;
;                                                    ;                           ; fft16OPT:UUT|complex_mult_twiddle:UUT13|Yr_s1a[-7]                                  ;
; fft16OPT:UUT|complex_mult_twiddle:UUT13|Yr_s2[-8]  ; Lost Fanouts              ; fft16OPT:UUT|complex_mult_twiddle:UUT13|Yr_s1b[-8],                                 ;
;                                                    ;                           ; fft16OPT:UUT|complex_mult_twiddle:UUT13|Yr_s1a[-8]                                  ;
; fft16OPT:UUT|complex_mult_twiddle:UUT13|Yr_s2[-9]  ; Lost Fanouts              ; fft16OPT:UUT|complex_mult_twiddle:UUT13|Yr_s1b[-9],                                 ;
;                                                    ;                           ; fft16OPT:UUT|complex_mult_twiddle:UUT13|Yr_s1a[-9]                                  ;
; fft16OPT:UUT|complex_mult_twiddle:UUT13|Yr_s2[-10] ; Lost Fanouts              ; fft16OPT:UUT|complex_mult_twiddle:UUT13|Yr_s1b[-10],                                ;
;                                                    ;                           ; fft16OPT:UUT|complex_mult_twiddle:UUT13|Yr_s1a[-10]                                 ;
; fft16OPT:UUT|complex_mult_twiddle:UUT13|Yr_s2[-11] ; Lost Fanouts              ; fft16OPT:UUT|complex_mult_twiddle:UUT13|Yr_s1b[-11],                                ;
;                                                    ;                           ; fft16OPT:UUT|complex_mult_twiddle:UUT13|Yr_s1a[-11]                                 ;
; fft16OPT:UUT|complex_mult_twiddle:UUT11|Yi_s2[0]   ; Lost Fanouts              ; fft16OPT:UUT|complex_mult_twiddle:UUT11|Yi_s1b[0],                                  ;
;                                                    ;                           ; fft16OPT:UUT|complex_mult_twiddle:UUT11|Yi_s1a[0]                                   ;
; fft16OPT:UUT|complex_mult_twiddle:UUT11|Yi_s2[-1]  ; Lost Fanouts              ; fft16OPT:UUT|complex_mult_twiddle:UUT11|Yi_s1b[-1],                                 ;
;                                                    ;                           ; fft16OPT:UUT|complex_mult_twiddle:UUT11|Yi_s1a[-1]                                  ;
; fft16OPT:UUT|complex_mult_twiddle:UUT11|Yi_s2[-2]  ; Lost Fanouts              ; fft16OPT:UUT|complex_mult_twiddle:UUT11|Yi_s1b[-2],                                 ;
;                                                    ;                           ; fft16OPT:UUT|complex_mult_twiddle:UUT11|Yi_s1a[-2]                                  ;
; fft16OPT:UUT|complex_mult_twiddle:UUT11|Yi_s2[-3]  ; Lost Fanouts              ; fft16OPT:UUT|complex_mult_twiddle:UUT11|Yi_s1b[-3],                                 ;
;                                                    ;                           ; fft16OPT:UUT|complex_mult_twiddle:UUT11|Yi_s1a[-3]                                  ;
; fft16OPT:UUT|complex_mult_twiddle:UUT11|Yi_s2[-4]  ; Lost Fanouts              ; fft16OPT:UUT|complex_mult_twiddle:UUT11|Yi_s1b[-4],                                 ;
;                                                    ;                           ; fft16OPT:UUT|complex_mult_twiddle:UUT11|Yi_s1a[-4]                                  ;
; fft16OPT:UUT|complex_mult_twiddle:UUT11|Yi_s2[-5]  ; Lost Fanouts              ; fft16OPT:UUT|complex_mult_twiddle:UUT11|Yi_s1b[-5],                                 ;
;                                                    ;                           ; fft16OPT:UUT|complex_mult_twiddle:UUT11|Yi_s1a[-5]                                  ;
; fft16OPT:UUT|complex_mult_twiddle:UUT11|Yi_s2[-6]  ; Lost Fanouts              ; fft16OPT:UUT|complex_mult_twiddle:UUT11|Yi_s1b[-6],                                 ;
;                                                    ;                           ; fft16OPT:UUT|complex_mult_twiddle:UUT11|Yi_s1a[-6]                                  ;
; fft16OPT:UUT|complex_mult_twiddle:UUT11|Yi_s2[-7]  ; Lost Fanouts              ; fft16OPT:UUT|complex_mult_twiddle:UUT11|Yi_s1b[-7],                                 ;
;                                                    ;                           ; fft16OPT:UUT|complex_mult_twiddle:UUT11|Yi_s1a[-7]                                  ;
; fft16OPT:UUT|complex_mult_twiddle:UUT11|Yi_s2[-8]  ; Lost Fanouts              ; fft16OPT:UUT|complex_mult_twiddle:UUT11|Yi_s1b[-8],                                 ;
;                                                    ;                           ; fft16OPT:UUT|complex_mult_twiddle:UUT11|Yi_s1a[-8]                                  ;
; fft16OPT:UUT|complex_mult_twiddle:UUT11|Yi_s2[-9]  ; Lost Fanouts              ; fft16OPT:UUT|complex_mult_twiddle:UUT11|Yi_s1b[-9],                                 ;
;                                                    ;                           ; fft16OPT:UUT|complex_mult_twiddle:UUT11|Yi_s1a[-9]                                  ;
; fft16OPT:UUT|complex_mult_twiddle:UUT11|Yi_s2[-10] ; Lost Fanouts              ; fft16OPT:UUT|complex_mult_twiddle:UUT11|Yi_s1b[-10],                                ;
;                                                    ;                           ; fft16OPT:UUT|complex_mult_twiddle:UUT11|Yi_s1a[-10]                                 ;
; fft16OPT:UUT|complex_mult_twiddle:UUT11|Yr_s2[0]   ; Lost Fanouts              ; fft16OPT:UUT|complex_mult_twiddle:UUT11|Yr_s1b[0],                                  ;
;                                                    ;                           ; fft16OPT:UUT|complex_mult_twiddle:UUT11|Yr_s1a[0]                                   ;
; fft16OPT:UUT|complex_mult_twiddle:UUT11|Yr_s2[-1]  ; Lost Fanouts              ; fft16OPT:UUT|complex_mult_twiddle:UUT11|Yr_s1b[-1],                                 ;
;                                                    ;                           ; fft16OPT:UUT|complex_mult_twiddle:UUT11|Yr_s1a[-1]                                  ;
; fft16OPT:UUT|complex_mult_twiddle:UUT11|Yr_s2[-2]  ; Lost Fanouts              ; fft16OPT:UUT|complex_mult_twiddle:UUT11|Yr_s1b[-2],                                 ;
;                                                    ;                           ; fft16OPT:UUT|complex_mult_twiddle:UUT11|Yr_s1a[-2]                                  ;
; fft16OPT:UUT|complex_mult_twiddle:UUT11|Yr_s2[-3]  ; Lost Fanouts              ; fft16OPT:UUT|complex_mult_twiddle:UUT11|Yr_s1b[-3],                                 ;
;                                                    ;                           ; fft16OPT:UUT|complex_mult_twiddle:UUT11|Yr_s1a[-3]                                  ;
; fft16OPT:UUT|complex_mult_twiddle:UUT11|Yr_s2[-4]  ; Lost Fanouts              ; fft16OPT:UUT|complex_mult_twiddle:UUT11|Yr_s1b[-4],                                 ;
;                                                    ;                           ; fft16OPT:UUT|complex_mult_twiddle:UUT11|Yr_s1a[-4]                                  ;
; fft16OPT:UUT|complex_mult_twiddle:UUT11|Yr_s2[-5]  ; Lost Fanouts              ; fft16OPT:UUT|complex_mult_twiddle:UUT11|Yr_s1b[-5],                                 ;
;                                                    ;                           ; fft16OPT:UUT|complex_mult_twiddle:UUT11|Yr_s1a[-5]                                  ;
; fft16OPT:UUT|complex_mult_twiddle:UUT11|Yr_s2[-6]  ; Lost Fanouts              ; fft16OPT:UUT|complex_mult_twiddle:UUT11|Yr_s1b[-6],                                 ;
;                                                    ;                           ; fft16OPT:UUT|complex_mult_twiddle:UUT11|Yr_s1a[-6]                                  ;
; fft16OPT:UUT|complex_mult_twiddle:UUT11|Yr_s2[-7]  ; Lost Fanouts              ; fft16OPT:UUT|complex_mult_twiddle:UUT11|Yr_s1b[-7],                                 ;
;                                                    ;                           ; fft16OPT:UUT|complex_mult_twiddle:UUT11|Yr_s1a[-7]                                  ;
; fft16OPT:UUT|complex_mult_twiddle:UUT11|Yr_s2[-8]  ; Lost Fanouts              ; fft16OPT:UUT|complex_mult_twiddle:UUT11|Yr_s1b[-8],                                 ;
;                                                    ;                           ; fft16OPT:UUT|complex_mult_twiddle:UUT11|Yr_s1a[-8]                                  ;
; fft16OPT:UUT|complex_mult_twiddle:UUT11|Yr_s2[-9]  ; Lost Fanouts              ; fft16OPT:UUT|complex_mult_twiddle:UUT11|Yr_s1b[-9],                                 ;
;                                                    ;                           ; fft16OPT:UUT|complex_mult_twiddle:UUT11|Yr_s1a[-9]                                  ;
; fft16OPT:UUT|complex_mult_twiddle:UUT11|Yr_s2[-10] ; Lost Fanouts              ; fft16OPT:UUT|complex_mult_twiddle:UUT11|Yr_s1b[-10],                                ;
;                                                    ;                           ; fft16OPT:UUT|complex_mult_twiddle:UUT11|Yr_s1a[-10]                                 ;
; fft16OPT:UUT|complex_mult_twiddle:UUT11|Yr_s2[-11] ; Lost Fanouts              ; fft16OPT:UUT|complex_mult_twiddle:UUT11|Yr_s1b[-11],                                ;
;                                                    ;                           ; fft16OPT:UUT|complex_mult_twiddle:UUT11|Yr_s1a[-11]                                 ;
; fft16OPT:UUT|complex_mult_twiddle:UUT8|Yi_s2[0]    ; Lost Fanouts              ; fft16OPT:UUT|complex_mult_twiddle:UUT8|Yi_s1b[0],                                   ;
;                                                    ;                           ; fft16OPT:UUT|complex_mult_twiddle:UUT8|Yi_s1a[0]                                    ;
; fft16OPT:UUT|complex_mult_twiddle:UUT8|Yi_s2[-1]   ; Lost Fanouts              ; fft16OPT:UUT|complex_mult_twiddle:UUT8|Yi_s1b[-1],                                  ;
;                                                    ;                           ; fft16OPT:UUT|complex_mult_twiddle:UUT8|Yi_s1a[-1]                                   ;
; fft16OPT:UUT|complex_mult_twiddle:UUT8|Yi_s2[-2]   ; Lost Fanouts              ; fft16OPT:UUT|complex_mult_twiddle:UUT8|Yi_s1b[-2],                                  ;
;                                                    ;                           ; fft16OPT:UUT|complex_mult_twiddle:UUT8|Yi_s1a[-2]                                   ;
; fft16OPT:UUT|complex_mult_twiddle:UUT8|Yi_s2[-3]   ; Lost Fanouts              ; fft16OPT:UUT|complex_mult_twiddle:UUT8|Yi_s1b[-3],                                  ;
;                                                    ;                           ; fft16OPT:UUT|complex_mult_twiddle:UUT8|Yi_s1a[-3]                                   ;
; fft16OPT:UUT|complex_mult_twiddle:UUT8|Yi_s2[-4]   ; Lost Fanouts              ; fft16OPT:UUT|complex_mult_twiddle:UUT8|Yi_s1b[-4],                                  ;
;                                                    ;                           ; fft16OPT:UUT|complex_mult_twiddle:UUT8|Yi_s1a[-4]                                   ;
; fft16OPT:UUT|complex_mult_twiddle:UUT8|Yi_s2[-5]   ; Lost Fanouts              ; fft16OPT:UUT|complex_mult_twiddle:UUT8|Yi_s1b[-5],                                  ;
;                                                    ;                           ; fft16OPT:UUT|complex_mult_twiddle:UUT8|Yi_s1a[-5]                                   ;
; fft16OPT:UUT|complex_mult_twiddle:UUT8|Yi_s2[-6]   ; Lost Fanouts              ; fft16OPT:UUT|complex_mult_twiddle:UUT8|Yi_s1b[-6],                                  ;
;                                                    ;                           ; fft16OPT:UUT|complex_mult_twiddle:UUT8|Yi_s1a[-6]                                   ;
; fft16OPT:UUT|complex_mult_twiddle:UUT8|Yi_s2[-7]   ; Lost Fanouts              ; fft16OPT:UUT|complex_mult_twiddle:UUT8|Yi_s1b[-7],                                  ;
;                                                    ;                           ; fft16OPT:UUT|complex_mult_twiddle:UUT8|Yi_s1a[-7]                                   ;
; fft16OPT:UUT|complex_mult_twiddle:UUT8|Yi_s2[-8]   ; Lost Fanouts              ; fft16OPT:UUT|complex_mult_twiddle:UUT8|Yi_s1b[-8],                                  ;
;                                                    ;                           ; fft16OPT:UUT|complex_mult_twiddle:UUT8|Yi_s1a[-8]                                   ;
; fft16OPT:UUT|complex_mult_twiddle:UUT8|Yi_s2[-9]   ; Lost Fanouts              ; fft16OPT:UUT|complex_mult_twiddle:UUT8|Yi_s1b[-9],                                  ;
;                                                    ;                           ; fft16OPT:UUT|complex_mult_twiddle:UUT8|Yi_s1a[-9]                                   ;
; fft16OPT:UUT|complex_mult_twiddle:UUT8|Yi_s2[-10]  ; Lost Fanouts              ; fft16OPT:UUT|complex_mult_twiddle:UUT8|Yi_s1b[-10],                                 ;
;                                                    ;                           ; fft16OPT:UUT|complex_mult_twiddle:UUT8|Yi_s1a[-10]                                  ;
; fft16OPT:UUT|complex_mult_twiddle:UUT8|Yr_s2[0]    ; Lost Fanouts              ; fft16OPT:UUT|complex_mult_twiddle:UUT8|Yr_s1b[0],                                   ;
;                                                    ;                           ; fft16OPT:UUT|complex_mult_twiddle:UUT8|Yr_s1a[0]                                    ;
; fft16OPT:UUT|complex_mult_twiddle:UUT8|Yr_s2[-1]   ; Lost Fanouts              ; fft16OPT:UUT|complex_mult_twiddle:UUT8|Yr_s1b[-1],                                  ;
;                                                    ;                           ; fft16OPT:UUT|complex_mult_twiddle:UUT8|Yr_s1a[-1]                                   ;
; fft16OPT:UUT|complex_mult_twiddle:UUT8|Yr_s2[-2]   ; Lost Fanouts              ; fft16OPT:UUT|complex_mult_twiddle:UUT8|Yr_s1b[-2],                                  ;
;                                                    ;                           ; fft16OPT:UUT|complex_mult_twiddle:UUT8|Yr_s1a[-2]                                   ;
; fft16OPT:UUT|complex_mult_twiddle:UUT8|Yr_s2[-3]   ; Lost Fanouts              ; fft16OPT:UUT|complex_mult_twiddle:UUT8|Yr_s1b[-3],                                  ;
;                                                    ;                           ; fft16OPT:UUT|complex_mult_twiddle:UUT8|Yr_s1a[-3]                                   ;
; fft16OPT:UUT|complex_mult_twiddle:UUT8|Yr_s2[-4]   ; Lost Fanouts              ; fft16OPT:UUT|complex_mult_twiddle:UUT8|Yr_s1b[-4],                                  ;
;                                                    ;                           ; fft16OPT:UUT|complex_mult_twiddle:UUT8|Yr_s1a[-4]                                   ;
; fft16OPT:UUT|complex_mult_twiddle:UUT8|Yr_s2[-5]   ; Lost Fanouts              ; fft16OPT:UUT|complex_mult_twiddle:UUT8|Yr_s1b[-5],                                  ;
;                                                    ;                           ; fft16OPT:UUT|complex_mult_twiddle:UUT8|Yr_s1a[-5]                                   ;
; fft16OPT:UUT|complex_mult_twiddle:UUT8|Yr_s2[-6]   ; Lost Fanouts              ; fft16OPT:UUT|complex_mult_twiddle:UUT8|Yr_s1b[-6],                                  ;
;                                                    ;                           ; fft16OPT:UUT|complex_mult_twiddle:UUT8|Yr_s1a[-6]                                   ;
; fft16OPT:UUT|complex_mult_twiddle:UUT7|Yi_s2[-3]   ; Lost Fanouts              ; fft16OPT:UUT|complex_mult_twiddle:UUT7|Yi_s1b[-3],                                  ;
;                                                    ;                           ; fft16OPT:UUT|complex_mult_twiddle:UUT7|Yi_s1a[-3]                                   ;
; fft16OPT:UUT|complex_mult_twiddle:UUT7|Yi_s2[-4]   ; Lost Fanouts              ; fft16OPT:UUT|complex_mult_twiddle:UUT7|Yi_s1b[-4],                                  ;
;                                                    ;                           ; fft16OPT:UUT|complex_mult_twiddle:UUT7|Yi_s1a[-4]                                   ;
; fft16OPT:UUT|complex_mult_twiddle:UUT7|Yi_s2[-5]   ; Lost Fanouts              ; fft16OPT:UUT|complex_mult_twiddle:UUT7|Yi_s1b[-5],                                  ;
;                                                    ;                           ; fft16OPT:UUT|complex_mult_twiddle:UUT7|Yi_s1a[-5]                                   ;
; fft16OPT:UUT|complex_mult_twiddle:UUT7|Yi_s2[-6]   ; Lost Fanouts              ; fft16OPT:UUT|complex_mult_twiddle:UUT7|Yi_s1b[-6],                                  ;
;                                                    ;                           ; fft16OPT:UUT|complex_mult_twiddle:UUT7|Yi_s1a[-6]                                   ;
; fft16OPT:UUT|complex_mult_twiddle:UUT7|Yi_s2[-7]   ; Lost Fanouts              ; fft16OPT:UUT|complex_mult_twiddle:UUT7|Yi_s1b[-7],                                  ;
;                                                    ;                           ; fft16OPT:UUT|complex_mult_twiddle:UUT7|Yi_s1a[-7]                                   ;
; fft16OPT:UUT|complex_mult_twiddle:UUT7|Yi_s2[-8]   ; Lost Fanouts              ; fft16OPT:UUT|complex_mult_twiddle:UUT7|Yi_s1b[-8],                                  ;
;                                                    ;                           ; fft16OPT:UUT|complex_mult_twiddle:UUT7|Yi_s1a[-8]                                   ;
; fft16OPT:UUT|complex_mult_twiddle:UUT7|Yi_s2[-9]   ; Lost Fanouts              ; fft16OPT:UUT|complex_mult_twiddle:UUT7|Yi_s1b[-9],                                  ;
;                                                    ;                           ; fft16OPT:UUT|complex_mult_twiddle:UUT7|Yi_s1a[-9]                                   ;
; fft16OPT:UUT|complex_mult_twiddle:UUT7|Yi_s2[-10]  ; Lost Fanouts              ; fft16OPT:UUT|complex_mult_twiddle:UUT7|Yi_s1b[-10],                                 ;
;                                                    ;                           ; fft16OPT:UUT|complex_mult_twiddle:UUT7|Yi_s1a[-10]                                  ;
; fft16OPT:UUT|complex_mult_twiddle:UUT7|Yr_s2[0]    ; Lost Fanouts              ; fft16OPT:UUT|complex_mult_twiddle:UUT7|Yr_s1b[0],                                   ;
;                                                    ;                           ; fft16OPT:UUT|complex_mult_twiddle:UUT7|Yr_s1a[0]                                    ;
; fft16OPT:UUT|complex_mult_twiddle:UUT7|Yr_s2[-1]   ; Lost Fanouts              ; fft16OPT:UUT|complex_mult_twiddle:UUT7|Yr_s1b[-1],                                  ;
;                                                    ;                           ; fft16OPT:UUT|complex_mult_twiddle:UUT7|Yr_s1a[-1]                                   ;
; fft16OPT:UUT|complex_mult_twiddle:UUT7|Yr_s2[-2]   ; Lost Fanouts              ; fft16OPT:UUT|complex_mult_twiddle:UUT7|Yr_s1b[-2],                                  ;
;                                                    ;                           ; fft16OPT:UUT|complex_mult_twiddle:UUT7|Yr_s1a[-2]                                   ;
; fft16OPT:UUT|complex_mult_twiddle:UUT7|Yr_s2[-3]   ; Lost Fanouts              ; fft16OPT:UUT|complex_mult_twiddle:UUT7|Yr_s1b[-3],                                  ;
;                                                    ;                           ; fft16OPT:UUT|complex_mult_twiddle:UUT7|Yr_s1a[-3]                                   ;
; fft16OPT:UUT|complex_mult_twiddle:UUT7|Yr_s2[-4]   ; Lost Fanouts              ; fft16OPT:UUT|complex_mult_twiddle:UUT7|Yr_s1b[-4],                                  ;
;                                                    ;                           ; fft16OPT:UUT|complex_mult_twiddle:UUT7|Yr_s1a[-4]                                   ;
; fft16OPT:UUT|complex_mult_twiddle:UUT7|Yr_s2[-5]   ; Lost Fanouts              ; fft16OPT:UUT|complex_mult_twiddle:UUT7|Yr_s1b[-5],                                  ;
;                                                    ;                           ; fft16OPT:UUT|complex_mult_twiddle:UUT7|Yr_s1a[-5]                                   ;
; fft16OPT:UUT|complex_mult_twiddle:UUT7|Yr_s2[-6]   ; Lost Fanouts              ; fft16OPT:UUT|complex_mult_twiddle:UUT7|Yr_s1b[-6],                                  ;
;                                                    ;                           ; fft16OPT:UUT|complex_mult_twiddle:UUT7|Yr_s1a[-6]                                   ;
; fft16OPT:UUT|complex_mult_twiddle:UUT7|Yr_s2[-7]   ; Lost Fanouts              ; fft16OPT:UUT|complex_mult_twiddle:UUT7|Yr_s1b[-7],                                  ;
;                                                    ;                           ; fft16OPT:UUT|complex_mult_twiddle:UUT7|Yr_s1a[-7]                                   ;
; fft16OPT:UUT|complex_mult_twiddle:UUT7|Yr_s2[-8]   ; Lost Fanouts              ; fft16OPT:UUT|complex_mult_twiddle:UUT7|Yr_s1b[-8],                                  ;
;                                                    ;                           ; fft16OPT:UUT|complex_mult_twiddle:UUT7|Yr_s1a[-8]                                   ;
; fft16OPT:UUT|complex_mult_twiddle:UUT7|Yr_s2[-9]   ; Lost Fanouts              ; fft16OPT:UUT|complex_mult_twiddle:UUT7|Yr_s1b[-9],                                  ;
;                                                    ;                           ; fft16OPT:UUT|complex_mult_twiddle:UUT7|Yr_s1a[-9]                                   ;
; fft16OPT:UUT|complex_mult_twiddle:UUT7|Yr_s2[-10]  ; Lost Fanouts              ; fft16OPT:UUT|complex_mult_twiddle:UUT7|Yr_s1b[-10],                                 ;
;                                                    ;                           ; fft16OPT:UUT|complex_mult_twiddle:UUT7|Yr_s1a[-10]                                  ;
; fft16OPT:UUT|complex_mult_twiddle:UUT7|Yr_s2[-11]  ; Lost Fanouts              ; fft16OPT:UUT|complex_mult_twiddle:UUT7|Yr_s1b[-11],                                 ;
;                                                    ;                           ; fft16OPT:UUT|complex_mult_twiddle:UUT7|Yr_s1a[-11]                                  ;
; fft16OPT:UUT|complex_mult_twiddle:UUT7|Yi_s2[0]    ; Lost Fanouts              ; fft16OPT:UUT|complex_mult_twiddle:UUT7|Yi_s1b[0],                                   ;
;                                                    ;                           ; fft16OPT:UUT|complex_mult_twiddle:UUT7|Yi_s1a[0]                                    ;
; fft16OPT:UUT|complex_mult_twiddle:UUT8|Yr_s2[-11]  ; Lost Fanouts              ; fft16OPT:UUT|complex_mult_twiddle:UUT8|Yr_s1b[-11],                                 ;
;                                                    ;                           ; fft16OPT:UUT|complex_mult_twiddle:UUT8|Yr_s1a[-11]                                  ;
; fft16OPT:UUT|complex_mult_twiddle:UUT8|Yr_s2[-10]  ; Lost Fanouts              ; fft16OPT:UUT|complex_mult_twiddle:UUT8|Yr_s1b[-10],                                 ;
;                                                    ;                           ; fft16OPT:UUT|complex_mult_twiddle:UUT8|Yr_s1a[-10]                                  ;
; fft16OPT:UUT|complex_mult_twiddle:UUT6|Yi_s2[0]    ; Lost Fanouts              ; fft16OPT:UUT|complex_mult_twiddle:UUT6|Yi_s1b[0],                                   ;
;                                                    ;                           ; fft16OPT:UUT|complex_mult_twiddle:UUT6|Yi_s1a[0]                                    ;
; fft16OPT:UUT|complex_mult_twiddle:UUT6|Yi_s2[-1]   ; Lost Fanouts              ; fft16OPT:UUT|complex_mult_twiddle:UUT6|Yi_s1b[-1],                                  ;
;                                                    ;                           ; fft16OPT:UUT|complex_mult_twiddle:UUT6|Yi_s1a[-1]                                   ;
; fft16OPT:UUT|complex_mult_twiddle:UUT6|Yi_s2[-2]   ; Lost Fanouts              ; fft16OPT:UUT|complex_mult_twiddle:UUT6|Yi_s1b[-2],                                  ;
;                                                    ;                           ; fft16OPT:UUT|complex_mult_twiddle:UUT6|Yi_s1a[-2]                                   ;
; fft16OPT:UUT|complex_mult_twiddle:UUT6|Yi_s2[-3]   ; Lost Fanouts              ; fft16OPT:UUT|complex_mult_twiddle:UUT6|Yi_s1b[-3],                                  ;
;                                                    ;                           ; fft16OPT:UUT|complex_mult_twiddle:UUT6|Yi_s1a[-3]                                   ;
; fft16OPT:UUT|complex_mult_twiddle:UUT6|Yi_s2[-4]   ; Lost Fanouts              ; fft16OPT:UUT|complex_mult_twiddle:UUT6|Yi_s1b[-4],                                  ;
;                                                    ;                           ; fft16OPT:UUT|complex_mult_twiddle:UUT6|Yi_s1a[-4]                                   ;
; fft16OPT:UUT|complex_mult_twiddle:UUT6|Yi_s2[-5]   ; Lost Fanouts              ; fft16OPT:UUT|complex_mult_twiddle:UUT6|Yi_s1b[-5],                                  ;
;                                                    ;                           ; fft16OPT:UUT|complex_mult_twiddle:UUT6|Yi_s1a[-5]                                   ;
; fft16OPT:UUT|complex_mult_twiddle:UUT6|Yi_s2[-6]   ; Lost Fanouts              ; fft16OPT:UUT|complex_mult_twiddle:UUT6|Yi_s1b[-6],                                  ;
;                                                    ;                           ; fft16OPT:UUT|complex_mult_twiddle:UUT6|Yi_s1a[-6]                                   ;
; fft16OPT:UUT|complex_mult_twiddle:UUT6|Yi_s2[-7]   ; Lost Fanouts              ; fft16OPT:UUT|complex_mult_twiddle:UUT6|Yi_s1b[-7],                                  ;
;                                                    ;                           ; fft16OPT:UUT|complex_mult_twiddle:UUT6|Yi_s1a[-7]                                   ;
; fft16OPT:UUT|complex_mult_twiddle:UUT6|Yi_s2[-8]   ; Lost Fanouts              ; fft16OPT:UUT|complex_mult_twiddle:UUT6|Yi_s1b[-8],                                  ;
;                                                    ;                           ; fft16OPT:UUT|complex_mult_twiddle:UUT6|Yi_s1a[-8]                                   ;
; fft16OPT:UUT|complex_mult_twiddle:UUT6|Yi_s2[-9]   ; Lost Fanouts              ; fft16OPT:UUT|complex_mult_twiddle:UUT6|Yi_s1b[-9],                                  ;
;                                                    ;                           ; fft16OPT:UUT|complex_mult_twiddle:UUT6|Yi_s1a[-9]                                   ;
; fft16OPT:UUT|complex_mult_twiddle:UUT6|Yi_s2[-10]  ; Lost Fanouts              ; fft16OPT:UUT|complex_mult_twiddle:UUT6|Yi_s1b[-10],                                 ;
;                                                    ;                           ; fft16OPT:UUT|complex_mult_twiddle:UUT6|Yi_s1a[-10]                                  ;
; fft16OPT:UUT|complex_mult_twiddle:UUT6|Yr_s2[0]    ; Lost Fanouts              ; fft16OPT:UUT|complex_mult_twiddle:UUT6|Yr_s1b[0],                                   ;
;                                                    ;                           ; fft16OPT:UUT|complex_mult_twiddle:UUT6|Yr_s1a[0]                                    ;
; fft16OPT:UUT|complex_mult_twiddle:UUT6|Yr_s2[-1]   ; Lost Fanouts              ; fft16OPT:UUT|complex_mult_twiddle:UUT6|Yr_s1b[-1],                                  ;
;                                                    ;                           ; fft16OPT:UUT|complex_mult_twiddle:UUT6|Yr_s1a[-1]                                   ;
; fft16OPT:UUT|complex_mult_twiddle:UUT6|Yr_s2[-2]   ; Lost Fanouts              ; fft16OPT:UUT|complex_mult_twiddle:UUT6|Yr_s1b[-2],                                  ;
;                                                    ;                           ; fft16OPT:UUT|complex_mult_twiddle:UUT6|Yr_s1a[-2]                                   ;
; fft16OPT:UUT|complex_mult_twiddle:UUT6|Yr_s2[-3]   ; Lost Fanouts              ; fft16OPT:UUT|complex_mult_twiddle:UUT6|Yr_s1b[-3],                                  ;
;                                                    ;                           ; fft16OPT:UUT|complex_mult_twiddle:UUT6|Yr_s1a[-3]                                   ;
; fft16OPT:UUT|complex_mult_twiddle:UUT6|Yr_s2[-4]   ; Lost Fanouts              ; fft16OPT:UUT|complex_mult_twiddle:UUT6|Yr_s1b[-4],                                  ;
;                                                    ;                           ; fft16OPT:UUT|complex_mult_twiddle:UUT6|Yr_s1a[-4]                                   ;
; fft16OPT:UUT|complex_mult_twiddle:UUT6|Yr_s2[-5]   ; Lost Fanouts              ; fft16OPT:UUT|complex_mult_twiddle:UUT6|Yr_s1b[-5],                                  ;
;                                                    ;                           ; fft16OPT:UUT|complex_mult_twiddle:UUT6|Yr_s1a[-5]                                   ;
; fft16OPT:UUT|complex_mult_twiddle:UUT6|Yr_s2[-6]   ; Lost Fanouts              ; fft16OPT:UUT|complex_mult_twiddle:UUT6|Yr_s1b[-6],                                  ;
;                                                    ;                           ; fft16OPT:UUT|complex_mult_twiddle:UUT6|Yr_s1a[-6]                                   ;
; fft16OPT:UUT|complex_mult_twiddle:UUT6|Yr_s2[-7]   ; Lost Fanouts              ; fft16OPT:UUT|complex_mult_twiddle:UUT6|Yr_s1b[-7],                                  ;
;                                                    ;                           ; fft16OPT:UUT|complex_mult_twiddle:UUT6|Yr_s1a[-7]                                   ;
; fft16OPT:UUT|complex_mult_twiddle:UUT6|Yr_s2[-8]   ; Lost Fanouts              ; fft16OPT:UUT|complex_mult_twiddle:UUT6|Yr_s1b[-8],                                  ;
;                                                    ;                           ; fft16OPT:UUT|complex_mult_twiddle:UUT6|Yr_s1a[-8]                                   ;
; fft16OPT:UUT|complex_mult_twiddle:UUT6|Yr_s2[-9]   ; Lost Fanouts              ; fft16OPT:UUT|complex_mult_twiddle:UUT6|Yr_s1b[-9],                                  ;
;                                                    ;                           ; fft16OPT:UUT|complex_mult_twiddle:UUT6|Yr_s1a[-9]                                   ;
; fft16OPT:UUT|complex_mult_twiddle:UUT6|Yr_s2[-10]  ; Lost Fanouts              ; fft16OPT:UUT|complex_mult_twiddle:UUT6|Yr_s1b[-10],                                 ;
;                                                    ;                           ; fft16OPT:UUT|complex_mult_twiddle:UUT6|Yr_s1a[-10]                                  ;
; fft16OPT:UUT|complex_mult_twiddle:UUT6|Yr_s2[-11]  ; Lost Fanouts              ; fft16OPT:UUT|complex_mult_twiddle:UUT6|Yr_s1b[-11],                                 ;
;                                                    ;                           ; fft16OPT:UUT|complex_mult_twiddle:UUT6|Yr_s1a[-11]                                  ;
; fft16OPT:UUT|complex_mult_twiddle:UUT7|Yi_s2[-1]   ; Lost Fanouts              ; fft16OPT:UUT|complex_mult_twiddle:UUT7|Yi_s1b[-1],                                  ;
;                                                    ;                           ; fft16OPT:UUT|complex_mult_twiddle:UUT7|Yi_s1a[-1]                                   ;
; fft16OPT:UUT|complex_mult_twiddle:UUT7|Yi_s2[-2]   ; Lost Fanouts              ; fft16OPT:UUT|complex_mult_twiddle:UUT7|Yi_s1b[-2],                                  ;
;                                                    ;                           ; fft16OPT:UUT|complex_mult_twiddle:UUT7|Yi_s1a[-2]                                   ;
; fft16OPT:UUT|complex_mult_twiddle:UUT8|Yr_s2[-9]   ; Lost Fanouts              ; fft16OPT:UUT|complex_mult_twiddle:UUT8|Yr_s1b[-9],                                  ;
;                                                    ;                           ; fft16OPT:UUT|complex_mult_twiddle:UUT8|Yr_s1a[-9]                                   ;
; fft16OPT:UUT|complex_mult_twiddle:UUT5|Yi_s2[0]    ; Lost Fanouts              ; fft16OPT:UUT|complex_mult_twiddle:UUT5|Yi_s1b[0],                                   ;
;                                                    ;                           ; fft16OPT:UUT|complex_mult_twiddle:UUT5|Yi_s1a[0]                                    ;
; fft16OPT:UUT|complex_mult_twiddle:UUT5|Yi_s2[-1]   ; Lost Fanouts              ; fft16OPT:UUT|complex_mult_twiddle:UUT5|Yi_s1b[-1],                                  ;
;                                                    ;                           ; fft16OPT:UUT|complex_mult_twiddle:UUT5|Yi_s1a[-1]                                   ;
; fft16OPT:UUT|complex_mult_twiddle:UUT5|Yi_s2[-2]   ; Lost Fanouts              ; fft16OPT:UUT|complex_mult_twiddle:UUT5|Yi_s1b[-2],                                  ;
;                                                    ;                           ; fft16OPT:UUT|complex_mult_twiddle:UUT5|Yi_s1a[-2]                                   ;
; fft16OPT:UUT|complex_mult_twiddle:UUT5|Yi_s2[-3]   ; Lost Fanouts              ; fft16OPT:UUT|complex_mult_twiddle:UUT5|Yi_s1b[-3],                                  ;
;                                                    ;                           ; fft16OPT:UUT|complex_mult_twiddle:UUT5|Yi_s1a[-3]                                   ;
; fft16OPT:UUT|complex_mult_twiddle:UUT5|Yi_s2[-4]   ; Lost Fanouts              ; fft16OPT:UUT|complex_mult_twiddle:UUT5|Yi_s1b[-4],                                  ;
;                                                    ;                           ; fft16OPT:UUT|complex_mult_twiddle:UUT5|Yi_s1a[-4]                                   ;
; fft16OPT:UUT|complex_mult_twiddle:UUT5|Yi_s2[-5]   ; Lost Fanouts              ; fft16OPT:UUT|complex_mult_twiddle:UUT5|Yi_s1b[-5],                                  ;
;                                                    ;                           ; fft16OPT:UUT|complex_mult_twiddle:UUT5|Yi_s1a[-5]                                   ;
; fft16OPT:UUT|complex_mult_twiddle:UUT5|Yi_s2[-6]   ; Lost Fanouts              ; fft16OPT:UUT|complex_mult_twiddle:UUT5|Yi_s1b[-6],                                  ;
;                                                    ;                           ; fft16OPT:UUT|complex_mult_twiddle:UUT5|Yi_s1a[-6]                                   ;
; fft16OPT:UUT|complex_mult_twiddle:UUT5|Yi_s2[-7]   ; Lost Fanouts              ; fft16OPT:UUT|complex_mult_twiddle:UUT5|Yi_s1b[-7],                                  ;
;                                                    ;                           ; fft16OPT:UUT|complex_mult_twiddle:UUT5|Yi_s1a[-7]                                   ;
; fft16OPT:UUT|complex_mult_twiddle:UUT5|Yi_s2[-8]   ; Lost Fanouts              ; fft16OPT:UUT|complex_mult_twiddle:UUT5|Yi_s1b[-8],                                  ;
;                                                    ;                           ; fft16OPT:UUT|complex_mult_twiddle:UUT5|Yi_s1a[-8]                                   ;
; fft16OPT:UUT|complex_mult_twiddle:UUT5|Yi_s2[-9]   ; Lost Fanouts              ; fft16OPT:UUT|complex_mult_twiddle:UUT5|Yi_s1b[-9],                                  ;
;                                                    ;                           ; fft16OPT:UUT|complex_mult_twiddle:UUT5|Yi_s1a[-9]                                   ;
; fft16OPT:UUT|complex_mult_twiddle:UUT5|Yi_s2[-10]  ; Lost Fanouts              ; fft16OPT:UUT|complex_mult_twiddle:UUT5|Yi_s1b[-10],                                 ;
;                                                    ;                           ; fft16OPT:UUT|complex_mult_twiddle:UUT5|Yi_s1a[-10]                                  ;
; fft16OPT:UUT|complex_mult_twiddle:UUT5|Yr_s2[0]    ; Lost Fanouts              ; fft16OPT:UUT|complex_mult_twiddle:UUT5|Yr_s1b[0],                                   ;
;                                                    ;                           ; fft16OPT:UUT|complex_mult_twiddle:UUT5|Yr_s1a[0]                                    ;
; fft16OPT:UUT|complex_mult_twiddle:UUT5|Yr_s2[-1]   ; Lost Fanouts              ; fft16OPT:UUT|complex_mult_twiddle:UUT5|Yr_s1b[-1],                                  ;
;                                                    ;                           ; fft16OPT:UUT|complex_mult_twiddle:UUT5|Yr_s1a[-1]                                   ;
; fft16OPT:UUT|complex_mult_twiddle:UUT5|Yr_s2[-2]   ; Lost Fanouts              ; fft16OPT:UUT|complex_mult_twiddle:UUT5|Yr_s1b[-2],                                  ;
;                                                    ;                           ; fft16OPT:UUT|complex_mult_twiddle:UUT5|Yr_s1a[-2]                                   ;
; fft16OPT:UUT|complex_mult_twiddle:UUT5|Yr_s2[-3]   ; Lost Fanouts              ; fft16OPT:UUT|complex_mult_twiddle:UUT5|Yr_s1b[-3],                                  ;
;                                                    ;                           ; fft16OPT:UUT|complex_mult_twiddle:UUT5|Yr_s1a[-3]                                   ;
; fft16OPT:UUT|complex_mult_twiddle:UUT5|Yr_s2[-4]   ; Lost Fanouts              ; fft16OPT:UUT|complex_mult_twiddle:UUT5|Yr_s1b[-4],                                  ;
;                                                    ;                           ; fft16OPT:UUT|complex_mult_twiddle:UUT5|Yr_s1a[-4]                                   ;
; fft16OPT:UUT|complex_mult_twiddle:UUT5|Yr_s2[-5]   ; Lost Fanouts              ; fft16OPT:UUT|complex_mult_twiddle:UUT5|Yr_s1b[-5],                                  ;
;                                                    ;                           ; fft16OPT:UUT|complex_mult_twiddle:UUT5|Yr_s1a[-5]                                   ;
; fft16OPT:UUT|complex_mult_twiddle:UUT5|Yr_s2[-6]   ; Lost Fanouts              ; fft16OPT:UUT|complex_mult_twiddle:UUT5|Yr_s1b[-6],                                  ;
;                                                    ;                           ; fft16OPT:UUT|complex_mult_twiddle:UUT5|Yr_s1a[-6]                                   ;
; fft16OPT:UUT|complex_mult_twiddle:UUT5|Yr_s2[-7]   ; Lost Fanouts              ; fft16OPT:UUT|complex_mult_twiddle:UUT5|Yr_s1b[-7],                                  ;
;                                                    ;                           ; fft16OPT:UUT|complex_mult_twiddle:UUT5|Yr_s1a[-7]                                   ;
; fft16OPT:UUT|complex_mult_twiddle:UUT5|Yr_s2[-8]   ; Lost Fanouts              ; fft16OPT:UUT|complex_mult_twiddle:UUT5|Yr_s1b[-8],                                  ;
;                                                    ;                           ; fft16OPT:UUT|complex_mult_twiddle:UUT5|Yr_s1a[-8]                                   ;
; fft16OPT:UUT|complex_mult_twiddle:UUT5|Yr_s2[-9]   ; Lost Fanouts              ; fft16OPT:UUT|complex_mult_twiddle:UUT5|Yr_s1b[-9],                                  ;
;                                                    ;                           ; fft16OPT:UUT|complex_mult_twiddle:UUT5|Yr_s1a[-9]                                   ;
; fft16OPT:UUT|complex_mult_twiddle:UUT5|Yr_s2[-10]  ; Lost Fanouts              ; fft16OPT:UUT|complex_mult_twiddle:UUT5|Yr_s1b[-10],                                 ;
;                                                    ;                           ; fft16OPT:UUT|complex_mult_twiddle:UUT5|Yr_s1a[-10]                                  ;
; fft16OPT:UUT|complex_mult_twiddle:UUT5|Yr_s2[-11]  ; Lost Fanouts              ; fft16OPT:UUT|complex_mult_twiddle:UUT5|Yr_s1b[-11],                                 ;
;                                                    ;                           ; fft16OPT:UUT|complex_mult_twiddle:UUT5|Yr_s1a[-11]                                  ;
; fft16OPT:UUT|complex_mult_twiddle:UUT13|k_s1a[2]   ; Stuck at GND              ; fft16OPT:UUT|complex_mult_twiddle:UUT13|k_s1b[2],                                   ;
;                                                    ; due to stuck port data_in ; fft16OPT:UUT|complex_mult_twiddle:UUT13|k_s2[2]                                     ;
; fft16OPT:UUT|calc_pot:\gen_pot:7:calc_Z|i2_s[-21]  ; Stuck at GND              ; fft16OPT:UUT|calc_pot:\gen_pot:7:calc_Z|r2_s[-22],                                  ;
;                                                    ; due to stuck port data_in ; fft16OPT:UUT|calc_pot:\gen_pot:7:calc_Z|i2_s[-22]                                   ;
; fft16OPT:UUT|calc_pot:\gen_pot:6:calc_Z|i2_s[-21]  ; Stuck at GND              ; fft16OPT:UUT|calc_pot:\gen_pot:6:calc_Z|r2_s[-22],                                  ;
;                                                    ; due to stuck port data_in ; fft16OPT:UUT|calc_pot:\gen_pot:6:calc_Z|i2_s[-22]                                   ;
; fft16OPT:UUT|calc_pot:\gen_pot:5:calc_Z|i2_s[-21]  ; Stuck at GND              ; fft16OPT:UUT|calc_pot:\gen_pot:5:calc_Z|r2_s[-22],                                  ;
;                                                    ; due to stuck port data_in ; fft16OPT:UUT|calc_pot:\gen_pot:5:calc_Z|i2_s[-22]                                   ;
; fft16OPT:UUT|calc_pot:\gen_pot:4:calc_Z|i2_s[-21]  ; Stuck at GND              ; fft16OPT:UUT|calc_pot:\gen_pot:4:calc_Z|r2_s[-22],                                  ;
;                                                    ; due to stuck port data_in ; fft16OPT:UUT|calc_pot:\gen_pot:4:calc_Z|i2_s[-22]                                   ;
; fft16OPT:UUT|calc_pot:\gen_pot:3:calc_Z|i2_s[-21]  ; Stuck at GND              ; fft16OPT:UUT|calc_pot:\gen_pot:3:calc_Z|r2_s[-22],                                  ;
;                                                    ; due to stuck port data_in ; fft16OPT:UUT|calc_pot:\gen_pot:3:calc_Z|i2_s[-22]                                   ;
; fft16OPT:UUT|calc_pot:\gen_pot:2:calc_Z|i2_s[-21]  ; Stuck at GND              ; fft16OPT:UUT|calc_pot:\gen_pot:2:calc_Z|r2_s[-22],                                  ;
;                                                    ; due to stuck port data_in ; fft16OPT:UUT|calc_pot:\gen_pot:2:calc_Z|i2_s[-22]                                   ;
; fft16OPT:UUT|calc_pot:\gen_pot:1:calc_Z|i2_s[-21]  ; Stuck at GND              ; fft16OPT:UUT|calc_pot:\gen_pot:1:calc_Z|r2_s[-22],                                  ;
;                                                    ; due to stuck port data_in ; fft16OPT:UUT|calc_pot:\gen_pot:1:calc_Z|i2_s[-22]                                   ;
; fft16OPT:UUT|complex_mult_twiddle:UUT13|k_s1a[1]   ; Stuck at GND              ; fft16OPT:UUT|complex_mult_twiddle:UUT13|k_s1b[1],                                   ;
;                                                    ; due to stuck port data_in ; fft16OPT:UUT|complex_mult_twiddle:UUT13|k_s2[1]                                     ;
; fft16OPT:UUT|complex_mult_twiddle:UUT8|Yr_s2[-8]   ; Lost Fanouts              ; fft16OPT:UUT|complex_mult_twiddle:UUT8|Yr_s1b[-8],                                  ;
;                                                    ;                           ; fft16OPT:UUT|complex_mult_twiddle:UUT8|Yr_s1a[-8]                                   ;
; fft16OPT:UUT|complex_mult_twiddle:UUT10|Yi_s2[-4]  ; Lost Fanouts              ; fft16OPT:UUT|complex_mult_twiddle:UUT10|Yi_s1b[-4],                                 ;
;                                                    ;                           ; fft16OPT:UUT|complex_mult_twiddle:UUT10|Yi_s1a[-4]                                  ;
; fft16OPT:UUT|complex_mult_twiddle:UUT10|Yi_s2[-5]  ; Lost Fanouts              ; fft16OPT:UUT|complex_mult_twiddle:UUT10|Yi_s1b[-5],                                 ;
;                                                    ;                           ; fft16OPT:UUT|complex_mult_twiddle:UUT10|Yi_s1a[-5]                                  ;
; fft16OPT:UUT|complex_mult_twiddle:UUT10|Yi_s2[-6]  ; Lost Fanouts              ; fft16OPT:UUT|complex_mult_twiddle:UUT10|Yi_s1b[-6],                                 ;
;                                                    ;                           ; fft16OPT:UUT|complex_mult_twiddle:UUT10|Yi_s1a[-6]                                  ;
; fft16OPT:UUT|complex_mult_twiddle:UUT10|Yi_s2[-7]  ; Lost Fanouts              ; fft16OPT:UUT|complex_mult_twiddle:UUT10|Yi_s1b[-7],                                 ;
;                                                    ;                           ; fft16OPT:UUT|complex_mult_twiddle:UUT10|Yi_s1a[-7]                                  ;
; fft16OPT:UUT|complex_mult_twiddle:UUT10|Yi_s2[-8]  ; Lost Fanouts              ; fft16OPT:UUT|complex_mult_twiddle:UUT10|Yi_s1b[-8],                                 ;
;                                                    ;                           ; fft16OPT:UUT|complex_mult_twiddle:UUT10|Yi_s1a[-8]                                  ;
; fft16OPT:UUT|complex_mult_twiddle:UUT10|Yi_s2[-9]  ; Lost Fanouts              ; fft16OPT:UUT|complex_mult_twiddle:UUT10|Yi_s1b[-9],                                 ;
;                                                    ;                           ; fft16OPT:UUT|complex_mult_twiddle:UUT10|Yi_s1a[-9]                                  ;
; fft16OPT:UUT|complex_mult_twiddle:UUT10|Yi_s2[-10] ; Lost Fanouts              ; fft16OPT:UUT|complex_mult_twiddle:UUT10|Yi_s1b[-10],                                ;
;                                                    ;                           ; fft16OPT:UUT|complex_mult_twiddle:UUT10|Yi_s1a[-10]                                 ;
; fft16OPT:UUT|complex_mult_twiddle:UUT10|Yi_s2[-11] ; Lost Fanouts              ; fft16OPT:UUT|complex_mult_twiddle:UUT10|Yi_s1b[-11],                                ;
;                                                    ;                           ; fft16OPT:UUT|complex_mult_twiddle:UUT10|Yi_s1a[-11]                                 ;
; fft16OPT:UUT|complex_mult_twiddle:UUT8|Yr_s2[-7]   ; Lost Fanouts              ; fft16OPT:UUT|complex_mult_twiddle:UUT8|Yr_s1b[-7],                                  ;
;                                                    ;                           ; fft16OPT:UUT|complex_mult_twiddle:UUT8|Yr_s1a[-7]                                   ;
; fft16OPT:UUT|complex_mult_twiddle:UUT12|Yr_s2[-11] ; Lost Fanouts              ; fft16OPT:UUT|complex_mult_twiddle:UUT12|Yr_s1b[-11],                                ;
;                                                    ;                           ; fft16OPT:UUT|complex_mult_twiddle:UUT12|Yr_s1a[-11]                                 ;
; fft16OPT:UUT|complex_mult_twiddle:UUT12|Yr_s2[-10] ; Lost Fanouts              ; fft16OPT:UUT|complex_mult_twiddle:UUT12|Yr_s1b[-10],                                ;
;                                                    ;                           ; fft16OPT:UUT|complex_mult_twiddle:UUT12|Yr_s1a[-10]                                 ;
; fft16OPT:UUT|complex_mult_twiddle:UUT12|Yr_s2[-9]  ; Lost Fanouts              ; fft16OPT:UUT|complex_mult_twiddle:UUT12|Yr_s1b[-9],                                 ;
;                                                    ;                           ; fft16OPT:UUT|complex_mult_twiddle:UUT12|Yr_s1a[-9]                                  ;
; fft16OPT:UUT|complex_mult_twiddle:UUT12|Yr_s2[-8]  ; Lost Fanouts              ; fft16OPT:UUT|complex_mult_twiddle:UUT12|Yr_s1b[-8],                                 ;
;                                                    ;                           ; fft16OPT:UUT|complex_mult_twiddle:UUT12|Yr_s1a[-8]                                  ;
; fft16OPT:UUT|complex_mult_twiddle:UUT12|Yr_s2[-7]  ; Lost Fanouts              ; fft16OPT:UUT|complex_mult_twiddle:UUT12|Yr_s1b[-7],                                 ;
;                                                    ;                           ; fft16OPT:UUT|complex_mult_twiddle:UUT12|Yr_s1a[-7]                                  ;
; fft16OPT:UUT|complex_mult_twiddle:UUT12|Yr_s2[-6]  ; Lost Fanouts              ; fft16OPT:UUT|complex_mult_twiddle:UUT12|Yr_s1b[-6],                                 ;
;                                                    ;                           ; fft16OPT:UUT|complex_mult_twiddle:UUT12|Yr_s1a[-6]                                  ;
; fft16OPT:UUT|complex_mult_twiddle:UUT12|Yr_s2[-5]  ; Lost Fanouts              ; fft16OPT:UUT|complex_mult_twiddle:UUT12|Yr_s1b[-5],                                 ;
;                                                    ;                           ; fft16OPT:UUT|complex_mult_twiddle:UUT12|Yr_s1a[-5]                                  ;
; fft16OPT:UUT|complex_mult_twiddle:UUT12|Yr_s2[-4]  ; Lost Fanouts              ; fft16OPT:UUT|complex_mult_twiddle:UUT12|Yr_s1b[-4],                                 ;
;                                                    ;                           ; fft16OPT:UUT|complex_mult_twiddle:UUT12|Yr_s1a[-4]                                  ;
; fft16OPT:UUT|complex_mult_twiddle:UUT10|Yr_s2[-11] ; Lost Fanouts              ; fft16OPT:UUT|complex_mult_twiddle:UUT10|Yr_s1b[-11],                                ;
;                                                    ;                           ; fft16OPT:UUT|complex_mult_twiddle:UUT10|Yr_s1a[-11]                                 ;
; fft16OPT:UUT|complex_mult_twiddle:UUT10|Yr_s2[-10] ; Lost Fanouts              ; fft16OPT:UUT|complex_mult_twiddle:UUT10|Yr_s1b[-10],                                ;
;                                                    ;                           ; fft16OPT:UUT|complex_mult_twiddle:UUT10|Yr_s1a[-10]                                 ;
; fft16OPT:UUT|complex_mult_twiddle:UUT10|Yr_s2[-9]  ; Lost Fanouts              ; fft16OPT:UUT|complex_mult_twiddle:UUT10|Yr_s1b[-9],                                 ;
;                                                    ;                           ; fft16OPT:UUT|complex_mult_twiddle:UUT10|Yr_s1a[-9]                                  ;
; fft16OPT:UUT|complex_mult_twiddle:UUT10|Yr_s2[-8]  ; Lost Fanouts              ; fft16OPT:UUT|complex_mult_twiddle:UUT10|Yr_s1b[-8],                                 ;
;                                                    ;                           ; fft16OPT:UUT|complex_mult_twiddle:UUT10|Yr_s1a[-8]                                  ;
; fft16OPT:UUT|complex_mult_twiddle:UUT10|Yr_s2[-7]  ; Lost Fanouts              ; fft16OPT:UUT|complex_mult_twiddle:UUT10|Yr_s1b[-7],                                 ;
;                                                    ;                           ; fft16OPT:UUT|complex_mult_twiddle:UUT10|Yr_s1a[-7]                                  ;
; fft16OPT:UUT|complex_mult_twiddle:UUT10|Yr_s2[-6]  ; Lost Fanouts              ; fft16OPT:UUT|complex_mult_twiddle:UUT10|Yr_s1b[-6],                                 ;
;                                                    ;                           ; fft16OPT:UUT|complex_mult_twiddle:UUT10|Yr_s1a[-6]                                  ;
; fft16OPT:UUT|complex_mult_twiddle:UUT10|Yr_s2[-5]  ; Lost Fanouts              ; fft16OPT:UUT|complex_mult_twiddle:UUT10|Yr_s1b[-5],                                 ;
;                                                    ;                           ; fft16OPT:UUT|complex_mult_twiddle:UUT10|Yr_s1a[-5]                                  ;
; fft16OPT:UUT|complex_mult_twiddle:UUT10|Yr_s2[-4]  ; Lost Fanouts              ; fft16OPT:UUT|complex_mult_twiddle:UUT10|Yr_s1b[-4],                                 ;
;                                                    ;                           ; fft16OPT:UUT|complex_mult_twiddle:UUT10|Yr_s1a[-4]                                  ;
; fft16OPT:UUT|complex_mult_twiddle:UUT10|Yi_s2[0]   ; Lost Fanouts              ; fft16OPT:UUT|complex_mult_twiddle:UUT10|Yi_s1b[0]                                   ;
; fft16OPT:UUT|complex_mult_twiddle:UUT10|Yi_s2[-2]  ; Lost Fanouts              ; fft16OPT:UUT|complex_mult_twiddle:UUT10|Yi_s1b[-2]                                  ;
; fft16OPT:UUT|complex_mult_twiddle:UUT12|Yr_s2[-3]  ; Lost Fanouts              ; fft16OPT:UUT|complex_mult_twiddle:UUT12|Yr_s1b[-3]                                  ;
; fft16OPT:UUT|complex_mult_twiddle:UUT12|Yr_s2[-2]  ; Lost Fanouts              ; fft16OPT:UUT|complex_mult_twiddle:UUT12|Yr_s1b[-2]                                  ;
; fft16OPT:UUT|complex_mult_twiddle:UUT12|Yr_s2[-1]  ; Lost Fanouts              ; fft16OPT:UUT|complex_mult_twiddle:UUT12|Yr_s1b[-1]                                  ;
; fft16OPT:UUT|complex_mult_twiddle:UUT12|Yr_s2[0]   ; Lost Fanouts              ; fft16OPT:UUT|complex_mult_twiddle:UUT12|Yr_s1b[0]                                   ;
; fft16OPT:UUT|complex_mult_twiddle:UUT10|Yi_s2[-3]  ; Lost Fanouts              ; fft16OPT:UUT|complex_mult_twiddle:UUT10|Yi_s1b[-3]                                  ;
; fft16OPT:UUT|complex_mult_twiddle:UUT10|Yr_s2[-3]  ; Lost Fanouts              ; fft16OPT:UUT|complex_mult_twiddle:UUT10|Yr_s1b[-3]                                  ;
; fft16OPT:UUT|complex_mult_twiddle:UUT10|Yr_s2[-2]  ; Lost Fanouts              ; fft16OPT:UUT|complex_mult_twiddle:UUT10|Yr_s1b[-2]                                  ;
; fft16OPT:UUT|complex_mult_twiddle:UUT10|Yr_s2[0]   ; Lost Fanouts              ; fft16OPT:UUT|complex_mult_twiddle:UUT10|Yr_s1b[0]                                   ;
+----------------------------------------------------+---------------------------+-------------------------------------------------------------------------------------+


+------------------------------------------------------+
; General Register Statistics                          ;
+----------------------------------------------+-------+
; Statistic                                    ; Value ;
+----------------------------------------------+-------+
; Total registers                              ; 2606  ;
; Number of registers using Synchronous Clear  ; 60    ;
; Number of registers using Synchronous Load   ; 0     ;
; Number of registers using Asynchronous Clear ; 0     ;
; Number of registers using Asynchronous Load  ; 0     ;
; Number of registers using Clock Enable       ; 0     ;
; Number of registers using Preset             ; 0     ;
+----------------------------------------------+-------+


+--------------------------------------------------------------------------------------------------------------------------+
; Registers Packed Into Inferred Megafunctions                                                                             ;
+-------------------------------------------------------+-----------------------------------------------------+------------+
; Register Name                                         ; Megafunction                                        ; Type       ;
+-------------------------------------------------------+-----------------------------------------------------+------------+
; fft16OPT:UUT|radix4:UUT16|Z1r_s[-11..-1]              ; fft16OPT:UUT|y8r_d_rtl_0                            ; SHIFT_TAPS ;
; fft16OPT:UUT|y8r_d[0..3][-10..0]                      ; fft16OPT:UUT|y8r_d_rtl_0                            ; SHIFT_TAPS ;
; fft16OPT:UUT|y4r_d[1,3][-11..-1]                      ; fft16OPT:UUT|y8r_d_rtl_0                            ; SHIFT_TAPS ;
; fft16OPT:UUT|y12r_d[0,2][-11..-1]                     ; fft16OPT:UUT|y8r_d_rtl_0                            ; SHIFT_TAPS ;
; fft16OPT:UUT|radix4:UUT1|y3r_r[-11..-1]               ; fft16OPT:UUT|y8r_d_rtl_0                            ; SHIFT_TAPS ;
; fft16OPT:UUT|y12i_d[0..3][-11..-1]                    ; fft16OPT:UUT|y8r_d_rtl_0                            ; SHIFT_TAPS ;
; fft16OPT:UUT|radix4:UUT1|y3i_r[-11..-1]               ; fft16OPT:UUT|y8r_d_rtl_0                            ; SHIFT_TAPS ;
; fft16OPT:UUT|y1r_d[0..3][-11..0]                      ; fft16OPT:UUT|y1r_d_rtl_0                            ; SHIFT_TAPS ;
; fft16OPT:UUT|y3r_d[0..3][-11..0]                      ; fft16OPT:UUT|y1r_d_rtl_0                            ; SHIFT_TAPS ;
; fft16OPT:UUT|y0r_d[0..3][-11..0]                      ; fft16OPT:UUT|y1r_d_rtl_0                            ; SHIFT_TAPS ;
; fft16OPT:UUT|y2r_d[0..3][-11..0]                      ; fft16OPT:UUT|y1r_d_rtl_0                            ; SHIFT_TAPS ;
; fft16OPT:UUT|y4i_d[0..3][-11..0]                      ; fft16OPT:UUT|y1r_d_rtl_0                            ; SHIFT_TAPS ;
; z_reg[0,8][-11..0]                                    ; fft16OPT:UUT|calc_pot:\gen_pot:8:calc_Z|sum_u_rtl_0 ; SHIFT_TAPS ;
; fft16OPT:UUT|calc_pot:\gen_pot:8:calc_Z|Pot[-11..0]   ; fft16OPT:UUT|calc_pot:\gen_pot:8:calc_Z|sum_u_rtl_0 ; SHIFT_TAPS ;
; fft16OPT:UUT|calc_pot:\gen_pot:8:calc_Z|sum_u[-11..0] ; fft16OPT:UUT|calc_pot:\gen_pot:8:calc_Z|sum_u_rtl_0 ; SHIFT_TAPS ;
; fft16OPT:UUT|calc_pot:\gen_pot:0:calc_Z|Pot[-11..0]   ; fft16OPT:UUT|calc_pot:\gen_pot:8:calc_Z|sum_u_rtl_0 ; SHIFT_TAPS ;
; fft16OPT:UUT|calc_pot:\gen_pot:0:calc_Z|sum_u[-11..0] ; fft16OPT:UUT|calc_pot:\gen_pot:8:calc_Z|sum_u_rtl_0 ; SHIFT_TAPS ;
; fft16OPT:UUT|complex_mult_twiddle:UUT9|Yr_s2[-11..0]  ; fft16OPT:UUT|calc_pot:\gen_pot:8:calc_Z|sum_u_rtl_0 ; SHIFT_TAPS ;
; fft16OPT:UUT|complex_mult_twiddle:UUT9|Yr_s1b[-11..0] ; fft16OPT:UUT|calc_pot:\gen_pot:8:calc_Z|sum_u_rtl_0 ; SHIFT_TAPS ;
; fft16OPT:UUT|complex_mult_twiddle:UUT9|Yr_s1a[-11..0] ; fft16OPT:UUT|calc_pot:\gen_pot:8:calc_Z|sum_u_rtl_0 ; SHIFT_TAPS ;
+-------------------------------------------------------+-----------------------------------------------------+------------+


+----------------------------------------------------------------------------------------------------------------------------------------------------------------------------+
; Multiplexer Restructuring Statistics (Restructuring Performed)                                                                                                             ;
+--------------------+-----------+---------------+----------------------+------------------------+------------+--------------------------------------------------------------+
; Multiplexer Inputs ; Bus Width ; Baseline Area ; Area if Restructured ; Saving if Restructured ; Registered ; Example Multiplexer Output                                   ;
+--------------------+-----------+---------------+----------------------+------------------------+------------+--------------------------------------------------------------+
; 1:1                ; 24 bits   ; 0 LEs         ; 0 LEs                ; 0 LEs                  ; No         ; |fft16OPT_sync|fft16OPT:UUT|complex_mult_twiddle:UUT10|Add30 ;
+--------------------+-----------+---------------+----------------------+------------------------+------------+--------------------------------------------------------------+


+-------------------------------------------------------------------------------------------------------------------------+
; Source assignments for fft16OPT:UUT|altshift_taps:y8r_d_rtl_0|shift_taps_3hl:auto_generated|altsyncram_mo71:altsyncram2 ;
+---------------------------------+--------------------+------+-----------------------------------------------------------+
; Assignment                      ; Value              ; From ; To                                                        ;
+---------------------------------+--------------------+------+-----------------------------------------------------------+
; OPTIMIZE_POWER_DURING_SYNTHESIS ; NORMAL_COMPILATION ; -    ; -                                                         ;
+---------------------------------+--------------------+------+-----------------------------------------------------------+


+-------------------------------------------------------------------------------------------------------------------------+
; Source assignments for fft16OPT:UUT|altshift_taps:y1r_d_rtl_0|shift_taps_2hl:auto_generated|altsyncram_jo71:altsyncram2 ;
+---------------------------------+--------------------+------+-----------------------------------------------------------+
; Assignment                      ; Value              ; From ; To                                                        ;
+---------------------------------+--------------------+------+-----------------------------------------------------------+
; OPTIMIZE_POWER_DURING_SYNTHESIS ; NORMAL_COMPILATION ; -    ; -                                                         ;
+---------------------------------+--------------------+------+-----------------------------------------------------------+


+----------------------------------------------------------------------------------------------------------------------------------------------------+
; Source assignments for fft16OPT:UUT|calc_pot:\gen_pot:8:calc_Z|altshift_taps:sum_u_rtl_0|shift_taps_4hl:auto_generated|altsyncram_tv21:altsyncram4 ;
+---------------------------------+--------------------+------+--------------------------------------------------------------------------------------+
; Assignment                      ; Value              ; From ; To                                                                                   ;
+---------------------------------+--------------------+------+--------------------------------------------------------------------------------------+
; OPTIMIZE_POWER_DURING_SYNTHESIS ; NORMAL_COMPILATION ; -    ; -                                                                                    ;
+---------------------------------+--------------------+------+--------------------------------------------------------------------------------------+


+-----------------------------------------------------------------------------------------+
; Parameter Settings for Inferred Entity Instance: fft16OPT:UUT|altshift_taps:y8r_d_rtl_0 ;
+----------------+----------------+-------------------------------------------------------+
; Parameter Name ; Value          ; Type                                                  ;
+----------------+----------------+-------------------------------------------------------+
; WIDTH_BYTEENA  ; 1              ; Untyped                                               ;
; NUMBER_OF_TAPS ; 1              ; Untyped                                               ;
; TAP_DISTANCE   ; 5              ; Untyped                                               ;
; WIDTH          ; 33             ; Untyped                                               ;
; POWER_UP_STATE ; CLEARED        ; Untyped                                               ;
; CBXI_PARAMETER ; shift_taps_3hl ; Untyped                                               ;
+----------------+----------------+-------------------------------------------------------+
Note: In order to hide this table in the UI and the text report file, please set the "Show Parameter Settings in Synthesis Report" option in "Analysis and Synthesis Settings -> More Settings" to "Off".


+-----------------------------------------------------------------------------------------+
; Parameter Settings for Inferred Entity Instance: fft16OPT:UUT|altshift_taps:y1r_d_rtl_0 ;
+----------------+----------------+-------------------------------------------------------+
; Parameter Name ; Value          ; Type                                                  ;
+----------------+----------------+-------------------------------------------------------+
; WIDTH_BYTEENA  ; 1              ; Untyped                                               ;
; NUMBER_OF_TAPS ; 1              ; Untyped                                               ;
; TAP_DISTANCE   ; 4              ; Untyped                                               ;
; WIDTH          ; 60             ; Untyped                                               ;
; POWER_UP_STATE ; CLEARED        ; Untyped                                               ;
; CBXI_PARAMETER ; shift_taps_2hl ; Untyped                                               ;
+----------------+----------------+-------------------------------------------------------+
Note: In order to hide this table in the UI and the text report file, please set the "Show Parameter Settings in Synthesis Report" option in "Analysis and Synthesis Settings -> More Settings" to "Off".


+--------------------------------------------------------------------------------------------------------------------+
; Parameter Settings for Inferred Entity Instance: fft16OPT:UUT|calc_pot:\gen_pot:8:calc_Z|altshift_taps:sum_u_rtl_0 ;
+----------------+----------------+----------------------------------------------------------------------------------+
; Parameter Name ; Value          ; Type                                                                             ;
+----------------+----------------+----------------------------------------------------------------------------------+
; WIDTH_BYTEENA  ; 1              ; Untyped                                                                          ;
; NUMBER_OF_TAPS ; 1              ; Untyped                                                                          ;
; TAP_DISTANCE   ; 3              ; Untyped                                                                          ;
; WIDTH          ; 36             ; Untyped                                                                          ;
; POWER_UP_STATE ; CLEARED        ; Untyped                                                                          ;
; CBXI_PARAMETER ; shift_taps_4hl ; Untyped                                                                          ;
+----------------+----------------+----------------------------------------------------------------------------------+
Note: In order to hide this table in the UI and the text report file, please set the "Show Parameter Settings in Synthesis Report" option in "Analysis and Synthesis Settings -> More Settings" to "Off".


+---------------------------------------------------------------------------------------------------------+
; Parameter Settings for Inferred Entity Instance: fft16OPT:UUT|calc_pot:\gen_pot:8:calc_Z|lpm_mult:Mult0 ;
+------------------------------------------------+----------+---------------------------------------------+
; Parameter Name                                 ; Value    ; Type                                        ;
+------------------------------------------------+----------+---------------------------------------------+
; AUTO_CARRY_CHAINS                              ; ON       ; AUTO_CARRY                                  ;
; IGNORE_CARRY_BUFFERS                           ; OFF      ; IGNORE_CARRY                                ;
; AUTO_CASCADE_CHAINS                            ; ON       ; AUTO_CASCADE                                ;
; IGNORE_CASCADE_BUFFERS                         ; OFF      ; IGNORE_CASCADE                              ;
; LPM_WIDTHA                                     ; 12       ; Untyped                                     ;
; LPM_WIDTHB                                     ; 12       ; Untyped                                     ;
; LPM_WIDTHP                                     ; 24       ; Untyped                                     ;
; LPM_WIDTHR                                     ; 24       ; Untyped                                     ;
; LPM_WIDTHS                                     ; 1        ; Untyped                                     ;
; LPM_REPRESENTATION                             ; SIGNED   ; Untyped                                     ;
; LPM_PIPELINE                                   ; 0        ; Untyped                                     ;
; LATENCY                                        ; 0        ; Untyped                                     ;
; INPUT_A_IS_CONSTANT                            ; NO       ; Untyped                                     ;
; INPUT_B_IS_CONSTANT                            ; NO       ; Untyped                                     ;
; USE_EAB                                        ; OFF      ; Untyped                                     ;
; MAXIMIZE_SPEED                                 ; 6        ; Untyped                                     ;
; DEVICE_FAMILY                                  ; MAX 10   ; Untyped                                     ;
; CARRY_CHAIN                                    ; MANUAL   ; Untyped                                     ;
; APEX20K_TECHNOLOGY_MAPPER                      ; LUT      ; TECH_MAPPER_APEX20K                         ;
; DEDICATED_MULTIPLIER_CIRCUITRY                 ; AUTO     ; Untyped                                     ;
; DEDICATED_MULTIPLIER_MIN_INPUT_WIDTH_FOR_AUTO  ; 0        ; Untyped                                     ;
; DEDICATED_MULTIPLIER_MIN_OUTPUT_WIDTH_FOR_AUTO ; 0        ; Untyped                                     ;
; CBXI_PARAMETER                                 ; mult_jgs ; Untyped                                     ;
; INPUT_A_FIXED_VALUE                            ; Bx       ; Untyped                                     ;
; INPUT_B_FIXED_VALUE                            ; Bx       ; Untyped                                     ;
; USE_AHDL_IMPLEMENTATION                        ; OFF      ; Untyped                                     ;
+------------------------------------------------+----------+---------------------------------------------+
Note: In order to hide this table in the UI and the text report file, please set the "Show Parameter Settings in Synthesis Report" option in "Analysis and Synthesis Settings -> More Settings" to "Off".


+---------------------------------------------------------------------------------------------------------+
; Parameter Settings for Inferred Entity Instance: fft16OPT:UUT|calc_pot:\gen_pot:0:calc_Z|lpm_mult:Mult0 ;
+------------------------------------------------+----------+---------------------------------------------+
; Parameter Name                                 ; Value    ; Type                                        ;
+------------------------------------------------+----------+---------------------------------------------+
; AUTO_CARRY_CHAINS                              ; ON       ; AUTO_CARRY                                  ;
; IGNORE_CARRY_BUFFERS                           ; OFF      ; IGNORE_CARRY                                ;
; AUTO_CASCADE_CHAINS                            ; ON       ; AUTO_CASCADE                                ;
; IGNORE_CASCADE_BUFFERS                         ; OFF      ; IGNORE_CASCADE                              ;
; LPM_WIDTHA                                     ; 12       ; Untyped                                     ;
; LPM_WIDTHB                                     ; 12       ; Untyped                                     ;
; LPM_WIDTHP                                     ; 24       ; Untyped                                     ;
; LPM_WIDTHR                                     ; 24       ; Untyped                                     ;
; LPM_WIDTHS                                     ; 1        ; Untyped                                     ;
; LPM_REPRESENTATION                             ; SIGNED   ; Untyped                                     ;
; LPM_PIPELINE                                   ; 0        ; Untyped                                     ;
; LATENCY                                        ; 0        ; Untyped                                     ;
; INPUT_A_IS_CONSTANT                            ; NO       ; Untyped                                     ;
; INPUT_B_IS_CONSTANT                            ; NO       ; Untyped                                     ;
; USE_EAB                                        ; OFF      ; Untyped                                     ;
; MAXIMIZE_SPEED                                 ; 6        ; Untyped                                     ;
; DEVICE_FAMILY                                  ; MAX 10   ; Untyped                                     ;
; CARRY_CHAIN                                    ; MANUAL   ; Untyped                                     ;
; APEX20K_TECHNOLOGY_MAPPER                      ; LUT      ; TECH_MAPPER_APEX20K                         ;
; DEDICATED_MULTIPLIER_CIRCUITRY                 ; AUTO     ; Untyped                                     ;
; DEDICATED_MULTIPLIER_MIN_INPUT_WIDTH_FOR_AUTO  ; 0        ; Untyped                                     ;
; DEDICATED_MULTIPLIER_MIN_OUTPUT_WIDTH_FOR_AUTO ; 0        ; Untyped                                     ;
; CBXI_PARAMETER                                 ; mult_jgs ; Untyped                                     ;
; INPUT_A_FIXED_VALUE                            ; Bx       ; Untyped                                     ;
; INPUT_B_FIXED_VALUE                            ; Bx       ; Untyped                                     ;
; USE_AHDL_IMPLEMENTATION                        ; OFF      ; Untyped                                     ;
+------------------------------------------------+----------+---------------------------------------------+
Note: In order to hide this table in the UI and the text report file, please set the "Show Parameter Settings in Synthesis Report" option in "Analysis and Synthesis Settings -> More Settings" to "Off".


+---------------------------------------------------------------------------------------------------------+
; Parameter Settings for Inferred Entity Instance: fft16OPT:UUT|calc_pot:\gen_pot:7:calc_Z|lpm_mult:Mult0 ;
+------------------------------------------------+----------+---------------------------------------------+
; Parameter Name                                 ; Value    ; Type                                        ;
+------------------------------------------------+----------+---------------------------------------------+
; AUTO_CARRY_CHAINS                              ; ON       ; AUTO_CARRY                                  ;
; IGNORE_CARRY_BUFFERS                           ; OFF      ; IGNORE_CARRY                                ;
; AUTO_CASCADE_CHAINS                            ; ON       ; AUTO_CASCADE                                ;
; IGNORE_CASCADE_BUFFERS                         ; OFF      ; IGNORE_CASCADE                              ;
; LPM_WIDTHA                                     ; 12       ; Untyped                                     ;
; LPM_WIDTHB                                     ; 12       ; Untyped                                     ;
; LPM_WIDTHP                                     ; 24       ; Untyped                                     ;
; LPM_WIDTHR                                     ; 24       ; Untyped                                     ;
; LPM_WIDTHS                                     ; 1        ; Untyped                                     ;
; LPM_REPRESENTATION                             ; SIGNED   ; Untyped                                     ;
; LPM_PIPELINE                                   ; 0        ; Untyped                                     ;
; LATENCY                                        ; 0        ; Untyped                                     ;
; INPUT_A_IS_CONSTANT                            ; NO       ; Untyped                                     ;
; INPUT_B_IS_CONSTANT                            ; NO       ; Untyped                                     ;
; USE_EAB                                        ; OFF      ; Untyped                                     ;
; MAXIMIZE_SPEED                                 ; 6        ; Untyped                                     ;
; DEVICE_FAMILY                                  ; MAX 10   ; Untyped                                     ;
; CARRY_CHAIN                                    ; MANUAL   ; Untyped                                     ;
; APEX20K_TECHNOLOGY_MAPPER                      ; LUT      ; TECH_MAPPER_APEX20K                         ;
; DEDICATED_MULTIPLIER_CIRCUITRY                 ; AUTO     ; Untyped                                     ;
; DEDICATED_MULTIPLIER_MIN_INPUT_WIDTH_FOR_AUTO  ; 0        ; Untyped                                     ;
; DEDICATED_MULTIPLIER_MIN_OUTPUT_WIDTH_FOR_AUTO ; 0        ; Untyped                                     ;
; CBXI_PARAMETER                                 ; mult_jgs ; Untyped                                     ;
; INPUT_A_FIXED_VALUE                            ; Bx       ; Untyped                                     ;
; INPUT_B_FIXED_VALUE                            ; Bx       ; Untyped                                     ;
; USE_AHDL_IMPLEMENTATION                        ; OFF      ; Untyped                                     ;
+------------------------------------------------+----------+---------------------------------------------+
Note: In order to hide this table in the UI and the text report file, please set the "Show Parameter Settings in Synthesis Report" option in "Analysis and Synthesis Settings -> More Settings" to "Off".


+---------------------------------------------------------------------------------------------------------+
; Parameter Settings for Inferred Entity Instance: fft16OPT:UUT|calc_pot:\gen_pot:7:calc_Z|lpm_mult:Mult1 ;
+------------------------------------------------+----------+---------------------------------------------+
; Parameter Name                                 ; Value    ; Type                                        ;
+------------------------------------------------+----------+---------------------------------------------+
; AUTO_CARRY_CHAINS                              ; ON       ; AUTO_CARRY                                  ;
; IGNORE_CARRY_BUFFERS                           ; OFF      ; IGNORE_CARRY                                ;
; AUTO_CASCADE_CHAINS                            ; ON       ; AUTO_CASCADE                                ;
; IGNORE_CASCADE_BUFFERS                         ; OFF      ; IGNORE_CASCADE                              ;
; LPM_WIDTHA                                     ; 12       ; Untyped                                     ;
; LPM_WIDTHB                                     ; 12       ; Untyped                                     ;
; LPM_WIDTHP                                     ; 24       ; Untyped                                     ;
; LPM_WIDTHR                                     ; 24       ; Untyped                                     ;
; LPM_WIDTHS                                     ; 1        ; Untyped                                     ;
; LPM_REPRESENTATION                             ; SIGNED   ; Untyped                                     ;
; LPM_PIPELINE                                   ; 0        ; Untyped                                     ;
; LATENCY                                        ; 0        ; Untyped                                     ;
; INPUT_A_IS_CONSTANT                            ; NO       ; Untyped                                     ;
; INPUT_B_IS_CONSTANT                            ; NO       ; Untyped                                     ;
; USE_EAB                                        ; OFF      ; Untyped                                     ;
; MAXIMIZE_SPEED                                 ; 6        ; Untyped                                     ;
; DEVICE_FAMILY                                  ; MAX 10   ; Untyped                                     ;
; CARRY_CHAIN                                    ; MANUAL   ; Untyped                                     ;
; APEX20K_TECHNOLOGY_MAPPER                      ; LUT      ; TECH_MAPPER_APEX20K                         ;
; DEDICATED_MULTIPLIER_CIRCUITRY                 ; AUTO     ; Untyped                                     ;
; DEDICATED_MULTIPLIER_MIN_INPUT_WIDTH_FOR_AUTO  ; 0        ; Untyped                                     ;
; DEDICATED_MULTIPLIER_MIN_OUTPUT_WIDTH_FOR_AUTO ; 0        ; Untyped                                     ;
; CBXI_PARAMETER                                 ; mult_jgs ; Untyped                                     ;
; INPUT_A_FIXED_VALUE                            ; Bx       ; Untyped                                     ;
; INPUT_B_FIXED_VALUE                            ; Bx       ; Untyped                                     ;
; USE_AHDL_IMPLEMENTATION                        ; OFF      ; Untyped                                     ;
+------------------------------------------------+----------+---------------------------------------------+
Note: In order to hide this table in the UI and the text report file, please set the "Show Parameter Settings in Synthesis Report" option in "Analysis and Synthesis Settings -> More Settings" to "Off".


+---------------------------------------------------------------------------------------------------------+
; Parameter Settings for Inferred Entity Instance: fft16OPT:UUT|calc_pot:\gen_pot:6:calc_Z|lpm_mult:Mult0 ;
+------------------------------------------------+----------+---------------------------------------------+
; Parameter Name                                 ; Value    ; Type                                        ;
+------------------------------------------------+----------+---------------------------------------------+
; AUTO_CARRY_CHAINS                              ; ON       ; AUTO_CARRY                                  ;
; IGNORE_CARRY_BUFFERS                           ; OFF      ; IGNORE_CARRY                                ;
; AUTO_CASCADE_CHAINS                            ; ON       ; AUTO_CASCADE                                ;
; IGNORE_CASCADE_BUFFERS                         ; OFF      ; IGNORE_CASCADE                              ;
; LPM_WIDTHA                                     ; 12       ; Untyped                                     ;
; LPM_WIDTHB                                     ; 12       ; Untyped                                     ;
; LPM_WIDTHP                                     ; 24       ; Untyped                                     ;
; LPM_WIDTHR                                     ; 24       ; Untyped                                     ;
; LPM_WIDTHS                                     ; 1        ; Untyped                                     ;
; LPM_REPRESENTATION                             ; SIGNED   ; Untyped                                     ;
; LPM_PIPELINE                                   ; 0        ; Untyped                                     ;
; LATENCY                                        ; 0        ; Untyped                                     ;
; INPUT_A_IS_CONSTANT                            ; NO       ; Untyped                                     ;
; INPUT_B_IS_CONSTANT                            ; NO       ; Untyped                                     ;
; USE_EAB                                        ; OFF      ; Untyped                                     ;
; MAXIMIZE_SPEED                                 ; 6        ; Untyped                                     ;
; DEVICE_FAMILY                                  ; MAX 10   ; Untyped                                     ;
; CARRY_CHAIN                                    ; MANUAL   ; Untyped                                     ;
; APEX20K_TECHNOLOGY_MAPPER                      ; LUT      ; TECH_MAPPER_APEX20K                         ;
; DEDICATED_MULTIPLIER_CIRCUITRY                 ; AUTO     ; Untyped                                     ;
; DEDICATED_MULTIPLIER_MIN_INPUT_WIDTH_FOR_AUTO  ; 0        ; Untyped                                     ;
; DEDICATED_MULTIPLIER_MIN_OUTPUT_WIDTH_FOR_AUTO ; 0        ; Untyped                                     ;
; CBXI_PARAMETER                                 ; mult_jgs ; Untyped                                     ;
; INPUT_A_FIXED_VALUE                            ; Bx       ; Untyped                                     ;
; INPUT_B_FIXED_VALUE                            ; Bx       ; Untyped                                     ;
; USE_AHDL_IMPLEMENTATION                        ; OFF      ; Untyped                                     ;
+------------------------------------------------+----------+---------------------------------------------+
Note: In order to hide this table in the UI and the text report file, please set the "Show Parameter Settings in Synthesis Report" option in "Analysis and Synthesis Settings -> More Settings" to "Off".


+---------------------------------------------------------------------------------------------------------+
; Parameter Settings for Inferred Entity Instance: fft16OPT:UUT|calc_pot:\gen_pot:6:calc_Z|lpm_mult:Mult1 ;
+------------------------------------------------+----------+---------------------------------------------+
; Parameter Name                                 ; Value    ; Type                                        ;
+------------------------------------------------+----------+---------------------------------------------+
; AUTO_CARRY_CHAINS                              ; ON       ; AUTO_CARRY                                  ;
; IGNORE_CARRY_BUFFERS                           ; OFF      ; IGNORE_CARRY                                ;
; AUTO_CASCADE_CHAINS                            ; ON       ; AUTO_CASCADE                                ;
; IGNORE_CASCADE_BUFFERS                         ; OFF      ; IGNORE_CASCADE                              ;
; LPM_WIDTHA                                     ; 12       ; Untyped                                     ;
; LPM_WIDTHB                                     ; 12       ; Untyped                                     ;
; LPM_WIDTHP                                     ; 24       ; Untyped                                     ;
; LPM_WIDTHR                                     ; 24       ; Untyped                                     ;
; LPM_WIDTHS                                     ; 1        ; Untyped                                     ;
; LPM_REPRESENTATION                             ; SIGNED   ; Untyped                                     ;
; LPM_PIPELINE                                   ; 0        ; Untyped                                     ;
; LATENCY                                        ; 0        ; Untyped                                     ;
; INPUT_A_IS_CONSTANT                            ; NO       ; Untyped                                     ;
; INPUT_B_IS_CONSTANT                            ; NO       ; Untyped                                     ;
; USE_EAB                                        ; OFF      ; Untyped                                     ;
; MAXIMIZE_SPEED                                 ; 6        ; Untyped                                     ;
; DEVICE_FAMILY                                  ; MAX 10   ; Untyped                                     ;
; CARRY_CHAIN                                    ; MANUAL   ; Untyped                                     ;
; APEX20K_TECHNOLOGY_MAPPER                      ; LUT      ; TECH_MAPPER_APEX20K                         ;
; DEDICATED_MULTIPLIER_CIRCUITRY                 ; AUTO     ; Untyped                                     ;
; DEDICATED_MULTIPLIER_MIN_INPUT_WIDTH_FOR_AUTO  ; 0        ; Untyped                                     ;
; DEDICATED_MULTIPLIER_MIN_OUTPUT_WIDTH_FOR_AUTO ; 0        ; Untyped                                     ;
; CBXI_PARAMETER                                 ; mult_jgs ; Untyped                                     ;
; INPUT_A_FIXED_VALUE                            ; Bx       ; Untyped                                     ;
; INPUT_B_FIXED_VALUE                            ; Bx       ; Untyped                                     ;
; USE_AHDL_IMPLEMENTATION                        ; OFF      ; Untyped                                     ;
+------------------------------------------------+----------+---------------------------------------------+
Note: In order to hide this table in the UI and the text report file, please set the "Show Parameter Settings in Synthesis Report" option in "Analysis and Synthesis Settings -> More Settings" to "Off".


+---------------------------------------------------------------------------------------------------------+
; Parameter Settings for Inferred Entity Instance: fft16OPT:UUT|calc_pot:\gen_pot:5:calc_Z|lpm_mult:Mult0 ;
+------------------------------------------------+----------+---------------------------------------------+
; Parameter Name                                 ; Value    ; Type                                        ;
+------------------------------------------------+----------+---------------------------------------------+
; AUTO_CARRY_CHAINS                              ; ON       ; AUTO_CARRY                                  ;
; IGNORE_CARRY_BUFFERS                           ; OFF      ; IGNORE_CARRY                                ;
; AUTO_CASCADE_CHAINS                            ; ON       ; AUTO_CASCADE                                ;
; IGNORE_CASCADE_BUFFERS                         ; OFF      ; IGNORE_CASCADE                              ;
; LPM_WIDTHA                                     ; 12       ; Untyped                                     ;
; LPM_WIDTHB                                     ; 12       ; Untyped                                     ;
; LPM_WIDTHP                                     ; 24       ; Untyped                                     ;
; LPM_WIDTHR                                     ; 24       ; Untyped                                     ;
; LPM_WIDTHS                                     ; 1        ; Untyped                                     ;
; LPM_REPRESENTATION                             ; SIGNED   ; Untyped                                     ;
; LPM_PIPELINE                                   ; 0        ; Untyped                                     ;
; LATENCY                                        ; 0        ; Untyped                                     ;
; INPUT_A_IS_CONSTANT                            ; NO       ; Untyped                                     ;
; INPUT_B_IS_CONSTANT                            ; NO       ; Untyped                                     ;
; USE_EAB                                        ; OFF      ; Untyped                                     ;
; MAXIMIZE_SPEED                                 ; 6        ; Untyped                                     ;
; DEVICE_FAMILY                                  ; MAX 10   ; Untyped                                     ;
; CARRY_CHAIN                                    ; MANUAL   ; Untyped                                     ;
; APEX20K_TECHNOLOGY_MAPPER                      ; LUT      ; TECH_MAPPER_APEX20K                         ;
; DEDICATED_MULTIPLIER_CIRCUITRY                 ; AUTO     ; Untyped                                     ;
; DEDICATED_MULTIPLIER_MIN_INPUT_WIDTH_FOR_AUTO  ; 0        ; Untyped                                     ;
; DEDICATED_MULTIPLIER_MIN_OUTPUT_WIDTH_FOR_AUTO ; 0        ; Untyped                                     ;
; CBXI_PARAMETER                                 ; mult_jgs ; Untyped                                     ;
; INPUT_A_FIXED_VALUE                            ; Bx       ; Untyped                                     ;
; INPUT_B_FIXED_VALUE                            ; Bx       ; Untyped                                     ;
; USE_AHDL_IMPLEMENTATION                        ; OFF      ; Untyped                                     ;
+------------------------------------------------+----------+---------------------------------------------+
Note: In order to hide this table in the UI and the text report file, please set the "Show Parameter Settings in Synthesis Report" option in "Analysis and Synthesis Settings -> More Settings" to "Off".


+---------------------------------------------------------------------------------------------------------+
; Parameter Settings for Inferred Entity Instance: fft16OPT:UUT|calc_pot:\gen_pot:5:calc_Z|lpm_mult:Mult1 ;
+------------------------------------------------+----------+---------------------------------------------+
; Parameter Name                                 ; Value    ; Type                                        ;
+------------------------------------------------+----------+---------------------------------------------+
; AUTO_CARRY_CHAINS                              ; ON       ; AUTO_CARRY                                  ;
; IGNORE_CARRY_BUFFERS                           ; OFF      ; IGNORE_CARRY                                ;
; AUTO_CASCADE_CHAINS                            ; ON       ; AUTO_CASCADE                                ;
; IGNORE_CASCADE_BUFFERS                         ; OFF      ; IGNORE_CASCADE                              ;
; LPM_WIDTHA                                     ; 12       ; Untyped                                     ;
; LPM_WIDTHB                                     ; 12       ; Untyped                                     ;
; LPM_WIDTHP                                     ; 24       ; Untyped                                     ;
; LPM_WIDTHR                                     ; 24       ; Untyped                                     ;
; LPM_WIDTHS                                     ; 1        ; Untyped                                     ;
; LPM_REPRESENTATION                             ; SIGNED   ; Untyped                                     ;
; LPM_PIPELINE                                   ; 0        ; Untyped                                     ;
; LATENCY                                        ; 0        ; Untyped                                     ;
; INPUT_A_IS_CONSTANT                            ; NO       ; Untyped                                     ;
; INPUT_B_IS_CONSTANT                            ; NO       ; Untyped                                     ;
; USE_EAB                                        ; OFF      ; Untyped                                     ;
; MAXIMIZE_SPEED                                 ; 6        ; Untyped                                     ;
; DEVICE_FAMILY                                  ; MAX 10   ; Untyped                                     ;
; CARRY_CHAIN                                    ; MANUAL   ; Untyped                                     ;
; APEX20K_TECHNOLOGY_MAPPER                      ; LUT      ; TECH_MAPPER_APEX20K                         ;
; DEDICATED_MULTIPLIER_CIRCUITRY                 ; AUTO     ; Untyped                                     ;
; DEDICATED_MULTIPLIER_MIN_INPUT_WIDTH_FOR_AUTO  ; 0        ; Untyped                                     ;
; DEDICATED_MULTIPLIER_MIN_OUTPUT_WIDTH_FOR_AUTO ; 0        ; Untyped                                     ;
; CBXI_PARAMETER                                 ; mult_jgs ; Untyped                                     ;
; INPUT_A_FIXED_VALUE                            ; Bx       ; Untyped                                     ;
; INPUT_B_FIXED_VALUE                            ; Bx       ; Untyped                                     ;
; USE_AHDL_IMPLEMENTATION                        ; OFF      ; Untyped                                     ;
+------------------------------------------------+----------+---------------------------------------------+
Note: In order to hide this table in the UI and the text report file, please set the "Show Parameter Settings in Synthesis Report" option in "Analysis and Synthesis Settings -> More Settings" to "Off".


+---------------------------------------------------------------------------------------------------------+
; Parameter Settings for Inferred Entity Instance: fft16OPT:UUT|calc_pot:\gen_pot:4:calc_Z|lpm_mult:Mult0 ;
+------------------------------------------------+----------+---------------------------------------------+
; Parameter Name                                 ; Value    ; Type                                        ;
+------------------------------------------------+----------+---------------------------------------------+
; AUTO_CARRY_CHAINS                              ; ON       ; AUTO_CARRY                                  ;
; IGNORE_CARRY_BUFFERS                           ; OFF      ; IGNORE_CARRY                                ;
; AUTO_CASCADE_CHAINS                            ; ON       ; AUTO_CASCADE                                ;
; IGNORE_CASCADE_BUFFERS                         ; OFF      ; IGNORE_CASCADE                              ;
; LPM_WIDTHA                                     ; 12       ; Untyped                                     ;
; LPM_WIDTHB                                     ; 12       ; Untyped                                     ;
; LPM_WIDTHP                                     ; 24       ; Untyped                                     ;
; LPM_WIDTHR                                     ; 24       ; Untyped                                     ;
; LPM_WIDTHS                                     ; 1        ; Untyped                                     ;
; LPM_REPRESENTATION                             ; SIGNED   ; Untyped                                     ;
; LPM_PIPELINE                                   ; 0        ; Untyped                                     ;
; LATENCY                                        ; 0        ; Untyped                                     ;
; INPUT_A_IS_CONSTANT                            ; NO       ; Untyped                                     ;
; INPUT_B_IS_CONSTANT                            ; NO       ; Untyped                                     ;
; USE_EAB                                        ; OFF      ; Untyped                                     ;
; MAXIMIZE_SPEED                                 ; 6        ; Untyped                                     ;
; DEVICE_FAMILY                                  ; MAX 10   ; Untyped                                     ;
; CARRY_CHAIN                                    ; MANUAL   ; Untyped                                     ;
; APEX20K_TECHNOLOGY_MAPPER                      ; LUT      ; TECH_MAPPER_APEX20K                         ;
; DEDICATED_MULTIPLIER_CIRCUITRY                 ; AUTO     ; Untyped                                     ;
; DEDICATED_MULTIPLIER_MIN_INPUT_WIDTH_FOR_AUTO  ; 0        ; Untyped                                     ;
; DEDICATED_MULTIPLIER_MIN_OUTPUT_WIDTH_FOR_AUTO ; 0        ; Untyped                                     ;
; CBXI_PARAMETER                                 ; mult_jgs ; Untyped                                     ;
; INPUT_A_FIXED_VALUE                            ; Bx       ; Untyped                                     ;
; INPUT_B_FIXED_VALUE                            ; Bx       ; Untyped                                     ;
; USE_AHDL_IMPLEMENTATION                        ; OFF      ; Untyped                                     ;
+------------------------------------------------+----------+---------------------------------------------+
Note: In order to hide this table in the UI and the text report file, please set the "Show Parameter Settings in Synthesis Report" option in "Analysis and Synthesis Settings -> More Settings" to "Off".


+---------------------------------------------------------------------------------------------------------+
; Parameter Settings for Inferred Entity Instance: fft16OPT:UUT|calc_pot:\gen_pot:4:calc_Z|lpm_mult:Mult1 ;
+------------------------------------------------+----------+---------------------------------------------+
; Parameter Name                                 ; Value    ; Type                                        ;
+------------------------------------------------+----------+---------------------------------------------+
; AUTO_CARRY_CHAINS                              ; ON       ; AUTO_CARRY                                  ;
; IGNORE_CARRY_BUFFERS                           ; OFF      ; IGNORE_CARRY                                ;
; AUTO_CASCADE_CHAINS                            ; ON       ; AUTO_CASCADE                                ;
; IGNORE_CASCADE_BUFFERS                         ; OFF      ; IGNORE_CASCADE                              ;
; LPM_WIDTHA                                     ; 12       ; Untyped                                     ;
; LPM_WIDTHB                                     ; 12       ; Untyped                                     ;
; LPM_WIDTHP                                     ; 24       ; Untyped                                     ;
; LPM_WIDTHR                                     ; 24       ; Untyped                                     ;
; LPM_WIDTHS                                     ; 1        ; Untyped                                     ;
; LPM_REPRESENTATION                             ; SIGNED   ; Untyped                                     ;
; LPM_PIPELINE                                   ; 0        ; Untyped                                     ;
; LATENCY                                        ; 0        ; Untyped                                     ;
; INPUT_A_IS_CONSTANT                            ; NO       ; Untyped                                     ;
; INPUT_B_IS_CONSTANT                            ; NO       ; Untyped                                     ;
; USE_EAB                                        ; OFF      ; Untyped                                     ;
; MAXIMIZE_SPEED                                 ; 6        ; Untyped                                     ;
; DEVICE_FAMILY                                  ; MAX 10   ; Untyped                                     ;
; CARRY_CHAIN                                    ; MANUAL   ; Untyped                                     ;
; APEX20K_TECHNOLOGY_MAPPER                      ; LUT      ; TECH_MAPPER_APEX20K                         ;
; DEDICATED_MULTIPLIER_CIRCUITRY                 ; AUTO     ; Untyped                                     ;
; DEDICATED_MULTIPLIER_MIN_INPUT_WIDTH_FOR_AUTO  ; 0        ; Untyped                                     ;
; DEDICATED_MULTIPLIER_MIN_OUTPUT_WIDTH_FOR_AUTO ; 0        ; Untyped                                     ;
; CBXI_PARAMETER                                 ; mult_jgs ; Untyped                                     ;
; INPUT_A_FIXED_VALUE                            ; Bx       ; Untyped                                     ;
; INPUT_B_FIXED_VALUE                            ; Bx       ; Untyped                                     ;
; USE_AHDL_IMPLEMENTATION                        ; OFF      ; Untyped                                     ;
+------------------------------------------------+----------+---------------------------------------------+
Note: In order to hide this table in the UI and the text report file, please set the "Show Parameter Settings in Synthesis Report" option in "Analysis and Synthesis Settings -> More Settings" to "Off".


+---------------------------------------------------------------------------------------------------------+
; Parameter Settings for Inferred Entity Instance: fft16OPT:UUT|calc_pot:\gen_pot:3:calc_Z|lpm_mult:Mult0 ;
+------------------------------------------------+----------+---------------------------------------------+
; Parameter Name                                 ; Value    ; Type                                        ;
+------------------------------------------------+----------+---------------------------------------------+
; AUTO_CARRY_CHAINS                              ; ON       ; AUTO_CARRY                                  ;
; IGNORE_CARRY_BUFFERS                           ; OFF      ; IGNORE_CARRY                                ;
; AUTO_CASCADE_CHAINS                            ; ON       ; AUTO_CASCADE                                ;
; IGNORE_CASCADE_BUFFERS                         ; OFF      ; IGNORE_CASCADE                              ;
; LPM_WIDTHA                                     ; 12       ; Untyped                                     ;
; LPM_WIDTHB                                     ; 12       ; Untyped                                     ;
; LPM_WIDTHP                                     ; 24       ; Untyped                                     ;
; LPM_WIDTHR                                     ; 24       ; Untyped                                     ;
; LPM_WIDTHS                                     ; 1        ; Untyped                                     ;
; LPM_REPRESENTATION                             ; SIGNED   ; Untyped                                     ;
; LPM_PIPELINE                                   ; 0        ; Untyped                                     ;
; LATENCY                                        ; 0        ; Untyped                                     ;
; INPUT_A_IS_CONSTANT                            ; NO       ; Untyped                                     ;
; INPUT_B_IS_CONSTANT                            ; NO       ; Untyped                                     ;
; USE_EAB                                        ; OFF      ; Untyped                                     ;
; MAXIMIZE_SPEED                                 ; 6        ; Untyped                                     ;
; DEVICE_FAMILY                                  ; MAX 10   ; Untyped                                     ;
; CARRY_CHAIN                                    ; MANUAL   ; Untyped                                     ;
; APEX20K_TECHNOLOGY_MAPPER                      ; LUT      ; TECH_MAPPER_APEX20K                         ;
; DEDICATED_MULTIPLIER_CIRCUITRY                 ; AUTO     ; Untyped                                     ;
; DEDICATED_MULTIPLIER_MIN_INPUT_WIDTH_FOR_AUTO  ; 0        ; Untyped                                     ;
; DEDICATED_MULTIPLIER_MIN_OUTPUT_WIDTH_FOR_AUTO ; 0        ; Untyped                                     ;
; CBXI_PARAMETER                                 ; mult_jgs ; Untyped                                     ;
; INPUT_A_FIXED_VALUE                            ; Bx       ; Untyped                                     ;
; INPUT_B_FIXED_VALUE                            ; Bx       ; Untyped                                     ;
; USE_AHDL_IMPLEMENTATION                        ; OFF      ; Untyped                                     ;
+------------------------------------------------+----------+---------------------------------------------+
Note: In order to hide this table in the UI and the text report file, please set the "Show Parameter Settings in Synthesis Report" option in "Analysis and Synthesis Settings -> More Settings" to "Off".


+---------------------------------------------------------------------------------------------------------+
; Parameter Settings for Inferred Entity Instance: fft16OPT:UUT|calc_pot:\gen_pot:3:calc_Z|lpm_mult:Mult1 ;
+------------------------------------------------+----------+---------------------------------------------+
; Parameter Name                                 ; Value    ; Type                                        ;
+------------------------------------------------+----------+---------------------------------------------+
; AUTO_CARRY_CHAINS                              ; ON       ; AUTO_CARRY                                  ;
; IGNORE_CARRY_BUFFERS                           ; OFF      ; IGNORE_CARRY                                ;
; AUTO_CASCADE_CHAINS                            ; ON       ; AUTO_CASCADE                                ;
; IGNORE_CASCADE_BUFFERS                         ; OFF      ; IGNORE_CASCADE                              ;
; LPM_WIDTHA                                     ; 12       ; Untyped                                     ;
; LPM_WIDTHB                                     ; 12       ; Untyped                                     ;
; LPM_WIDTHP                                     ; 24       ; Untyped                                     ;
; LPM_WIDTHR                                     ; 24       ; Untyped                                     ;
; LPM_WIDTHS                                     ; 1        ; Untyped                                     ;
; LPM_REPRESENTATION                             ; SIGNED   ; Untyped                                     ;
; LPM_PIPELINE                                   ; 0        ; Untyped                                     ;
; LATENCY                                        ; 0        ; Untyped                                     ;
; INPUT_A_IS_CONSTANT                            ; NO       ; Untyped                                     ;
; INPUT_B_IS_CONSTANT                            ; NO       ; Untyped                                     ;
; USE_EAB                                        ; OFF      ; Untyped                                     ;
; MAXIMIZE_SPEED                                 ; 6        ; Untyped                                     ;
; DEVICE_FAMILY                                  ; MAX 10   ; Untyped                                     ;
; CARRY_CHAIN                                    ; MANUAL   ; Untyped                                     ;
; APEX20K_TECHNOLOGY_MAPPER                      ; LUT      ; TECH_MAPPER_APEX20K                         ;
; DEDICATED_MULTIPLIER_CIRCUITRY                 ; AUTO     ; Untyped                                     ;
; DEDICATED_MULTIPLIER_MIN_INPUT_WIDTH_FOR_AUTO  ; 0        ; Untyped                                     ;
; DEDICATED_MULTIPLIER_MIN_OUTPUT_WIDTH_FOR_AUTO ; 0        ; Untyped                                     ;
; CBXI_PARAMETER                                 ; mult_jgs ; Untyped                                     ;
; INPUT_A_FIXED_VALUE                            ; Bx       ; Untyped                                     ;
; INPUT_B_FIXED_VALUE                            ; Bx       ; Untyped                                     ;
; USE_AHDL_IMPLEMENTATION                        ; OFF      ; Untyped                                     ;
+------------------------------------------------+----------+---------------------------------------------+
Note: In order to hide this table in the UI and the text report file, please set the "Show Parameter Settings in Synthesis Report" option in "Analysis and Synthesis Settings -> More Settings" to "Off".


+---------------------------------------------------------------------------------------------------------+
; Parameter Settings for Inferred Entity Instance: fft16OPT:UUT|calc_pot:\gen_pot:2:calc_Z|lpm_mult:Mult0 ;
+------------------------------------------------+----------+---------------------------------------------+
; Parameter Name                                 ; Value    ; Type                                        ;
+------------------------------------------------+----------+---------------------------------------------+
; AUTO_CARRY_CHAINS                              ; ON       ; AUTO_CARRY                                  ;
; IGNORE_CARRY_BUFFERS                           ; OFF      ; IGNORE_CARRY                                ;
; AUTO_CASCADE_CHAINS                            ; ON       ; AUTO_CASCADE                                ;
; IGNORE_CASCADE_BUFFERS                         ; OFF      ; IGNORE_CASCADE                              ;
; LPM_WIDTHA                                     ; 12       ; Untyped                                     ;
; LPM_WIDTHB                                     ; 12       ; Untyped                                     ;
; LPM_WIDTHP                                     ; 24       ; Untyped                                     ;
; LPM_WIDTHR                                     ; 24       ; Untyped                                     ;
; LPM_WIDTHS                                     ; 1        ; Untyped                                     ;
; LPM_REPRESENTATION                             ; SIGNED   ; Untyped                                     ;
; LPM_PIPELINE                                   ; 0        ; Untyped                                     ;
; LATENCY                                        ; 0        ; Untyped                                     ;
; INPUT_A_IS_CONSTANT                            ; NO       ; Untyped                                     ;
; INPUT_B_IS_CONSTANT                            ; NO       ; Untyped                                     ;
; USE_EAB                                        ; OFF      ; Untyped                                     ;
; MAXIMIZE_SPEED                                 ; 6        ; Untyped                                     ;
; DEVICE_FAMILY                                  ; MAX 10   ; Untyped                                     ;
; CARRY_CHAIN                                    ; MANUAL   ; Untyped                                     ;
; APEX20K_TECHNOLOGY_MAPPER                      ; LUT      ; TECH_MAPPER_APEX20K                         ;
; DEDICATED_MULTIPLIER_CIRCUITRY                 ; AUTO     ; Untyped                                     ;
; DEDICATED_MULTIPLIER_MIN_INPUT_WIDTH_FOR_AUTO  ; 0        ; Untyped                                     ;
; DEDICATED_MULTIPLIER_MIN_OUTPUT_WIDTH_FOR_AUTO ; 0        ; Untyped                                     ;
; CBXI_PARAMETER                                 ; mult_jgs ; Untyped                                     ;
; INPUT_A_FIXED_VALUE                            ; Bx       ; Untyped                                     ;
; INPUT_B_FIXED_VALUE                            ; Bx       ; Untyped                                     ;
; USE_AHDL_IMPLEMENTATION                        ; OFF      ; Untyped                                     ;
+------------------------------------------------+----------+---------------------------------------------+
Note: In order to hide this table in the UI and the text report file, please set the "Show Parameter Settings in Synthesis Report" option in "Analysis and Synthesis Settings -> More Settings" to "Off".


+---------------------------------------------------------------------------------------------------------+
; Parameter Settings for Inferred Entity Instance: fft16OPT:UUT|calc_pot:\gen_pot:2:calc_Z|lpm_mult:Mult1 ;
+------------------------------------------------+----------+---------------------------------------------+
; Parameter Name                                 ; Value    ; Type                                        ;
+------------------------------------------------+----------+---------------------------------------------+
; AUTO_CARRY_CHAINS                              ; ON       ; AUTO_CARRY                                  ;
; IGNORE_CARRY_BUFFERS                           ; OFF      ; IGNORE_CARRY                                ;
; AUTO_CASCADE_CHAINS                            ; ON       ; AUTO_CASCADE                                ;
; IGNORE_CASCADE_BUFFERS                         ; OFF      ; IGNORE_CASCADE                              ;
; LPM_WIDTHA                                     ; 12       ; Untyped                                     ;
; LPM_WIDTHB                                     ; 12       ; Untyped                                     ;
; LPM_WIDTHP                                     ; 24       ; Untyped                                     ;
; LPM_WIDTHR                                     ; 24       ; Untyped                                     ;
; LPM_WIDTHS                                     ; 1        ; Untyped                                     ;
; LPM_REPRESENTATION                             ; SIGNED   ; Untyped                                     ;
; LPM_PIPELINE                                   ; 0        ; Untyped                                     ;
; LATENCY                                        ; 0        ; Untyped                                     ;
; INPUT_A_IS_CONSTANT                            ; NO       ; Untyped                                     ;
; INPUT_B_IS_CONSTANT                            ; NO       ; Untyped                                     ;
; USE_EAB                                        ; OFF      ; Untyped                                     ;
; MAXIMIZE_SPEED                                 ; 6        ; Untyped                                     ;
; DEVICE_FAMILY                                  ; MAX 10   ; Untyped                                     ;
; CARRY_CHAIN                                    ; MANUAL   ; Untyped                                     ;
; APEX20K_TECHNOLOGY_MAPPER                      ; LUT      ; TECH_MAPPER_APEX20K                         ;
; DEDICATED_MULTIPLIER_CIRCUITRY                 ; AUTO     ; Untyped                                     ;
; DEDICATED_MULTIPLIER_MIN_INPUT_WIDTH_FOR_AUTO  ; 0        ; Untyped                                     ;
; DEDICATED_MULTIPLIER_MIN_OUTPUT_WIDTH_FOR_AUTO ; 0        ; Untyped                                     ;
; CBXI_PARAMETER                                 ; mult_jgs ; Untyped                                     ;
; INPUT_A_FIXED_VALUE                            ; Bx       ; Untyped                                     ;
; INPUT_B_FIXED_VALUE                            ; Bx       ; Untyped                                     ;
; USE_AHDL_IMPLEMENTATION                        ; OFF      ; Untyped                                     ;
+------------------------------------------------+----------+---------------------------------------------+
Note: In order to hide this table in the UI and the text report file, please set the "Show Parameter Settings in Synthesis Report" option in "Analysis and Synthesis Settings -> More Settings" to "Off".


+---------------------------------------------------------------------------------------------------------+
; Parameter Settings for Inferred Entity Instance: fft16OPT:UUT|calc_pot:\gen_pot:1:calc_Z|lpm_mult:Mult0 ;
+------------------------------------------------+----------+---------------------------------------------+
; Parameter Name                                 ; Value    ; Type                                        ;
+------------------------------------------------+----------+---------------------------------------------+
; AUTO_CARRY_CHAINS                              ; ON       ; AUTO_CARRY                                  ;
; IGNORE_CARRY_BUFFERS                           ; OFF      ; IGNORE_CARRY                                ;
; AUTO_CASCADE_CHAINS                            ; ON       ; AUTO_CASCADE                                ;
; IGNORE_CASCADE_BUFFERS                         ; OFF      ; IGNORE_CASCADE                              ;
; LPM_WIDTHA                                     ; 12       ; Untyped                                     ;
; LPM_WIDTHB                                     ; 12       ; Untyped                                     ;
; LPM_WIDTHP                                     ; 24       ; Untyped                                     ;
; LPM_WIDTHR                                     ; 24       ; Untyped                                     ;
; LPM_WIDTHS                                     ; 1        ; Untyped                                     ;
; LPM_REPRESENTATION                             ; SIGNED   ; Untyped                                     ;
; LPM_PIPELINE                                   ; 0        ; Untyped                                     ;
; LATENCY                                        ; 0        ; Untyped                                     ;
; INPUT_A_IS_CONSTANT                            ; NO       ; Untyped                                     ;
; INPUT_B_IS_CONSTANT                            ; NO       ; Untyped                                     ;
; USE_EAB                                        ; OFF      ; Untyped                                     ;
; MAXIMIZE_SPEED                                 ; 6        ; Untyped                                     ;
; DEVICE_FAMILY                                  ; MAX 10   ; Untyped                                     ;
; CARRY_CHAIN                                    ; MANUAL   ; Untyped                                     ;
; APEX20K_TECHNOLOGY_MAPPER                      ; LUT      ; TECH_MAPPER_APEX20K                         ;
; DEDICATED_MULTIPLIER_CIRCUITRY                 ; AUTO     ; Untyped                                     ;
; DEDICATED_MULTIPLIER_MIN_INPUT_WIDTH_FOR_AUTO  ; 0        ; Untyped                                     ;
; DEDICATED_MULTIPLIER_MIN_OUTPUT_WIDTH_FOR_AUTO ; 0        ; Untyped                                     ;
; CBXI_PARAMETER                                 ; mult_jgs ; Untyped                                     ;
; INPUT_A_FIXED_VALUE                            ; Bx       ; Untyped                                     ;
; INPUT_B_FIXED_VALUE                            ; Bx       ; Untyped                                     ;
; USE_AHDL_IMPLEMENTATION                        ; OFF      ; Untyped                                     ;
+------------------------------------------------+----------+---------------------------------------------+
Note: In order to hide this table in the UI and the text report file, please set the "Show Parameter Settings in Synthesis Report" option in "Analysis and Synthesis Settings -> More Settings" to "Off".


+---------------------------------------------------------------------------------------------------------+
; Parameter Settings for Inferred Entity Instance: fft16OPT:UUT|calc_pot:\gen_pot:1:calc_Z|lpm_mult:Mult1 ;
+------------------------------------------------+----------+---------------------------------------------+
; Parameter Name                                 ; Value    ; Type                                        ;
+------------------------------------------------+----------+---------------------------------------------+
; AUTO_CARRY_CHAINS                              ; ON       ; AUTO_CARRY                                  ;
; IGNORE_CARRY_BUFFERS                           ; OFF      ; IGNORE_CARRY                                ;
; AUTO_CASCADE_CHAINS                            ; ON       ; AUTO_CASCADE                                ;
; IGNORE_CASCADE_BUFFERS                         ; OFF      ; IGNORE_CASCADE                              ;
; LPM_WIDTHA                                     ; 12       ; Untyped                                     ;
; LPM_WIDTHB                                     ; 12       ; Untyped                                     ;
; LPM_WIDTHP                                     ; 24       ; Untyped                                     ;
; LPM_WIDTHR                                     ; 24       ; Untyped                                     ;
; LPM_WIDTHS                                     ; 1        ; Untyped                                     ;
; LPM_REPRESENTATION                             ; SIGNED   ; Untyped                                     ;
; LPM_PIPELINE                                   ; 0        ; Untyped                                     ;
; LATENCY                                        ; 0        ; Untyped                                     ;
; INPUT_A_IS_CONSTANT                            ; NO       ; Untyped                                     ;
; INPUT_B_IS_CONSTANT                            ; NO       ; Untyped                                     ;
; USE_EAB                                        ; OFF      ; Untyped                                     ;
; MAXIMIZE_SPEED                                 ; 6        ; Untyped                                     ;
; DEVICE_FAMILY                                  ; MAX 10   ; Untyped                                     ;
; CARRY_CHAIN                                    ; MANUAL   ; Untyped                                     ;
; APEX20K_TECHNOLOGY_MAPPER                      ; LUT      ; TECH_MAPPER_APEX20K                         ;
; DEDICATED_MULTIPLIER_CIRCUITRY                 ; AUTO     ; Untyped                                     ;
; DEDICATED_MULTIPLIER_MIN_INPUT_WIDTH_FOR_AUTO  ; 0        ; Untyped                                     ;
; DEDICATED_MULTIPLIER_MIN_OUTPUT_WIDTH_FOR_AUTO ; 0        ; Untyped                                     ;
; CBXI_PARAMETER                                 ; mult_jgs ; Untyped                                     ;
; INPUT_A_FIXED_VALUE                            ; Bx       ; Untyped                                     ;
; INPUT_B_FIXED_VALUE                            ; Bx       ; Untyped                                     ;
; USE_AHDL_IMPLEMENTATION                        ; OFF      ; Untyped                                     ;
+------------------------------------------------+----------+---------------------------------------------+
Note: In order to hide this table in the UI and the text report file, please set the "Show Parameter Settings in Synthesis Report" option in "Analysis and Synthesis Settings -> More Settings" to "Off".


+------------------------------------------------------------------------------------------------+
; altshift_taps Parameter Settings by Entity Instance                                            ;
+----------------------------+-------------------------------------------------------------------+
; Name                       ; Value                                                             ;
+----------------------------+-------------------------------------------------------------------+
; Number of entity instances ; 3                                                                 ;
; Entity Instance            ; fft16OPT:UUT|altshift_taps:y8r_d_rtl_0                            ;
;     -- NUMBER_OF_TAPS      ; 1                                                                 ;
;     -- TAP_DISTANCE        ; 5                                                                 ;
;     -- WIDTH               ; 33                                                                ;
; Entity Instance            ; fft16OPT:UUT|altshift_taps:y1r_d_rtl_0                            ;
;     -- NUMBER_OF_TAPS      ; 1                                                                 ;
;     -- TAP_DISTANCE        ; 4                                                                 ;
;     -- WIDTH               ; 60                                                                ;
; Entity Instance            ; fft16OPT:UUT|calc_pot:\gen_pot:8:calc_Z|altshift_taps:sum_u_rtl_0 ;
;     -- NUMBER_OF_TAPS      ; 1                                                                 ;
;     -- TAP_DISTANCE        ; 3                                                                 ;
;     -- WIDTH               ; 36                                                                ;
+----------------------------+-------------------------------------------------------------------+


+------------------------------------------------------------------------------------------------+
; lpm_mult Parameter Settings by Entity Instance                                                 ;
+---------------------------------------+--------------------------------------------------------+
; Name                                  ; Value                                                  ;
+---------------------------------------+--------------------------------------------------------+
; Number of entity instances            ; 16                                                     ;
; Entity Instance                       ; fft16OPT:UUT|calc_pot:\gen_pot:8:calc_Z|lpm_mult:Mult0 ;
;     -- LPM_WIDTHA                     ; 12                                                     ;
;     -- LPM_WIDTHB                     ; 12                                                     ;
;     -- LPM_WIDTHP                     ; 24                                                     ;
;     -- LPM_REPRESENTATION             ; SIGNED                                                 ;
;     -- INPUT_A_IS_CONSTANT            ; NO                                                     ;
;     -- INPUT_B_IS_CONSTANT            ; NO                                                     ;
;     -- USE_EAB                        ; OFF                                                    ;
;     -- DEDICATED_MULTIPLIER_CIRCUITRY ; AUTO                                                   ;
;     -- INPUT_A_FIXED_VALUE            ; Bx                                                     ;
;     -- INPUT_B_FIXED_VALUE            ; Bx                                                     ;
; Entity Instance                       ; fft16OPT:UUT|calc_pot:\gen_pot:0:calc_Z|lpm_mult:Mult0 ;
;     -- LPM_WIDTHA                     ; 12                                                     ;
;     -- LPM_WIDTHB                     ; 12                                                     ;
;     -- LPM_WIDTHP                     ; 24                                                     ;
;     -- LPM_REPRESENTATION             ; SIGNED                                                 ;
;     -- INPUT_A_IS_CONSTANT            ; NO                                                     ;
;     -- INPUT_B_IS_CONSTANT            ; NO                                                     ;
;     -- USE_EAB                        ; OFF                                                    ;
;     -- DEDICATED_MULTIPLIER_CIRCUITRY ; AUTO                                                   ;
;     -- INPUT_A_FIXED_VALUE            ; Bx                                                     ;
;     -- INPUT_B_FIXED_VALUE            ; Bx                                                     ;
; Entity Instance                       ; fft16OPT:UUT|calc_pot:\gen_pot:7:calc_Z|lpm_mult:Mult0 ;
;     -- LPM_WIDTHA                     ; 12                                                     ;
;     -- LPM_WIDTHB                     ; 12                                                     ;
;     -- LPM_WIDTHP                     ; 24                                                     ;
;     -- LPM_REPRESENTATION             ; SIGNED                                                 ;
;     -- INPUT_A_IS_CONSTANT            ; NO                                                     ;
;     -- INPUT_B_IS_CONSTANT            ; NO                                                     ;
;     -- USE_EAB                        ; OFF                                                    ;
;     -- DEDICATED_MULTIPLIER_CIRCUITRY ; AUTO                                                   ;
;     -- INPUT_A_FIXED_VALUE            ; Bx                                                     ;
;     -- INPUT_B_FIXED_VALUE            ; Bx                                                     ;
; Entity Instance                       ; fft16OPT:UUT|calc_pot:\gen_pot:7:calc_Z|lpm_mult:Mult1 ;
;     -- LPM_WIDTHA                     ; 12                                                     ;
;     -- LPM_WIDTHB                     ; 12                                                     ;
;     -- LPM_WIDTHP                     ; 24                                                     ;
;     -- LPM_REPRESENTATION             ; SIGNED                                                 ;
;     -- INPUT_A_IS_CONSTANT            ; NO                                                     ;
;     -- INPUT_B_IS_CONSTANT            ; NO                                                     ;
;     -- USE_EAB                        ; OFF                                                    ;
;     -- DEDICATED_MULTIPLIER_CIRCUITRY ; AUTO                                                   ;
;     -- INPUT_A_FIXED_VALUE            ; Bx                                                     ;
;     -- INPUT_B_FIXED_VALUE            ; Bx                                                     ;
; Entity Instance                       ; fft16OPT:UUT|calc_pot:\gen_pot:6:calc_Z|lpm_mult:Mult0 ;
;     -- LPM_WIDTHA                     ; 12                                                     ;
;     -- LPM_WIDTHB                     ; 12                                                     ;
;     -- LPM_WIDTHP                     ; 24                                                     ;
;     -- LPM_REPRESENTATION             ; SIGNED                                                 ;
;     -- INPUT_A_IS_CONSTANT            ; NO                                                     ;
;     -- INPUT_B_IS_CONSTANT            ; NO                                                     ;
;     -- USE_EAB                        ; OFF                                                    ;
;     -- DEDICATED_MULTIPLIER_CIRCUITRY ; AUTO                                                   ;
;     -- INPUT_A_FIXED_VALUE            ; Bx                                                     ;
;     -- INPUT_B_FIXED_VALUE            ; Bx                                                     ;
; Entity Instance                       ; fft16OPT:UUT|calc_pot:\gen_pot:6:calc_Z|lpm_mult:Mult1 ;
;     -- LPM_WIDTHA                     ; 12                                                     ;
;     -- LPM_WIDTHB                     ; 12                                                     ;
;     -- LPM_WIDTHP                     ; 24                                                     ;
;     -- LPM_REPRESENTATION             ; SIGNED                                                 ;
;     -- INPUT_A_IS_CONSTANT            ; NO                                                     ;
;     -- INPUT_B_IS_CONSTANT            ; NO                                                     ;
;     -- USE_EAB                        ; OFF                                                    ;
;     -- DEDICATED_MULTIPLIER_CIRCUITRY ; AUTO                                                   ;
;     -- INPUT_A_FIXED_VALUE            ; Bx                                                     ;
;     -- INPUT_B_FIXED_VALUE            ; Bx                                                     ;
; Entity Instance                       ; fft16OPT:UUT|calc_pot:\gen_pot:5:calc_Z|lpm_mult:Mult0 ;
;     -- LPM_WIDTHA                     ; 12                                                     ;
;     -- LPM_WIDTHB                     ; 12                                                     ;
;     -- LPM_WIDTHP                     ; 24                                                     ;
;     -- LPM_REPRESENTATION             ; SIGNED                                                 ;
;     -- INPUT_A_IS_CONSTANT            ; NO                                                     ;
;     -- INPUT_B_IS_CONSTANT            ; NO                                                     ;
;     -- USE_EAB                        ; OFF                                                    ;
;     -- DEDICATED_MULTIPLIER_CIRCUITRY ; AUTO                                                   ;
;     -- INPUT_A_FIXED_VALUE            ; Bx                                                     ;
;     -- INPUT_B_FIXED_VALUE            ; Bx                                                     ;
; Entity Instance                       ; fft16OPT:UUT|calc_pot:\gen_pot:5:calc_Z|lpm_mult:Mult1 ;
;     -- LPM_WIDTHA                     ; 12                                                     ;
;     -- LPM_WIDTHB                     ; 12                                                     ;
;     -- LPM_WIDTHP                     ; 24                                                     ;
;     -- LPM_REPRESENTATION             ; SIGNED                                                 ;
;     -- INPUT_A_IS_CONSTANT            ; NO                                                     ;
;     -- INPUT_B_IS_CONSTANT            ; NO                                                     ;
;     -- USE_EAB                        ; OFF                                                    ;
;     -- DEDICATED_MULTIPLIER_CIRCUITRY ; AUTO                                                   ;
;     -- INPUT_A_FIXED_VALUE            ; Bx                                                     ;
;     -- INPUT_B_FIXED_VALUE            ; Bx                                                     ;
; Entity Instance                       ; fft16OPT:UUT|calc_pot:\gen_pot:4:calc_Z|lpm_mult:Mult0 ;
;     -- LPM_WIDTHA                     ; 12                                                     ;
;     -- LPM_WIDTHB                     ; 12                                                     ;
;     -- LPM_WIDTHP                     ; 24                                                     ;
;     -- LPM_REPRESENTATION             ; SIGNED                                                 ;
;     -- INPUT_A_IS_CONSTANT            ; NO                                                     ;
;     -- INPUT_B_IS_CONSTANT            ; NO                                                     ;
;     -- USE_EAB                        ; OFF                                                    ;
;     -- DEDICATED_MULTIPLIER_CIRCUITRY ; AUTO                                                   ;
;     -- INPUT_A_FIXED_VALUE            ; Bx                                                     ;
;     -- INPUT_B_FIXED_VALUE            ; Bx                                                     ;
; Entity Instance                       ; fft16OPT:UUT|calc_pot:\gen_pot:4:calc_Z|lpm_mult:Mult1 ;
;     -- LPM_WIDTHA                     ; 12                                                     ;
;     -- LPM_WIDTHB                     ; 12                                                     ;
;     -- LPM_WIDTHP                     ; 24                                                     ;
;     -- LPM_REPRESENTATION             ; SIGNED                                                 ;
;     -- INPUT_A_IS_CONSTANT            ; NO                                                     ;
;     -- INPUT_B_IS_CONSTANT            ; NO                                                     ;
;     -- USE_EAB                        ; OFF                                                    ;
;     -- DEDICATED_MULTIPLIER_CIRCUITRY ; AUTO                                                   ;
;     -- INPUT_A_FIXED_VALUE            ; Bx                                                     ;
;     -- INPUT_B_FIXED_VALUE            ; Bx                                                     ;
; Entity Instance                       ; fft16OPT:UUT|calc_pot:\gen_pot:3:calc_Z|lpm_mult:Mult0 ;
;     -- LPM_WIDTHA                     ; 12                                                     ;
;     -- LPM_WIDTHB                     ; 12                                                     ;
;     -- LPM_WIDTHP                     ; 24                                                     ;
;     -- LPM_REPRESENTATION             ; SIGNED                                                 ;
;     -- INPUT_A_IS_CONSTANT            ; NO                                                     ;
;     -- INPUT_B_IS_CONSTANT            ; NO                                                     ;
;     -- USE_EAB                        ; OFF                                                    ;
;     -- DEDICATED_MULTIPLIER_CIRCUITRY ; AUTO                                                   ;
;     -- INPUT_A_FIXED_VALUE            ; Bx                                                     ;
;     -- INPUT_B_FIXED_VALUE            ; Bx                                                     ;
; Entity Instance                       ; fft16OPT:UUT|calc_pot:\gen_pot:3:calc_Z|lpm_mult:Mult1 ;
;     -- LPM_WIDTHA                     ; 12                                                     ;
;     -- LPM_WIDTHB                     ; 12                                                     ;
;     -- LPM_WIDTHP                     ; 24                                                     ;
;     -- LPM_REPRESENTATION             ; SIGNED                                                 ;
;     -- INPUT_A_IS_CONSTANT            ; NO                                                     ;
;     -- INPUT_B_IS_CONSTANT            ; NO                                                     ;
;     -- USE_EAB                        ; OFF                                                    ;
;     -- DEDICATED_MULTIPLIER_CIRCUITRY ; AUTO                                                   ;
;     -- INPUT_A_FIXED_VALUE            ; Bx                                                     ;
;     -- INPUT_B_FIXED_VALUE            ; Bx                                                     ;
; Entity Instance                       ; fft16OPT:UUT|calc_pot:\gen_pot:2:calc_Z|lpm_mult:Mult0 ;
;     -- LPM_WIDTHA                     ; 12                                                     ;
;     -- LPM_WIDTHB                     ; 12                                                     ;
;     -- LPM_WIDTHP                     ; 24                                                     ;
;     -- LPM_REPRESENTATION             ; SIGNED                                                 ;
;     -- INPUT_A_IS_CONSTANT            ; NO                                                     ;
;     -- INPUT_B_IS_CONSTANT            ; NO                                                     ;
;     -- USE_EAB                        ; OFF                                                    ;
;     -- DEDICATED_MULTIPLIER_CIRCUITRY ; AUTO                                                   ;
;     -- INPUT_A_FIXED_VALUE            ; Bx                                                     ;
;     -- INPUT_B_FIXED_VALUE            ; Bx                                                     ;
; Entity Instance                       ; fft16OPT:UUT|calc_pot:\gen_pot:2:calc_Z|lpm_mult:Mult1 ;
;     -- LPM_WIDTHA                     ; 12                                                     ;
;     -- LPM_WIDTHB                     ; 12                                                     ;
;     -- LPM_WIDTHP                     ; 24                                                     ;
;     -- LPM_REPRESENTATION             ; SIGNED                                                 ;
;     -- INPUT_A_IS_CONSTANT            ; NO                                                     ;
;     -- INPUT_B_IS_CONSTANT            ; NO                                                     ;
;     -- USE_EAB                        ; OFF                                                    ;
;     -- DEDICATED_MULTIPLIER_CIRCUITRY ; AUTO                                                   ;
;     -- INPUT_A_FIXED_VALUE            ; Bx                                                     ;
;     -- INPUT_B_FIXED_VALUE            ; Bx                                                     ;
; Entity Instance                       ; fft16OPT:UUT|calc_pot:\gen_pot:1:calc_Z|lpm_mult:Mult0 ;
;     -- LPM_WIDTHA                     ; 12                                                     ;
;     -- LPM_WIDTHB                     ; 12                                                     ;
;     -- LPM_WIDTHP                     ; 24                                                     ;
;     -- LPM_REPRESENTATION             ; SIGNED                                                 ;
;     -- INPUT_A_IS_CONSTANT            ; NO                                                     ;
;     -- INPUT_B_IS_CONSTANT            ; NO                                                     ;
;     -- USE_EAB                        ; OFF                                                    ;
;     -- DEDICATED_MULTIPLIER_CIRCUITRY ; AUTO                                                   ;
;     -- INPUT_A_FIXED_VALUE            ; Bx                                                     ;
;     -- INPUT_B_FIXED_VALUE            ; Bx                                                     ;
; Entity Instance                       ; fft16OPT:UUT|calc_pot:\gen_pot:1:calc_Z|lpm_mult:Mult1 ;
;     -- LPM_WIDTHA                     ; 12                                                     ;
;     -- LPM_WIDTHB                     ; 12                                                     ;
;     -- LPM_WIDTHP                     ; 24                                                     ;
;     -- LPM_REPRESENTATION             ; SIGNED                                                 ;
;     -- INPUT_A_IS_CONSTANT            ; NO                                                     ;
;     -- INPUT_B_IS_CONSTANT            ; NO                                                     ;
;     -- USE_EAB                        ; OFF                                                    ;
;     -- DEDICATED_MULTIPLIER_CIRCUITRY ; AUTO                                                   ;
;     -- INPUT_A_FIXED_VALUE            ; Bx                                                     ;
;     -- INPUT_B_FIXED_VALUE            ; Bx                                                     ;
+---------------------------------------+--------------------------------------------------------+


+----------------------------------------------------------------------------------------------------------------+
; Port Connectivity Checks: "fft16OPT:UUT|radix4:UUT17"                                                          ;
+------+--------+----------+-------------------------------------------------------------------------------------+
; Port ; Type   ; Severity ; Details                                                                             ;
+------+--------+----------+-------------------------------------------------------------------------------------+
; y2r  ; Output ; Info     ; Connected to dangling logic. Logic that only feeds a dangling port will be removed. ;
; y2i  ; Output ; Info     ; Connected to dangling logic. Logic that only feeds a dangling port will be removed. ;
; y3r  ; Output ; Info     ; Connected to dangling logic. Logic that only feeds a dangling port will be removed. ;
; y3i  ; Output ; Info     ; Connected to dangling logic. Logic that only feeds a dangling port will be removed. ;
; d20  ; Input  ; Info     ; Stuck at GND                                                                        ;
; d21  ; Input  ; Info     ; Stuck at GND                                                                        ;
+------+--------+----------+-------------------------------------------------------------------------------------+


+----------------------------------------------------------------------------------------------------------------+
; Port Connectivity Checks: "fft16OPT:UUT|radix4:UUT16"                                                          ;
+------+--------+----------+-------------------------------------------------------------------------------------+
; Port ; Type   ; Severity ; Details                                                                             ;
+------+--------+----------+-------------------------------------------------------------------------------------+
; y2r  ; Output ; Info     ; Connected to dangling logic. Logic that only feeds a dangling port will be removed. ;
; y2i  ; Output ; Info     ; Connected to dangling logic. Logic that only feeds a dangling port will be removed. ;
; y3r  ; Output ; Info     ; Connected to dangling logic. Logic that only feeds a dangling port will be removed. ;
; y3i  ; Output ; Info     ; Connected to dangling logic. Logic that only feeds a dangling port will be removed. ;
; d20  ; Input  ; Info     ; Stuck at GND                                                                        ;
; d21  ; Input  ; Info     ; Stuck at GND                                                                        ;
+------+--------+----------+-------------------------------------------------------------------------------------+


+----------------------------------------------------------------------------------------------------------------+
; Port Connectivity Checks: "fft16OPT:UUT|radix4:UUT15"                                                          ;
+------+--------+----------+-------------------------------------------------------------------------------------+
; Port ; Type   ; Severity ; Details                                                                             ;
+------+--------+----------+-------------------------------------------------------------------------------------+
; y2r  ; Output ; Info     ; Connected to dangling logic. Logic that only feeds a dangling port will be removed. ;
; y2i  ; Output ; Info     ; Connected to dangling logic. Logic that only feeds a dangling port will be removed. ;
; y3r  ; Output ; Info     ; Connected to dangling logic. Logic that only feeds a dangling port will be removed. ;
; y3i  ; Output ; Info     ; Connected to dangling logic. Logic that only feeds a dangling port will be removed. ;
; d20  ; Input  ; Info     ; Stuck at GND                                                                        ;
; d21  ; Input  ; Info     ; Stuck at GND                                                                        ;
+------+--------+----------+-------------------------------------------------------------------------------------+


+----------------------------------------------------------------------------------------------------------------+
; Port Connectivity Checks: "fft16OPT:UUT|radix4:UUT14"                                                          ;
+------+--------+----------+-------------------------------------------------------------------------------------+
; Port ; Type   ; Severity ; Details                                                                             ;
+------+--------+----------+-------------------------------------------------------------------------------------+
; y3r  ; Output ; Info     ; Connected to dangling logic. Logic that only feeds a dangling port will be removed. ;
; y3i  ; Output ; Info     ; Connected to dangling logic. Logic that only feeds a dangling port will be removed. ;
; d20  ; Input  ; Info     ; Stuck at VCC                                                                        ;
; d21  ; Input  ; Info     ; Stuck at GND                                                                        ;
+------+--------+----------+-------------------------------------------------------------------------------------+


+---------------------------------------------------------------------+
; Port Connectivity Checks: "fft16OPT:UUT|complex_mult_twiddle:UUT13" ;
+---------+-------+----------+----------------------------------------+
; Port    ; Type  ; Severity ; Details                                ;
+---------+-------+----------+----------------------------------------+
; k[2..1] ; Input ; Info     ; Stuck at GND                           ;
; k[3]    ; Input ; Info     ; Stuck at VCC                           ;
; k[0]    ; Input ; Info     ; Stuck at VCC                           ;
+---------+-------+----------+----------------------------------------+


+---------------------------------------------------------------------+
; Port Connectivity Checks: "fft16OPT:UUT|complex_mult_twiddle:UUT12" ;
+---------+-------+----------+----------------------------------------+
; Port    ; Type  ; Severity ; Details                                ;
+---------+-------+----------+----------------------------------------+
; k[2..1] ; Input ; Info     ; Stuck at VCC                           ;
; k[3]    ; Input ; Info     ; Stuck at GND                           ;
; k[0]    ; Input ; Info     ; Stuck at GND                           ;
+---------+-------+----------+----------------------------------------+


+---------------------------------------------------------------------+
; Port Connectivity Checks: "fft16OPT:UUT|complex_mult_twiddle:UUT11" ;
+---------+-------+----------+----------------------------------------+
; Port    ; Type  ; Severity ; Details                                ;
+---------+-------+----------+----------------------------------------+
; k[1..0] ; Input ; Info     ; Stuck at VCC                           ;
; k[3..2] ; Input ; Info     ; Stuck at GND                           ;
+---------+-------+----------+----------------------------------------+


+---------------------------------------------------------------------+
; Port Connectivity Checks: "fft16OPT:UUT|complex_mult_twiddle:UUT10" ;
+---------+-------+----------+----------------------------------------+
; Port    ; Type  ; Severity ; Details                                ;
+---------+-------+----------+----------------------------------------+
; k[2..1] ; Input ; Info     ; Stuck at VCC                           ;
; k[3]    ; Input ; Info     ; Stuck at GND                           ;
; k[0]    ; Input ; Info     ; Stuck at GND                           ;
+---------+-------+----------+----------------------------------------+


+--------------------------------------------------------------------+
; Port Connectivity Checks: "fft16OPT:UUT|complex_mult_twiddle:UUT9" ;
+---------+-------+----------+---------------------------------------+
; Port    ; Type  ; Severity ; Details                               ;
+---------+-------+----------+---------------------------------------+
; k[1..0] ; Input ; Info     ; Stuck at GND                          ;
; k[3]    ; Input ; Info     ; Stuck at GND                          ;
; k[2]    ; Input ; Info     ; Stuck at VCC                          ;
+---------+-------+----------+---------------------------------------+


+--------------------------------------------------------------------+
; Port Connectivity Checks: "fft16OPT:UUT|complex_mult_twiddle:UUT8" ;
+---------+-------+----------+---------------------------------------+
; Port    ; Type  ; Severity ; Details                               ;
+---------+-------+----------+---------------------------------------+
; k[3..2] ; Input ; Info     ; Stuck at GND                          ;
; k[1]    ; Input ; Info     ; Stuck at VCC                          ;
; k[0]    ; Input ; Info     ; Stuck at GND                          ;
+---------+-------+----------+---------------------------------------+


+--------------------------------------------------------------------+
; Port Connectivity Checks: "fft16OPT:UUT|complex_mult_twiddle:UUT7" ;
+---------+-------+----------+---------------------------------------+
; Port    ; Type  ; Severity ; Details                               ;
+---------+-------+----------+---------------------------------------+
; k[1..0] ; Input ; Info     ; Stuck at VCC                          ;
; k[3..2] ; Input ; Info     ; Stuck at GND                          ;
+---------+-------+----------+---------------------------------------+


+--------------------------------------------------------------------+
; Port Connectivity Checks: "fft16OPT:UUT|complex_mult_twiddle:UUT6" ;
+---------+-------+----------+---------------------------------------+
; Port    ; Type  ; Severity ; Details                               ;
+---------+-------+----------+---------------------------------------+
; k[3..2] ; Input ; Info     ; Stuck at GND                          ;
; k[1]    ; Input ; Info     ; Stuck at VCC                          ;
; k[0]    ; Input ; Info     ; Stuck at GND                          ;
+---------+-------+----------+---------------------------------------+


+--------------------------------------------------------------------+
; Port Connectivity Checks: "fft16OPT:UUT|complex_mult_twiddle:UUT5" ;
+---------+-------+----------+---------------------------------------+
; Port    ; Type  ; Severity ; Details                               ;
+---------+-------+----------+---------------------------------------+
; k[3..1] ; Input ; Info     ; Stuck at GND                          ;
; k[0]    ; Input ; Info     ; Stuck at VCC                          ;
+---------+-------+----------+---------------------------------------+


+------------------------------------------------------+
; Port Connectivity Checks: "fft16OPT:UUT|radix4:UUT4" ;
+------+-------+----------+----------------------------+
; Port ; Type  ; Severity ; Details                    ;
+------+-------+----------+----------------------------+
; x0i  ; Input ; Info     ; Stuck at GND               ;
; x1i  ; Input ; Info     ; Stuck at GND               ;
; x2i  ; Input ; Info     ; Stuck at GND               ;
; x3i  ; Input ; Info     ; Stuck at GND               ;
; d20  ; Input ; Info     ; Stuck at VCC               ;
; d21  ; Input ; Info     ; Stuck at VCC               ;
+------+-------+----------+----------------------------+


+------------------------------------------------------+
; Port Connectivity Checks: "fft16OPT:UUT|radix4:UUT3" ;
+------+-------+----------+----------------------------+
; Port ; Type  ; Severity ; Details                    ;
+------+-------+----------+----------------------------+
; x0i  ; Input ; Info     ; Stuck at GND               ;
; x1i  ; Input ; Info     ; Stuck at GND               ;
; x2i  ; Input ; Info     ; Stuck at GND               ;
; x3i  ; Input ; Info     ; Stuck at GND               ;
; d20  ; Input ; Info     ; Stuck at VCC               ;
; d21  ; Input ; Info     ; Stuck at VCC               ;
+------+-------+----------+----------------------------+


+------------------------------------------------------+
; Port Connectivity Checks: "fft16OPT:UUT|radix4:UUT2" ;
+------+-------+----------+----------------------------+
; Port ; Type  ; Severity ; Details                    ;
+------+-------+----------+----------------------------+
; x0i  ; Input ; Info     ; Stuck at GND               ;
; x1i  ; Input ; Info     ; Stuck at GND               ;
; x2i  ; Input ; Info     ; Stuck at GND               ;
; x3i  ; Input ; Info     ; Stuck at GND               ;
; d20  ; Input ; Info     ; Stuck at VCC               ;
; d21  ; Input ; Info     ; Stuck at VCC               ;
+------+-------+----------+----------------------------+


+------------------------------------------------------------------+
; Port Connectivity Checks: "fft16OPT:UUT|radix4:UUT1|radix2:UUT4" ;
+------+-------+----------+----------------------------------------+
; Port ; Type  ; Severity ; Details                                ;
+------+-------+----------+----------------------------------------+
; d2   ; Input ; Info     ; Stuck at VCC                           ;
+------+-------+----------+----------------------------------------+


+------------------------------------------------------------------+
; Port Connectivity Checks: "fft16OPT:UUT|radix4:UUT1|radix2:UUT3" ;
+------+-------+----------+----------------------------------------+
; Port ; Type  ; Severity ; Details                                ;
+------+-------+----------+----------------------------------------+
; d2   ; Input ; Info     ; Stuck at VCC                           ;
+------+-------+----------+----------------------------------------+


+------------------------------------------------------------------+
; Port Connectivity Checks: "fft16OPT:UUT|radix4:UUT1|radix2:UUT2" ;
+------+-------+----------+----------------------------------------+
; Port ; Type  ; Severity ; Details                                ;
+------+-------+----------+----------------------------------------+
; d2   ; Input ; Info     ; Stuck at VCC                           ;
+------+-------+----------+----------------------------------------+


+------------------------------------------------------------------+
; Port Connectivity Checks: "fft16OPT:UUT|radix4:UUT1|radix2:UUT1" ;
+------+-------+----------+----------------------------------------+
; Port ; Type  ; Severity ; Details                                ;
+------+-------+----------+----------------------------------------+
; d2   ; Input ; Info     ; Stuck at VCC                           ;
+------+-------+----------+----------------------------------------+


+------------------------------------------------------+
; Port Connectivity Checks: "fft16OPT:UUT|radix4:UUT1" ;
+------+-------+----------+----------------------------+
; Port ; Type  ; Severity ; Details                    ;
+------+-------+----------+----------------------------+
; x0i  ; Input ; Info     ; Stuck at GND               ;
; x1i  ; Input ; Info     ; Stuck at GND               ;
; x2i  ; Input ; Info     ; Stuck at GND               ;
; x3i  ; Input ; Info     ; Stuck at GND               ;
; d20  ; Input ; Info     ; Stuck at VCC               ;
; d21  ; Input ; Info     ; Stuck at VCC               ;
+------+-------+----------+----------------------------+


+------------------------------------------+
; Port Connectivity Checks: "fft16OPT:UUT" ;
+------+-------+----------+----------------+
; Port ; Type  ; Severity ; Details        ;
+------+-------+----------+----------------+
; rst  ; Input ; Info     ; Stuck at VCC   ;
+------+-------+----------+----------------+


+-----------------------------------------------------+
; Post-Synthesis Netlist Statistics for Top Partition ;
+-----------------------+-----------------------------+
; Type                  ; Count                       ;
+-----------------------+-----------------------------+
; boundary_port         ; 302                         ;
; cycloneiii_ff         ; 2606                        ;
;     SCLR              ; 60                          ;
;     plain             ; 2546                        ;
; cycloneiii_lcell_comb ; 1977                        ;
;     arith             ; 1663                        ;
;         1 data inputs ; 35                          ;
;         2 data inputs ; 136                         ;
;         3 data inputs ; 1492                        ;
;     normal            ; 314                         ;
;         0 data inputs ; 32                          ;
;         1 data inputs ; 16                          ;
;         2 data inputs ; 250                         ;
;         3 data inputs ; 4                           ;
;         4 data inputs ; 12                          ;
; cycloneiii_mac_mult   ; 16                          ;
; cycloneiii_mac_out    ; 16                          ;
; cycloneiii_ram_block  ; 129                         ;
;                       ;                             ;
; Max LUT depth         ; 3.10                        ;
; Average LUT depth     ; 1.45                        ;
+-----------------------+-----------------------------+


+-------------------------------+
; Elapsed Time Per Partition    ;
+----------------+--------------+
; Partition Name ; Elapsed Time ;
+----------------+--------------+
; Top            ; 00:00:04     ;
+----------------+--------------+


+-------------------------------+
; Analysis & Synthesis Messages ;
+-------------------------------+
Info: *******************************************************************
Info: Running Quartus Prime Analysis & Synthesis
    Info: Version 23.1std.0 Build 991 11/28/2023 SC Lite Edition
    Info: Processing started: Thu Nov 13 16:14:59 2025
Info: Command: quartus_map --read_settings_files=on --write_settings_files=off fft16OPT -c fft16OPT
Warning (18236): Number of processors has not been specified which may cause overloading on shared machines.  Set the global assignment NUM_PARALLEL_PROCESSORS in your QSF to an appropriate value for best performance.
Info (20030): Parallel compilation is enabled and will use 10 of the 10 processors detected
Info (12021): Found 1 design units, including 1 entities, in source file fft16opt_sync_e.vhd
    Info (12023): Found entity 1: fft16OPT_sync File: C:/Users/vitor/elec_num/projet_fft16/jalon_2/Quartus_seq/fft16OPT_sync_e.vhd Line: 8
Info (12021): Found 1 design units, including 0 entities, in source file fft16opt_sync_a1.vhd
    Info (12022): Found design unit 1: fft16OPT_sync-a1 File: C:/Users/vitor/elec_num/projet_fft16/jalon_2/Quartus_seq/fft16OPT_sync_a1.vhd Line: 1
Info (12021): Found 1 design units, including 1 entities, in source file fft16opt_e.vhd
    Info (12023): Found entity 1: fft16OPT File: C:/Users/vitor/elec_num/projet_fft16/jalon_2/Quartus_seq/fft16OPT_e.vhd Line: 8
Info (12021): Found 1 design units, including 0 entities, in source file fft16opt_a1.vhd
    Info (12022): Found design unit 1: fft16OPT-a1 File: C:/Users/vitor/elec_num/projet_fft16/jalon_2/Quartus_seq/fft16OPT_a1.vhd Line: 1
Info (12021): Found 1 design units, including 0 entities, in source file types.vhd
    Info (12022): Found design unit 1: TYPES File: C:/Users/vitor/elec_num/projet_fft16/jalon_2/Quartus_seq/types.vhd Line: 12
Info (12021): Found 1 design units, including 1 entities, in source file radix4_e.vhd
    Info (12023): Found entity 1: radix4 File: C:/Users/vitor/elec_num/projet_fft16/jalon_2/Quartus_seq/radix4_e.vhd Line: 8
Info (12021): Found 1 design units, including 0 entities, in source file radix4_a1.vhd
    Info (12022): Found design unit 1: radix4-a2 File: C:/Users/vitor/elec_num/projet_fft16/jalon_2/Quartus_seq/radix4_a1.vhd Line: 1
Info (12021): Found 1 design units, including 1 entities, in source file radix2_e.vhd
    Info (12023): Found entity 1: radix2 File: C:/Users/vitor/elec_num/projet_fft16/jalon_2/Quartus_seq/radix2_e.vhd Line: 8
Info (12021): Found 1 design units, including 0 entities, in source file radix2_a3.vhd
    Info (12022): Found design unit 1: radix2-a3 File: C:/Users/vitor/elec_num/projet_fft16/jalon_2/Quartus_seq/radix2_a3.vhd Line: 1
Info (12021): Found 2 design units, including 0 entities, in source file fixed_pkg_c.vhd
    Info (12022): Found design unit 1: fixed_pkg File: C:/Users/vitor/elec_num/projet_fft16/jalon_2/Quartus_seq/fixed_pkg_c.vhd Line: 24
    Info (12022): Found design unit 2: fixed_pkg-body File: C:/Users/vitor/elec_num/projet_fft16/jalon_2/Quartus_seq/fixed_pkg_c.vhd Line: 1534
Info (12021): Found 1 design units, including 0 entities, in source file fixed_float_types_c.vhd
    Info (12022): Found design unit 1: fixed_float_types File: C:/Users/vitor/elec_num/projet_fft16/jalon_2/Quartus_seq/fixed_float_types_c.vhd Line: 16
Info (12021): Found 1 design units, including 1 entities, in source file complex_mult_twiddle_e.vhd
    Info (12023): Found entity 1: complex_mult_twiddle File: C:/Users/vitor/elec_num/projet_fft16/jalon_2/Quartus_seq/complex_mult_twiddle_e.vhd Line: 9
Info (12021): Found 1 design units, including 0 entities, in source file complex_mult_twiddle_a1.vhd
    Info (12022): Found design unit 1: complex_mult_twiddle-pipelined File: C:/Users/vitor/elec_num/projet_fft16/jalon_2/Quartus_seq/complex_mult_twiddle_a1.vhd Line: 1
Info (12021): Found 1 design units, including 1 entities, in source file calc_pot_e.vhd
    Info (12023): Found entity 1: calc_pot File: C:/Users/vitor/elec_num/projet_fft16/jalon_2/Quartus_seq/calc_pot_e.vhd Line: 10
Info (12021): Found 1 design units, including 0 entities, in source file calc_pot_a1.vhd
    Info (12022): Found design unit 1: calc_pot-a1 File: C:/Users/vitor/elec_num/projet_fft16/jalon_2/Quartus_seq/calc_pot_a1.vhd Line: 1
Info (12021): Found 1 design units, including 1 entities, in source file de10_lite_golden_top.v
    Info (12023): Found entity 1: DE10_LITE_Golden_Top File: C:/Users/vitor/elec_num/projet_fft16/jalon_2/Quartus_seq/DE10_LITE_Golden_Top.v Line: 29
Info (12127): Elaborating entity "fft16OPT_sync" for the top level hierarchy
Warning (10445): VHDL Subtype or Type Declaration warning at fixed_pkg_c.vhd(1538): subtype or type has null range File: C:/Users/vitor/elec_num/projet_fft16/jalon_2/Quartus_seq/fixed_pkg_c.vhd Line: 1538
Warning (10445): VHDL Subtype or Type Declaration warning at fixed_pkg_c.vhd(1539): subtype or type has null range File: C:/Users/vitor/elec_num/projet_fft16/jalon_2/Quartus_seq/fixed_pkg_c.vhd Line: 1539
Warning (10445): VHDL Subtype or Type Declaration warning at fixed_pkg_c.vhd(1540): subtype or type has null range File: C:/Users/vitor/elec_num/projet_fft16/jalon_2/Quartus_seq/fixed_pkg_c.vhd Line: 1540
Info (12129): Elaborating entity "fft16OPT" using architecture "A:a1" for hierarchy "fft16OPT:UUT" File: C:/Users/vitor/elec_num/projet_fft16/jalon_2/Quartus_seq/fft16OPT_sync_a1.vhd Line: 14
Info (12128): Elaborating entity "radix4" for hierarchy "fft16OPT:UUT|radix4:UUT1" File: C:/Users/vitor/elec_num/projet_fft16/jalon_2/Quartus_seq/fft16OPT_a1.vhd Line: 83
Info (12128): Elaborating entity "radix2" for hierarchy "fft16OPT:UUT|radix4:UUT1|radix2:UUT1" File: C:/Users/vitor/elec_num/projet_fft16/jalon_2/Quartus_seq/radix4_a1.vhd Line: 33
Info (12128): Elaborating entity "complex_mult_twiddle" for hierarchy "fft16OPT:UUT|complex_mult_twiddle:UUT5" File: C:/Users/vitor/elec_num/projet_fft16/jalon_2/Quartus_seq/fft16OPT_a1.vhd Line: 143
Warning (10445): VHDL Subtype or Type Declaration warning at fixed_pkg_c.vhd(1538): subtype or type has null range File: C:/Users/vitor/elec_num/projet_fft16/jalon_2/Quartus_seq/fixed_pkg_c.vhd Line: 1538
Warning (10445): VHDL Subtype or Type Declaration warning at fixed_pkg_c.vhd(1539): subtype or type has null range File: C:/Users/vitor/elec_num/projet_fft16/jalon_2/Quartus_seq/fixed_pkg_c.vhd Line: 1539
Warning (10445): VHDL Subtype or Type Declaration warning at fixed_pkg_c.vhd(1540): subtype or type has null range File: C:/Users/vitor/elec_num/projet_fft16/jalon_2/Quartus_seq/fixed_pkg_c.vhd Line: 1540
Info (12128): Elaborating entity "calc_pot" for hierarchy "fft16OPT:UUT|calc_pot:\gen_pot:0:calc_Z" File: C:/Users/vitor/elec_num/projet_fft16/jalon_2/Quartus_seq/fft16OPT_a1.vhd Line: 417
Info (19000): Inferred 3 megafunctions from design logic
    Info (276034): Inferred altshift_taps megafunction from the following design logic: "fft16OPT:UUT|y8r_d_rtl_0"
        Info (286033): Parameter NUMBER_OF_TAPS set to 1
        Info (286033): Parameter TAP_DISTANCE set to 5
        Info (286033): Parameter WIDTH set to 33
    Info (276034): Inferred altshift_taps megafunction from the following design logic: "fft16OPT:UUT|y1r_d_rtl_0"
        Info (286033): Parameter NUMBER_OF_TAPS set to 1
        Info (286033): Parameter TAP_DISTANCE set to 4
        Info (286033): Parameter WIDTH set to 60
    Info (276034): Inferred altshift_taps megafunction from the following design logic: "fft16OPT:UUT|calc_pot:\gen_pot:8:calc_Z|sum_u_rtl_0"
        Info (286033): Parameter NUMBER_OF_TAPS set to 1
        Info (286033): Parameter TAP_DISTANCE set to 3
        Info (286033): Parameter WIDTH set to 36
Info (278001): Inferred 16 megafunctions from design logic
    Info (278003): Inferred multiplier megafunction ("lpm_mult") from the following logic: "fft16OPT:UUT|calc_pot:\gen_pot:8:calc_Z|Mult0" File: C:/Users/vitor/elec_num/projet_fft16/jalon_2/Quartus_seq/fixed_pkg_c.vhd Line: 2594
    Info (278003): Inferred multiplier megafunction ("lpm_mult") from the following logic: "fft16OPT:UUT|calc_pot:\gen_pot:0:calc_Z|Mult0" File: C:/Users/vitor/elec_num/projet_fft16/jalon_2/Quartus_seq/fixed_pkg_c.vhd Line: 2594
    Info (278003): Inferred multiplier megafunction ("lpm_mult") from the following logic: "fft16OPT:UUT|calc_pot:\gen_pot:7:calc_Z|Mult0" File: C:/Users/vitor/elec_num/projet_fft16/jalon_2/Quartus_seq/fixed_pkg_c.vhd Line: 2594
    Info (278003): Inferred multiplier megafunction ("lpm_mult") from the following logic: "fft16OPT:UUT|calc_pot:\gen_pot:7:calc_Z|Mult1" File: C:/Users/vitor/elec_num/projet_fft16/jalon_2/Quartus_seq/fixed_pkg_c.vhd Line: 2594
    Info (278003): Inferred multiplier megafunction ("lpm_mult") from the following logic: "fft16OPT:UUT|calc_pot:\gen_pot:6:calc_Z|Mult0" File: C:/Users/vitor/elec_num/projet_fft16/jalon_2/Quartus_seq/fixed_pkg_c.vhd Line: 2594
    Info (278003): Inferred multiplier megafunction ("lpm_mult") from the following logic: "fft16OPT:UUT|calc_pot:\gen_pot:6:calc_Z|Mult1" File: C:/Users/vitor/elec_num/projet_fft16/jalon_2/Quartus_seq/fixed_pkg_c.vhd Line: 2594
    Info (278003): Inferred multiplier megafunction ("lpm_mult") from the following logic: "fft16OPT:UUT|calc_pot:\gen_pot:5:calc_Z|Mult0" File: C:/Users/vitor/elec_num/projet_fft16/jalon_2/Quartus_seq/fixed_pkg_c.vhd Line: 2594
    Info (278003): Inferred multiplier megafunction ("lpm_mult") from the following logic: "fft16OPT:UUT|calc_pot:\gen_pot:5:calc_Z|Mult1" File: C:/Users/vitor/elec_num/projet_fft16/jalon_2/Quartus_seq/fixed_pkg_c.vhd Line: 2594
    Info (278003): Inferred multiplier megafunction ("lpm_mult") from the following logic: "fft16OPT:UUT|calc_pot:\gen_pot:4:calc_Z|Mult0" File: C:/Users/vitor/elec_num/projet_fft16/jalon_2/Quartus_seq/fixed_pkg_c.vhd Line: 2594
    Info (278003): Inferred multiplier megafunction ("lpm_mult") from the following logic: "fft16OPT:UUT|calc_pot:\gen_pot:4:calc_Z|Mult1" File: C:/Users/vitor/elec_num/projet_fft16/jalon_2/Quartus_seq/fixed_pkg_c.vhd Line: 2594
    Info (278003): Inferred multiplier megafunction ("lpm_mult") from the following logic: "fft16OPT:UUT|calc_pot:\gen_pot:3:calc_Z|Mult0" File: C:/Users/vitor/elec_num/projet_fft16/jalon_2/Quartus_seq/fixed_pkg_c.vhd Line: 2594
    Info (278003): Inferred multiplier megafunction ("lpm_mult") from the following logic: "fft16OPT:UUT|calc_pot:\gen_pot:3:calc_Z|Mult1" File: C:/Users/vitor/elec_num/projet_fft16/jalon_2/Quartus_seq/fixed_pkg_c.vhd Line: 2594
    Info (278003): Inferred multiplier megafunction ("lpm_mult") from the following logic: "fft16OPT:UUT|calc_pot:\gen_pot:2:calc_Z|Mult0" File: C:/Users/vitor/elec_num/projet_fft16/jalon_2/Quartus_seq/fixed_pkg_c.vhd Line: 2594
    Info (278003): Inferred multiplier megafunction ("lpm_mult") from the following logic: "fft16OPT:UUT|calc_pot:\gen_pot:2:calc_Z|Mult1" File: C:/Users/vitor/elec_num/projet_fft16/jalon_2/Quartus_seq/fixed_pkg_c.vhd Line: 2594
    Info (278003): Inferred multiplier megafunction ("lpm_mult") from the following logic: "fft16OPT:UUT|calc_pot:\gen_pot:1:calc_Z|Mult0" File: C:/Users/vitor/elec_num/projet_fft16/jalon_2/Quartus_seq/fixed_pkg_c.vhd Line: 2594
    Info (278003): Inferred multiplier megafunction ("lpm_mult") from the following logic: "fft16OPT:UUT|calc_pot:\gen_pot:1:calc_Z|Mult1" File: C:/Users/vitor/elec_num/projet_fft16/jalon_2/Quartus_seq/fixed_pkg_c.vhd Line: 2594
Info (12130): Elaborated megafunction instantiation "fft16OPT:UUT|altshift_taps:y8r_d_rtl_0"
Info (12133): Instantiated megafunction "fft16OPT:UUT|altshift_taps:y8r_d_rtl_0" with the following parameter:
    Info (12134): Parameter "NUMBER_OF_TAPS" = "1"
    Info (12134): Parameter "TAP_DISTANCE" = "5"
    Info (12134): Parameter "WIDTH" = "33"
Info (12021): Found 1 design units, including 1 entities, in source file db/shift_taps_3hl.tdf
    Info (12023): Found entity 1: shift_taps_3hl File: C:/Users/vitor/elec_num/projet_fft16/jalon_2/Quartus_seq/db/shift_taps_3hl.tdf Line: 27
Info (12021): Found 1 design units, including 1 entities, in source file db/altsyncram_mo71.tdf
    Info (12023): Found entity 1: altsyncram_mo71 File: C:/Users/vitor/elec_num/projet_fft16/jalon_2/Quartus_seq/db/altsyncram_mo71.tdf Line: 28
Info (12021): Found 1 design units, including 1 entities, in source file db/cntr_s3f.tdf
    Info (12023): Found entity 1: cntr_s3f File: C:/Users/vitor/elec_num/projet_fft16/jalon_2/Quartus_seq/db/cntr_s3f.tdf Line: 25
Info (12021): Found 1 design units, including 1 entities, in source file db/cmpr_erb.tdf
    Info (12023): Found entity 1: cmpr_erb File: C:/Users/vitor/elec_num/projet_fft16/jalon_2/Quartus_seq/db/cmpr_erb.tdf Line: 23
Info (12130): Elaborated megafunction instantiation "fft16OPT:UUT|altshift_taps:y1r_d_rtl_0"
Info (12133): Instantiated megafunction "fft16OPT:UUT|altshift_taps:y1r_d_rtl_0" with the following parameter:
    Info (12134): Parameter "NUMBER_OF_TAPS" = "1"
    Info (12134): Parameter "TAP_DISTANCE" = "4"
    Info (12134): Parameter "WIDTH" = "60"
Info (12021): Found 1 design units, including 1 entities, in source file db/shift_taps_2hl.tdf
    Info (12023): Found entity 1: shift_taps_2hl File: C:/Users/vitor/elec_num/projet_fft16/jalon_2/Quartus_seq/db/shift_taps_2hl.tdf Line: 27
Info (12021): Found 1 design units, including 1 entities, in source file db/altsyncram_jo71.tdf
    Info (12023): Found entity 1: altsyncram_jo71 File: C:/Users/vitor/elec_num/projet_fft16/jalon_2/Quartus_seq/db/altsyncram_jo71.tdf Line: 28
Info (12021): Found 1 design units, including 1 entities, in source file db/cntr_q3f.tdf
    Info (12023): Found entity 1: cntr_q3f File: C:/Users/vitor/elec_num/projet_fft16/jalon_2/Quartus_seq/db/cntr_q3f.tdf Line: 26
Info (12130): Elaborated megafunction instantiation "fft16OPT:UUT|calc_pot:\gen_pot:8:calc_Z|altshift_taps:sum_u_rtl_0"
Info (12133): Instantiated megafunction "fft16OPT:UUT|calc_pot:\gen_pot:8:calc_Z|altshift_taps:sum_u_rtl_0" with the following parameter:
    Info (12134): Parameter "NUMBER_OF_TAPS" = "1"
    Info (12134): Parameter "TAP_DISTANCE" = "3"
    Info (12134): Parameter "WIDTH" = "36"
Info (12021): Found 1 design units, including 1 entities, in source file db/shift_taps_4hl.tdf
    Info (12023): Found entity 1: shift_taps_4hl File: C:/Users/vitor/elec_num/projet_fft16/jalon_2/Quartus_seq/db/shift_taps_4hl.tdf Line: 29
Info (12021): Found 1 design units, including 1 entities, in source file db/altsyncram_tv21.tdf
    Info (12023): Found entity 1: altsyncram_tv21 File: C:/Users/vitor/elec_num/projet_fft16/jalon_2/Quartus_seq/db/altsyncram_tv21.tdf Line: 28
Info (12021): Found 1 design units, including 1 entities, in source file db/add_sub_oed.tdf
    Info (12023): Found entity 1: add_sub_oed File: C:/Users/vitor/elec_num/projet_fft16/jalon_2/Quartus_seq/db/add_sub_oed.tdf Line: 23
Info (12130): Elaborated megafunction instantiation "fft16OPT:UUT|calc_pot:\gen_pot:8:calc_Z|lpm_mult:Mult0" File: C:/Users/vitor/elec_num/projet_fft16/jalon_2/Quartus_seq/fixed_pkg_c.vhd Line: 2594
Info (12133): Instantiated megafunction "fft16OPT:UUT|calc_pot:\gen_pot:8:calc_Z|lpm_mult:Mult0" with the following parameter: File: C:/Users/vitor/elec_num/projet_fft16/jalon_2/Quartus_seq/fixed_pkg_c.vhd Line: 2594
    Info (12134): Parameter "LPM_WIDTHA" = "12"
    Info (12134): Parameter "LPM_WIDTHB" = "12"
    Info (12134): Parameter "LPM_WIDTHP" = "24"
    Info (12134): Parameter "LPM_WIDTHR" = "24"
    Info (12134): Parameter "LPM_WIDTHS" = "1"
    Info (12134): Parameter "LPM_REPRESENTATION" = "SIGNED"
    Info (12134): Parameter "INPUT_A_IS_CONSTANT" = "NO"
    Info (12134): Parameter "INPUT_B_IS_CONSTANT" = "NO"
    Info (12134): Parameter "MAXIMIZE_SPEED" = "6"
Info (12021): Found 1 design units, including 1 entities, in source file db/mult_jgs.tdf
    Info (12023): Found entity 1: mult_jgs File: C:/Users/vitor/elec_num/projet_fft16/jalon_2/Quartus_seq/db/mult_jgs.tdf Line: 29
Info (12130): Elaborated megafunction instantiation "fft16OPT:UUT|calc_pot:\gen_pot:7:calc_Z|lpm_mult:Mult0" File: C:/Users/vitor/elec_num/projet_fft16/jalon_2/Quartus_seq/fixed_pkg_c.vhd Line: 2594
Info (12133): Instantiated megafunction "fft16OPT:UUT|calc_pot:\gen_pot:7:calc_Z|lpm_mult:Mult0" with the following parameter: File: C:/Users/vitor/elec_num/projet_fft16/jalon_2/Quartus_seq/fixed_pkg_c.vhd Line: 2594
    Info (12134): Parameter "LPM_WIDTHA" = "12"
    Info (12134): Parameter "LPM_WIDTHB" = "12"
    Info (12134): Parameter "LPM_WIDTHP" = "24"
    Info (12134): Parameter "LPM_WIDTHR" = "24"
    Info (12134): Parameter "LPM_WIDTHS" = "1"
    Info (12134): Parameter "LPM_REPRESENTATION" = "SIGNED"
    Info (12134): Parameter "INPUT_A_IS_CONSTANT" = "NO"
    Info (12134): Parameter "INPUT_B_IS_CONSTANT" = "NO"
    Info (12134): Parameter "MAXIMIZE_SPEED" = "6"
Info (286030): Timing-Driven Synthesis is running
Info (17049): 2248 registers lost all their fanouts during netlist optimizations.
Info (16010): Generating hard_block partition "hard_block:auto_generated_inst"
    Info (16011): Adding 0 node(s), including 0 DDIO, 0 PLL, 0 transceiver and 0 LCELL
Warning (21074): Design contains 1 input pin(s) that do not drive logic
    Warning (15610): No output dependent on input pin "rst" File: C:/Users/vitor/elec_num/projet_fft16/jalon_2/Quartus_seq/fft16OPT_sync_e.vhd Line: 11
Info (21057): Implemented 3254 device resources after synthesis - the final resource count might be different
    Info (21058): Implemented 194 input pins
    Info (21059): Implemented 108 output pins
    Info (21061): Implemented 2791 logic cells
    Info (21064): Implemented 129 RAM segments
    Info (21062): Implemented 32 DSP elements
Info: Quartus Prime Analysis & Synthesis was successful. 0 errors, 9 warnings
    Info: Peak virtual memory: 4994 megabytes
    Info: Processing ended: Thu Nov 13 16:15:39 2025
    Info: Elapsed time: 00:00:40
    Info: Total CPU time (on all processors): 00:00:21


