Analysis & Synthesis report for fft16
Sun Oct 26 22:42:17 2025
Quartus Prime Version 23.1std.0 Build 991 11/28/2023 SC Lite Edition


---------------------
; Table of Contents ;
---------------------
  1. Legal Notice
  2. Analysis & Synthesis Summary
  3. Analysis & Synthesis Settings
  4. Parallel Compilation
  5. Analysis & Synthesis Source Files Read
  6. Analysis & Synthesis Resource Usage Summary
  7. Analysis & Synthesis Resource Utilization by Entity
  8. Analysis & Synthesis DSP Block Usage Summary
  9. General Register Statistics
 10. Multiplexer Restructuring Statistics (Restructuring Performed)
 11. Parameter Settings for User Entity Instance: fft16:UUT|complex_mult_twiddle:UUT5
 12. Parameter Settings for User Entity Instance: fft16:UUT|complex_mult_twiddle:UUT6
 13. Parameter Settings for User Entity Instance: fft16:UUT|complex_mult_twiddle:UUT7
 14. Parameter Settings for User Entity Instance: fft16:UUT|complex_mult_twiddle:UUT8
 15. Parameter Settings for User Entity Instance: fft16:UUT|complex_mult_twiddle:UUT9
 16. Parameter Settings for User Entity Instance: fft16:UUT|complex_mult_twiddle:UUT10
 17. Parameter Settings for User Entity Instance: fft16:UUT|complex_mult_twiddle:UUT11
 18. Parameter Settings for User Entity Instance: fft16:UUT|complex_mult_twiddle:UUT12
 19. Parameter Settings for User Entity Instance: fft16:UUT|complex_mult_twiddle:UUT13
 20. Parameter Settings for Inferred Entity Instance: fft16:UUT|calc_pot:calc_Z8|lpm_mult:Mult0
 21. Parameter Settings for Inferred Entity Instance: fft16:UUT|calc_pot:calc_Z0|lpm_mult:Mult0
 22. Parameter Settings for Inferred Entity Instance: fft16:UUT|calc_pot:calc_Z7|lpm_mult:Mult1
 23. Parameter Settings for Inferred Entity Instance: fft16:UUT|calc_pot:calc_Z7|lpm_mult:Mult0
 24. Parameter Settings for Inferred Entity Instance: fft16:UUT|calc_pot:calc_Z6|lpm_mult:Mult1
 25. Parameter Settings for Inferred Entity Instance: fft16:UUT|calc_pot:calc_Z6|lpm_mult:Mult0
 26. Parameter Settings for Inferred Entity Instance: fft16:UUT|calc_pot:calc_Z5|lpm_mult:Mult1
 27. Parameter Settings for Inferred Entity Instance: fft16:UUT|calc_pot:calc_Z5|lpm_mult:Mult0
 28. Parameter Settings for Inferred Entity Instance: fft16:UUT|calc_pot:calc_Z4|lpm_mult:Mult1
 29. Parameter Settings for Inferred Entity Instance: fft16:UUT|calc_pot:calc_Z4|lpm_mult:Mult0
 30. Parameter Settings for Inferred Entity Instance: fft16:UUT|calc_pot:calc_Z3|lpm_mult:Mult1
 31. Parameter Settings for Inferred Entity Instance: fft16:UUT|calc_pot:calc_Z3|lpm_mult:Mult0
 32. Parameter Settings for Inferred Entity Instance: fft16:UUT|calc_pot:calc_Z2|lpm_mult:Mult1
 33. Parameter Settings for Inferred Entity Instance: fft16:UUT|calc_pot:calc_Z2|lpm_mult:Mult0
 34. Parameter Settings for Inferred Entity Instance: fft16:UUT|calc_pot:calc_Z1|lpm_mult:Mult1
 35. Parameter Settings for Inferred Entity Instance: fft16:UUT|calc_pot:calc_Z1|lpm_mult:Mult0
 36. Parameter Settings for Inferred Entity Instance: fft16:UUT|complex_mult_twiddle:UUT9|lpm_mult:Mult3
 37. Parameter Settings for Inferred Entity Instance: fft16:UUT|complex_mult_twiddle:UUT7|lpm_mult:Mult1
 38. Parameter Settings for Inferred Entity Instance: fft16:UUT|complex_mult_twiddle:UUT13|lpm_mult:Mult0
 39. Parameter Settings for Inferred Entity Instance: fft16:UUT|complex_mult_twiddle:UUT7|lpm_mult:Mult3
 40. Parameter Settings for Inferred Entity Instance: fft16:UUT|complex_mult_twiddle:UUT13|lpm_mult:Mult2
 41. Parameter Settings for Inferred Entity Instance: fft16:UUT|complex_mult_twiddle:UUT6|lpm_mult:Mult0
 42. Parameter Settings for Inferred Entity Instance: fft16:UUT|complex_mult_twiddle:UUT12|lpm_mult:Mult3
 43. Parameter Settings for Inferred Entity Instance: fft16:UUT|complex_mult_twiddle:UUT11|lpm_mult:Mult1
 44. Parameter Settings for Inferred Entity Instance: fft16:UUT|complex_mult_twiddle:UUT5|lpm_mult:Mult2
 45. Parameter Settings for Inferred Entity Instance: fft16:UUT|complex_mult_twiddle:UUT11|lpm_mult:Mult3
 46. Parameter Settings for Inferred Entity Instance: fft16:UUT|complex_mult_twiddle:UUT12|lpm_mult:Mult0
 47. Parameter Settings for Inferred Entity Instance: fft16:UUT|complex_mult_twiddle:UUT7|lpm_mult:Mult0
 48. Parameter Settings for Inferred Entity Instance: fft16:UUT|complex_mult_twiddle:UUT13|lpm_mult:Mult1
 49. Parameter Settings for Inferred Entity Instance: fft16:UUT|complex_mult_twiddle:UUT10|lpm_mult:Mult2
 50. Parameter Settings for Inferred Entity Instance: fft16:UUT|complex_mult_twiddle:UUT10|lpm_mult:Mult3
 51. Parameter Settings for Inferred Entity Instance: fft16:UUT|complex_mult_twiddle:UUT7|lpm_mult:Mult2
 52. Parameter Settings for Inferred Entity Instance: fft16:UUT|complex_mult_twiddle:UUT13|lpm_mult:Mult3
 53. Parameter Settings for Inferred Entity Instance: fft16:UUT|complex_mult_twiddle:UUT10|lpm_mult:Mult0
 54. Parameter Settings for Inferred Entity Instance: fft16:UUT|complex_mult_twiddle:UUT10|lpm_mult:Mult1
 55. Parameter Settings for Inferred Entity Instance: fft16:UUT|complex_mult_twiddle:UUT5|lpm_mult:Mult1
 56. Parameter Settings for Inferred Entity Instance: fft16:UUT|complex_mult_twiddle:UUT11|lpm_mult:Mult0
 57. Parameter Settings for Inferred Entity Instance: fft16:UUT|complex_mult_twiddle:UUT8|lpm_mult:Mult2
 58. Parameter Settings for Inferred Entity Instance: fft16:UUT|complex_mult_twiddle:UUT11|lpm_mult:Mult2
 59. lpm_mult Parameter Settings by Entity Instance
 60. Port Connectivity Checks: "fft16:UUT|radix4:UUT17"
 61. Port Connectivity Checks: "fft16:UUT|radix4:UUT16"
 62. Port Connectivity Checks: "fft16:UUT|radix4:UUT15"
 63. Port Connectivity Checks: "fft16:UUT|radix4:UUT14"
 64. Port Connectivity Checks: "fft16:UUT|complex_mult_twiddle:UUT13"
 65. Port Connectivity Checks: "fft16:UUT|complex_mult_twiddle:UUT12"
 66. Port Connectivity Checks: "fft16:UUT|complex_mult_twiddle:UUT11"
 67. Port Connectivity Checks: "fft16:UUT|complex_mult_twiddle:UUT10"
 68. Port Connectivity Checks: "fft16:UUT|complex_mult_twiddle:UUT9"
 69. Port Connectivity Checks: "fft16:UUT|complex_mult_twiddle:UUT8"
 70. Port Connectivity Checks: "fft16:UUT|complex_mult_twiddle:UUT7"
 71. Port Connectivity Checks: "fft16:UUT|complex_mult_twiddle:UUT6"
 72. Port Connectivity Checks: "fft16:UUT|complex_mult_twiddle:UUT5"
 73. Port Connectivity Checks: "fft16:UUT|radix4:UUT4"
 74. Port Connectivity Checks: "fft16:UUT|radix4:UUT3"
 75. Port Connectivity Checks: "fft16:UUT|radix4:UUT2"
 76. Port Connectivity Checks: "fft16:UUT|radix4:UUT1|radix2:UUT4"
 77. Port Connectivity Checks: "fft16:UUT|radix4:UUT1|radix2:UUT3"
 78. Port Connectivity Checks: "fft16:UUT|radix4:UUT1|radix2:UUT2"
 79. Port Connectivity Checks: "fft16:UUT|radix4:UUT1|radix2:UUT1"
 80. Port Connectivity Checks: "fft16:UUT|radix4:UUT1"
 81. Post-Synthesis Netlist Statistics for Top Partition
 82. Elapsed Time Per Partition
 83. Analysis & Synthesis Messages



----------------
; Legal Notice ;
----------------
Copyright (C) 2023  Intel Corporation. All rights reserved.
Your use of Intel Corporation's design tools, logic functions 
and other software and tools, and any partner logic 
functions, and any output files from any of the foregoing 
(including device programming or simulation files), and any 
associated documentation or information are expressly subject 
to the terms and conditions of the Intel Program License 
Subscription Agreement, the Intel Quartus Prime License Agreement,
the Intel FPGA IP License Agreement, or other applicable license
agreement, including, without limitation, that your use is for
the sole purpose of programming logic devices manufactured by
Intel and sold by Intel or its authorized distributors.  Please
refer to the applicable agreement for further details, at
https://fpgasoftware.intel.com/eula.



+-------------------------------------------------------------------------------------+
; Analysis & Synthesis Summary                                                        ;
+------------------------------------+------------------------------------------------+
; Analysis & Synthesis Status        ; Successful - Sun Oct 26 22:42:17 2025          ;
; Quartus Prime Version              ; 23.1std.0 Build 991 11/28/2023 SC Lite Edition ;
; Revision Name                      ; fft16                                          ;
; Top-level Entity Name              ; fft16_sync                                     ;
; Family                             ; MAX 10                                         ;
; Total logic elements               ; 4,069                                          ;
;     Total combinational functions  ; 3,877                                          ;
;     Dedicated logic registers      ; 300                                            ;
; Total registers                    ; 300                                            ;
; Total pins                         ; 301                                            ;
; Total virtual pins                 ; 0                                              ;
; Total memory bits                  ; 0                                              ;
; Embedded Multiplier 9-bit elements ; 32                                             ;
; Total PLLs                         ; 0                                              ;
; UFM blocks                         ; 0                                              ;
; ADC blocks                         ; 0                                              ;
+------------------------------------+------------------------------------------------+


+------------------------------------------------------------------------------------------------------------+
; Analysis & Synthesis Settings                                                                              ;
+------------------------------------------------------------------+--------------------+--------------------+
; Option                                                           ; Setting            ; Default Value      ;
+------------------------------------------------------------------+--------------------+--------------------+
; Device                                                           ; 10M50DAF484C6GES   ;                    ;
; Top-level entity name                                            ; fft16_sync         ; fft16              ;
; Family name                                                      ; MAX 10             ; Cyclone V          ;
; Use smart compilation                                            ; Off                ; Off                ;
; Enable parallel Assembler and Timing Analyzer during compilation ; On                 ; On                 ;
; Enable compact report table                                      ; Off                ; Off                ;
; Restructure Multiplexers                                         ; Auto               ; Auto               ;
; Create Debugging Nodes for IP Cores                              ; Off                ; Off                ;
; Preserve fewer node names                                        ; On                 ; On                 ;
; Intel FPGA IP Evaluation Mode                                    ; Enable             ; Enable             ;
; Verilog Version                                                  ; Verilog_2001       ; Verilog_2001       ;
; VHDL Version                                                     ; VHDL_1993          ; VHDL_1993          ;
; State Machine Processing                                         ; Auto               ; Auto               ;
; Safe State Machine                                               ; Off                ; Off                ;
; Extract Verilog State Machines                                   ; On                 ; On                 ;
; Extract VHDL State Machines                                      ; On                 ; On                 ;
; Ignore Verilog initial constructs                                ; Off                ; Off                ;
; Iteration limit for constant Verilog loops                       ; 5000               ; 5000               ;
; Iteration limit for non-constant Verilog loops                   ; 250                ; 250                ;
; Add Pass-Through Logic to Inferred RAMs                          ; On                 ; On                 ;
; Infer RAMs from Raw Logic                                        ; On                 ; On                 ;
; Parallel Synthesis                                               ; On                 ; On                 ;
; DSP Block Balancing                                              ; Auto               ; Auto               ;
; NOT Gate Push-Back                                               ; On                 ; On                 ;
; Power-Up Don't Care                                              ; On                 ; On                 ;
; Remove Redundant Logic Cells                                     ; Off                ; Off                ;
; Remove Duplicate Registers                                       ; On                 ; On                 ;
; Ignore CARRY Buffers                                             ; Off                ; Off                ;
; Ignore CASCADE Buffers                                           ; Off                ; Off                ;
; Ignore GLOBAL Buffers                                            ; Off                ; Off                ;
; Ignore ROW GLOBAL Buffers                                        ; Off                ; Off                ;
; Ignore LCELL Buffers                                             ; Off                ; Off                ;
; Ignore SOFT Buffers                                              ; On                 ; On                 ;
; Limit AHDL Integers to 32 Bits                                   ; Off                ; Off                ;
; Optimization Technique                                           ; Balanced           ; Balanced           ;
; Carry Chain Length                                               ; 70                 ; 70                 ;
; Auto Carry Chains                                                ; On                 ; On                 ;
; Auto Open-Drain Pins                                             ; On                 ; On                 ;
; Perform WYSIWYG Primitive Resynthesis                            ; Off                ; Off                ;
; Auto ROM Replacement                                             ; On                 ; On                 ;
; Auto RAM Replacement                                             ; On                 ; On                 ;
; Auto DSP Block Replacement                                       ; On                 ; On                 ;
; Auto Shift Register Replacement                                  ; Auto               ; Auto               ;
; Allow Shift Register Merging across Hierarchies                  ; Auto               ; Auto               ;
; Auto Clock Enable Replacement                                    ; On                 ; On                 ;
; Strict RAM Replacement                                           ; Off                ; Off                ;
; Allow Synchronous Control Signals                                ; On                 ; On                 ;
; Force Use of Synchronous Clear Signals                           ; Off                ; Off                ;
; Auto RAM Block Balancing                                         ; On                 ; On                 ;
; Auto RAM to Logic Cell Conversion                                ; Off                ; Off                ;
; Auto Resource Sharing                                            ; Off                ; Off                ;
; Allow Any RAM Size For Recognition                               ; Off                ; Off                ;
; Allow Any ROM Size For Recognition                               ; Off                ; Off                ;
; Allow Any Shift Register Size For Recognition                    ; Off                ; Off                ;
; Use LogicLock Constraints during Resource Balancing              ; On                 ; On                 ;
; Ignore translate_off and synthesis_off directives                ; Off                ; Off                ;
; Timing-Driven Synthesis                                          ; On                 ; On                 ;
; Report Parameter Settings                                        ; On                 ; On                 ;
; Report Source Assignments                                        ; On                 ; On                 ;
; Report Connectivity Checks                                       ; On                 ; On                 ;
; Ignore Maximum Fan-Out Assignments                               ; Off                ; Off                ;
; Synchronization Register Chain Length                            ; 2                  ; 2                  ;
; Power Optimization During Synthesis                              ; Normal compilation ; Normal compilation ;
; HDL message level                                                ; Level2             ; Level2             ;
; Suppress Register Optimization Related Messages                  ; Off                ; Off                ;
; Number of Removed Registers Reported in Synthesis Report         ; 5000               ; 5000               ;
; Number of Swept Nodes Reported in Synthesis Report               ; 5000               ; 5000               ;
; Number of Inverted Registers Reported in Synthesis Report        ; 100                ; 100                ;
; Clock MUX Protection                                             ; On                 ; On                 ;
; Auto Gated Clock Conversion                                      ; Off                ; Off                ;
; Block Design Naming                                              ; Auto               ; Auto               ;
; SDC constraint protection                                        ; Off                ; Off                ;
; Synthesis Effort                                                 ; Auto               ; Auto               ;
; Shift Register Replacement - Allow Asynchronous Clear Signal     ; On                 ; On                 ;
; Pre-Mapping Resynthesis Optimization                             ; Off                ; Off                ;
; Analysis & Synthesis Message Level                               ; Medium             ; Medium             ;
; Disable Register Merging Across Hierarchies                      ; Auto               ; Auto               ;
; Resource Aware Inference For Block RAM                           ; On                 ; On                 ;
+------------------------------------------------------------------+--------------------+--------------------+


+------------------------------------------+
; Parallel Compilation                     ;
+----------------------------+-------------+
; Processors                 ; Number      ;
+----------------------------+-------------+
; Number detected on machine ; 12          ;
; Maximum allowed            ; 10          ;
;                            ;             ;
; Average used               ; 1.01        ;
; Maximum used               ; 10          ;
;                            ;             ;
; Usage by Processor         ; % Time Used ;
;     Processor 1            ; 100.0%      ;
;     Processor 2            ;   0.1%      ;
;     Processor 3            ;   0.1%      ;
;     Processor 4            ;   0.1%      ;
;     Processor 5            ;   0.1%      ;
;     Processor 6            ;   0.1%      ;
;     Processor 7            ;   0.1%      ;
;     Processor 8            ;   0.1%      ;
;     Processors 9-10        ;   0.1%      ;
+----------------------------+-------------+


+---------------------------------------------------------------------------------------------------------------------------------------------------------------------------------+
; Analysis & Synthesis Source Files Read                                                                                                                                          ;
+----------------------------------+-----------------+------------------------------+-----------------------------------------------------------------------------------+---------+
; File Name with User-Entered Path ; Used in Netlist ; File Type                    ; File Name with Absolute Path                                                      ; Library ;
+----------------------------------+-----------------+------------------------------+-----------------------------------------------------------------------------------+---------+
; fft16_sync_e.vhd                 ; yes             ; User VHDL File               ; C:/Users/vitor/elec_num/projet_fft16/Quartus_combi/fft16_sync_e.vhd               ;         ;
; fft16_sync_a1.vhd                ; yes             ; User VHDL File               ; C:/Users/vitor/elec_num/projet_fft16/Quartus_combi/fft16_sync_a1.vhd              ;         ;
; types.vhd                        ; yes             ; User VHDL File               ; C:/Users/vitor/elec_num/projet_fft16/Quartus_combi/types.vhd                      ;         ;
; radix4_e.vhd                     ; yes             ; User VHDL File               ; C:/Users/vitor/elec_num/projet_fft16/Quartus_combi/radix4_e.vhd                   ;         ;
; radix4_a1.vhd                    ; yes             ; User VHDL File               ; C:/Users/vitor/elec_num/projet_fft16/Quartus_combi/radix4_a1.vhd                  ;         ;
; radix2_e.vhd                     ; yes             ; User VHDL File               ; C:/Users/vitor/elec_num/projet_fft16/Quartus_combi/radix2_e.vhd                   ;         ;
; radix2_a3.vhd                    ; yes             ; User VHDL File               ; C:/Users/vitor/elec_num/projet_fft16/Quartus_combi/radix2_a3.vhd                  ;         ;
; fixed_pkg_c.vhd                  ; yes             ; User VHDL File               ; C:/Users/vitor/elec_num/projet_fft16/Quartus_combi/fixed_pkg_c.vhd                ;         ;
; fixed_float_types_c.vhd          ; yes             ; User VHDL File               ; C:/Users/vitor/elec_num/projet_fft16/Quartus_combi/fixed_float_types_c.vhd        ;         ;
; fft16_e.vhd                      ; yes             ; User VHDL File               ; C:/Users/vitor/elec_num/projet_fft16/Quartus_combi/fft16_e.vhd                    ;         ;
; fft16_a1.vhd                     ; yes             ; User VHDL File               ; C:/Users/vitor/elec_num/projet_fft16/Quartus_combi/fft16_a1.vhd                   ;         ;
; complex_mult_twiddle_e.vhd       ; yes             ; User VHDL File               ; C:/Users/vitor/elec_num/projet_fft16/Quartus_combi/complex_mult_twiddle_e.vhd     ;         ;
; complex_mult_twiddle_a1.vhd      ; yes             ; User VHDL File               ; C:/Users/vitor/elec_num/projet_fft16/Quartus_combi/complex_mult_twiddle_a1.vhd    ;         ;
; calc_pot_e.vhd                   ; yes             ; User VHDL File               ; C:/Users/vitor/elec_num/projet_fft16/Quartus_combi/calc_pot_e.vhd                 ;         ;
; calc_pot_a1.vhd                  ; yes             ; User VHDL File               ; C:/Users/vitor/elec_num/projet_fft16/Quartus_combi/calc_pot_a1.vhd                ;         ;
; lpm_mult.tdf                     ; yes             ; Megafunction                 ; c:/intelfpga_lite/23.1std/quartus/libraries/megafunctions/lpm_mult.tdf            ;         ;
; aglobal231.inc                   ; yes             ; Megafunction                 ; c:/intelfpga_lite/23.1std/quartus/libraries/megafunctions/aglobal231.inc          ;         ;
; lpm_add_sub.inc                  ; yes             ; Megafunction                 ; c:/intelfpga_lite/23.1std/quartus/libraries/megafunctions/lpm_add_sub.inc         ;         ;
; multcore.inc                     ; yes             ; Megafunction                 ; c:/intelfpga_lite/23.1std/quartus/libraries/megafunctions/multcore.inc            ;         ;
; bypassff.inc                     ; yes             ; Megafunction                 ; c:/intelfpga_lite/23.1std/quartus/libraries/megafunctions/bypassff.inc            ;         ;
; altshift.inc                     ; yes             ; Megafunction                 ; c:/intelfpga_lite/23.1std/quartus/libraries/megafunctions/altshift.inc            ;         ;
; db/mult_jgs.tdf                  ; yes             ; Auto-Generated Megafunction  ; C:/Users/vitor/elec_num/projet_fft16/Quartus_combi/db/mult_jgs.tdf                ;         ;
; multcore.tdf                     ; yes             ; Megafunction                 ; c:/intelfpga_lite/23.1std/quartus/libraries/megafunctions/multcore.tdf            ;         ;
; csa_add.inc                      ; yes             ; Megafunction                 ; c:/intelfpga_lite/23.1std/quartus/libraries/megafunctions/csa_add.inc             ;         ;
; mpar_add.inc                     ; yes             ; Megafunction                 ; c:/intelfpga_lite/23.1std/quartus/libraries/megafunctions/mpar_add.inc            ;         ;
; muleabz.inc                      ; yes             ; Megafunction                 ; c:/intelfpga_lite/23.1std/quartus/libraries/megafunctions/muleabz.inc             ;         ;
; mul_lfrg.inc                     ; yes             ; Megafunction                 ; c:/intelfpga_lite/23.1std/quartus/libraries/megafunctions/mul_lfrg.inc            ;         ;
; mul_boothc.inc                   ; yes             ; Megafunction                 ; c:/intelfpga_lite/23.1std/quartus/libraries/megafunctions/mul_boothc.inc          ;         ;
; alt_ded_mult.inc                 ; yes             ; Megafunction                 ; c:/intelfpga_lite/23.1std/quartus/libraries/megafunctions/alt_ded_mult.inc        ;         ;
; alt_ded_mult_y.inc               ; yes             ; Megafunction                 ; c:/intelfpga_lite/23.1std/quartus/libraries/megafunctions/alt_ded_mult_y.inc      ;         ;
; dffpipe.inc                      ; yes             ; Megafunction                 ; c:/intelfpga_lite/23.1std/quartus/libraries/megafunctions/dffpipe.inc             ;         ;
; mpar_add.tdf                     ; yes             ; Megafunction                 ; c:/intelfpga_lite/23.1std/quartus/libraries/megafunctions/mpar_add.tdf            ;         ;
; lpm_add_sub.tdf                  ; yes             ; Megafunction                 ; c:/intelfpga_lite/23.1std/quartus/libraries/megafunctions/lpm_add_sub.tdf         ;         ;
; addcore.inc                      ; yes             ; Megafunction                 ; c:/intelfpga_lite/23.1std/quartus/libraries/megafunctions/addcore.inc             ;         ;
; look_add.inc                     ; yes             ; Megafunction                 ; c:/intelfpga_lite/23.1std/quartus/libraries/megafunctions/look_add.inc            ;         ;
; alt_stratix_add_sub.inc          ; yes             ; Megafunction                 ; c:/intelfpga_lite/23.1std/quartus/libraries/megafunctions/alt_stratix_add_sub.inc ;         ;
; db/add_sub_ckg.tdf               ; yes             ; Auto-Generated Megafunction  ; C:/Users/vitor/elec_num/projet_fft16/Quartus_combi/db/add_sub_ckg.tdf             ;         ;
; db/add_sub_1vg.tdf               ; yes             ; Auto-Generated Megafunction  ; C:/Users/vitor/elec_num/projet_fft16/Quartus_combi/db/add_sub_1vg.tdf             ;         ;
; altshift.tdf                     ; yes             ; Megafunction                 ; c:/intelfpga_lite/23.1std/quartus/libraries/megafunctions/altshift.tdf            ;         ;
; db/add_sub_bkg.tdf               ; yes             ; Auto-Generated Megafunction  ; C:/Users/vitor/elec_num/projet_fft16/Quartus_combi/db/add_sub_bkg.tdf             ;         ;
; db/add_sub_9vg.tdf               ; yes             ; Auto-Generated Megafunction  ; C:/Users/vitor/elec_num/projet_fft16/Quartus_combi/db/add_sub_9vg.tdf             ;         ;
+----------------------------------+-----------------+------------------------------+-----------------------------------------------------------------------------------+---------+


+---------------------------------------------------------+
; Analysis & Synthesis Resource Usage Summary             ;
+---------------------------------------------+-----------+
; Resource                                    ; Usage     ;
+---------------------------------------------+-----------+
; Estimated Total logic elements              ; 4,069     ;
;                                             ;           ;
; Total combinational functions               ; 3877      ;
; Logic element usage by number of LUT inputs ;           ;
;     -- 4 input functions                    ; 944       ;
;     -- 3 input functions                    ; 2151      ;
;     -- <=2 input functions                  ; 782       ;
;                                             ;           ;
; Logic elements by mode                      ;           ;
;     -- normal mode                          ; 1761      ;
;     -- arithmetic mode                      ; 2116      ;
;                                             ;           ;
; Total registers                             ; 300       ;
;     -- Dedicated logic registers            ; 300       ;
;     -- I/O registers                        ; 0         ;
;                                             ;           ;
; I/O pins                                    ; 301       ;
;                                             ;           ;
; Embedded Multiplier 9-bit elements          ; 32        ;
;                                             ;           ;
; Maximum fan-out node                        ; clk~input ;
; Maximum fan-out                             ; 300       ;
; Total fan-out                               ; 13070     ;
; Average fan-out                             ; 2.72      ;
+---------------------------------------------+-----------+


+---------------------------------------------------------------------------------------------------------------------------------------------------------------------------------------------------------------------------------------------------------------------------------------------------------------------------------------------------------------------------------------------------------------------------+
; Analysis & Synthesis Resource Utilization by Entity                                                                                                                                                                                                                                                                                                                                                                       ;
+------------------------------------------------------+---------------------+---------------------------+-------------+------------+--------------+---------+-----------+------+--------------+------------+-------------------------------------------------------------------------------------------------------------------------------------------------------------------------+----------------------+--------------+
; Compilation Hierarchy Node                           ; Combinational ALUTs ; Dedicated Logic Registers ; Memory Bits ; UFM Blocks ; DSP Elements ; DSP 9x9 ; DSP 18x18 ; Pins ; Virtual Pins ; ADC blocks ; Full Hierarchy Name                                                                                                                                                     ; Entity Name          ; Library Name ;
+------------------------------------------------------+---------------------+---------------------------+-------------+------------+--------------+---------+-----------+------+--------------+------------+-------------------------------------------------------------------------------------------------------------------------------------------------------------------------+----------------------+--------------+
; |fft16_sync                                          ; 3877 (101)          ; 300 (300)                 ; 0           ; 0          ; 32           ; 0       ; 16        ; 301  ; 0            ; 0          ; |fft16_sync                                                                                                                                                             ; fft16_sync           ; work         ;
;    |fft16:UUT|                                       ; 3776 (0)            ; 0 (0)                     ; 0           ; 0          ; 32           ; 0       ; 16        ; 0    ; 0            ; 0          ; |fft16_sync|fft16:UUT                                                                                                                                                   ; fft16                ; work         ;
;       |calc_pot:calc_Z0|                             ; 36 (35)             ; 0 (0)                     ; 0           ; 0          ; 2            ; 0       ; 1         ; 0    ; 0            ; 0          ; |fft16_sync|fft16:UUT|calc_pot:calc_Z0                                                                                                                                  ; calc_pot             ; work         ;
;          |lpm_mult:Mult0|                            ; 1 (0)               ; 0 (0)                     ; 0           ; 0          ; 2            ; 0       ; 1         ; 0    ; 0            ; 0          ; |fft16_sync|fft16:UUT|calc_pot:calc_Z0|lpm_mult:Mult0                                                                                                                   ; lpm_mult             ; work         ;
;             |mult_jgs:auto_generated|                ; 1 (1)               ; 0 (0)                     ; 0           ; 0          ; 2            ; 0       ; 1         ; 0    ; 0            ; 0          ; |fft16_sync|fft16:UUT|calc_pot:calc_Z0|lpm_mult:Mult0|mult_jgs:auto_generated                                                                                           ; mult_jgs             ; work         ;
;       |calc_pot:calc_Z1|                             ; 63 (63)             ; 0 (0)                     ; 0           ; 0          ; 4            ; 0       ; 2         ; 0    ; 0            ; 0          ; |fft16_sync|fft16:UUT|calc_pot:calc_Z1                                                                                                                                  ; calc_pot             ; work         ;
;          |lpm_mult:Mult0|                            ; 0 (0)               ; 0 (0)                     ; 0           ; 0          ; 2            ; 0       ; 1         ; 0    ; 0            ; 0          ; |fft16_sync|fft16:UUT|calc_pot:calc_Z1|lpm_mult:Mult0                                                                                                                   ; lpm_mult             ; work         ;
;             |mult_jgs:auto_generated|                ; 0 (0)               ; 0 (0)                     ; 0           ; 0          ; 2            ; 0       ; 1         ; 0    ; 0            ; 0          ; |fft16_sync|fft16:UUT|calc_pot:calc_Z1|lpm_mult:Mult0|mult_jgs:auto_generated                                                                                           ; mult_jgs             ; work         ;
;          |lpm_mult:Mult1|                            ; 0 (0)               ; 0 (0)                     ; 0           ; 0          ; 2            ; 0       ; 1         ; 0    ; 0            ; 0          ; |fft16_sync|fft16:UUT|calc_pot:calc_Z1|lpm_mult:Mult1                                                                                                                   ; lpm_mult             ; work         ;
;             |mult_jgs:auto_generated|                ; 0 (0)               ; 0 (0)                     ; 0           ; 0          ; 2            ; 0       ; 1         ; 0    ; 0            ; 0          ; |fft16_sync|fft16:UUT|calc_pot:calc_Z1|lpm_mult:Mult1|mult_jgs:auto_generated                                                                                           ; mult_jgs             ; work         ;
;       |calc_pot:calc_Z2|                             ; 63 (63)             ; 0 (0)                     ; 0           ; 0          ; 4            ; 0       ; 2         ; 0    ; 0            ; 0          ; |fft16_sync|fft16:UUT|calc_pot:calc_Z2                                                                                                                                  ; calc_pot             ; work         ;
;          |lpm_mult:Mult0|                            ; 0 (0)               ; 0 (0)                     ; 0           ; 0          ; 2            ; 0       ; 1         ; 0    ; 0            ; 0          ; |fft16_sync|fft16:UUT|calc_pot:calc_Z2|lpm_mult:Mult0                                                                                                                   ; lpm_mult             ; work         ;
;             |mult_jgs:auto_generated|                ; 0 (0)               ; 0 (0)                     ; 0           ; 0          ; 2            ; 0       ; 1         ; 0    ; 0            ; 0          ; |fft16_sync|fft16:UUT|calc_pot:calc_Z2|lpm_mult:Mult0|mult_jgs:auto_generated                                                                                           ; mult_jgs             ; work         ;
;          |lpm_mult:Mult1|                            ; 0 (0)               ; 0 (0)                     ; 0           ; 0          ; 2            ; 0       ; 1         ; 0    ; 0            ; 0          ; |fft16_sync|fft16:UUT|calc_pot:calc_Z2|lpm_mult:Mult1                                                                                                                   ; lpm_mult             ; work         ;
;             |mult_jgs:auto_generated|                ; 0 (0)               ; 0 (0)                     ; 0           ; 0          ; 2            ; 0       ; 1         ; 0    ; 0            ; 0          ; |fft16_sync|fft16:UUT|calc_pot:calc_Z2|lpm_mult:Mult1|mult_jgs:auto_generated                                                                                           ; mult_jgs             ; work         ;
;       |calc_pot:calc_Z3|                             ; 63 (63)             ; 0 (0)                     ; 0           ; 0          ; 4            ; 0       ; 2         ; 0    ; 0            ; 0          ; |fft16_sync|fft16:UUT|calc_pot:calc_Z3                                                                                                                                  ; calc_pot             ; work         ;
;          |lpm_mult:Mult0|                            ; 0 (0)               ; 0 (0)                     ; 0           ; 0          ; 2            ; 0       ; 1         ; 0    ; 0            ; 0          ; |fft16_sync|fft16:UUT|calc_pot:calc_Z3|lpm_mult:Mult0                                                                                                                   ; lpm_mult             ; work         ;
;             |mult_jgs:auto_generated|                ; 0 (0)               ; 0 (0)                     ; 0           ; 0          ; 2            ; 0       ; 1         ; 0    ; 0            ; 0          ; |fft16_sync|fft16:UUT|calc_pot:calc_Z3|lpm_mult:Mult0|mult_jgs:auto_generated                                                                                           ; mult_jgs             ; work         ;
;          |lpm_mult:Mult1|                            ; 0 (0)               ; 0 (0)                     ; 0           ; 0          ; 2            ; 0       ; 1         ; 0    ; 0            ; 0          ; |fft16_sync|fft16:UUT|calc_pot:calc_Z3|lpm_mult:Mult1                                                                                                                   ; lpm_mult             ; work         ;
;             |mult_jgs:auto_generated|                ; 0 (0)               ; 0 (0)                     ; 0           ; 0          ; 2            ; 0       ; 1         ; 0    ; 0            ; 0          ; |fft16_sync|fft16:UUT|calc_pot:calc_Z3|lpm_mult:Mult1|mult_jgs:auto_generated                                                                                           ; mult_jgs             ; work         ;
;       |calc_pot:calc_Z4|                             ; 63 (63)             ; 0 (0)                     ; 0           ; 0          ; 4            ; 0       ; 2         ; 0    ; 0            ; 0          ; |fft16_sync|fft16:UUT|calc_pot:calc_Z4                                                                                                                                  ; calc_pot             ; work         ;
;          |lpm_mult:Mult0|                            ; 0 (0)               ; 0 (0)                     ; 0           ; 0          ; 2            ; 0       ; 1         ; 0    ; 0            ; 0          ; |fft16_sync|fft16:UUT|calc_pot:calc_Z4|lpm_mult:Mult0                                                                                                                   ; lpm_mult             ; work         ;
;             |mult_jgs:auto_generated|                ; 0 (0)               ; 0 (0)                     ; 0           ; 0          ; 2            ; 0       ; 1         ; 0    ; 0            ; 0          ; |fft16_sync|fft16:UUT|calc_pot:calc_Z4|lpm_mult:Mult0|mult_jgs:auto_generated                                                                                           ; mult_jgs             ; work         ;
;          |lpm_mult:Mult1|                            ; 0 (0)               ; 0 (0)                     ; 0           ; 0          ; 2            ; 0       ; 1         ; 0    ; 0            ; 0          ; |fft16_sync|fft16:UUT|calc_pot:calc_Z4|lpm_mult:Mult1                                                                                                                   ; lpm_mult             ; work         ;
;             |mult_jgs:auto_generated|                ; 0 (0)               ; 0 (0)                     ; 0           ; 0          ; 2            ; 0       ; 1         ; 0    ; 0            ; 0          ; |fft16_sync|fft16:UUT|calc_pot:calc_Z4|lpm_mult:Mult1|mult_jgs:auto_generated                                                                                           ; mult_jgs             ; work         ;
;       |calc_pot:calc_Z5|                             ; 63 (63)             ; 0 (0)                     ; 0           ; 0          ; 4            ; 0       ; 2         ; 0    ; 0            ; 0          ; |fft16_sync|fft16:UUT|calc_pot:calc_Z5                                                                                                                                  ; calc_pot             ; work         ;
;          |lpm_mult:Mult0|                            ; 0 (0)               ; 0 (0)                     ; 0           ; 0          ; 2            ; 0       ; 1         ; 0    ; 0            ; 0          ; |fft16_sync|fft16:UUT|calc_pot:calc_Z5|lpm_mult:Mult0                                                                                                                   ; lpm_mult             ; work         ;
;             |mult_jgs:auto_generated|                ; 0 (0)               ; 0 (0)                     ; 0           ; 0          ; 2            ; 0       ; 1         ; 0    ; 0            ; 0          ; |fft16_sync|fft16:UUT|calc_pot:calc_Z5|lpm_mult:Mult0|mult_jgs:auto_generated                                                                                           ; mult_jgs             ; work         ;
;          |lpm_mult:Mult1|                            ; 0 (0)               ; 0 (0)                     ; 0           ; 0          ; 2            ; 0       ; 1         ; 0    ; 0            ; 0          ; |fft16_sync|fft16:UUT|calc_pot:calc_Z5|lpm_mult:Mult1                                                                                                                   ; lpm_mult             ; work         ;
;             |mult_jgs:auto_generated|                ; 0 (0)               ; 0 (0)                     ; 0           ; 0          ; 2            ; 0       ; 1         ; 0    ; 0            ; 0          ; |fft16_sync|fft16:UUT|calc_pot:calc_Z5|lpm_mult:Mult1|mult_jgs:auto_generated                                                                                           ; mult_jgs             ; work         ;
;       |calc_pot:calc_Z6|                             ; 63 (63)             ; 0 (0)                     ; 0           ; 0          ; 4            ; 0       ; 2         ; 0    ; 0            ; 0          ; |fft16_sync|fft16:UUT|calc_pot:calc_Z6                                                                                                                                  ; calc_pot             ; work         ;
;          |lpm_mult:Mult0|                            ; 0 (0)               ; 0 (0)                     ; 0           ; 0          ; 2            ; 0       ; 1         ; 0    ; 0            ; 0          ; |fft16_sync|fft16:UUT|calc_pot:calc_Z6|lpm_mult:Mult0                                                                                                                   ; lpm_mult             ; work         ;
;             |mult_jgs:auto_generated|                ; 0 (0)               ; 0 (0)                     ; 0           ; 0          ; 2            ; 0       ; 1         ; 0    ; 0            ; 0          ; |fft16_sync|fft16:UUT|calc_pot:calc_Z6|lpm_mult:Mult0|mult_jgs:auto_generated                                                                                           ; mult_jgs             ; work         ;
;          |lpm_mult:Mult1|                            ; 0 (0)               ; 0 (0)                     ; 0           ; 0          ; 2            ; 0       ; 1         ; 0    ; 0            ; 0          ; |fft16_sync|fft16:UUT|calc_pot:calc_Z6|lpm_mult:Mult1                                                                                                                   ; lpm_mult             ; work         ;
;             |mult_jgs:auto_generated|                ; 0 (0)               ; 0 (0)                     ; 0           ; 0          ; 2            ; 0       ; 1         ; 0    ; 0            ; 0          ; |fft16_sync|fft16:UUT|calc_pot:calc_Z6|lpm_mult:Mult1|mult_jgs:auto_generated                                                                                           ; mult_jgs             ; work         ;
;       |calc_pot:calc_Z7|                             ; 63 (63)             ; 0 (0)                     ; 0           ; 0          ; 4            ; 0       ; 2         ; 0    ; 0            ; 0          ; |fft16_sync|fft16:UUT|calc_pot:calc_Z7                                                                                                                                  ; calc_pot             ; work         ;
;          |lpm_mult:Mult0|                            ; 0 (0)               ; 0 (0)                     ; 0           ; 0          ; 2            ; 0       ; 1         ; 0    ; 0            ; 0          ; |fft16_sync|fft16:UUT|calc_pot:calc_Z7|lpm_mult:Mult0                                                                                                                   ; lpm_mult             ; work         ;
;             |mult_jgs:auto_generated|                ; 0 (0)               ; 0 (0)                     ; 0           ; 0          ; 2            ; 0       ; 1         ; 0    ; 0            ; 0          ; |fft16_sync|fft16:UUT|calc_pot:calc_Z7|lpm_mult:Mult0|mult_jgs:auto_generated                                                                                           ; mult_jgs             ; work         ;
;          |lpm_mult:Mult1|                            ; 0 (0)               ; 0 (0)                     ; 0           ; 0          ; 2            ; 0       ; 1         ; 0    ; 0            ; 0          ; |fft16_sync|fft16:UUT|calc_pot:calc_Z7|lpm_mult:Mult1                                                                                                                   ; lpm_mult             ; work         ;
;             |mult_jgs:auto_generated|                ; 0 (0)               ; 0 (0)                     ; 0           ; 0          ; 2            ; 0       ; 1         ; 0    ; 0            ; 0          ; |fft16_sync|fft16:UUT|calc_pot:calc_Z7|lpm_mult:Mult1|mult_jgs:auto_generated                                                                                           ; mult_jgs             ; work         ;
;       |calc_pot:calc_Z8|                             ; 36 (35)             ; 0 (0)                     ; 0           ; 0          ; 2            ; 0       ; 1         ; 0    ; 0            ; 0          ; |fft16_sync|fft16:UUT|calc_pot:calc_Z8                                                                                                                                  ; calc_pot             ; work         ;
;          |lpm_mult:Mult0|                            ; 1 (0)               ; 0 (0)                     ; 0           ; 0          ; 2            ; 0       ; 1         ; 0    ; 0            ; 0          ; |fft16_sync|fft16:UUT|calc_pot:calc_Z8|lpm_mult:Mult0                                                                                                                   ; lpm_mult             ; work         ;
;             |mult_jgs:auto_generated|                ; 1 (1)               ; 0 (0)                     ; 0           ; 0          ; 2            ; 0       ; 1         ; 0    ; 0            ; 0          ; |fft16_sync|fft16:UUT|calc_pot:calc_Z8|lpm_mult:Mult0|mult_jgs:auto_generated                                                                                           ; mult_jgs             ; work         ;
;       |complex_mult_twiddle:UUT10|                   ; 358 (158)           ; 0 (0)                     ; 0           ; 0          ; 0            ; 0       ; 0         ; 0    ; 0            ; 0          ; |fft16_sync|fft16:UUT|complex_mult_twiddle:UUT10                                                                                                                        ; complex_mult_twiddle ; work         ;
;          |lpm_mult:Mult0|                            ; 46 (0)              ; 0 (0)                     ; 0           ; 0          ; 0            ; 0       ; 0         ; 0    ; 0            ; 0          ; |fft16_sync|fft16:UUT|complex_mult_twiddle:UUT10|lpm_mult:Mult0                                                                                                         ; lpm_mult             ; work         ;
;             |multcore:mult_core|                     ; 46 (21)             ; 0 (0)                     ; 0           ; 0          ; 0            ; 0       ; 0         ; 0    ; 0            ; 0          ; |fft16_sync|fft16:UUT|complex_mult_twiddle:UUT10|lpm_mult:Mult0|multcore:mult_core                                                                                      ; multcore             ; work         ;
;                |mpar_add:padder|                     ; 25 (0)              ; 0 (0)                     ; 0           ; 0          ; 0            ; 0       ; 0         ; 0    ; 0            ; 0          ; |fft16_sync|fft16:UUT|complex_mult_twiddle:UUT10|lpm_mult:Mult0|multcore:mult_core|mpar_add:padder                                                                      ; mpar_add             ; work         ;
;                   |lpm_add_sub:adder[0]|             ; 13 (0)              ; 0 (0)                     ; 0           ; 0          ; 0            ; 0       ; 0         ; 0    ; 0            ; 0          ; |fft16_sync|fft16:UUT|complex_mult_twiddle:UUT10|lpm_mult:Mult0|multcore:mult_core|mpar_add:padder|lpm_add_sub:adder[0]                                                 ; lpm_add_sub          ; work         ;
;                      |add_sub_ckg:auto_generated|    ; 13 (13)             ; 0 (0)                     ; 0           ; 0          ; 0            ; 0       ; 0         ; 0    ; 0            ; 0          ; |fft16_sync|fft16:UUT|complex_mult_twiddle:UUT10|lpm_mult:Mult0|multcore:mult_core|mpar_add:padder|lpm_add_sub:adder[0]|add_sub_ckg:auto_generated                      ; add_sub_ckg          ; work         ;
;                   |mpar_add:sub_par_add|             ; 12 (0)              ; 0 (0)                     ; 0           ; 0          ; 0            ; 0       ; 0         ; 0    ; 0            ; 0          ; |fft16_sync|fft16:UUT|complex_mult_twiddle:UUT10|lpm_mult:Mult0|multcore:mult_core|mpar_add:padder|mpar_add:sub_par_add                                                 ; mpar_add             ; work         ;
;                      |lpm_add_sub:adder[0]|          ; 12 (0)              ; 0 (0)                     ; 0           ; 0          ; 0            ; 0       ; 0         ; 0    ; 0            ; 0          ; |fft16_sync|fft16:UUT|complex_mult_twiddle:UUT10|lpm_mult:Mult0|multcore:mult_core|mpar_add:padder|mpar_add:sub_par_add|lpm_add_sub:adder[0]                            ; lpm_add_sub          ; work         ;
;                         |add_sub_1vg:auto_generated| ; 12 (12)             ; 0 (0)                     ; 0           ; 0          ; 0            ; 0       ; 0         ; 0    ; 0            ; 0          ; |fft16_sync|fft16:UUT|complex_mult_twiddle:UUT10|lpm_mult:Mult0|multcore:mult_core|mpar_add:padder|mpar_add:sub_par_add|lpm_add_sub:adder[0]|add_sub_1vg:auto_generated ; add_sub_1vg          ; work         ;
;          |lpm_mult:Mult1|                            ; 41 (0)              ; 0 (0)                     ; 0           ; 0          ; 0            ; 0       ; 0         ; 0    ; 0            ; 0          ; |fft16_sync|fft16:UUT|complex_mult_twiddle:UUT10|lpm_mult:Mult1                                                                                                         ; lpm_mult             ; work         ;
;             |multcore:mult_core|                     ; 41 (16)             ; 0 (0)                     ; 0           ; 0          ; 0            ; 0       ; 0         ; 0    ; 0            ; 0          ; |fft16_sync|fft16:UUT|complex_mult_twiddle:UUT10|lpm_mult:Mult1|multcore:mult_core                                                                                      ; multcore             ; work         ;
;                |mpar_add:padder|                     ; 25 (0)              ; 0 (0)                     ; 0           ; 0          ; 0            ; 0       ; 0         ; 0    ; 0            ; 0          ; |fft16_sync|fft16:UUT|complex_mult_twiddle:UUT10|lpm_mult:Mult1|multcore:mult_core|mpar_add:padder                                                                      ; mpar_add             ; work         ;
;                   |lpm_add_sub:adder[0]|             ; 13 (0)              ; 0 (0)                     ; 0           ; 0          ; 0            ; 0       ; 0         ; 0    ; 0            ; 0          ; |fft16_sync|fft16:UUT|complex_mult_twiddle:UUT10|lpm_mult:Mult1|multcore:mult_core|mpar_add:padder|lpm_add_sub:adder[0]                                                 ; lpm_add_sub          ; work         ;
;                      |add_sub_ckg:auto_generated|    ; 13 (13)             ; 0 (0)                     ; 0           ; 0          ; 0            ; 0       ; 0         ; 0    ; 0            ; 0          ; |fft16_sync|fft16:UUT|complex_mult_twiddle:UUT10|lpm_mult:Mult1|multcore:mult_core|mpar_add:padder|lpm_add_sub:adder[0]|add_sub_ckg:auto_generated                      ; add_sub_ckg          ; work         ;
;                   |mpar_add:sub_par_add|             ; 12 (0)              ; 0 (0)                     ; 0           ; 0          ; 0            ; 0       ; 0         ; 0    ; 0            ; 0          ; |fft16_sync|fft16:UUT|complex_mult_twiddle:UUT10|lpm_mult:Mult1|multcore:mult_core|mpar_add:padder|mpar_add:sub_par_add                                                 ; mpar_add             ; work         ;
;                      |lpm_add_sub:adder[0]|          ; 12 (0)              ; 0 (0)                     ; 0           ; 0          ; 0            ; 0       ; 0         ; 0    ; 0            ; 0          ; |fft16_sync|fft16:UUT|complex_mult_twiddle:UUT10|lpm_mult:Mult1|multcore:mult_core|mpar_add:padder|mpar_add:sub_par_add|lpm_add_sub:adder[0]                            ; lpm_add_sub          ; work         ;
;                         |add_sub_1vg:auto_generated| ; 12 (12)             ; 0 (0)                     ; 0           ; 0          ; 0            ; 0       ; 0         ; 0    ; 0            ; 0          ; |fft16_sync|fft16:UUT|complex_mult_twiddle:UUT10|lpm_mult:Mult1|multcore:mult_core|mpar_add:padder|mpar_add:sub_par_add|lpm_add_sub:adder[0]|add_sub_1vg:auto_generated ; add_sub_1vg          ; work         ;
;          |lpm_mult:Mult2|                            ; 59 (0)              ; 0 (0)                     ; 0           ; 0          ; 0            ; 0       ; 0         ; 0    ; 0            ; 0          ; |fft16_sync|fft16:UUT|complex_mult_twiddle:UUT10|lpm_mult:Mult2                                                                                                         ; lpm_mult             ; work         ;
;             |multcore:mult_core|                     ; 59 (34)             ; 0 (0)                     ; 0           ; 0          ; 0            ; 0       ; 0         ; 0    ; 0            ; 0          ; |fft16_sync|fft16:UUT|complex_mult_twiddle:UUT10|lpm_mult:Mult2|multcore:mult_core                                                                                      ; multcore             ; work         ;
;                |mpar_add:padder|                     ; 25 (0)              ; 0 (0)                     ; 0           ; 0          ; 0            ; 0       ; 0         ; 0    ; 0            ; 0          ; |fft16_sync|fft16:UUT|complex_mult_twiddle:UUT10|lpm_mult:Mult2|multcore:mult_core|mpar_add:padder                                                                      ; mpar_add             ; work         ;
;                   |lpm_add_sub:adder[0]|             ; 13 (0)              ; 0 (0)                     ; 0           ; 0          ; 0            ; 0       ; 0         ; 0    ; 0            ; 0          ; |fft16_sync|fft16:UUT|complex_mult_twiddle:UUT10|lpm_mult:Mult2|multcore:mult_core|mpar_add:padder|lpm_add_sub:adder[0]                                                 ; lpm_add_sub          ; work         ;
;                      |add_sub_ckg:auto_generated|    ; 13 (13)             ; 0 (0)                     ; 0           ; 0          ; 0            ; 0       ; 0         ; 0    ; 0            ; 0          ; |fft16_sync|fft16:UUT|complex_mult_twiddle:UUT10|lpm_mult:Mult2|multcore:mult_core|mpar_add:padder|lpm_add_sub:adder[0]|add_sub_ckg:auto_generated                      ; add_sub_ckg          ; work         ;
;                   |mpar_add:sub_par_add|             ; 12 (0)              ; 0 (0)                     ; 0           ; 0          ; 0            ; 0       ; 0         ; 0    ; 0            ; 0          ; |fft16_sync|fft16:UUT|complex_mult_twiddle:UUT10|lpm_mult:Mult2|multcore:mult_core|mpar_add:padder|mpar_add:sub_par_add                                                 ; mpar_add             ; work         ;
;                      |lpm_add_sub:adder[0]|          ; 12 (0)              ; 0 (0)                     ; 0           ; 0          ; 0            ; 0       ; 0         ; 0    ; 0            ; 0          ; |fft16_sync|fft16:UUT|complex_mult_twiddle:UUT10|lpm_mult:Mult2|multcore:mult_core|mpar_add:padder|mpar_add:sub_par_add|lpm_add_sub:adder[0]                            ; lpm_add_sub          ; work         ;
;                         |add_sub_1vg:auto_generated| ; 12 (12)             ; 0 (0)                     ; 0           ; 0          ; 0            ; 0       ; 0         ; 0    ; 0            ; 0          ; |fft16_sync|fft16:UUT|complex_mult_twiddle:UUT10|lpm_mult:Mult2|multcore:mult_core|mpar_add:padder|mpar_add:sub_par_add|lpm_add_sub:adder[0]|add_sub_1vg:auto_generated ; add_sub_1vg          ; work         ;
;          |lpm_mult:Mult3|                            ; 54 (0)              ; 0 (0)                     ; 0           ; 0          ; 0            ; 0       ; 0         ; 0    ; 0            ; 0          ; |fft16_sync|fft16:UUT|complex_mult_twiddle:UUT10|lpm_mult:Mult3                                                                                                         ; lpm_mult             ; work         ;
;             |multcore:mult_core|                     ; 54 (29)             ; 0 (0)                     ; 0           ; 0          ; 0            ; 0       ; 0         ; 0    ; 0            ; 0          ; |fft16_sync|fft16:UUT|complex_mult_twiddle:UUT10|lpm_mult:Mult3|multcore:mult_core                                                                                      ; multcore             ; work         ;
;                |mpar_add:padder|                     ; 25 (0)              ; 0 (0)                     ; 0           ; 0          ; 0            ; 0       ; 0         ; 0    ; 0            ; 0          ; |fft16_sync|fft16:UUT|complex_mult_twiddle:UUT10|lpm_mult:Mult3|multcore:mult_core|mpar_add:padder                                                                      ; mpar_add             ; work         ;
;                   |lpm_add_sub:adder[0]|             ; 13 (0)              ; 0 (0)                     ; 0           ; 0          ; 0            ; 0       ; 0         ; 0    ; 0            ; 0          ; |fft16_sync|fft16:UUT|complex_mult_twiddle:UUT10|lpm_mult:Mult3|multcore:mult_core|mpar_add:padder|lpm_add_sub:adder[0]                                                 ; lpm_add_sub          ; work         ;
;                      |add_sub_ckg:auto_generated|    ; 13 (13)             ; 0 (0)                     ; 0           ; 0          ; 0            ; 0       ; 0         ; 0    ; 0            ; 0          ; |fft16_sync|fft16:UUT|complex_mult_twiddle:UUT10|lpm_mult:Mult3|multcore:mult_core|mpar_add:padder|lpm_add_sub:adder[0]|add_sub_ckg:auto_generated                      ; add_sub_ckg          ; work         ;
;                   |mpar_add:sub_par_add|             ; 12 (0)              ; 0 (0)                     ; 0           ; 0          ; 0            ; 0       ; 0         ; 0    ; 0            ; 0          ; |fft16_sync|fft16:UUT|complex_mult_twiddle:UUT10|lpm_mult:Mult3|multcore:mult_core|mpar_add:padder|mpar_add:sub_par_add                                                 ; mpar_add             ; work         ;
;                      |lpm_add_sub:adder[0]|          ; 12 (0)              ; 0 (0)                     ; 0           ; 0          ; 0            ; 0       ; 0         ; 0    ; 0            ; 0          ; |fft16_sync|fft16:UUT|complex_mult_twiddle:UUT10|lpm_mult:Mult3|multcore:mult_core|mpar_add:padder|mpar_add:sub_par_add|lpm_add_sub:adder[0]                            ; lpm_add_sub          ; work         ;
;                         |add_sub_1vg:auto_generated| ; 12 (12)             ; 0 (0)                     ; 0           ; 0          ; 0            ; 0       ; 0         ; 0    ; 0            ; 0          ; |fft16_sync|fft16:UUT|complex_mult_twiddle:UUT10|lpm_mult:Mult3|multcore:mult_core|mpar_add:padder|mpar_add:sub_par_add|lpm_add_sub:adder[0]|add_sub_1vg:auto_generated ; add_sub_1vg          ; work         ;
;       |complex_mult_twiddle:UUT11|                   ; 325 (159)           ; 0 (0)                     ; 0           ; 0          ; 0            ; 0       ; 0         ; 0    ; 0            ; 0          ; |fft16_sync|fft16:UUT|complex_mult_twiddle:UUT11                                                                                                                        ; complex_mult_twiddle ; work         ;
;          |lpm_mult:Mult0|                            ; 29 (0)              ; 0 (0)                     ; 0           ; 0          ; 0            ; 0       ; 0         ; 0    ; 0            ; 0          ; |fft16_sync|fft16:UUT|complex_mult_twiddle:UUT11|lpm_mult:Mult0                                                                                                         ; lpm_mult             ; work         ;
;             |multcore:mult_core|                     ; 29 (8)              ; 0 (0)                     ; 0           ; 0          ; 0            ; 0       ; 0         ; 0    ; 0            ; 0          ; |fft16_sync|fft16:UUT|complex_mult_twiddle:UUT11|lpm_mult:Mult0|multcore:mult_core                                                                                      ; multcore             ; work         ;
;                |mpar_add:padder|                     ; 21 (0)              ; 0 (0)                     ; 0           ; 0          ; 0            ; 0       ; 0         ; 0    ; 0            ; 0          ; |fft16_sync|fft16:UUT|complex_mult_twiddle:UUT11|lpm_mult:Mult0|multcore:mult_core|mpar_add:padder                                                                      ; mpar_add             ; work         ;
;                   |lpm_add_sub:adder[0]|             ; 11 (0)              ; 0 (0)                     ; 0           ; 0          ; 0            ; 0       ; 0         ; 0    ; 0            ; 0          ; |fft16_sync|fft16:UUT|complex_mult_twiddle:UUT11|lpm_mult:Mult0|multcore:mult_core|mpar_add:padder|lpm_add_sub:adder[0]                                                 ; lpm_add_sub          ; work         ;
;                      |add_sub_bkg:auto_generated|    ; 11 (11)             ; 0 (0)                     ; 0           ; 0          ; 0            ; 0       ; 0         ; 0    ; 0            ; 0          ; |fft16_sync|fft16:UUT|complex_mult_twiddle:UUT11|lpm_mult:Mult0|multcore:mult_core|mpar_add:padder|lpm_add_sub:adder[0]|add_sub_bkg:auto_generated                      ; add_sub_bkg          ; work         ;
;                   |mpar_add:sub_par_add|             ; 10 (0)              ; 0 (0)                     ; 0           ; 0          ; 0            ; 0       ; 0         ; 0    ; 0            ; 0          ; |fft16_sync|fft16:UUT|complex_mult_twiddle:UUT11|lpm_mult:Mult0|multcore:mult_core|mpar_add:padder|mpar_add:sub_par_add                                                 ; mpar_add             ; work         ;
;                      |lpm_add_sub:adder[0]|          ; 10 (0)              ; 0 (0)                     ; 0           ; 0          ; 0            ; 0       ; 0         ; 0    ; 0            ; 0          ; |fft16_sync|fft16:UUT|complex_mult_twiddle:UUT11|lpm_mult:Mult0|multcore:mult_core|mpar_add:padder|mpar_add:sub_par_add|lpm_add_sub:adder[0]                            ; lpm_add_sub          ; work         ;
;                         |add_sub_9vg:auto_generated| ; 10 (10)             ; 0 (0)                     ; 0           ; 0          ; 0            ; 0       ; 0         ; 0    ; 0            ; 0          ; |fft16_sync|fft16:UUT|complex_mult_twiddle:UUT11|lpm_mult:Mult0|multcore:mult_core|mpar_add:padder|mpar_add:sub_par_add|lpm_add_sub:adder[0]|add_sub_9vg:auto_generated ; add_sub_9vg          ; work         ;
;          |lpm_mult:Mult1|                            ; 57 (0)              ; 0 (0)                     ; 0           ; 0          ; 0            ; 0       ; 0         ; 0    ; 0            ; 0          ; |fft16_sync|fft16:UUT|complex_mult_twiddle:UUT11|lpm_mult:Mult1                                                                                                         ; lpm_mult             ; work         ;
;             |multcore:mult_core|                     ; 57 (29)             ; 0 (0)                     ; 0           ; 0          ; 0            ; 0       ; 0         ; 0    ; 0            ; 0          ; |fft16_sync|fft16:UUT|complex_mult_twiddle:UUT11|lpm_mult:Mult1|multcore:mult_core                                                                                      ; multcore             ; work         ;
;                |mpar_add:padder|                     ; 28 (0)              ; 0 (0)                     ; 0           ; 0          ; 0            ; 0       ; 0         ; 0    ; 0            ; 0          ; |fft16_sync|fft16:UUT|complex_mult_twiddle:UUT11|lpm_mult:Mult1|multcore:mult_core|mpar_add:padder                                                                      ; mpar_add             ; work         ;
;                   |lpm_add_sub:adder[0]|             ; 14 (0)              ; 0 (0)                     ; 0           ; 0          ; 0            ; 0       ; 0         ; 0    ; 0            ; 0          ; |fft16_sync|fft16:UUT|complex_mult_twiddle:UUT11|lpm_mult:Mult1|multcore:mult_core|mpar_add:padder|lpm_add_sub:adder[0]                                                 ; lpm_add_sub          ; work         ;
;                      |add_sub_ckg:auto_generated|    ; 14 (14)             ; 0 (0)                     ; 0           ; 0          ; 0            ; 0       ; 0         ; 0    ; 0            ; 0          ; |fft16_sync|fft16:UUT|complex_mult_twiddle:UUT11|lpm_mult:Mult1|multcore:mult_core|mpar_add:padder|lpm_add_sub:adder[0]|add_sub_ckg:auto_generated                      ; add_sub_ckg          ; work         ;
;                   |mpar_add:sub_par_add|             ; 14 (0)              ; 0 (0)                     ; 0           ; 0          ; 0            ; 0       ; 0         ; 0    ; 0            ; 0          ; |fft16_sync|fft16:UUT|complex_mult_twiddle:UUT11|lpm_mult:Mult1|multcore:mult_core|mpar_add:padder|mpar_add:sub_par_add                                                 ; mpar_add             ; work         ;
;                      |lpm_add_sub:adder[0]|          ; 14 (0)              ; 0 (0)                     ; 0           ; 0          ; 0            ; 0       ; 0         ; 0    ; 0            ; 0          ; |fft16_sync|fft16:UUT|complex_mult_twiddle:UUT11|lpm_mult:Mult1|multcore:mult_core|mpar_add:padder|mpar_add:sub_par_add|lpm_add_sub:adder[0]                            ; lpm_add_sub          ; work         ;
;                         |add_sub_1vg:auto_generated| ; 14 (14)             ; 0 (0)                     ; 0           ; 0          ; 0            ; 0       ; 0         ; 0    ; 0            ; 0          ; |fft16_sync|fft16:UUT|complex_mult_twiddle:UUT11|lpm_mult:Mult1|multcore:mult_core|mpar_add:padder|mpar_add:sub_par_add|lpm_add_sub:adder[0]|add_sub_1vg:auto_generated ; add_sub_1vg          ; work         ;
;          |lpm_mult:Mult2|                            ; 34 (0)              ; 0 (0)                     ; 0           ; 0          ; 0            ; 0       ; 0         ; 0    ; 0            ; 0          ; |fft16_sync|fft16:UUT|complex_mult_twiddle:UUT11|lpm_mult:Mult2                                                                                                         ; lpm_mult             ; work         ;
;             |multcore:mult_core|                     ; 34 (12)             ; 0 (0)                     ; 0           ; 0          ; 0            ; 0       ; 0         ; 0    ; 0            ; 0          ; |fft16_sync|fft16:UUT|complex_mult_twiddle:UUT11|lpm_mult:Mult2|multcore:mult_core                                                                                      ; multcore             ; work         ;
;                |mpar_add:padder|                     ; 22 (0)              ; 0 (0)                     ; 0           ; 0          ; 0            ; 0       ; 0         ; 0    ; 0            ; 0          ; |fft16_sync|fft16:UUT|complex_mult_twiddle:UUT11|lpm_mult:Mult2|multcore:mult_core|mpar_add:padder                                                                      ; mpar_add             ; work         ;
;                   |lpm_add_sub:adder[0]|             ; 11 (0)              ; 0 (0)                     ; 0           ; 0          ; 0            ; 0       ; 0         ; 0    ; 0            ; 0          ; |fft16_sync|fft16:UUT|complex_mult_twiddle:UUT11|lpm_mult:Mult2|multcore:mult_core|mpar_add:padder|lpm_add_sub:adder[0]                                                 ; lpm_add_sub          ; work         ;
;                      |add_sub_bkg:auto_generated|    ; 11 (11)             ; 0 (0)                     ; 0           ; 0          ; 0            ; 0       ; 0         ; 0    ; 0            ; 0          ; |fft16_sync|fft16:UUT|complex_mult_twiddle:UUT11|lpm_mult:Mult2|multcore:mult_core|mpar_add:padder|lpm_add_sub:adder[0]|add_sub_bkg:auto_generated                      ; add_sub_bkg          ; work         ;
;                   |mpar_add:sub_par_add|             ; 11 (0)              ; 0 (0)                     ; 0           ; 0          ; 0            ; 0       ; 0         ; 0    ; 0            ; 0          ; |fft16_sync|fft16:UUT|complex_mult_twiddle:UUT11|lpm_mult:Mult2|multcore:mult_core|mpar_add:padder|mpar_add:sub_par_add                                                 ; mpar_add             ; work         ;
;                      |lpm_add_sub:adder[0]|          ; 11 (0)              ; 0 (0)                     ; 0           ; 0          ; 0            ; 0       ; 0         ; 0    ; 0            ; 0          ; |fft16_sync|fft16:UUT|complex_mult_twiddle:UUT11|lpm_mult:Mult2|multcore:mult_core|mpar_add:padder|mpar_add:sub_par_add|lpm_add_sub:adder[0]                            ; lpm_add_sub          ; work         ;
;                         |add_sub_9vg:auto_generated| ; 11 (11)             ; 0 (0)                     ; 0           ; 0          ; 0            ; 0       ; 0         ; 0    ; 0            ; 0          ; |fft16_sync|fft16:UUT|complex_mult_twiddle:UUT11|lpm_mult:Mult2|multcore:mult_core|mpar_add:padder|mpar_add:sub_par_add|lpm_add_sub:adder[0]|add_sub_9vg:auto_generated ; add_sub_9vg          ; work         ;
;          |lpm_mult:Mult3|                            ; 46 (0)              ; 0 (0)                     ; 0           ; 0          ; 0            ; 0       ; 0         ; 0    ; 0            ; 0          ; |fft16_sync|fft16:UUT|complex_mult_twiddle:UUT11|lpm_mult:Mult3                                                                                                         ; lpm_mult             ; work         ;
;             |multcore:mult_core|                     ; 46 (19)             ; 0 (0)                     ; 0           ; 0          ; 0            ; 0       ; 0         ; 0    ; 0            ; 0          ; |fft16_sync|fft16:UUT|complex_mult_twiddle:UUT11|lpm_mult:Mult3|multcore:mult_core                                                                                      ; multcore             ; work         ;
;                |mpar_add:padder|                     ; 27 (0)              ; 0 (0)                     ; 0           ; 0          ; 0            ; 0       ; 0         ; 0    ; 0            ; 0          ; |fft16_sync|fft16:UUT|complex_mult_twiddle:UUT11|lpm_mult:Mult3|multcore:mult_core|mpar_add:padder                                                                      ; mpar_add             ; work         ;
;                   |lpm_add_sub:adder[0]|             ; 14 (0)              ; 0 (0)                     ; 0           ; 0          ; 0            ; 0       ; 0         ; 0    ; 0            ; 0          ; |fft16_sync|fft16:UUT|complex_mult_twiddle:UUT11|lpm_mult:Mult3|multcore:mult_core|mpar_add:padder|lpm_add_sub:adder[0]                                                 ; lpm_add_sub          ; work         ;
;                      |add_sub_ckg:auto_generated|    ; 14 (14)             ; 0 (0)                     ; 0           ; 0          ; 0            ; 0       ; 0         ; 0    ; 0            ; 0          ; |fft16_sync|fft16:UUT|complex_mult_twiddle:UUT11|lpm_mult:Mult3|multcore:mult_core|mpar_add:padder|lpm_add_sub:adder[0]|add_sub_ckg:auto_generated                      ; add_sub_ckg          ; work         ;
;                   |mpar_add:sub_par_add|             ; 13 (0)              ; 0 (0)                     ; 0           ; 0          ; 0            ; 0       ; 0         ; 0    ; 0            ; 0          ; |fft16_sync|fft16:UUT|complex_mult_twiddle:UUT11|lpm_mult:Mult3|multcore:mult_core|mpar_add:padder|mpar_add:sub_par_add                                                 ; mpar_add             ; work         ;
;                      |lpm_add_sub:adder[0]|          ; 13 (0)              ; 0 (0)                     ; 0           ; 0          ; 0            ; 0       ; 0         ; 0    ; 0            ; 0          ; |fft16_sync|fft16:UUT|complex_mult_twiddle:UUT11|lpm_mult:Mult3|multcore:mult_core|mpar_add:padder|mpar_add:sub_par_add|lpm_add_sub:adder[0]                            ; lpm_add_sub          ; work         ;
;                         |add_sub_1vg:auto_generated| ; 13 (13)             ; 0 (0)                     ; 0           ; 0          ; 0            ; 0       ; 0         ; 0    ; 0            ; 0          ; |fft16_sync|fft16:UUT|complex_mult_twiddle:UUT11|lpm_mult:Mult3|multcore:mult_core|mpar_add:padder|mpar_add:sub_par_add|lpm_add_sub:adder[0]|add_sub_1vg:auto_generated ; add_sub_1vg          ; work         ;
;       |complex_mult_twiddle:UUT12|                   ; 244 (139)           ; 0 (0)                     ; 0           ; 0          ; 0            ; 0       ; 0         ; 0    ; 0            ; 0          ; |fft16_sync|fft16:UUT|complex_mult_twiddle:UUT12                                                                                                                        ; complex_mult_twiddle ; work         ;
;          |lpm_mult:Mult0|                            ; 59 (0)              ; 0 (0)                     ; 0           ; 0          ; 0            ; 0       ; 0         ; 0    ; 0            ; 0          ; |fft16_sync|fft16:UUT|complex_mult_twiddle:UUT12|lpm_mult:Mult0                                                                                                         ; lpm_mult             ; work         ;
;             |multcore:mult_core|                     ; 59 (33)             ; 0 (0)                     ; 0           ; 0          ; 0            ; 0       ; 0         ; 0    ; 0            ; 0          ; |fft16_sync|fft16:UUT|complex_mult_twiddle:UUT12|lpm_mult:Mult0|multcore:mult_core                                                                                      ; multcore             ; work         ;
;                |mpar_add:padder|                     ; 26 (0)              ; 0 (0)                     ; 0           ; 0          ; 0            ; 0       ; 0         ; 0    ; 0            ; 0          ; |fft16_sync|fft16:UUT|complex_mult_twiddle:UUT12|lpm_mult:Mult0|multcore:mult_core|mpar_add:padder                                                                      ; mpar_add             ; work         ;
;                   |lpm_add_sub:adder[0]|             ; 13 (0)              ; 0 (0)                     ; 0           ; 0          ; 0            ; 0       ; 0         ; 0    ; 0            ; 0          ; |fft16_sync|fft16:UUT|complex_mult_twiddle:UUT12|lpm_mult:Mult0|multcore:mult_core|mpar_add:padder|lpm_add_sub:adder[0]                                                 ; lpm_add_sub          ; work         ;
;                      |add_sub_ckg:auto_generated|    ; 13 (13)             ; 0 (0)                     ; 0           ; 0          ; 0            ; 0       ; 0         ; 0    ; 0            ; 0          ; |fft16_sync|fft16:UUT|complex_mult_twiddle:UUT12|lpm_mult:Mult0|multcore:mult_core|mpar_add:padder|lpm_add_sub:adder[0]|add_sub_ckg:auto_generated                      ; add_sub_ckg          ; work         ;
;                   |mpar_add:sub_par_add|             ; 13 (0)              ; 0 (0)                     ; 0           ; 0          ; 0            ; 0       ; 0         ; 0    ; 0            ; 0          ; |fft16_sync|fft16:UUT|complex_mult_twiddle:UUT12|lpm_mult:Mult0|multcore:mult_core|mpar_add:padder|mpar_add:sub_par_add                                                 ; mpar_add             ; work         ;
;                      |lpm_add_sub:adder[0]|          ; 13 (0)              ; 0 (0)                     ; 0           ; 0          ; 0            ; 0       ; 0         ; 0    ; 0            ; 0          ; |fft16_sync|fft16:UUT|complex_mult_twiddle:UUT12|lpm_mult:Mult0|multcore:mult_core|mpar_add:padder|mpar_add:sub_par_add|lpm_add_sub:adder[0]                            ; lpm_add_sub          ; work         ;
;                         |add_sub_1vg:auto_generated| ; 13 (13)             ; 0 (0)                     ; 0           ; 0          ; 0            ; 0       ; 0         ; 0    ; 0            ; 0          ; |fft16_sync|fft16:UUT|complex_mult_twiddle:UUT12|lpm_mult:Mult0|multcore:mult_core|mpar_add:padder|mpar_add:sub_par_add|lpm_add_sub:adder[0]|add_sub_1vg:auto_generated ; add_sub_1vg          ; work         ;
;          |lpm_mult:Mult3|                            ; 46 (0)              ; 0 (0)                     ; 0           ; 0          ; 0            ; 0       ; 0         ; 0    ; 0            ; 0          ; |fft16_sync|fft16:UUT|complex_mult_twiddle:UUT12|lpm_mult:Mult3                                                                                                         ; lpm_mult             ; work         ;
;             |multcore:mult_core|                     ; 46 (20)             ; 0 (0)                     ; 0           ; 0          ; 0            ; 0       ; 0         ; 0    ; 0            ; 0          ; |fft16_sync|fft16:UUT|complex_mult_twiddle:UUT12|lpm_mult:Mult3|multcore:mult_core                                                                                      ; multcore             ; work         ;
;                |mpar_add:padder|                     ; 26 (0)              ; 0 (0)                     ; 0           ; 0          ; 0            ; 0       ; 0         ; 0    ; 0            ; 0          ; |fft16_sync|fft16:UUT|complex_mult_twiddle:UUT12|lpm_mult:Mult3|multcore:mult_core|mpar_add:padder                                                                      ; mpar_add             ; work         ;
;                   |lpm_add_sub:adder[0]|             ; 13 (0)              ; 0 (0)                     ; 0           ; 0          ; 0            ; 0       ; 0         ; 0    ; 0            ; 0          ; |fft16_sync|fft16:UUT|complex_mult_twiddle:UUT12|lpm_mult:Mult3|multcore:mult_core|mpar_add:padder|lpm_add_sub:adder[0]                                                 ; lpm_add_sub          ; work         ;
;                      |add_sub_ckg:auto_generated|    ; 13 (13)             ; 0 (0)                     ; 0           ; 0          ; 0            ; 0       ; 0         ; 0    ; 0            ; 0          ; |fft16_sync|fft16:UUT|complex_mult_twiddle:UUT12|lpm_mult:Mult3|multcore:mult_core|mpar_add:padder|lpm_add_sub:adder[0]|add_sub_ckg:auto_generated                      ; add_sub_ckg          ; work         ;
;                   |mpar_add:sub_par_add|             ; 13 (0)              ; 0 (0)                     ; 0           ; 0          ; 0            ; 0       ; 0         ; 0    ; 0            ; 0          ; |fft16_sync|fft16:UUT|complex_mult_twiddle:UUT12|lpm_mult:Mult3|multcore:mult_core|mpar_add:padder|mpar_add:sub_par_add                                                 ; mpar_add             ; work         ;
;                      |lpm_add_sub:adder[0]|          ; 13 (0)              ; 0 (0)                     ; 0           ; 0          ; 0            ; 0       ; 0         ; 0    ; 0            ; 0          ; |fft16_sync|fft16:UUT|complex_mult_twiddle:UUT12|lpm_mult:Mult3|multcore:mult_core|mpar_add:padder|mpar_add:sub_par_add|lpm_add_sub:adder[0]                            ; lpm_add_sub          ; work         ;
;                         |add_sub_1vg:auto_generated| ; 13 (13)             ; 0 (0)                     ; 0           ; 0          ; 0            ; 0       ; 0         ; 0    ; 0            ; 0          ; |fft16_sync|fft16:UUT|complex_mult_twiddle:UUT12|lpm_mult:Mult3|multcore:mult_core|mpar_add:padder|mpar_add:sub_par_add|lpm_add_sub:adder[0]|add_sub_1vg:auto_generated ; add_sub_1vg          ; work         ;
;       |complex_mult_twiddle:UUT13|                   ; 344 (156)           ; 0 (0)                     ; 0           ; 0          ; 0            ; 0       ; 0         ; 0    ; 0            ; 0          ; |fft16_sync|fft16:UUT|complex_mult_twiddle:UUT13                                                                                                                        ; complex_mult_twiddle ; work         ;
;          |lpm_mult:Mult0|                            ; 58 (0)              ; 0 (0)                     ; 0           ; 0          ; 0            ; 0       ; 0         ; 0    ; 0            ; 0          ; |fft16_sync|fft16:UUT|complex_mult_twiddle:UUT13|lpm_mult:Mult0                                                                                                         ; lpm_mult             ; work         ;
;             |multcore:mult_core|                     ; 58 (31)             ; 0 (0)                     ; 0           ; 0          ; 0            ; 0       ; 0         ; 0    ; 0            ; 0          ; |fft16_sync|fft16:UUT|complex_mult_twiddle:UUT13|lpm_mult:Mult0|multcore:mult_core                                                                                      ; multcore             ; work         ;
;                |mpar_add:padder|                     ; 27 (0)              ; 0 (0)                     ; 0           ; 0          ; 0            ; 0       ; 0         ; 0    ; 0            ; 0          ; |fft16_sync|fft16:UUT|complex_mult_twiddle:UUT13|lpm_mult:Mult0|multcore:mult_core|mpar_add:padder                                                                      ; mpar_add             ; work         ;
;                   |lpm_add_sub:adder[0]|             ; 14 (0)              ; 0 (0)                     ; 0           ; 0          ; 0            ; 0       ; 0         ; 0    ; 0            ; 0          ; |fft16_sync|fft16:UUT|complex_mult_twiddle:UUT13|lpm_mult:Mult0|multcore:mult_core|mpar_add:padder|lpm_add_sub:adder[0]                                                 ; lpm_add_sub          ; work         ;
;                      |add_sub_ckg:auto_generated|    ; 14 (14)             ; 0 (0)                     ; 0           ; 0          ; 0            ; 0       ; 0         ; 0    ; 0            ; 0          ; |fft16_sync|fft16:UUT|complex_mult_twiddle:UUT13|lpm_mult:Mult0|multcore:mult_core|mpar_add:padder|lpm_add_sub:adder[0]|add_sub_ckg:auto_generated                      ; add_sub_ckg          ; work         ;
;                   |mpar_add:sub_par_add|             ; 13 (0)              ; 0 (0)                     ; 0           ; 0          ; 0            ; 0       ; 0         ; 0    ; 0            ; 0          ; |fft16_sync|fft16:UUT|complex_mult_twiddle:UUT13|lpm_mult:Mult0|multcore:mult_core|mpar_add:padder|mpar_add:sub_par_add                                                 ; mpar_add             ; work         ;
;                      |lpm_add_sub:adder[0]|          ; 13 (0)              ; 0 (0)                     ; 0           ; 0          ; 0            ; 0       ; 0         ; 0    ; 0            ; 0          ; |fft16_sync|fft16:UUT|complex_mult_twiddle:UUT13|lpm_mult:Mult0|multcore:mult_core|mpar_add:padder|mpar_add:sub_par_add|lpm_add_sub:adder[0]                            ; lpm_add_sub          ; work         ;
;                         |add_sub_1vg:auto_generated| ; 13 (13)             ; 0 (0)                     ; 0           ; 0          ; 0            ; 0       ; 0         ; 0    ; 0            ; 0          ; |fft16_sync|fft16:UUT|complex_mult_twiddle:UUT13|lpm_mult:Mult0|multcore:mult_core|mpar_add:padder|mpar_add:sub_par_add|lpm_add_sub:adder[0]|add_sub_1vg:auto_generated ; add_sub_1vg          ; work         ;
;          |lpm_mult:Mult1|                            ; 48 (0)              ; 0 (0)                     ; 0           ; 0          ; 0            ; 0       ; 0         ; 0    ; 0            ; 0          ; |fft16_sync|fft16:UUT|complex_mult_twiddle:UUT13|lpm_mult:Mult1                                                                                                         ; lpm_mult             ; work         ;
;             |multcore:mult_core|                     ; 48 (27)             ; 0 (0)                     ; 0           ; 0          ; 0            ; 0       ; 0         ; 0    ; 0            ; 0          ; |fft16_sync|fft16:UUT|complex_mult_twiddle:UUT13|lpm_mult:Mult1|multcore:mult_core                                                                                      ; multcore             ; work         ;
;                |mpar_add:padder|                     ; 21 (0)              ; 0 (0)                     ; 0           ; 0          ; 0            ; 0       ; 0         ; 0    ; 0            ; 0          ; |fft16_sync|fft16:UUT|complex_mult_twiddle:UUT13|lpm_mult:Mult1|multcore:mult_core|mpar_add:padder                                                                      ; mpar_add             ; work         ;
;                   |lpm_add_sub:adder[0]|             ; 11 (0)              ; 0 (0)                     ; 0           ; 0          ; 0            ; 0       ; 0         ; 0    ; 0            ; 0          ; |fft16_sync|fft16:UUT|complex_mult_twiddle:UUT13|lpm_mult:Mult1|multcore:mult_core|mpar_add:padder|lpm_add_sub:adder[0]                                                 ; lpm_add_sub          ; work         ;
;                      |add_sub_bkg:auto_generated|    ; 11 (11)             ; 0 (0)                     ; 0           ; 0          ; 0            ; 0       ; 0         ; 0    ; 0            ; 0          ; |fft16_sync|fft16:UUT|complex_mult_twiddle:UUT13|lpm_mult:Mult1|multcore:mult_core|mpar_add:padder|lpm_add_sub:adder[0]|add_sub_bkg:auto_generated                      ; add_sub_bkg          ; work         ;
;                   |mpar_add:sub_par_add|             ; 10 (0)              ; 0 (0)                     ; 0           ; 0          ; 0            ; 0       ; 0         ; 0    ; 0            ; 0          ; |fft16_sync|fft16:UUT|complex_mult_twiddle:UUT13|lpm_mult:Mult1|multcore:mult_core|mpar_add:padder|mpar_add:sub_par_add                                                 ; mpar_add             ; work         ;
;                      |lpm_add_sub:adder[0]|          ; 10 (0)              ; 0 (0)                     ; 0           ; 0          ; 0            ; 0       ; 0         ; 0    ; 0            ; 0          ; |fft16_sync|fft16:UUT|complex_mult_twiddle:UUT13|lpm_mult:Mult1|multcore:mult_core|mpar_add:padder|mpar_add:sub_par_add|lpm_add_sub:adder[0]                            ; lpm_add_sub          ; work         ;
;                         |add_sub_9vg:auto_generated| ; 10 (10)             ; 0 (0)                     ; 0           ; 0          ; 0            ; 0       ; 0         ; 0    ; 0            ; 0          ; |fft16_sync|fft16:UUT|complex_mult_twiddle:UUT13|lpm_mult:Mult1|multcore:mult_core|mpar_add:padder|mpar_add:sub_par_add|lpm_add_sub:adder[0]|add_sub_9vg:auto_generated ; add_sub_9vg          ; work         ;
;          |lpm_mult:Mult2|                            ; 45 (0)              ; 0 (0)                     ; 0           ; 0          ; 0            ; 0       ; 0         ; 0    ; 0            ; 0          ; |fft16_sync|fft16:UUT|complex_mult_twiddle:UUT13|lpm_mult:Mult2                                                                                                         ; lpm_mult             ; work         ;
;             |multcore:mult_core|                     ; 45 (18)             ; 0 (0)                     ; 0           ; 0          ; 0            ; 0       ; 0         ; 0    ; 0            ; 0          ; |fft16_sync|fft16:UUT|complex_mult_twiddle:UUT13|lpm_mult:Mult2|multcore:mult_core                                                                                      ; multcore             ; work         ;
;                |mpar_add:padder|                     ; 27 (0)              ; 0 (0)                     ; 0           ; 0          ; 0            ; 0       ; 0         ; 0    ; 0            ; 0          ; |fft16_sync|fft16:UUT|complex_mult_twiddle:UUT13|lpm_mult:Mult2|multcore:mult_core|mpar_add:padder                                                                      ; mpar_add             ; work         ;
;                   |lpm_add_sub:adder[0]|             ; 14 (0)              ; 0 (0)                     ; 0           ; 0          ; 0            ; 0       ; 0         ; 0    ; 0            ; 0          ; |fft16_sync|fft16:UUT|complex_mult_twiddle:UUT13|lpm_mult:Mult2|multcore:mult_core|mpar_add:padder|lpm_add_sub:adder[0]                                                 ; lpm_add_sub          ; work         ;
;                      |add_sub_ckg:auto_generated|    ; 14 (14)             ; 0 (0)                     ; 0           ; 0          ; 0            ; 0       ; 0         ; 0    ; 0            ; 0          ; |fft16_sync|fft16:UUT|complex_mult_twiddle:UUT13|lpm_mult:Mult2|multcore:mult_core|mpar_add:padder|lpm_add_sub:adder[0]|add_sub_ckg:auto_generated                      ; add_sub_ckg          ; work         ;
;                   |mpar_add:sub_par_add|             ; 13 (0)              ; 0 (0)                     ; 0           ; 0          ; 0            ; 0       ; 0         ; 0    ; 0            ; 0          ; |fft16_sync|fft16:UUT|complex_mult_twiddle:UUT13|lpm_mult:Mult2|multcore:mult_core|mpar_add:padder|mpar_add:sub_par_add                                                 ; mpar_add             ; work         ;
;                      |lpm_add_sub:adder[0]|          ; 13 (0)              ; 0 (0)                     ; 0           ; 0          ; 0            ; 0       ; 0         ; 0    ; 0            ; 0          ; |fft16_sync|fft16:UUT|complex_mult_twiddle:UUT13|lpm_mult:Mult2|multcore:mult_core|mpar_add:padder|mpar_add:sub_par_add|lpm_add_sub:adder[0]                            ; lpm_add_sub          ; work         ;
;                         |add_sub_1vg:auto_generated| ; 13 (13)             ; 0 (0)                     ; 0           ; 0          ; 0            ; 0       ; 0         ; 0    ; 0            ; 0          ; |fft16_sync|fft16:UUT|complex_mult_twiddle:UUT13|lpm_mult:Mult2|multcore:mult_core|mpar_add:padder|mpar_add:sub_par_add|lpm_add_sub:adder[0]|add_sub_1vg:auto_generated ; add_sub_1vg          ; work         ;
;          |lpm_mult:Mult3|                            ; 37 (0)              ; 0 (0)                     ; 0           ; 0          ; 0            ; 0       ; 0         ; 0    ; 0            ; 0          ; |fft16_sync|fft16:UUT|complex_mult_twiddle:UUT13|lpm_mult:Mult3                                                                                                         ; lpm_mult             ; work         ;
;             |multcore:mult_core|                     ; 37 (16)             ; 0 (0)                     ; 0           ; 0          ; 0            ; 0       ; 0         ; 0    ; 0            ; 0          ; |fft16_sync|fft16:UUT|complex_mult_twiddle:UUT13|lpm_mult:Mult3|multcore:mult_core                                                                                      ; multcore             ; work         ;
;                |mpar_add:padder|                     ; 21 (0)              ; 0 (0)                     ; 0           ; 0          ; 0            ; 0       ; 0         ; 0    ; 0            ; 0          ; |fft16_sync|fft16:UUT|complex_mult_twiddle:UUT13|lpm_mult:Mult3|multcore:mult_core|mpar_add:padder                                                                      ; mpar_add             ; work         ;
;                   |lpm_add_sub:adder[0]|             ; 11 (0)              ; 0 (0)                     ; 0           ; 0          ; 0            ; 0       ; 0         ; 0    ; 0            ; 0          ; |fft16_sync|fft16:UUT|complex_mult_twiddle:UUT13|lpm_mult:Mult3|multcore:mult_core|mpar_add:padder|lpm_add_sub:adder[0]                                                 ; lpm_add_sub          ; work         ;
;                      |add_sub_bkg:auto_generated|    ; 11 (11)             ; 0 (0)                     ; 0           ; 0          ; 0            ; 0       ; 0         ; 0    ; 0            ; 0          ; |fft16_sync|fft16:UUT|complex_mult_twiddle:UUT13|lpm_mult:Mult3|multcore:mult_core|mpar_add:padder|lpm_add_sub:adder[0]|add_sub_bkg:auto_generated                      ; add_sub_bkg          ; work         ;
;                   |mpar_add:sub_par_add|             ; 10 (0)              ; 0 (0)                     ; 0           ; 0          ; 0            ; 0       ; 0         ; 0    ; 0            ; 0          ; |fft16_sync|fft16:UUT|complex_mult_twiddle:UUT13|lpm_mult:Mult3|multcore:mult_core|mpar_add:padder|mpar_add:sub_par_add                                                 ; mpar_add             ; work         ;
;                      |lpm_add_sub:adder[0]|          ; 10 (0)              ; 0 (0)                     ; 0           ; 0          ; 0            ; 0       ; 0         ; 0    ; 0            ; 0          ; |fft16_sync|fft16:UUT|complex_mult_twiddle:UUT13|lpm_mult:Mult3|multcore:mult_core|mpar_add:padder|mpar_add:sub_par_add|lpm_add_sub:adder[0]                            ; lpm_add_sub          ; work         ;
;                         |add_sub_9vg:auto_generated| ; 10 (10)             ; 0 (0)                     ; 0           ; 0          ; 0            ; 0       ; 0         ; 0    ; 0            ; 0          ; |fft16_sync|fft16:UUT|complex_mult_twiddle:UUT13|lpm_mult:Mult3|multcore:mult_core|mpar_add:padder|mpar_add:sub_par_add|lpm_add_sub:adder[0]|add_sub_9vg:auto_generated ; add_sub_9vg          ; work         ;
;       |complex_mult_twiddle:UUT5|                    ; 248 (157)           ; 0 (0)                     ; 0           ; 0          ; 0            ; 0       ; 0         ; 0    ; 0            ; 0          ; |fft16_sync|fft16:UUT|complex_mult_twiddle:UUT5                                                                                                                         ; complex_mult_twiddle ; work         ;
;          |lpm_mult:Mult1|                            ; 37 (0)              ; 0 (0)                     ; 0           ; 0          ; 0            ; 0       ; 0         ; 0    ; 0            ; 0          ; |fft16_sync|fft16:UUT|complex_mult_twiddle:UUT5|lpm_mult:Mult1                                                                                                          ; lpm_mult             ; work         ;
;             |multcore:mult_core|                     ; 37 (15)             ; 0 (0)                     ; 0           ; 0          ; 0            ; 0       ; 0         ; 0    ; 0            ; 0          ; |fft16_sync|fft16:UUT|complex_mult_twiddle:UUT5|lpm_mult:Mult1|multcore:mult_core                                                                                       ; multcore             ; work         ;
;                |mpar_add:padder|                     ; 22 (0)              ; 0 (0)                     ; 0           ; 0          ; 0            ; 0       ; 0         ; 0    ; 0            ; 0          ; |fft16_sync|fft16:UUT|complex_mult_twiddle:UUT5|lpm_mult:Mult1|multcore:mult_core|mpar_add:padder                                                                       ; mpar_add             ; work         ;
;                   |lpm_add_sub:adder[0]|             ; 11 (0)              ; 0 (0)                     ; 0           ; 0          ; 0            ; 0       ; 0         ; 0    ; 0            ; 0          ; |fft16_sync|fft16:UUT|complex_mult_twiddle:UUT5|lpm_mult:Mult1|multcore:mult_core|mpar_add:padder|lpm_add_sub:adder[0]                                                  ; lpm_add_sub          ; work         ;
;                      |add_sub_bkg:auto_generated|    ; 11 (11)             ; 0 (0)                     ; 0           ; 0          ; 0            ; 0       ; 0         ; 0    ; 0            ; 0          ; |fft16_sync|fft16:UUT|complex_mult_twiddle:UUT5|lpm_mult:Mult1|multcore:mult_core|mpar_add:padder|lpm_add_sub:adder[0]|add_sub_bkg:auto_generated                       ; add_sub_bkg          ; work         ;
;                   |mpar_add:sub_par_add|             ; 11 (0)              ; 0 (0)                     ; 0           ; 0          ; 0            ; 0       ; 0         ; 0    ; 0            ; 0          ; |fft16_sync|fft16:UUT|complex_mult_twiddle:UUT5|lpm_mult:Mult1|multcore:mult_core|mpar_add:padder|mpar_add:sub_par_add                                                  ; mpar_add             ; work         ;
;                      |lpm_add_sub:adder[0]|          ; 11 (0)              ; 0 (0)                     ; 0           ; 0          ; 0            ; 0       ; 0         ; 0    ; 0            ; 0          ; |fft16_sync|fft16:UUT|complex_mult_twiddle:UUT5|lpm_mult:Mult1|multcore:mult_core|mpar_add:padder|mpar_add:sub_par_add|lpm_add_sub:adder[0]                             ; lpm_add_sub          ; work         ;
;                         |add_sub_9vg:auto_generated| ; 11 (11)             ; 0 (0)                     ; 0           ; 0          ; 0            ; 0       ; 0         ; 0    ; 0            ; 0          ; |fft16_sync|fft16:UUT|complex_mult_twiddle:UUT5|lpm_mult:Mult1|multcore:mult_core|mpar_add:padder|mpar_add:sub_par_add|lpm_add_sub:adder[0]|add_sub_9vg:auto_generated  ; add_sub_9vg          ; work         ;
;          |lpm_mult:Mult2|                            ; 54 (0)              ; 0 (0)                     ; 0           ; 0          ; 0            ; 0       ; 0         ; 0    ; 0            ; 0          ; |fft16_sync|fft16:UUT|complex_mult_twiddle:UUT5|lpm_mult:Mult2                                                                                                          ; lpm_mult             ; work         ;
;             |multcore:mult_core|                     ; 54 (26)             ; 0 (0)                     ; 0           ; 0          ; 0            ; 0       ; 0         ; 0    ; 0            ; 0          ; |fft16_sync|fft16:UUT|complex_mult_twiddle:UUT5|lpm_mult:Mult2|multcore:mult_core                                                                                       ; multcore             ; work         ;
;                |mpar_add:padder|                     ; 28 (0)              ; 0 (0)                     ; 0           ; 0          ; 0            ; 0       ; 0         ; 0    ; 0            ; 0          ; |fft16_sync|fft16:UUT|complex_mult_twiddle:UUT5|lpm_mult:Mult2|multcore:mult_core|mpar_add:padder                                                                       ; mpar_add             ; work         ;
;                   |lpm_add_sub:adder[0]|             ; 14 (0)              ; 0 (0)                     ; 0           ; 0          ; 0            ; 0       ; 0         ; 0    ; 0            ; 0          ; |fft16_sync|fft16:UUT|complex_mult_twiddle:UUT5|lpm_mult:Mult2|multcore:mult_core|mpar_add:padder|lpm_add_sub:adder[0]                                                  ; lpm_add_sub          ; work         ;
;                      |add_sub_ckg:auto_generated|    ; 14 (14)             ; 0 (0)                     ; 0           ; 0          ; 0            ; 0       ; 0         ; 0    ; 0            ; 0          ; |fft16_sync|fft16:UUT|complex_mult_twiddle:UUT5|lpm_mult:Mult2|multcore:mult_core|mpar_add:padder|lpm_add_sub:adder[0]|add_sub_ckg:auto_generated                       ; add_sub_ckg          ; work         ;
;                   |mpar_add:sub_par_add|             ; 14 (0)              ; 0 (0)                     ; 0           ; 0          ; 0            ; 0       ; 0         ; 0    ; 0            ; 0          ; |fft16_sync|fft16:UUT|complex_mult_twiddle:UUT5|lpm_mult:Mult2|multcore:mult_core|mpar_add:padder|mpar_add:sub_par_add                                                  ; mpar_add             ; work         ;
;                      |lpm_add_sub:adder[0]|          ; 14 (0)              ; 0 (0)                     ; 0           ; 0          ; 0            ; 0       ; 0         ; 0    ; 0            ; 0          ; |fft16_sync|fft16:UUT|complex_mult_twiddle:UUT5|lpm_mult:Mult2|multcore:mult_core|mpar_add:padder|mpar_add:sub_par_add|lpm_add_sub:adder[0]                             ; lpm_add_sub          ; work         ;
;                         |add_sub_1vg:auto_generated| ; 14 (14)             ; 0 (0)                     ; 0           ; 0          ; 0            ; 0       ; 0         ; 0    ; 0            ; 0          ; |fft16_sync|fft16:UUT|complex_mult_twiddle:UUT5|lpm_mult:Mult2|multcore:mult_core|mpar_add:padder|mpar_add:sub_par_add|lpm_add_sub:adder[0]|add_sub_1vg:auto_generated  ; add_sub_1vg          ; work         ;
;       |complex_mult_twiddle:UUT6|                    ; 194 (139)           ; 0 (0)                     ; 0           ; 0          ; 0            ; 0       ; 0         ; 0    ; 0            ; 0          ; |fft16_sync|fft16:UUT|complex_mult_twiddle:UUT6                                                                                                                         ; complex_mult_twiddle ; work         ;
;          |lpm_mult:Mult0|                            ; 55 (0)              ; 0 (0)                     ; 0           ; 0          ; 0            ; 0       ; 0         ; 0    ; 0            ; 0          ; |fft16_sync|fft16:UUT|complex_mult_twiddle:UUT6|lpm_mult:Mult0                                                                                                          ; lpm_mult             ; work         ;
;             |multcore:mult_core|                     ; 55 (29)             ; 0 (0)                     ; 0           ; 0          ; 0            ; 0       ; 0         ; 0    ; 0            ; 0          ; |fft16_sync|fft16:UUT|complex_mult_twiddle:UUT6|lpm_mult:Mult0|multcore:mult_core                                                                                       ; multcore             ; work         ;
;                |mpar_add:padder|                     ; 26 (0)              ; 0 (0)                     ; 0           ; 0          ; 0            ; 0       ; 0         ; 0    ; 0            ; 0          ; |fft16_sync|fft16:UUT|complex_mult_twiddle:UUT6|lpm_mult:Mult0|multcore:mult_core|mpar_add:padder                                                                       ; mpar_add             ; work         ;
;                   |lpm_add_sub:adder[0]|             ; 13 (0)              ; 0 (0)                     ; 0           ; 0          ; 0            ; 0       ; 0         ; 0    ; 0            ; 0          ; |fft16_sync|fft16:UUT|complex_mult_twiddle:UUT6|lpm_mult:Mult0|multcore:mult_core|mpar_add:padder|lpm_add_sub:adder[0]                                                  ; lpm_add_sub          ; work         ;
;                      |add_sub_ckg:auto_generated|    ; 13 (13)             ; 0 (0)                     ; 0           ; 0          ; 0            ; 0       ; 0         ; 0    ; 0            ; 0          ; |fft16_sync|fft16:UUT|complex_mult_twiddle:UUT6|lpm_mult:Mult0|multcore:mult_core|mpar_add:padder|lpm_add_sub:adder[0]|add_sub_ckg:auto_generated                       ; add_sub_ckg          ; work         ;
;                   |mpar_add:sub_par_add|             ; 13 (0)              ; 0 (0)                     ; 0           ; 0          ; 0            ; 0       ; 0         ; 0    ; 0            ; 0          ; |fft16_sync|fft16:UUT|complex_mult_twiddle:UUT6|lpm_mult:Mult0|multcore:mult_core|mpar_add:padder|mpar_add:sub_par_add                                                  ; mpar_add             ; work         ;
;                      |lpm_add_sub:adder[0]|          ; 13 (0)              ; 0 (0)                     ; 0           ; 0          ; 0            ; 0       ; 0         ; 0    ; 0            ; 0          ; |fft16_sync|fft16:UUT|complex_mult_twiddle:UUT6|lpm_mult:Mult0|multcore:mult_core|mpar_add:padder|mpar_add:sub_par_add|lpm_add_sub:adder[0]                             ; lpm_add_sub          ; work         ;
;                         |add_sub_1vg:auto_generated| ; 13 (13)             ; 0 (0)                     ; 0           ; 0          ; 0            ; 0       ; 0         ; 0    ; 0            ; 0          ; |fft16_sync|fft16:UUT|complex_mult_twiddle:UUT6|lpm_mult:Mult0|multcore:mult_core|mpar_add:padder|mpar_add:sub_par_add|lpm_add_sub:adder[0]|add_sub_1vg:auto_generated  ; add_sub_1vg          ; work         ;
;       |complex_mult_twiddle:UUT7|                    ; 328 (158)           ; 0 (0)                     ; 0           ; 0          ; 0            ; 0       ; 0         ; 0    ; 0            ; 0          ; |fft16_sync|fft16:UUT|complex_mult_twiddle:UUT7                                                                                                                         ; complex_mult_twiddle ; work         ;
;          |lpm_mult:Mult0|                            ; 35 (0)              ; 0 (0)                     ; 0           ; 0          ; 0            ; 0       ; 0         ; 0    ; 0            ; 0          ; |fft16_sync|fft16:UUT|complex_mult_twiddle:UUT7|lpm_mult:Mult0                                                                                                          ; lpm_mult             ; work         ;
;             |multcore:mult_core|                     ; 35 (14)             ; 0 (0)                     ; 0           ; 0          ; 0            ; 0       ; 0         ; 0    ; 0            ; 0          ; |fft16_sync|fft16:UUT|complex_mult_twiddle:UUT7|lpm_mult:Mult0|multcore:mult_core                                                                                       ; multcore             ; work         ;
;                |mpar_add:padder|                     ; 21 (0)              ; 0 (0)                     ; 0           ; 0          ; 0            ; 0       ; 0         ; 0    ; 0            ; 0          ; |fft16_sync|fft16:UUT|complex_mult_twiddle:UUT7|lpm_mult:Mult0|multcore:mult_core|mpar_add:padder                                                                       ; mpar_add             ; work         ;
;                   |lpm_add_sub:adder[0]|             ; 11 (0)              ; 0 (0)                     ; 0           ; 0          ; 0            ; 0       ; 0         ; 0    ; 0            ; 0          ; |fft16_sync|fft16:UUT|complex_mult_twiddle:UUT7|lpm_mult:Mult0|multcore:mult_core|mpar_add:padder|lpm_add_sub:adder[0]                                                  ; lpm_add_sub          ; work         ;
;                      |add_sub_bkg:auto_generated|    ; 11 (11)             ; 0 (0)                     ; 0           ; 0          ; 0            ; 0       ; 0         ; 0    ; 0            ; 0          ; |fft16_sync|fft16:UUT|complex_mult_twiddle:UUT7|lpm_mult:Mult0|multcore:mult_core|mpar_add:padder|lpm_add_sub:adder[0]|add_sub_bkg:auto_generated                       ; add_sub_bkg          ; work         ;
;                   |mpar_add:sub_par_add|             ; 10 (0)              ; 0 (0)                     ; 0           ; 0          ; 0            ; 0       ; 0         ; 0    ; 0            ; 0          ; |fft16_sync|fft16:UUT|complex_mult_twiddle:UUT7|lpm_mult:Mult0|multcore:mult_core|mpar_add:padder|mpar_add:sub_par_add                                                  ; mpar_add             ; work         ;
;                      |lpm_add_sub:adder[0]|          ; 10 (0)              ; 0 (0)                     ; 0           ; 0          ; 0            ; 0       ; 0         ; 0    ; 0            ; 0          ; |fft16_sync|fft16:UUT|complex_mult_twiddle:UUT7|lpm_mult:Mult0|multcore:mult_core|mpar_add:padder|mpar_add:sub_par_add|lpm_add_sub:adder[0]                             ; lpm_add_sub          ; work         ;
;                         |add_sub_9vg:auto_generated| ; 10 (10)             ; 0 (0)                     ; 0           ; 0          ; 0            ; 0       ; 0         ; 0    ; 0            ; 0          ; |fft16_sync|fft16:UUT|complex_mult_twiddle:UUT7|lpm_mult:Mult0|multcore:mult_core|mpar_add:padder|mpar_add:sub_par_add|lpm_add_sub:adder[0]|add_sub_9vg:auto_generated  ; add_sub_9vg          ; work         ;
;          |lpm_mult:Mult1|                            ; 54 (0)              ; 0 (0)                     ; 0           ; 0          ; 0            ; 0       ; 0         ; 0    ; 0            ; 0          ; |fft16_sync|fft16:UUT|complex_mult_twiddle:UUT7|lpm_mult:Mult1                                                                                                          ; lpm_mult             ; work         ;
;             |multcore:mult_core|                     ; 54 (27)             ; 0 (0)                     ; 0           ; 0          ; 0            ; 0       ; 0         ; 0    ; 0            ; 0          ; |fft16_sync|fft16:UUT|complex_mult_twiddle:UUT7|lpm_mult:Mult1|multcore:mult_core                                                                                       ; multcore             ; work         ;
;                |mpar_add:padder|                     ; 27 (0)              ; 0 (0)                     ; 0           ; 0          ; 0            ; 0       ; 0         ; 0    ; 0            ; 0          ; |fft16_sync|fft16:UUT|complex_mult_twiddle:UUT7|lpm_mult:Mult1|multcore:mult_core|mpar_add:padder                                                                       ; mpar_add             ; work         ;
;                   |lpm_add_sub:adder[0]|             ; 14 (0)              ; 0 (0)                     ; 0           ; 0          ; 0            ; 0       ; 0         ; 0    ; 0            ; 0          ; |fft16_sync|fft16:UUT|complex_mult_twiddle:UUT7|lpm_mult:Mult1|multcore:mult_core|mpar_add:padder|lpm_add_sub:adder[0]                                                  ; lpm_add_sub          ; work         ;
;                      |add_sub_ckg:auto_generated|    ; 14 (14)             ; 0 (0)                     ; 0           ; 0          ; 0            ; 0       ; 0         ; 0    ; 0            ; 0          ; |fft16_sync|fft16:UUT|complex_mult_twiddle:UUT7|lpm_mult:Mult1|multcore:mult_core|mpar_add:padder|lpm_add_sub:adder[0]|add_sub_ckg:auto_generated                       ; add_sub_ckg          ; work         ;
;                   |mpar_add:sub_par_add|             ; 13 (0)              ; 0 (0)                     ; 0           ; 0          ; 0            ; 0       ; 0         ; 0    ; 0            ; 0          ; |fft16_sync|fft16:UUT|complex_mult_twiddle:UUT7|lpm_mult:Mult1|multcore:mult_core|mpar_add:padder|mpar_add:sub_par_add                                                  ; mpar_add             ; work         ;
;                      |lpm_add_sub:adder[0]|          ; 13 (0)              ; 0 (0)                     ; 0           ; 0          ; 0            ; 0       ; 0         ; 0    ; 0            ; 0          ; |fft16_sync|fft16:UUT|complex_mult_twiddle:UUT7|lpm_mult:Mult1|multcore:mult_core|mpar_add:padder|mpar_add:sub_par_add|lpm_add_sub:adder[0]                             ; lpm_add_sub          ; work         ;
;                         |add_sub_1vg:auto_generated| ; 13 (13)             ; 0 (0)                     ; 0           ; 0          ; 0            ; 0       ; 0         ; 0    ; 0            ; 0          ; |fft16_sync|fft16:UUT|complex_mult_twiddle:UUT7|lpm_mult:Mult1|multcore:mult_core|mpar_add:padder|mpar_add:sub_par_add|lpm_add_sub:adder[0]|add_sub_1vg:auto_generated  ; add_sub_1vg          ; work         ;
;          |lpm_mult:Mult2|                            ; 31 (0)              ; 0 (0)                     ; 0           ; 0          ; 0            ; 0       ; 0         ; 0    ; 0            ; 0          ; |fft16_sync|fft16:UUT|complex_mult_twiddle:UUT7|lpm_mult:Mult2                                                                                                          ; lpm_mult             ; work         ;
;             |multcore:mult_core|                     ; 31 (10)             ; 0 (0)                     ; 0           ; 0          ; 0            ; 0       ; 0         ; 0    ; 0            ; 0          ; |fft16_sync|fft16:UUT|complex_mult_twiddle:UUT7|lpm_mult:Mult2|multcore:mult_core                                                                                       ; multcore             ; work         ;
;                |mpar_add:padder|                     ; 21 (0)              ; 0 (0)                     ; 0           ; 0          ; 0            ; 0       ; 0         ; 0    ; 0            ; 0          ; |fft16_sync|fft16:UUT|complex_mult_twiddle:UUT7|lpm_mult:Mult2|multcore:mult_core|mpar_add:padder                                                                       ; mpar_add             ; work         ;
;                   |lpm_add_sub:adder[0]|             ; 11 (0)              ; 0 (0)                     ; 0           ; 0          ; 0            ; 0       ; 0         ; 0    ; 0            ; 0          ; |fft16_sync|fft16:UUT|complex_mult_twiddle:UUT7|lpm_mult:Mult2|multcore:mult_core|mpar_add:padder|lpm_add_sub:adder[0]                                                  ; lpm_add_sub          ; work         ;
;                      |add_sub_bkg:auto_generated|    ; 11 (11)             ; 0 (0)                     ; 0           ; 0          ; 0            ; 0       ; 0         ; 0    ; 0            ; 0          ; |fft16_sync|fft16:UUT|complex_mult_twiddle:UUT7|lpm_mult:Mult2|multcore:mult_core|mpar_add:padder|lpm_add_sub:adder[0]|add_sub_bkg:auto_generated                       ; add_sub_bkg          ; work         ;
;                   |mpar_add:sub_par_add|             ; 10 (0)              ; 0 (0)                     ; 0           ; 0          ; 0            ; 0       ; 0         ; 0    ; 0            ; 0          ; |fft16_sync|fft16:UUT|complex_mult_twiddle:UUT7|lpm_mult:Mult2|multcore:mult_core|mpar_add:padder|mpar_add:sub_par_add                                                  ; mpar_add             ; work         ;
;                      |lpm_add_sub:adder[0]|          ; 10 (0)              ; 0 (0)                     ; 0           ; 0          ; 0            ; 0       ; 0         ; 0    ; 0            ; 0          ; |fft16_sync|fft16:UUT|complex_mult_twiddle:UUT7|lpm_mult:Mult2|multcore:mult_core|mpar_add:padder|mpar_add:sub_par_add|lpm_add_sub:adder[0]                             ; lpm_add_sub          ; work         ;
;                         |add_sub_9vg:auto_generated| ; 10 (10)             ; 0 (0)                     ; 0           ; 0          ; 0            ; 0       ; 0         ; 0    ; 0            ; 0          ; |fft16_sync|fft16:UUT|complex_mult_twiddle:UUT7|lpm_mult:Mult2|multcore:mult_core|mpar_add:padder|mpar_add:sub_par_add|lpm_add_sub:adder[0]|add_sub_9vg:auto_generated  ; add_sub_9vg          ; work         ;
;          |lpm_mult:Mult3|                            ; 50 (0)              ; 0 (0)                     ; 0           ; 0          ; 0            ; 0       ; 0         ; 0    ; 0            ; 0          ; |fft16_sync|fft16:UUT|complex_mult_twiddle:UUT7|lpm_mult:Mult3                                                                                                          ; lpm_mult             ; work         ;
;             |multcore:mult_core|                     ; 50 (23)             ; 0 (0)                     ; 0           ; 0          ; 0            ; 0       ; 0         ; 0    ; 0            ; 0          ; |fft16_sync|fft16:UUT|complex_mult_twiddle:UUT7|lpm_mult:Mult3|multcore:mult_core                                                                                       ; multcore             ; work         ;
;                |mpar_add:padder|                     ; 27 (0)              ; 0 (0)                     ; 0           ; 0          ; 0            ; 0       ; 0         ; 0    ; 0            ; 0          ; |fft16_sync|fft16:UUT|complex_mult_twiddle:UUT7|lpm_mult:Mult3|multcore:mult_core|mpar_add:padder                                                                       ; mpar_add             ; work         ;
;                   |lpm_add_sub:adder[0]|             ; 14 (0)              ; 0 (0)                     ; 0           ; 0          ; 0            ; 0       ; 0         ; 0    ; 0            ; 0          ; |fft16_sync|fft16:UUT|complex_mult_twiddle:UUT7|lpm_mult:Mult3|multcore:mult_core|mpar_add:padder|lpm_add_sub:adder[0]                                                  ; lpm_add_sub          ; work         ;
;                      |add_sub_ckg:auto_generated|    ; 14 (14)             ; 0 (0)                     ; 0           ; 0          ; 0            ; 0       ; 0         ; 0    ; 0            ; 0          ; |fft16_sync|fft16:UUT|complex_mult_twiddle:UUT7|lpm_mult:Mult3|multcore:mult_core|mpar_add:padder|lpm_add_sub:adder[0]|add_sub_ckg:auto_generated                       ; add_sub_ckg          ; work         ;
;                   |mpar_add:sub_par_add|             ; 13 (0)              ; 0 (0)                     ; 0           ; 0          ; 0            ; 0       ; 0         ; 0    ; 0            ; 0          ; |fft16_sync|fft16:UUT|complex_mult_twiddle:UUT7|lpm_mult:Mult3|multcore:mult_core|mpar_add:padder|mpar_add:sub_par_add                                                  ; mpar_add             ; work         ;
;                      |lpm_add_sub:adder[0]|          ; 13 (0)              ; 0 (0)                     ; 0           ; 0          ; 0            ; 0       ; 0         ; 0    ; 0            ; 0          ; |fft16_sync|fft16:UUT|complex_mult_twiddle:UUT7|lpm_mult:Mult3|multcore:mult_core|mpar_add:padder|mpar_add:sub_par_add|lpm_add_sub:adder[0]                             ; lpm_add_sub          ; work         ;
;                         |add_sub_1vg:auto_generated| ; 13 (13)             ; 0 (0)                     ; 0           ; 0          ; 0            ; 0       ; 0         ; 0    ; 0            ; 0          ; |fft16_sync|fft16:UUT|complex_mult_twiddle:UUT7|lpm_mult:Mult3|multcore:mult_core|mpar_add:padder|mpar_add:sub_par_add|lpm_add_sub:adder[0]|add_sub_1vg:auto_generated  ; add_sub_1vg          ; work         ;
;       |complex_mult_twiddle:UUT8|                    ; 215 (160)           ; 0 (0)                     ; 0           ; 0          ; 0            ; 0       ; 0         ; 0    ; 0            ; 0          ; |fft16_sync|fft16:UUT|complex_mult_twiddle:UUT8                                                                                                                         ; complex_mult_twiddle ; work         ;
;          |lpm_mult:Mult2|                            ; 55 (0)              ; 0 (0)                     ; 0           ; 0          ; 0            ; 0       ; 0         ; 0    ; 0            ; 0          ; |fft16_sync|fft16:UUT|complex_mult_twiddle:UUT8|lpm_mult:Mult2                                                                                                          ; lpm_mult             ; work         ;
;             |multcore:mult_core|                     ; 55 (29)             ; 0 (0)                     ; 0           ; 0          ; 0            ; 0       ; 0         ; 0    ; 0            ; 0          ; |fft16_sync|fft16:UUT|complex_mult_twiddle:UUT8|lpm_mult:Mult2|multcore:mult_core                                                                                       ; multcore             ; work         ;
;                |mpar_add:padder|                     ; 26 (0)              ; 0 (0)                     ; 0           ; 0          ; 0            ; 0       ; 0         ; 0    ; 0            ; 0          ; |fft16_sync|fft16:UUT|complex_mult_twiddle:UUT8|lpm_mult:Mult2|multcore:mult_core|mpar_add:padder                                                                       ; mpar_add             ; work         ;
;                   |lpm_add_sub:adder[0]|             ; 13 (0)              ; 0 (0)                     ; 0           ; 0          ; 0            ; 0       ; 0         ; 0    ; 0            ; 0          ; |fft16_sync|fft16:UUT|complex_mult_twiddle:UUT8|lpm_mult:Mult2|multcore:mult_core|mpar_add:padder|lpm_add_sub:adder[0]                                                  ; lpm_add_sub          ; work         ;
;                      |add_sub_ckg:auto_generated|    ; 13 (13)             ; 0 (0)                     ; 0           ; 0          ; 0            ; 0       ; 0         ; 0    ; 0            ; 0          ; |fft16_sync|fft16:UUT|complex_mult_twiddle:UUT8|lpm_mult:Mult2|multcore:mult_core|mpar_add:padder|lpm_add_sub:adder[0]|add_sub_ckg:auto_generated                       ; add_sub_ckg          ; work         ;
;                   |mpar_add:sub_par_add|             ; 13 (0)              ; 0 (0)                     ; 0           ; 0          ; 0            ; 0       ; 0         ; 0    ; 0            ; 0          ; |fft16_sync|fft16:UUT|complex_mult_twiddle:UUT8|lpm_mult:Mult2|multcore:mult_core|mpar_add:padder|mpar_add:sub_par_add                                                  ; mpar_add             ; work         ;
;                      |lpm_add_sub:adder[0]|          ; 13 (0)              ; 0 (0)                     ; 0           ; 0          ; 0            ; 0       ; 0         ; 0    ; 0            ; 0          ; |fft16_sync|fft16:UUT|complex_mult_twiddle:UUT8|lpm_mult:Mult2|multcore:mult_core|mpar_add:padder|mpar_add:sub_par_add|lpm_add_sub:adder[0]                             ; lpm_add_sub          ; work         ;
;                         |add_sub_1vg:auto_generated| ; 13 (13)             ; 0 (0)                     ; 0           ; 0          ; 0            ; 0       ; 0         ; 0    ; 0            ; 0          ; |fft16_sync|fft16:UUT|complex_mult_twiddle:UUT8|lpm_mult:Mult2|multcore:mult_core|mpar_add:padder|mpar_add:sub_par_add|lpm_add_sub:adder[0]|add_sub_1vg:auto_generated  ; add_sub_1vg          ; work         ;
;       |complex_mult_twiddle:UUT9|                    ; 139 (84)            ; 0 (0)                     ; 0           ; 0          ; 0            ; 0       ; 0         ; 0    ; 0            ; 0          ; |fft16_sync|fft16:UUT|complex_mult_twiddle:UUT9                                                                                                                         ; complex_mult_twiddle ; work         ;
;          |lpm_mult:Mult3|                            ; 55 (0)              ; 0 (0)                     ; 0           ; 0          ; 0            ; 0       ; 0         ; 0    ; 0            ; 0          ; |fft16_sync|fft16:UUT|complex_mult_twiddle:UUT9|lpm_mult:Mult3                                                                                                          ; lpm_mult             ; work         ;
;             |multcore:mult_core|                     ; 55 (23)             ; 0 (0)                     ; 0           ; 0          ; 0            ; 0       ; 0         ; 0    ; 0            ; 0          ; |fft16_sync|fft16:UUT|complex_mult_twiddle:UUT9|lpm_mult:Mult3|multcore:mult_core                                                                                       ; multcore             ; work         ;
;                |mpar_add:padder|                     ; 32 (0)              ; 0 (0)                     ; 0           ; 0          ; 0            ; 0       ; 0         ; 0    ; 0            ; 0          ; |fft16_sync|fft16:UUT|complex_mult_twiddle:UUT9|lpm_mult:Mult3|multcore:mult_core|mpar_add:padder                                                                       ; mpar_add             ; work         ;
;                   |lpm_add_sub:adder[0]|             ; 16 (0)              ; 0 (0)                     ; 0           ; 0          ; 0            ; 0       ; 0         ; 0    ; 0            ; 0          ; |fft16_sync|fft16:UUT|complex_mult_twiddle:UUT9|lpm_mult:Mult3|multcore:mult_core|mpar_add:padder|lpm_add_sub:adder[0]                                                  ; lpm_add_sub          ; work         ;
;                      |add_sub_ckg:auto_generated|    ; 16 (16)             ; 0 (0)                     ; 0           ; 0          ; 0            ; 0       ; 0         ; 0    ; 0            ; 0          ; |fft16_sync|fft16:UUT|complex_mult_twiddle:UUT9|lpm_mult:Mult3|multcore:mult_core|mpar_add:padder|lpm_add_sub:adder[0]|add_sub_ckg:auto_generated                       ; add_sub_ckg          ; work         ;
;                   |mpar_add:sub_par_add|             ; 16 (0)              ; 0 (0)                     ; 0           ; 0          ; 0            ; 0       ; 0         ; 0    ; 0            ; 0          ; |fft16_sync|fft16:UUT|complex_mult_twiddle:UUT9|lpm_mult:Mult3|multcore:mult_core|mpar_add:padder|mpar_add:sub_par_add                                                  ; mpar_add             ; work         ;
;                      |lpm_add_sub:adder[0]|          ; 16 (0)              ; 0 (0)                     ; 0           ; 0          ; 0            ; 0       ; 0         ; 0    ; 0            ; 0          ; |fft16_sync|fft16:UUT|complex_mult_twiddle:UUT9|lpm_mult:Mult3|multcore:mult_core|mpar_add:padder|mpar_add:sub_par_add|lpm_add_sub:adder[0]                             ; lpm_add_sub          ; work         ;
;                         |add_sub_1vg:auto_generated| ; 16 (16)             ; 0 (0)                     ; 0           ; 0          ; 0            ; 0       ; 0         ; 0    ; 0            ; 0          ; |fft16_sync|fft16:UUT|complex_mult_twiddle:UUT9|lpm_mult:Mult3|multcore:mult_core|mpar_add:padder|mpar_add:sub_par_add|lpm_add_sub:adder[0]|add_sub_1vg:auto_generated  ; add_sub_1vg          ; work         ;
;       |radix4:UUT14|                                 ; 90 (0)              ; 0 (0)                     ; 0           ; 0          ; 0            ; 0       ; 0         ; 0    ; 0            ; 0          ; |fft16_sync|fft16:UUT|radix4:UUT14                                                                                                                                      ; radix4               ; work         ;
;          |radix2:UUT1|                               ; 26 (26)             ; 0 (0)                     ; 0           ; 0          ; 0            ; 0       ; 0         ; 0    ; 0            ; 0          ; |fft16_sync|fft16:UUT|radix4:UUT14|radix2:UUT1                                                                                                                          ; radix2               ; work         ;
;          |radix2:UUT3|                               ; 26 (26)             ; 0 (0)                     ; 0           ; 0          ; 0            ; 0       ; 0         ; 0    ; 0            ; 0          ; |fft16_sync|fft16:UUT|radix4:UUT14|radix2:UUT3                                                                                                                          ; radix2               ; work         ;
;          |radix2:UUT5|                               ; 26 (26)             ; 0 (0)                     ; 0           ; 0          ; 0            ; 0       ; 0         ; 0    ; 0            ; 0          ; |fft16_sync|fft16:UUT|radix4:UUT14|radix2:UUT5                                                                                                                          ; radix2               ; work         ;
;          |radix2:UUT8|                               ; 12 (12)             ; 0 (0)                     ; 0           ; 0          ; 0            ; 0       ; 0         ; 0    ; 0            ; 0          ; |fft16_sync|fft16:UUT|radix4:UUT14|radix2:UUT8                                                                                                                          ; radix2               ; work         ;
;       |radix4:UUT15|                                 ; 152 (0)             ; 0 (0)                     ; 0           ; 0          ; 0            ; 0       ; 0         ; 0    ; 0            ; 0          ; |fft16_sync|fft16:UUT|radix4:UUT15                                                                                                                                      ; radix4               ; work         ;
;          |radix2:UUT1|                               ; 26 (26)             ; 0 (0)                     ; 0           ; 0          ; 0            ; 0       ; 0         ; 0    ; 0            ; 0          ; |fft16_sync|fft16:UUT|radix4:UUT15|radix2:UUT1                                                                                                                          ; radix2               ; work         ;
;          |radix2:UUT2|                               ; 26 (26)             ; 0 (0)                     ; 0           ; 0          ; 0            ; 0       ; 0         ; 0    ; 0            ; 0          ; |fft16_sync|fft16:UUT|radix4:UUT15|radix2:UUT2                                                                                                                          ; radix2               ; work         ;
;          |radix2:UUT3|                               ; 26 (26)             ; 0 (0)                     ; 0           ; 0          ; 0            ; 0       ; 0         ; 0    ; 0            ; 0          ; |fft16_sync|fft16:UUT|radix4:UUT15|radix2:UUT3                                                                                                                          ; radix2               ; work         ;
;          |radix2:UUT4|                               ; 26 (26)             ; 0 (0)                     ; 0           ; 0          ; 0            ; 0       ; 0         ; 0    ; 0            ; 0          ; |fft16_sync|fft16:UUT|radix4:UUT15|radix2:UUT4                                                                                                                          ; radix2               ; work         ;
;          |radix2:UUT5|                               ; 12 (12)             ; 0 (0)                     ; 0           ; 0          ; 0            ; 0       ; 0         ; 0    ; 0            ; 0          ; |fft16_sync|fft16:UUT|radix4:UUT15|radix2:UUT5                                                                                                                          ; radix2               ; work         ;
;          |radix2:UUT6|                               ; 12 (12)             ; 0 (0)                     ; 0           ; 0          ; 0            ; 0       ; 0         ; 0    ; 0            ; 0          ; |fft16_sync|fft16:UUT|radix4:UUT15|radix2:UUT6                                                                                                                          ; radix2               ; work         ;
;          |radix2:UUT7|                               ; 12 (12)             ; 0 (0)                     ; 0           ; 0          ; 0            ; 0       ; 0         ; 0    ; 0            ; 0          ; |fft16_sync|fft16:UUT|radix4:UUT15|radix2:UUT7                                                                                                                          ; radix2               ; work         ;
;          |radix2:UUT8|                               ; 12 (12)             ; 0 (0)                     ; 0           ; 0          ; 0            ; 0       ; 0         ; 0    ; 0            ; 0          ; |fft16_sync|fft16:UUT|radix4:UUT15|radix2:UUT8                                                                                                                          ; radix2               ; work         ;
;       |radix4:UUT16|                                 ; 113 (0)             ; 0 (0)                     ; 0           ; 0          ; 0            ; 0       ; 0         ; 0    ; 0            ; 0          ; |fft16_sync|fft16:UUT|radix4:UUT16                                                                                                                                      ; radix4               ; work         ;
;          |radix2:UUT2|                               ; 13 (13)             ; 0 (0)                     ; 0           ; 0          ; 0            ; 0       ; 0         ; 0    ; 0            ; 0          ; |fft16_sync|fft16:UUT|radix4:UUT16|radix2:UUT2                                                                                                                          ; radix2               ; work         ;
;          |radix2:UUT3|                               ; 26 (26)             ; 0 (0)                     ; 0           ; 0          ; 0            ; 0       ; 0         ; 0    ; 0            ; 0          ; |fft16_sync|fft16:UUT|radix4:UUT16|radix2:UUT3                                                                                                                          ; radix2               ; work         ;
;          |radix2:UUT4|                               ; 26 (26)             ; 0 (0)                     ; 0           ; 0          ; 0            ; 0       ; 0         ; 0    ; 0            ; 0          ; |fft16_sync|fft16:UUT|radix4:UUT16|radix2:UUT4                                                                                                                          ; radix2               ; work         ;
;          |radix2:UUT5|                               ; 12 (12)             ; 0 (0)                     ; 0           ; 0          ; 0            ; 0       ; 0         ; 0    ; 0            ; 0          ; |fft16_sync|fft16:UUT|radix4:UUT16|radix2:UUT5                                                                                                                          ; radix2               ; work         ;
;          |radix2:UUT6|                               ; 12 (12)             ; 0 (0)                     ; 0           ; 0          ; 0            ; 0       ; 0         ; 0    ; 0            ; 0          ; |fft16_sync|fft16:UUT|radix4:UUT16|radix2:UUT6                                                                                                                          ; radix2               ; work         ;
;          |radix2:UUT7|                               ; 12 (12)             ; 0 (0)                     ; 0           ; 0          ; 0            ; 0       ; 0         ; 0    ; 0            ; 0          ; |fft16_sync|fft16:UUT|radix4:UUT16|radix2:UUT7                                                                                                                          ; radix2               ; work         ;
;          |radix2:UUT8|                               ; 12 (12)             ; 0 (0)                     ; 0           ; 0          ; 0            ; 0       ; 0         ; 0    ; 0            ; 0          ; |fft16_sync|fft16:UUT|radix4:UUT16|radix2:UUT8                                                                                                                          ; radix2               ; work         ;
;       |radix4:UUT17|                                 ; 152 (0)             ; 0 (0)                     ; 0           ; 0          ; 0            ; 0       ; 0         ; 0    ; 0            ; 0          ; |fft16_sync|fft16:UUT|radix4:UUT17                                                                                                                                      ; radix4               ; work         ;
;          |radix2:UUT1|                               ; 26 (26)             ; 0 (0)                     ; 0           ; 0          ; 0            ; 0       ; 0         ; 0    ; 0            ; 0          ; |fft16_sync|fft16:UUT|radix4:UUT17|radix2:UUT1                                                                                                                          ; radix2               ; work         ;
;          |radix2:UUT2|                               ; 26 (26)             ; 0 (0)                     ; 0           ; 0          ; 0            ; 0       ; 0         ; 0    ; 0            ; 0          ; |fft16_sync|fft16:UUT|radix4:UUT17|radix2:UUT2                                                                                                                          ; radix2               ; work         ;
;          |radix2:UUT3|                               ; 26 (26)             ; 0 (0)                     ; 0           ; 0          ; 0            ; 0       ; 0         ; 0    ; 0            ; 0          ; |fft16_sync|fft16:UUT|radix4:UUT17|radix2:UUT3                                                                                                                          ; radix2               ; work         ;
;          |radix2:UUT4|                               ; 26 (26)             ; 0 (0)                     ; 0           ; 0          ; 0            ; 0       ; 0         ; 0    ; 0            ; 0          ; |fft16_sync|fft16:UUT|radix4:UUT17|radix2:UUT4                                                                                                                          ; radix2               ; work         ;
;          |radix2:UUT5|                               ; 12 (12)             ; 0 (0)                     ; 0           ; 0          ; 0            ; 0       ; 0         ; 0    ; 0            ; 0          ; |fft16_sync|fft16:UUT|radix4:UUT17|radix2:UUT5                                                                                                                          ; radix2               ; work         ;
;          |radix2:UUT6|                               ; 12 (12)             ; 0 (0)                     ; 0           ; 0          ; 0            ; 0       ; 0         ; 0    ; 0            ; 0          ; |fft16_sync|fft16:UUT|radix4:UUT17|radix2:UUT6                                                                                                                          ; radix2               ; work         ;
;          |radix2:UUT7|                               ; 12 (12)             ; 0 (0)                     ; 0           ; 0          ; 0            ; 0       ; 0         ; 0    ; 0            ; 0          ; |fft16_sync|fft16:UUT|radix4:UUT17|radix2:UUT7                                                                                                                          ; radix2               ; work         ;
;          |radix2:UUT8|                               ; 12 (12)             ; 0 (0)                     ; 0           ; 0          ; 0            ; 0       ; 0         ; 0    ; 0            ; 0          ; |fft16_sync|fft16:UUT|radix4:UUT17|radix2:UUT8                                                                                                                          ; radix2               ; work         ;
;       |radix4:UUT1|                                  ; 91 (0)              ; 0 (0)                     ; 0           ; 0          ; 0            ; 0       ; 0         ; 0    ; 0            ; 0          ; |fft16_sync|fft16:UUT|radix4:UUT1                                                                                                                                       ; radix4               ; work         ;
;          |radix2:UUT1|                               ; 26 (26)             ; 0 (0)                     ; 0           ; 0          ; 0            ; 0       ; 0         ; 0    ; 0            ; 0          ; |fft16_sync|fft16:UUT|radix4:UUT1|radix2:UUT1                                                                                                                           ; radix2               ; work         ;
;          |radix2:UUT3|                               ; 26 (26)             ; 0 (0)                     ; 0           ; 0          ; 0            ; 0       ; 0         ; 0    ; 0            ; 0          ; |fft16_sync|fft16:UUT|radix4:UUT1|radix2:UUT3                                                                                                                           ; radix2               ; work         ;
;          |radix2:UUT5|                               ; 26 (26)             ; 0 (0)                     ; 0           ; 0          ; 0            ; 0       ; 0         ; 0    ; 0            ; 0          ; |fft16_sync|fft16:UUT|radix4:UUT1|radix2:UUT5                                                                                                                           ; radix2               ; work         ;
;          |radix2:UUT8|                               ; 13 (13)             ; 0 (0)                     ; 0           ; 0          ; 0            ; 0       ; 0         ; 0    ; 0            ; 0          ; |fft16_sync|fft16:UUT|radix4:UUT1|radix2:UUT8                                                                                                                           ; radix2               ; work         ;
;       |radix4:UUT2|                                  ; 90 (0)              ; 0 (0)                     ; 0           ; 0          ; 0            ; 0       ; 0         ; 0    ; 0            ; 0          ; |fft16_sync|fft16:UUT|radix4:UUT2                                                                                                                                       ; radix4               ; work         ;
;          |radix2:UUT1|                               ; 26 (26)             ; 0 (0)                     ; 0           ; 0          ; 0            ; 0       ; 0         ; 0    ; 0            ; 0          ; |fft16_sync|fft16:UUT|radix4:UUT2|radix2:UUT1                                                                                                                           ; radix2               ; work         ;
;          |radix2:UUT3|                               ; 26 (26)             ; 0 (0)                     ; 0           ; 0          ; 0            ; 0       ; 0         ; 0    ; 0            ; 0          ; |fft16_sync|fft16:UUT|radix4:UUT2|radix2:UUT3                                                                                                                           ; radix2               ; work         ;
;          |radix2:UUT5|                               ; 26 (26)             ; 0 (0)                     ; 0           ; 0          ; 0            ; 0       ; 0         ; 0    ; 0            ; 0          ; |fft16_sync|fft16:UUT|radix4:UUT2|radix2:UUT5                                                                                                                           ; radix2               ; work         ;
;          |radix2:UUT8|                               ; 12 (12)             ; 0 (0)                     ; 0           ; 0          ; 0            ; 0       ; 0         ; 0    ; 0            ; 0          ; |fft16_sync|fft16:UUT|radix4:UUT2|radix2:UUT8                                                                                                                           ; radix2               ; work         ;
;       |radix4:UUT3|                                  ; 90 (0)              ; 0 (0)                     ; 0           ; 0          ; 0            ; 0       ; 0         ; 0    ; 0            ; 0          ; |fft16_sync|fft16:UUT|radix4:UUT3                                                                                                                                       ; radix4               ; work         ;
;          |radix2:UUT1|                               ; 26 (26)             ; 0 (0)                     ; 0           ; 0          ; 0            ; 0       ; 0         ; 0    ; 0            ; 0          ; |fft16_sync|fft16:UUT|radix4:UUT3|radix2:UUT1                                                                                                                           ; radix2               ; work         ;
;          |radix2:UUT3|                               ; 26 (26)             ; 0 (0)                     ; 0           ; 0          ; 0            ; 0       ; 0         ; 0    ; 0            ; 0          ; |fft16_sync|fft16:UUT|radix4:UUT3|radix2:UUT3                                                                                                                           ; radix2               ; work         ;
;          |radix2:UUT5|                               ; 26 (26)             ; 0 (0)                     ; 0           ; 0          ; 0            ; 0       ; 0         ; 0    ; 0            ; 0          ; |fft16_sync|fft16:UUT|radix4:UUT3|radix2:UUT5                                                                                                                           ; radix2               ; work         ;
;          |radix2:UUT8|                               ; 12 (12)             ; 0 (0)                     ; 0           ; 0          ; 0            ; 0       ; 0         ; 0    ; 0            ; 0          ; |fft16_sync|fft16:UUT|radix4:UUT3|radix2:UUT8                                                                                                                           ; radix2               ; work         ;
;       |radix4:UUT4|                                  ; 90 (0)              ; 0 (0)                     ; 0           ; 0          ; 0            ; 0       ; 0         ; 0    ; 0            ; 0          ; |fft16_sync|fft16:UUT|radix4:UUT4                                                                                                                                       ; radix4               ; work         ;
;          |radix2:UUT1|                               ; 26 (26)             ; 0 (0)                     ; 0           ; 0          ; 0            ; 0       ; 0         ; 0    ; 0            ; 0          ; |fft16_sync|fft16:UUT|radix4:UUT4|radix2:UUT1                                                                                                                           ; radix2               ; work         ;
;          |radix2:UUT3|                               ; 26 (26)             ; 0 (0)                     ; 0           ; 0          ; 0            ; 0       ; 0         ; 0    ; 0            ; 0          ; |fft16_sync|fft16:UUT|radix4:UUT4|radix2:UUT3                                                                                                                           ; radix2               ; work         ;
;          |radix2:UUT5|                               ; 26 (26)             ; 0 (0)                     ; 0           ; 0          ; 0            ; 0       ; 0         ; 0    ; 0            ; 0          ; |fft16_sync|fft16:UUT|radix4:UUT4|radix2:UUT5                                                                                                                           ; radix2               ; work         ;
;          |radix2:UUT8|                               ; 12 (12)             ; 0 (0)                     ; 0           ; 0          ; 0            ; 0       ; 0         ; 0    ; 0            ; 0          ; |fft16_sync|fft16:UUT|radix4:UUT4|radix2:UUT8                                                                                                                           ; radix2               ; work         ;
+------------------------------------------------------+---------------------+---------------------------+-------------+------------+--------------+---------+-----------+------+--------------+------------+-------------------------------------------------------------------------------------------------------------------------------------------------------------------------+----------------------+--------------+
Note: For table entries with two numbers listed, the numbers in parentheses indicate the number of resources of the given type used by the specific entity alone. The numbers listed outside of parentheses indicate the total resources of the given type used by the specific entity and all of its sub-entities in the hierarchy.


+-----------------------------------------------------+
; Analysis & Synthesis DSP Block Usage Summary        ;
+---------------------------------------+-------------+
; Statistic                             ; Number Used ;
+---------------------------------------+-------------+
; Simple Multipliers (9-bit)            ; 0           ;
; Simple Multipliers (18-bit)           ; 16          ;
; Embedded Multiplier Blocks            ; --          ;
; Embedded Multiplier 9-bit elements    ; 32          ;
; Signed Embedded Multipliers           ; 16          ;
; Unsigned Embedded Multipliers         ; 0           ;
; Mixed Sign Embedded Multipliers       ; 0           ;
; Variable Sign Embedded Multipliers    ; 0           ;
; Dedicated Input Shift Register Chains ; 0           ;
+---------------------------------------+-------------+
Note: number of Embedded Multiplier Blocks used is only available after a successful fit.


+------------------------------------------------------+
; General Register Statistics                          ;
+----------------------------------------------+-------+
; Statistic                                    ; Value ;
+----------------------------------------------+-------+
; Total registers                              ; 300   ;
; Number of registers using Synchronous Clear  ; 0     ;
; Number of registers using Synchronous Load   ; 99    ;
; Number of registers using Asynchronous Clear ; 0     ;
; Number of registers using Asynchronous Load  ; 0     ;
; Number of registers using Clock Enable       ; 0     ;
; Number of registers using Preset             ; 0     ;
+----------------------------------------------+-------+


+------------------------------------------------------------------------------------------------------------------------------------------------------------------------+
; Multiplexer Restructuring Statistics (Restructuring Performed)                                                                                                         ;
+--------------------+-----------+---------------+----------------------+------------------------+------------+----------------------------------------------------------+
; Multiplexer Inputs ; Bus Width ; Baseline Area ; Area if Restructured ; Saving if Restructured ; Registered ; Example Multiplexer Output                               ;
+--------------------+-----------+---------------+----------------------+------------------------+------------+----------------------------------------------------------+
; 4:1                ; 11 bits   ; 22 LEs        ; 22 LEs               ; 0 LEs                  ; Yes        ; |fft16_sync|z_reg[8][-10]                                ;
; 4:1                ; 11 bits   ; 22 LEs        ; 22 LEs               ; 0 LEs                  ; Yes        ; |fft16_sync|z_reg[7][-1]                                 ;
; 4:1                ; 11 bits   ; 22 LEs        ; 22 LEs               ; 0 LEs                  ; Yes        ; |fft16_sync|z_reg[6][-5]                                 ;
; 4:1                ; 11 bits   ; 22 LEs        ; 22 LEs               ; 0 LEs                  ; Yes        ; |fft16_sync|z_reg[5][-11]                                ;
; 4:1                ; 11 bits   ; 22 LEs        ; 22 LEs               ; 0 LEs                  ; Yes        ; |fft16_sync|z_reg[4][-4]                                 ;
; 4:1                ; 11 bits   ; 22 LEs        ; 22 LEs               ; 0 LEs                  ; Yes        ; |fft16_sync|z_reg[3][-7]                                 ;
; 4:1                ; 11 bits   ; 22 LEs        ; 22 LEs               ; 0 LEs                  ; Yes        ; |fft16_sync|z_reg[2][-1]                                 ;
; 4:1                ; 11 bits   ; 22 LEs        ; 22 LEs               ; 0 LEs                  ; Yes        ; |fft16_sync|z_reg[1][-11]                                ;
; 4:1                ; 11 bits   ; 22 LEs        ; 22 LEs               ; 0 LEs                  ; Yes        ; |fft16_sync|z_reg[0][-9]                                 ;
; 3:1                ; 11 bits   ; 22 LEs        ; 11 LEs               ; 11 LEs                 ; No         ; |fft16_sync|fft16:UUT|calc_pot:calc_Z7|result            ;
; 3:1                ; 11 bits   ; 22 LEs        ; 11 LEs               ; 11 LEs                 ; No         ; |fft16_sync|fft16:UUT|calc_pot:calc_Z6|result            ;
; 3:1                ; 11 bits   ; 22 LEs        ; 11 LEs               ; 11 LEs                 ; No         ; |fft16_sync|fft16:UUT|calc_pot:calc_Z5|result            ;
; 3:1                ; 11 bits   ; 22 LEs        ; 11 LEs               ; 11 LEs                 ; No         ; |fft16_sync|fft16:UUT|calc_pot:calc_Z4|result            ;
; 3:1                ; 11 bits   ; 22 LEs        ; 11 LEs               ; 11 LEs                 ; No         ; |fft16_sync|fft16:UUT|calc_pot:calc_Z3|result            ;
; 3:1                ; 11 bits   ; 22 LEs        ; 11 LEs               ; 11 LEs                 ; No         ; |fft16_sync|fft16:UUT|calc_pot:calc_Z2|result            ;
; 3:1                ; 11 bits   ; 22 LEs        ; 11 LEs               ; 11 LEs                 ; No         ; |fft16_sync|fft16:UUT|calc_pot:calc_Z1|result            ;
; 4:1                ; 11 bits   ; 22 LEs        ; 22 LEs               ; 0 LEs                  ; No         ; |fft16_sync|fft16:UUT|complex_mult_twiddle:UUT7|Er[-3]   ;
; 4:1                ; 11 bits   ; 22 LEs        ; 22 LEs               ; 0 LEs                  ; No         ; |fft16_sync|fft16:UUT|complex_mult_twiddle:UUT13|Er[-10] ;
; 4:1                ; 11 bits   ; 22 LEs        ; 22 LEs               ; 0 LEs                  ; No         ; |fft16_sync|fft16:UUT|complex_mult_twiddle:UUT10|Ei[-1]  ;
; 4:1                ; 11 bits   ; 22 LEs        ; 22 LEs               ; 0 LEs                  ; No         ; |fft16_sync|fft16:UUT|complex_mult_twiddle:UUT7|Ei[-8]   ;
; 4:1                ; 11 bits   ; 22 LEs        ; 22 LEs               ; 0 LEs                  ; No         ; |fft16_sync|fft16:UUT|complex_mult_twiddle:UUT13|Ei[-5]  ;
; 4:1                ; 11 bits   ; 22 LEs        ; 22 LEs               ; 0 LEs                  ; No         ; |fft16_sync|fft16:UUT|complex_mult_twiddle:UUT10|Er[-3]  ;
; 4:1                ; 11 bits   ; 22 LEs        ; 22 LEs               ; 0 LEs                  ; No         ; |fft16_sync|fft16:UUT|complex_mult_twiddle:UUT6|Er[-10]  ;
; 4:1                ; 11 bits   ; 22 LEs        ; 22 LEs               ; 0 LEs                  ; No         ; |fft16_sync|fft16:UUT|complex_mult_twiddle:UUT12|Er[-1]  ;
; 4:1                ; 11 bits   ; 22 LEs        ; 22 LEs               ; 0 LEs                  ; No         ; |fft16_sync|fft16:UUT|complex_mult_twiddle:UUT9|Ei[-11]  ;
; 4:1                ; 11 bits   ; 22 LEs        ; 22 LEs               ; 0 LEs                  ; No         ; |fft16_sync|fft16:UUT|complex_mult_twiddle:UUT6|Ei[-11]  ;
; 4:1                ; 11 bits   ; 22 LEs        ; 22 LEs               ; 0 LEs                  ; No         ; |fft16_sync|fft16:UUT|complex_mult_twiddle:UUT12|Ei[-1]  ;
; 4:1                ; 11 bits   ; 22 LEs        ; 22 LEs               ; 0 LEs                  ; No         ; |fft16_sync|fft16:UUT|complex_mult_twiddle:UUT5|Er[-8]   ;
; 4:1                ; 11 bits   ; 22 LEs        ; 22 LEs               ; 0 LEs                  ; No         ; |fft16_sync|fft16:UUT|complex_mult_twiddle:UUT11|Er[-4]  ;
; 4:1                ; 11 bits   ; 22 LEs        ; 22 LEs               ; 0 LEs                  ; No         ; |fft16_sync|fft16:UUT|complex_mult_twiddle:UUT8|Ei[-2]   ;
; 4:1                ; 11 bits   ; 22 LEs        ; 22 LEs               ; 0 LEs                  ; No         ; |fft16_sync|fft16:UUT|complex_mult_twiddle:UUT5|Ei[-3]   ;
; 4:1                ; 11 bits   ; 22 LEs        ; 22 LEs               ; 0 LEs                  ; No         ; |fft16_sync|fft16:UUT|complex_mult_twiddle:UUT11|Ei[-4]  ;
; 4:1                ; 11 bits   ; 22 LEs        ; 22 LEs               ; 0 LEs                  ; No         ; |fft16_sync|fft16:UUT|complex_mult_twiddle:UUT8|Er[-9]   ;
+--------------------+-----------+---------------+----------------------+------------------------+------------+----------------------------------------------------------+


+----------------------------------------------------------------------------------+
; Parameter Settings for User Entity Instance: fft16:UUT|complex_mult_twiddle:UUT5 ;
+----------------+-------+---------------------------------------------------------+
; Parameter Name ; Value ; Type                                                    ;
+----------------+-------+---------------------------------------------------------+
; n              ; 16    ; Signed Integer                                          ;
+----------------+-------+---------------------------------------------------------+
Note: In order to hide this table in the UI and the text report file, please set the "Show Parameter Settings in Synthesis Report" option in "Analysis and Synthesis Settings -> More Settings" to "Off".


+----------------------------------------------------------------------------------+
; Parameter Settings for User Entity Instance: fft16:UUT|complex_mult_twiddle:UUT6 ;
+----------------+-------+---------------------------------------------------------+
; Parameter Name ; Value ; Type                                                    ;
+----------------+-------+---------------------------------------------------------+
; n              ; 16    ; Signed Integer                                          ;
+----------------+-------+---------------------------------------------------------+
Note: In order to hide this table in the UI and the text report file, please set the "Show Parameter Settings in Synthesis Report" option in "Analysis and Synthesis Settings -> More Settings" to "Off".


+----------------------------------------------------------------------------------+
; Parameter Settings for User Entity Instance: fft16:UUT|complex_mult_twiddle:UUT7 ;
+----------------+-------+---------------------------------------------------------+
; Parameter Name ; Value ; Type                                                    ;
+----------------+-------+---------------------------------------------------------+
; n              ; 16    ; Signed Integer                                          ;
+----------------+-------+---------------------------------------------------------+
Note: In order to hide this table in the UI and the text report file, please set the "Show Parameter Settings in Synthesis Report" option in "Analysis and Synthesis Settings -> More Settings" to "Off".


+----------------------------------------------------------------------------------+
; Parameter Settings for User Entity Instance: fft16:UUT|complex_mult_twiddle:UUT8 ;
+----------------+-------+---------------------------------------------------------+
; Parameter Name ; Value ; Type                                                    ;
+----------------+-------+---------------------------------------------------------+
; n              ; 16    ; Signed Integer                                          ;
+----------------+-------+---------------------------------------------------------+
Note: In order to hide this table in the UI and the text report file, please set the "Show Parameter Settings in Synthesis Report" option in "Analysis and Synthesis Settings -> More Settings" to "Off".


+----------------------------------------------------------------------------------+
; Parameter Settings for User Entity Instance: fft16:UUT|complex_mult_twiddle:UUT9 ;
+----------------+-------+---------------------------------------------------------+
; Parameter Name ; Value ; Type                                                    ;
+----------------+-------+---------------------------------------------------------+
; n              ; 16    ; Signed Integer                                          ;
+----------------+-------+---------------------------------------------------------+
Note: In order to hide this table in the UI and the text report file, please set the "Show Parameter Settings in Synthesis Report" option in "Analysis and Synthesis Settings -> More Settings" to "Off".


+-----------------------------------------------------------------------------------+
; Parameter Settings for User Entity Instance: fft16:UUT|complex_mult_twiddle:UUT10 ;
+----------------+-------+----------------------------------------------------------+
; Parameter Name ; Value ; Type                                                     ;
+----------------+-------+----------------------------------------------------------+
; n              ; 16    ; Signed Integer                                           ;
+----------------+-------+----------------------------------------------------------+
Note: In order to hide this table in the UI and the text report file, please set the "Show Parameter Settings in Synthesis Report" option in "Analysis and Synthesis Settings -> More Settings" to "Off".


+-----------------------------------------------------------------------------------+
; Parameter Settings for User Entity Instance: fft16:UUT|complex_mult_twiddle:UUT11 ;
+----------------+-------+----------------------------------------------------------+
; Parameter Name ; Value ; Type                                                     ;
+----------------+-------+----------------------------------------------------------+
; n              ; 16    ; Signed Integer                                           ;
+----------------+-------+----------------------------------------------------------+
Note: In order to hide this table in the UI and the text report file, please set the "Show Parameter Settings in Synthesis Report" option in "Analysis and Synthesis Settings -> More Settings" to "Off".


+-----------------------------------------------------------------------------------+
; Parameter Settings for User Entity Instance: fft16:UUT|complex_mult_twiddle:UUT12 ;
+----------------+-------+----------------------------------------------------------+
; Parameter Name ; Value ; Type                                                     ;
+----------------+-------+----------------------------------------------------------+
; n              ; 16    ; Signed Integer                                           ;
+----------------+-------+----------------------------------------------------------+
Note: In order to hide this table in the UI and the text report file, please set the "Show Parameter Settings in Synthesis Report" option in "Analysis and Synthesis Settings -> More Settings" to "Off".


+-----------------------------------------------------------------------------------+
; Parameter Settings for User Entity Instance: fft16:UUT|complex_mult_twiddle:UUT13 ;
+----------------+-------+----------------------------------------------------------+
; Parameter Name ; Value ; Type                                                     ;
+----------------+-------+----------------------------------------------------------+
; n              ; 16    ; Signed Integer                                           ;
+----------------+-------+----------------------------------------------------------+
Note: In order to hide this table in the UI and the text report file, please set the "Show Parameter Settings in Synthesis Report" option in "Analysis and Synthesis Settings -> More Settings" to "Off".


+--------------------------------------------------------------------------------------------+
; Parameter Settings for Inferred Entity Instance: fft16:UUT|calc_pot:calc_Z8|lpm_mult:Mult0 ;
+------------------------------------------------+----------+--------------------------------+
; Parameter Name                                 ; Value    ; Type                           ;
+------------------------------------------------+----------+--------------------------------+
; AUTO_CARRY_CHAINS                              ; ON       ; AUTO_CARRY                     ;
; IGNORE_CARRY_BUFFERS                           ; OFF      ; IGNORE_CARRY                   ;
; AUTO_CASCADE_CHAINS                            ; ON       ; AUTO_CASCADE                   ;
; IGNORE_CASCADE_BUFFERS                         ; OFF      ; IGNORE_CASCADE                 ;
; LPM_WIDTHA                                     ; 12       ; Untyped                        ;
; LPM_WIDTHB                                     ; 12       ; Untyped                        ;
; LPM_WIDTHP                                     ; 24       ; Untyped                        ;
; LPM_WIDTHR                                     ; 24       ; Untyped                        ;
; LPM_WIDTHS                                     ; 1        ; Untyped                        ;
; LPM_REPRESENTATION                             ; SIGNED   ; Untyped                        ;
; LPM_PIPELINE                                   ; 0        ; Untyped                        ;
; LATENCY                                        ; 0        ; Untyped                        ;
; INPUT_A_IS_CONSTANT                            ; NO       ; Untyped                        ;
; INPUT_B_IS_CONSTANT                            ; NO       ; Untyped                        ;
; USE_EAB                                        ; OFF      ; Untyped                        ;
; MAXIMIZE_SPEED                                 ; 6        ; Untyped                        ;
; DEVICE_FAMILY                                  ; MAX 10   ; Untyped                        ;
; CARRY_CHAIN                                    ; MANUAL   ; Untyped                        ;
; APEX20K_TECHNOLOGY_MAPPER                      ; LUT      ; TECH_MAPPER_APEX20K            ;
; DEDICATED_MULTIPLIER_CIRCUITRY                 ; AUTO     ; Untyped                        ;
; DEDICATED_MULTIPLIER_MIN_INPUT_WIDTH_FOR_AUTO  ; 0        ; Untyped                        ;
; DEDICATED_MULTIPLIER_MIN_OUTPUT_WIDTH_FOR_AUTO ; 0        ; Untyped                        ;
; CBXI_PARAMETER                                 ; mult_jgs ; Untyped                        ;
; INPUT_A_FIXED_VALUE                            ; Bx       ; Untyped                        ;
; INPUT_B_FIXED_VALUE                            ; Bx       ; Untyped                        ;
; USE_AHDL_IMPLEMENTATION                        ; OFF      ; Untyped                        ;
+------------------------------------------------+----------+--------------------------------+
Note: In order to hide this table in the UI and the text report file, please set the "Show Parameter Settings in Synthesis Report" option in "Analysis and Synthesis Settings -> More Settings" to "Off".


+--------------------------------------------------------------------------------------------+
; Parameter Settings for Inferred Entity Instance: fft16:UUT|calc_pot:calc_Z0|lpm_mult:Mult0 ;
+------------------------------------------------+----------+--------------------------------+
; Parameter Name                                 ; Value    ; Type                           ;
+------------------------------------------------+----------+--------------------------------+
; AUTO_CARRY_CHAINS                              ; ON       ; AUTO_CARRY                     ;
; IGNORE_CARRY_BUFFERS                           ; OFF      ; IGNORE_CARRY                   ;
; AUTO_CASCADE_CHAINS                            ; ON       ; AUTO_CASCADE                   ;
; IGNORE_CASCADE_BUFFERS                         ; OFF      ; IGNORE_CASCADE                 ;
; LPM_WIDTHA                                     ; 12       ; Untyped                        ;
; LPM_WIDTHB                                     ; 12       ; Untyped                        ;
; LPM_WIDTHP                                     ; 24       ; Untyped                        ;
; LPM_WIDTHR                                     ; 24       ; Untyped                        ;
; LPM_WIDTHS                                     ; 1        ; Untyped                        ;
; LPM_REPRESENTATION                             ; SIGNED   ; Untyped                        ;
; LPM_PIPELINE                                   ; 0        ; Untyped                        ;
; LATENCY                                        ; 0        ; Untyped                        ;
; INPUT_A_IS_CONSTANT                            ; NO       ; Untyped                        ;
; INPUT_B_IS_CONSTANT                            ; NO       ; Untyped                        ;
; USE_EAB                                        ; OFF      ; Untyped                        ;
; MAXIMIZE_SPEED                                 ; 6        ; Untyped                        ;
; DEVICE_FAMILY                                  ; MAX 10   ; Untyped                        ;
; CARRY_CHAIN                                    ; MANUAL   ; Untyped                        ;
; APEX20K_TECHNOLOGY_MAPPER                      ; LUT      ; TECH_MAPPER_APEX20K            ;
; DEDICATED_MULTIPLIER_CIRCUITRY                 ; AUTO     ; Untyped                        ;
; DEDICATED_MULTIPLIER_MIN_INPUT_WIDTH_FOR_AUTO  ; 0        ; Untyped                        ;
; DEDICATED_MULTIPLIER_MIN_OUTPUT_WIDTH_FOR_AUTO ; 0        ; Untyped                        ;
; CBXI_PARAMETER                                 ; mult_jgs ; Untyped                        ;
; INPUT_A_FIXED_VALUE                            ; Bx       ; Untyped                        ;
; INPUT_B_FIXED_VALUE                            ; Bx       ; Untyped                        ;
; USE_AHDL_IMPLEMENTATION                        ; OFF      ; Untyped                        ;
+------------------------------------------------+----------+--------------------------------+
Note: In order to hide this table in the UI and the text report file, please set the "Show Parameter Settings in Synthesis Report" option in "Analysis and Synthesis Settings -> More Settings" to "Off".


+--------------------------------------------------------------------------------------------+
; Parameter Settings for Inferred Entity Instance: fft16:UUT|calc_pot:calc_Z7|lpm_mult:Mult1 ;
+------------------------------------------------+----------+--------------------------------+
; Parameter Name                                 ; Value    ; Type                           ;
+------------------------------------------------+----------+--------------------------------+
; AUTO_CARRY_CHAINS                              ; ON       ; AUTO_CARRY                     ;
; IGNORE_CARRY_BUFFERS                           ; OFF      ; IGNORE_CARRY                   ;
; AUTO_CASCADE_CHAINS                            ; ON       ; AUTO_CASCADE                   ;
; IGNORE_CASCADE_BUFFERS                         ; OFF      ; IGNORE_CASCADE                 ;
; LPM_WIDTHA                                     ; 12       ; Untyped                        ;
; LPM_WIDTHB                                     ; 12       ; Untyped                        ;
; LPM_WIDTHP                                     ; 24       ; Untyped                        ;
; LPM_WIDTHR                                     ; 24       ; Untyped                        ;
; LPM_WIDTHS                                     ; 1        ; Untyped                        ;
; LPM_REPRESENTATION                             ; SIGNED   ; Untyped                        ;
; LPM_PIPELINE                                   ; 0        ; Untyped                        ;
; LATENCY                                        ; 0        ; Untyped                        ;
; INPUT_A_IS_CONSTANT                            ; NO       ; Untyped                        ;
; INPUT_B_IS_CONSTANT                            ; NO       ; Untyped                        ;
; USE_EAB                                        ; OFF      ; Untyped                        ;
; MAXIMIZE_SPEED                                 ; 6        ; Untyped                        ;
; DEVICE_FAMILY                                  ; MAX 10   ; Untyped                        ;
; CARRY_CHAIN                                    ; MANUAL   ; Untyped                        ;
; APEX20K_TECHNOLOGY_MAPPER                      ; LUT      ; TECH_MAPPER_APEX20K            ;
; DEDICATED_MULTIPLIER_CIRCUITRY                 ; AUTO     ; Untyped                        ;
; DEDICATED_MULTIPLIER_MIN_INPUT_WIDTH_FOR_AUTO  ; 0        ; Untyped                        ;
; DEDICATED_MULTIPLIER_MIN_OUTPUT_WIDTH_FOR_AUTO ; 0        ; Untyped                        ;
; CBXI_PARAMETER                                 ; mult_jgs ; Untyped                        ;
; INPUT_A_FIXED_VALUE                            ; Bx       ; Untyped                        ;
; INPUT_B_FIXED_VALUE                            ; Bx       ; Untyped                        ;
; USE_AHDL_IMPLEMENTATION                        ; OFF      ; Untyped                        ;
+------------------------------------------------+----------+--------------------------------+
Note: In order to hide this table in the UI and the text report file, please set the "Show Parameter Settings in Synthesis Report" option in "Analysis and Synthesis Settings -> More Settings" to "Off".


+--------------------------------------------------------------------------------------------+
; Parameter Settings for Inferred Entity Instance: fft16:UUT|calc_pot:calc_Z7|lpm_mult:Mult0 ;
+------------------------------------------------+----------+--------------------------------+
; Parameter Name                                 ; Value    ; Type                           ;
+------------------------------------------------+----------+--------------------------------+
; AUTO_CARRY_CHAINS                              ; ON       ; AUTO_CARRY                     ;
; IGNORE_CARRY_BUFFERS                           ; OFF      ; IGNORE_CARRY                   ;
; AUTO_CASCADE_CHAINS                            ; ON       ; AUTO_CASCADE                   ;
; IGNORE_CASCADE_BUFFERS                         ; OFF      ; IGNORE_CASCADE                 ;
; LPM_WIDTHA                                     ; 12       ; Untyped                        ;
; LPM_WIDTHB                                     ; 12       ; Untyped                        ;
; LPM_WIDTHP                                     ; 24       ; Untyped                        ;
; LPM_WIDTHR                                     ; 24       ; Untyped                        ;
; LPM_WIDTHS                                     ; 1        ; Untyped                        ;
; LPM_REPRESENTATION                             ; SIGNED   ; Untyped                        ;
; LPM_PIPELINE                                   ; 0        ; Untyped                        ;
; LATENCY                                        ; 0        ; Untyped                        ;
; INPUT_A_IS_CONSTANT                            ; NO       ; Untyped                        ;
; INPUT_B_IS_CONSTANT                            ; NO       ; Untyped                        ;
; USE_EAB                                        ; OFF      ; Untyped                        ;
; MAXIMIZE_SPEED                                 ; 6        ; Untyped                        ;
; DEVICE_FAMILY                                  ; MAX 10   ; Untyped                        ;
; CARRY_CHAIN                                    ; MANUAL   ; Untyped                        ;
; APEX20K_TECHNOLOGY_MAPPER                      ; LUT      ; TECH_MAPPER_APEX20K            ;
; DEDICATED_MULTIPLIER_CIRCUITRY                 ; AUTO     ; Untyped                        ;
; DEDICATED_MULTIPLIER_MIN_INPUT_WIDTH_FOR_AUTO  ; 0        ; Untyped                        ;
; DEDICATED_MULTIPLIER_MIN_OUTPUT_WIDTH_FOR_AUTO ; 0        ; Untyped                        ;
; CBXI_PARAMETER                                 ; mult_jgs ; Untyped                        ;
; INPUT_A_FIXED_VALUE                            ; Bx       ; Untyped                        ;
; INPUT_B_FIXED_VALUE                            ; Bx       ; Untyped                        ;
; USE_AHDL_IMPLEMENTATION                        ; OFF      ; Untyped                        ;
+------------------------------------------------+----------+--------------------------------+
Note: In order to hide this table in the UI and the text report file, please set the "Show Parameter Settings in Synthesis Report" option in "Analysis and Synthesis Settings -> More Settings" to "Off".


+--------------------------------------------------------------------------------------------+
; Parameter Settings for Inferred Entity Instance: fft16:UUT|calc_pot:calc_Z6|lpm_mult:Mult1 ;
+------------------------------------------------+----------+--------------------------------+
; Parameter Name                                 ; Value    ; Type                           ;
+------------------------------------------------+----------+--------------------------------+
; AUTO_CARRY_CHAINS                              ; ON       ; AUTO_CARRY                     ;
; IGNORE_CARRY_BUFFERS                           ; OFF      ; IGNORE_CARRY                   ;
; AUTO_CASCADE_CHAINS                            ; ON       ; AUTO_CASCADE                   ;
; IGNORE_CASCADE_BUFFERS                         ; OFF      ; IGNORE_CASCADE                 ;
; LPM_WIDTHA                                     ; 12       ; Untyped                        ;
; LPM_WIDTHB                                     ; 12       ; Untyped                        ;
; LPM_WIDTHP                                     ; 24       ; Untyped                        ;
; LPM_WIDTHR                                     ; 24       ; Untyped                        ;
; LPM_WIDTHS                                     ; 1        ; Untyped                        ;
; LPM_REPRESENTATION                             ; SIGNED   ; Untyped                        ;
; LPM_PIPELINE                                   ; 0        ; Untyped                        ;
; LATENCY                                        ; 0        ; Untyped                        ;
; INPUT_A_IS_CONSTANT                            ; NO       ; Untyped                        ;
; INPUT_B_IS_CONSTANT                            ; NO       ; Untyped                        ;
; USE_EAB                                        ; OFF      ; Untyped                        ;
; MAXIMIZE_SPEED                                 ; 6        ; Untyped                        ;
; DEVICE_FAMILY                                  ; MAX 10   ; Untyped                        ;
; CARRY_CHAIN                                    ; MANUAL   ; Untyped                        ;
; APEX20K_TECHNOLOGY_MAPPER                      ; LUT      ; TECH_MAPPER_APEX20K            ;
; DEDICATED_MULTIPLIER_CIRCUITRY                 ; AUTO     ; Untyped                        ;
; DEDICATED_MULTIPLIER_MIN_INPUT_WIDTH_FOR_AUTO  ; 0        ; Untyped                        ;
; DEDICATED_MULTIPLIER_MIN_OUTPUT_WIDTH_FOR_AUTO ; 0        ; Untyped                        ;
; CBXI_PARAMETER                                 ; mult_jgs ; Untyped                        ;
; INPUT_A_FIXED_VALUE                            ; Bx       ; Untyped                        ;
; INPUT_B_FIXED_VALUE                            ; Bx       ; Untyped                        ;
; USE_AHDL_IMPLEMENTATION                        ; OFF      ; Untyped                        ;
+------------------------------------------------+----------+--------------------------------+
Note: In order to hide this table in the UI and the text report file, please set the "Show Parameter Settings in Synthesis Report" option in "Analysis and Synthesis Settings -> More Settings" to "Off".


+--------------------------------------------------------------------------------------------+
; Parameter Settings for Inferred Entity Instance: fft16:UUT|calc_pot:calc_Z6|lpm_mult:Mult0 ;
+------------------------------------------------+----------+--------------------------------+
; Parameter Name                                 ; Value    ; Type                           ;
+------------------------------------------------+----------+--------------------------------+
; AUTO_CARRY_CHAINS                              ; ON       ; AUTO_CARRY                     ;
; IGNORE_CARRY_BUFFERS                           ; OFF      ; IGNORE_CARRY                   ;
; AUTO_CASCADE_CHAINS                            ; ON       ; AUTO_CASCADE                   ;
; IGNORE_CASCADE_BUFFERS                         ; OFF      ; IGNORE_CASCADE                 ;
; LPM_WIDTHA                                     ; 12       ; Untyped                        ;
; LPM_WIDTHB                                     ; 12       ; Untyped                        ;
; LPM_WIDTHP                                     ; 24       ; Untyped                        ;
; LPM_WIDTHR                                     ; 24       ; Untyped                        ;
; LPM_WIDTHS                                     ; 1        ; Untyped                        ;
; LPM_REPRESENTATION                             ; SIGNED   ; Untyped                        ;
; LPM_PIPELINE                                   ; 0        ; Untyped                        ;
; LATENCY                                        ; 0        ; Untyped                        ;
; INPUT_A_IS_CONSTANT                            ; NO       ; Untyped                        ;
; INPUT_B_IS_CONSTANT                            ; NO       ; Untyped                        ;
; USE_EAB                                        ; OFF      ; Untyped                        ;
; MAXIMIZE_SPEED                                 ; 6        ; Untyped                        ;
; DEVICE_FAMILY                                  ; MAX 10   ; Untyped                        ;
; CARRY_CHAIN                                    ; MANUAL   ; Untyped                        ;
; APEX20K_TECHNOLOGY_MAPPER                      ; LUT      ; TECH_MAPPER_APEX20K            ;
; DEDICATED_MULTIPLIER_CIRCUITRY                 ; AUTO     ; Untyped                        ;
; DEDICATED_MULTIPLIER_MIN_INPUT_WIDTH_FOR_AUTO  ; 0        ; Untyped                        ;
; DEDICATED_MULTIPLIER_MIN_OUTPUT_WIDTH_FOR_AUTO ; 0        ; Untyped                        ;
; CBXI_PARAMETER                                 ; mult_jgs ; Untyped                        ;
; INPUT_A_FIXED_VALUE                            ; Bx       ; Untyped                        ;
; INPUT_B_FIXED_VALUE                            ; Bx       ; Untyped                        ;
; USE_AHDL_IMPLEMENTATION                        ; OFF      ; Untyped                        ;
+------------------------------------------------+----------+--------------------------------+
Note: In order to hide this table in the UI and the text report file, please set the "Show Parameter Settings in Synthesis Report" option in "Analysis and Synthesis Settings -> More Settings" to "Off".


+--------------------------------------------------------------------------------------------+
; Parameter Settings for Inferred Entity Instance: fft16:UUT|calc_pot:calc_Z5|lpm_mult:Mult1 ;
+------------------------------------------------+----------+--------------------------------+
; Parameter Name                                 ; Value    ; Type                           ;
+------------------------------------------------+----------+--------------------------------+
; AUTO_CARRY_CHAINS                              ; ON       ; AUTO_CARRY                     ;
; IGNORE_CARRY_BUFFERS                           ; OFF      ; IGNORE_CARRY                   ;
; AUTO_CASCADE_CHAINS                            ; ON       ; AUTO_CASCADE                   ;
; IGNORE_CASCADE_BUFFERS                         ; OFF      ; IGNORE_CASCADE                 ;
; LPM_WIDTHA                                     ; 12       ; Untyped                        ;
; LPM_WIDTHB                                     ; 12       ; Untyped                        ;
; LPM_WIDTHP                                     ; 24       ; Untyped                        ;
; LPM_WIDTHR                                     ; 24       ; Untyped                        ;
; LPM_WIDTHS                                     ; 1        ; Untyped                        ;
; LPM_REPRESENTATION                             ; SIGNED   ; Untyped                        ;
; LPM_PIPELINE                                   ; 0        ; Untyped                        ;
; LATENCY                                        ; 0        ; Untyped                        ;
; INPUT_A_IS_CONSTANT                            ; NO       ; Untyped                        ;
; INPUT_B_IS_CONSTANT                            ; NO       ; Untyped                        ;
; USE_EAB                                        ; OFF      ; Untyped                        ;
; MAXIMIZE_SPEED                                 ; 6        ; Untyped                        ;
; DEVICE_FAMILY                                  ; MAX 10   ; Untyped                        ;
; CARRY_CHAIN                                    ; MANUAL   ; Untyped                        ;
; APEX20K_TECHNOLOGY_MAPPER                      ; LUT      ; TECH_MAPPER_APEX20K            ;
; DEDICATED_MULTIPLIER_CIRCUITRY                 ; AUTO     ; Untyped                        ;
; DEDICATED_MULTIPLIER_MIN_INPUT_WIDTH_FOR_AUTO  ; 0        ; Untyped                        ;
; DEDICATED_MULTIPLIER_MIN_OUTPUT_WIDTH_FOR_AUTO ; 0        ; Untyped                        ;
; CBXI_PARAMETER                                 ; mult_jgs ; Untyped                        ;
; INPUT_A_FIXED_VALUE                            ; Bx       ; Untyped                        ;
; INPUT_B_FIXED_VALUE                            ; Bx       ; Untyped                        ;
; USE_AHDL_IMPLEMENTATION                        ; OFF      ; Untyped                        ;
+------------------------------------------------+----------+--------------------------------+
Note: In order to hide this table in the UI and the text report file, please set the "Show Parameter Settings in Synthesis Report" option in "Analysis and Synthesis Settings -> More Settings" to "Off".


+--------------------------------------------------------------------------------------------+
; Parameter Settings for Inferred Entity Instance: fft16:UUT|calc_pot:calc_Z5|lpm_mult:Mult0 ;
+------------------------------------------------+----------+--------------------------------+
; Parameter Name                                 ; Value    ; Type                           ;
+------------------------------------------------+----------+--------------------------------+
; AUTO_CARRY_CHAINS                              ; ON       ; AUTO_CARRY                     ;
; IGNORE_CARRY_BUFFERS                           ; OFF      ; IGNORE_CARRY                   ;
; AUTO_CASCADE_CHAINS                            ; ON       ; AUTO_CASCADE                   ;
; IGNORE_CASCADE_BUFFERS                         ; OFF      ; IGNORE_CASCADE                 ;
; LPM_WIDTHA                                     ; 12       ; Untyped                        ;
; LPM_WIDTHB                                     ; 12       ; Untyped                        ;
; LPM_WIDTHP                                     ; 24       ; Untyped                        ;
; LPM_WIDTHR                                     ; 24       ; Untyped                        ;
; LPM_WIDTHS                                     ; 1        ; Untyped                        ;
; LPM_REPRESENTATION                             ; SIGNED   ; Untyped                        ;
; LPM_PIPELINE                                   ; 0        ; Untyped                        ;
; LATENCY                                        ; 0        ; Untyped                        ;
; INPUT_A_IS_CONSTANT                            ; NO       ; Untyped                        ;
; INPUT_B_IS_CONSTANT                            ; NO       ; Untyped                        ;
; USE_EAB                                        ; OFF      ; Untyped                        ;
; MAXIMIZE_SPEED                                 ; 6        ; Untyped                        ;
; DEVICE_FAMILY                                  ; MAX 10   ; Untyped                        ;
; CARRY_CHAIN                                    ; MANUAL   ; Untyped                        ;
; APEX20K_TECHNOLOGY_MAPPER                      ; LUT      ; TECH_MAPPER_APEX20K            ;
; DEDICATED_MULTIPLIER_CIRCUITRY                 ; AUTO     ; Untyped                        ;
; DEDICATED_MULTIPLIER_MIN_INPUT_WIDTH_FOR_AUTO  ; 0        ; Untyped                        ;
; DEDICATED_MULTIPLIER_MIN_OUTPUT_WIDTH_FOR_AUTO ; 0        ; Untyped                        ;
; CBXI_PARAMETER                                 ; mult_jgs ; Untyped                        ;
; INPUT_A_FIXED_VALUE                            ; Bx       ; Untyped                        ;
; INPUT_B_FIXED_VALUE                            ; Bx       ; Untyped                        ;
; USE_AHDL_IMPLEMENTATION                        ; OFF      ; Untyped                        ;
+------------------------------------------------+----------+--------------------------------+
Note: In order to hide this table in the UI and the text report file, please set the "Show Parameter Settings in Synthesis Report" option in "Analysis and Synthesis Settings -> More Settings" to "Off".


+--------------------------------------------------------------------------------------------+
; Parameter Settings for Inferred Entity Instance: fft16:UUT|calc_pot:calc_Z4|lpm_mult:Mult1 ;
+------------------------------------------------+----------+--------------------------------+
; Parameter Name                                 ; Value    ; Type                           ;
+------------------------------------------------+----------+--------------------------------+
; AUTO_CARRY_CHAINS                              ; ON       ; AUTO_CARRY                     ;
; IGNORE_CARRY_BUFFERS                           ; OFF      ; IGNORE_CARRY                   ;
; AUTO_CASCADE_CHAINS                            ; ON       ; AUTO_CASCADE                   ;
; IGNORE_CASCADE_BUFFERS                         ; OFF      ; IGNORE_CASCADE                 ;
; LPM_WIDTHA                                     ; 12       ; Untyped                        ;
; LPM_WIDTHB                                     ; 12       ; Untyped                        ;
; LPM_WIDTHP                                     ; 24       ; Untyped                        ;
; LPM_WIDTHR                                     ; 24       ; Untyped                        ;
; LPM_WIDTHS                                     ; 1        ; Untyped                        ;
; LPM_REPRESENTATION                             ; SIGNED   ; Untyped                        ;
; LPM_PIPELINE                                   ; 0        ; Untyped                        ;
; LATENCY                                        ; 0        ; Untyped                        ;
; INPUT_A_IS_CONSTANT                            ; NO       ; Untyped                        ;
; INPUT_B_IS_CONSTANT                            ; NO       ; Untyped                        ;
; USE_EAB                                        ; OFF      ; Untyped                        ;
; MAXIMIZE_SPEED                                 ; 6        ; Untyped                        ;
; DEVICE_FAMILY                                  ; MAX 10   ; Untyped                        ;
; CARRY_CHAIN                                    ; MANUAL   ; Untyped                        ;
; APEX20K_TECHNOLOGY_MAPPER                      ; LUT      ; TECH_MAPPER_APEX20K            ;
; DEDICATED_MULTIPLIER_CIRCUITRY                 ; AUTO     ; Untyped                        ;
; DEDICATED_MULTIPLIER_MIN_INPUT_WIDTH_FOR_AUTO  ; 0        ; Untyped                        ;
; DEDICATED_MULTIPLIER_MIN_OUTPUT_WIDTH_FOR_AUTO ; 0        ; Untyped                        ;
; CBXI_PARAMETER                                 ; mult_jgs ; Untyped                        ;
; INPUT_A_FIXED_VALUE                            ; Bx       ; Untyped                        ;
; INPUT_B_FIXED_VALUE                            ; Bx       ; Untyped                        ;
; USE_AHDL_IMPLEMENTATION                        ; OFF      ; Untyped                        ;
+------------------------------------------------+----------+--------------------------------+
Note: In order to hide this table in the UI and the text report file, please set the "Show Parameter Settings in Synthesis Report" option in "Analysis and Synthesis Settings -> More Settings" to "Off".


+--------------------------------------------------------------------------------------------+
; Parameter Settings for Inferred Entity Instance: fft16:UUT|calc_pot:calc_Z4|lpm_mult:Mult0 ;
+------------------------------------------------+----------+--------------------------------+
; Parameter Name                                 ; Value    ; Type                           ;
+------------------------------------------------+----------+--------------------------------+
; AUTO_CARRY_CHAINS                              ; ON       ; AUTO_CARRY                     ;
; IGNORE_CARRY_BUFFERS                           ; OFF      ; IGNORE_CARRY                   ;
; AUTO_CASCADE_CHAINS                            ; ON       ; AUTO_CASCADE                   ;
; IGNORE_CASCADE_BUFFERS                         ; OFF      ; IGNORE_CASCADE                 ;
; LPM_WIDTHA                                     ; 12       ; Untyped                        ;
; LPM_WIDTHB                                     ; 12       ; Untyped                        ;
; LPM_WIDTHP                                     ; 24       ; Untyped                        ;
; LPM_WIDTHR                                     ; 24       ; Untyped                        ;
; LPM_WIDTHS                                     ; 1        ; Untyped                        ;
; LPM_REPRESENTATION                             ; SIGNED   ; Untyped                        ;
; LPM_PIPELINE                                   ; 0        ; Untyped                        ;
; LATENCY                                        ; 0        ; Untyped                        ;
; INPUT_A_IS_CONSTANT                            ; NO       ; Untyped                        ;
; INPUT_B_IS_CONSTANT                            ; NO       ; Untyped                        ;
; USE_EAB                                        ; OFF      ; Untyped                        ;
; MAXIMIZE_SPEED                                 ; 6        ; Untyped                        ;
; DEVICE_FAMILY                                  ; MAX 10   ; Untyped                        ;
; CARRY_CHAIN                                    ; MANUAL   ; Untyped                        ;
; APEX20K_TECHNOLOGY_MAPPER                      ; LUT      ; TECH_MAPPER_APEX20K            ;
; DEDICATED_MULTIPLIER_CIRCUITRY                 ; AUTO     ; Untyped                        ;
; DEDICATED_MULTIPLIER_MIN_INPUT_WIDTH_FOR_AUTO  ; 0        ; Untyped                        ;
; DEDICATED_MULTIPLIER_MIN_OUTPUT_WIDTH_FOR_AUTO ; 0        ; Untyped                        ;
; CBXI_PARAMETER                                 ; mult_jgs ; Untyped                        ;
; INPUT_A_FIXED_VALUE                            ; Bx       ; Untyped                        ;
; INPUT_B_FIXED_VALUE                            ; Bx       ; Untyped                        ;
; USE_AHDL_IMPLEMENTATION                        ; OFF      ; Untyped                        ;
+------------------------------------------------+----------+--------------------------------+
Note: In order to hide this table in the UI and the text report file, please set the "Show Parameter Settings in Synthesis Report" option in "Analysis and Synthesis Settings -> More Settings" to "Off".


+--------------------------------------------------------------------------------------------+
; Parameter Settings for Inferred Entity Instance: fft16:UUT|calc_pot:calc_Z3|lpm_mult:Mult1 ;
+------------------------------------------------+----------+--------------------------------+
; Parameter Name                                 ; Value    ; Type                           ;
+------------------------------------------------+----------+--------------------------------+
; AUTO_CARRY_CHAINS                              ; ON       ; AUTO_CARRY                     ;
; IGNORE_CARRY_BUFFERS                           ; OFF      ; IGNORE_CARRY                   ;
; AUTO_CASCADE_CHAINS                            ; ON       ; AUTO_CASCADE                   ;
; IGNORE_CASCADE_BUFFERS                         ; OFF      ; IGNORE_CASCADE                 ;
; LPM_WIDTHA                                     ; 12       ; Untyped                        ;
; LPM_WIDTHB                                     ; 12       ; Untyped                        ;
; LPM_WIDTHP                                     ; 24       ; Untyped                        ;
; LPM_WIDTHR                                     ; 24       ; Untyped                        ;
; LPM_WIDTHS                                     ; 1        ; Untyped                        ;
; LPM_REPRESENTATION                             ; SIGNED   ; Untyped                        ;
; LPM_PIPELINE                                   ; 0        ; Untyped                        ;
; LATENCY                                        ; 0        ; Untyped                        ;
; INPUT_A_IS_CONSTANT                            ; NO       ; Untyped                        ;
; INPUT_B_IS_CONSTANT                            ; NO       ; Untyped                        ;
; USE_EAB                                        ; OFF      ; Untyped                        ;
; MAXIMIZE_SPEED                                 ; 6        ; Untyped                        ;
; DEVICE_FAMILY                                  ; MAX 10   ; Untyped                        ;
; CARRY_CHAIN                                    ; MANUAL   ; Untyped                        ;
; APEX20K_TECHNOLOGY_MAPPER                      ; LUT      ; TECH_MAPPER_APEX20K            ;
; DEDICATED_MULTIPLIER_CIRCUITRY                 ; AUTO     ; Untyped                        ;
; DEDICATED_MULTIPLIER_MIN_INPUT_WIDTH_FOR_AUTO  ; 0        ; Untyped                        ;
; DEDICATED_MULTIPLIER_MIN_OUTPUT_WIDTH_FOR_AUTO ; 0        ; Untyped                        ;
; CBXI_PARAMETER                                 ; mult_jgs ; Untyped                        ;
; INPUT_A_FIXED_VALUE                            ; Bx       ; Untyped                        ;
; INPUT_B_FIXED_VALUE                            ; Bx       ; Untyped                        ;
; USE_AHDL_IMPLEMENTATION                        ; OFF      ; Untyped                        ;
+------------------------------------------------+----------+--------------------------------+
Note: In order to hide this table in the UI and the text report file, please set the "Show Parameter Settings in Synthesis Report" option in "Analysis and Synthesis Settings -> More Settings" to "Off".


+--------------------------------------------------------------------------------------------+
; Parameter Settings for Inferred Entity Instance: fft16:UUT|calc_pot:calc_Z3|lpm_mult:Mult0 ;
+------------------------------------------------+----------+--------------------------------+
; Parameter Name                                 ; Value    ; Type                           ;
+------------------------------------------------+----------+--------------------------------+
; AUTO_CARRY_CHAINS                              ; ON       ; AUTO_CARRY                     ;
; IGNORE_CARRY_BUFFERS                           ; OFF      ; IGNORE_CARRY                   ;
; AUTO_CASCADE_CHAINS                            ; ON       ; AUTO_CASCADE                   ;
; IGNORE_CASCADE_BUFFERS                         ; OFF      ; IGNORE_CASCADE                 ;
; LPM_WIDTHA                                     ; 12       ; Untyped                        ;
; LPM_WIDTHB                                     ; 12       ; Untyped                        ;
; LPM_WIDTHP                                     ; 24       ; Untyped                        ;
; LPM_WIDTHR                                     ; 24       ; Untyped                        ;
; LPM_WIDTHS                                     ; 1        ; Untyped                        ;
; LPM_REPRESENTATION                             ; SIGNED   ; Untyped                        ;
; LPM_PIPELINE                                   ; 0        ; Untyped                        ;
; LATENCY                                        ; 0        ; Untyped                        ;
; INPUT_A_IS_CONSTANT                            ; NO       ; Untyped                        ;
; INPUT_B_IS_CONSTANT                            ; NO       ; Untyped                        ;
; USE_EAB                                        ; OFF      ; Untyped                        ;
; MAXIMIZE_SPEED                                 ; 6        ; Untyped                        ;
; DEVICE_FAMILY                                  ; MAX 10   ; Untyped                        ;
; CARRY_CHAIN                                    ; MANUAL   ; Untyped                        ;
; APEX20K_TECHNOLOGY_MAPPER                      ; LUT      ; TECH_MAPPER_APEX20K            ;
; DEDICATED_MULTIPLIER_CIRCUITRY                 ; AUTO     ; Untyped                        ;
; DEDICATED_MULTIPLIER_MIN_INPUT_WIDTH_FOR_AUTO  ; 0        ; Untyped                        ;
; DEDICATED_MULTIPLIER_MIN_OUTPUT_WIDTH_FOR_AUTO ; 0        ; Untyped                        ;
; CBXI_PARAMETER                                 ; mult_jgs ; Untyped                        ;
; INPUT_A_FIXED_VALUE                            ; Bx       ; Untyped                        ;
; INPUT_B_FIXED_VALUE                            ; Bx       ; Untyped                        ;
; USE_AHDL_IMPLEMENTATION                        ; OFF      ; Untyped                        ;
+------------------------------------------------+----------+--------------------------------+
Note: In order to hide this table in the UI and the text report file, please set the "Show Parameter Settings in Synthesis Report" option in "Analysis and Synthesis Settings -> More Settings" to "Off".


+--------------------------------------------------------------------------------------------+
; Parameter Settings for Inferred Entity Instance: fft16:UUT|calc_pot:calc_Z2|lpm_mult:Mult1 ;
+------------------------------------------------+----------+--------------------------------+
; Parameter Name                                 ; Value    ; Type                           ;
+------------------------------------------------+----------+--------------------------------+
; AUTO_CARRY_CHAINS                              ; ON       ; AUTO_CARRY                     ;
; IGNORE_CARRY_BUFFERS                           ; OFF      ; IGNORE_CARRY                   ;
; AUTO_CASCADE_CHAINS                            ; ON       ; AUTO_CASCADE                   ;
; IGNORE_CASCADE_BUFFERS                         ; OFF      ; IGNORE_CASCADE                 ;
; LPM_WIDTHA                                     ; 12       ; Untyped                        ;
; LPM_WIDTHB                                     ; 12       ; Untyped                        ;
; LPM_WIDTHP                                     ; 24       ; Untyped                        ;
; LPM_WIDTHR                                     ; 24       ; Untyped                        ;
; LPM_WIDTHS                                     ; 1        ; Untyped                        ;
; LPM_REPRESENTATION                             ; SIGNED   ; Untyped                        ;
; LPM_PIPELINE                                   ; 0        ; Untyped                        ;
; LATENCY                                        ; 0        ; Untyped                        ;
; INPUT_A_IS_CONSTANT                            ; NO       ; Untyped                        ;
; INPUT_B_IS_CONSTANT                            ; NO       ; Untyped                        ;
; USE_EAB                                        ; OFF      ; Untyped                        ;
; MAXIMIZE_SPEED                                 ; 6        ; Untyped                        ;
; DEVICE_FAMILY                                  ; MAX 10   ; Untyped                        ;
; CARRY_CHAIN                                    ; MANUAL   ; Untyped                        ;
; APEX20K_TECHNOLOGY_MAPPER                      ; LUT      ; TECH_MAPPER_APEX20K            ;
; DEDICATED_MULTIPLIER_CIRCUITRY                 ; AUTO     ; Untyped                        ;
; DEDICATED_MULTIPLIER_MIN_INPUT_WIDTH_FOR_AUTO  ; 0        ; Untyped                        ;
; DEDICATED_MULTIPLIER_MIN_OUTPUT_WIDTH_FOR_AUTO ; 0        ; Untyped                        ;
; CBXI_PARAMETER                                 ; mult_jgs ; Untyped                        ;
; INPUT_A_FIXED_VALUE                            ; Bx       ; Untyped                        ;
; INPUT_B_FIXED_VALUE                            ; Bx       ; Untyped                        ;
; USE_AHDL_IMPLEMENTATION                        ; OFF      ; Untyped                        ;
+------------------------------------------------+----------+--------------------------------+
Note: In order to hide this table in the UI and the text report file, please set the "Show Parameter Settings in Synthesis Report" option in "Analysis and Synthesis Settings -> More Settings" to "Off".


+--------------------------------------------------------------------------------------------+
; Parameter Settings for Inferred Entity Instance: fft16:UUT|calc_pot:calc_Z2|lpm_mult:Mult0 ;
+------------------------------------------------+----------+--------------------------------+
; Parameter Name                                 ; Value    ; Type                           ;
+------------------------------------------------+----------+--------------------------------+
; AUTO_CARRY_CHAINS                              ; ON       ; AUTO_CARRY                     ;
; IGNORE_CARRY_BUFFERS                           ; OFF      ; IGNORE_CARRY                   ;
; AUTO_CASCADE_CHAINS                            ; ON       ; AUTO_CASCADE                   ;
; IGNORE_CASCADE_BUFFERS                         ; OFF      ; IGNORE_CASCADE                 ;
; LPM_WIDTHA                                     ; 12       ; Untyped                        ;
; LPM_WIDTHB                                     ; 12       ; Untyped                        ;
; LPM_WIDTHP                                     ; 24       ; Untyped                        ;
; LPM_WIDTHR                                     ; 24       ; Untyped                        ;
; LPM_WIDTHS                                     ; 1        ; Untyped                        ;
; LPM_REPRESENTATION                             ; SIGNED   ; Untyped                        ;
; LPM_PIPELINE                                   ; 0        ; Untyped                        ;
; LATENCY                                        ; 0        ; Untyped                        ;
; INPUT_A_IS_CONSTANT                            ; NO       ; Untyped                        ;
; INPUT_B_IS_CONSTANT                            ; NO       ; Untyped                        ;
; USE_EAB                                        ; OFF      ; Untyped                        ;
; MAXIMIZE_SPEED                                 ; 6        ; Untyped                        ;
; DEVICE_FAMILY                                  ; MAX 10   ; Untyped                        ;
; CARRY_CHAIN                                    ; MANUAL   ; Untyped                        ;
; APEX20K_TECHNOLOGY_MAPPER                      ; LUT      ; TECH_MAPPER_APEX20K            ;
; DEDICATED_MULTIPLIER_CIRCUITRY                 ; AUTO     ; Untyped                        ;
; DEDICATED_MULTIPLIER_MIN_INPUT_WIDTH_FOR_AUTO  ; 0        ; Untyped                        ;
; DEDICATED_MULTIPLIER_MIN_OUTPUT_WIDTH_FOR_AUTO ; 0        ; Untyped                        ;
; CBXI_PARAMETER                                 ; mult_jgs ; Untyped                        ;
; INPUT_A_FIXED_VALUE                            ; Bx       ; Untyped                        ;
; INPUT_B_FIXED_VALUE                            ; Bx       ; Untyped                        ;
; USE_AHDL_IMPLEMENTATION                        ; OFF      ; Untyped                        ;
+------------------------------------------------+----------+--------------------------------+
Note: In order to hide this table in the UI and the text report file, please set the "Show Parameter Settings in Synthesis Report" option in "Analysis and Synthesis Settings -> More Settings" to "Off".


+--------------------------------------------------------------------------------------------+
; Parameter Settings for Inferred Entity Instance: fft16:UUT|calc_pot:calc_Z1|lpm_mult:Mult1 ;
+------------------------------------------------+----------+--------------------------------+
; Parameter Name                                 ; Value    ; Type                           ;
+------------------------------------------------+----------+--------------------------------+
; AUTO_CARRY_CHAINS                              ; ON       ; AUTO_CARRY                     ;
; IGNORE_CARRY_BUFFERS                           ; OFF      ; IGNORE_CARRY                   ;
; AUTO_CASCADE_CHAINS                            ; ON       ; AUTO_CASCADE                   ;
; IGNORE_CASCADE_BUFFERS                         ; OFF      ; IGNORE_CASCADE                 ;
; LPM_WIDTHA                                     ; 12       ; Untyped                        ;
; LPM_WIDTHB                                     ; 12       ; Untyped                        ;
; LPM_WIDTHP                                     ; 24       ; Untyped                        ;
; LPM_WIDTHR                                     ; 24       ; Untyped                        ;
; LPM_WIDTHS                                     ; 1        ; Untyped                        ;
; LPM_REPRESENTATION                             ; SIGNED   ; Untyped                        ;
; LPM_PIPELINE                                   ; 0        ; Untyped                        ;
; LATENCY                                        ; 0        ; Untyped                        ;
; INPUT_A_IS_CONSTANT                            ; NO       ; Untyped                        ;
; INPUT_B_IS_CONSTANT                            ; NO       ; Untyped                        ;
; USE_EAB                                        ; OFF      ; Untyped                        ;
; MAXIMIZE_SPEED                                 ; 6        ; Untyped                        ;
; DEVICE_FAMILY                                  ; MAX 10   ; Untyped                        ;
; CARRY_CHAIN                                    ; MANUAL   ; Untyped                        ;
; APEX20K_TECHNOLOGY_MAPPER                      ; LUT      ; TECH_MAPPER_APEX20K            ;
; DEDICATED_MULTIPLIER_CIRCUITRY                 ; AUTO     ; Untyped                        ;
; DEDICATED_MULTIPLIER_MIN_INPUT_WIDTH_FOR_AUTO  ; 0        ; Untyped                        ;
; DEDICATED_MULTIPLIER_MIN_OUTPUT_WIDTH_FOR_AUTO ; 0        ; Untyped                        ;
; CBXI_PARAMETER                                 ; mult_jgs ; Untyped                        ;
; INPUT_A_FIXED_VALUE                            ; Bx       ; Untyped                        ;
; INPUT_B_FIXED_VALUE                            ; Bx       ; Untyped                        ;
; USE_AHDL_IMPLEMENTATION                        ; OFF      ; Untyped                        ;
+------------------------------------------------+----------+--------------------------------+
Note: In order to hide this table in the UI and the text report file, please set the "Show Parameter Settings in Synthesis Report" option in "Analysis and Synthesis Settings -> More Settings" to "Off".


+--------------------------------------------------------------------------------------------+
; Parameter Settings for Inferred Entity Instance: fft16:UUT|calc_pot:calc_Z1|lpm_mult:Mult0 ;
+------------------------------------------------+----------+--------------------------------+
; Parameter Name                                 ; Value    ; Type                           ;
+------------------------------------------------+----------+--------------------------------+
; AUTO_CARRY_CHAINS                              ; ON       ; AUTO_CARRY                     ;
; IGNORE_CARRY_BUFFERS                           ; OFF      ; IGNORE_CARRY                   ;
; AUTO_CASCADE_CHAINS                            ; ON       ; AUTO_CASCADE                   ;
; IGNORE_CASCADE_BUFFERS                         ; OFF      ; IGNORE_CASCADE                 ;
; LPM_WIDTHA                                     ; 12       ; Untyped                        ;
; LPM_WIDTHB                                     ; 12       ; Untyped                        ;
; LPM_WIDTHP                                     ; 24       ; Untyped                        ;
; LPM_WIDTHR                                     ; 24       ; Untyped                        ;
; LPM_WIDTHS                                     ; 1        ; Untyped                        ;
; LPM_REPRESENTATION                             ; SIGNED   ; Untyped                        ;
; LPM_PIPELINE                                   ; 0        ; Untyped                        ;
; LATENCY                                        ; 0        ; Untyped                        ;
; INPUT_A_IS_CONSTANT                            ; NO       ; Untyped                        ;
; INPUT_B_IS_CONSTANT                            ; NO       ; Untyped                        ;
; USE_EAB                                        ; OFF      ; Untyped                        ;
; MAXIMIZE_SPEED                                 ; 6        ; Untyped                        ;
; DEVICE_FAMILY                                  ; MAX 10   ; Untyped                        ;
; CARRY_CHAIN                                    ; MANUAL   ; Untyped                        ;
; APEX20K_TECHNOLOGY_MAPPER                      ; LUT      ; TECH_MAPPER_APEX20K            ;
; DEDICATED_MULTIPLIER_CIRCUITRY                 ; AUTO     ; Untyped                        ;
; DEDICATED_MULTIPLIER_MIN_INPUT_WIDTH_FOR_AUTO  ; 0        ; Untyped                        ;
; DEDICATED_MULTIPLIER_MIN_OUTPUT_WIDTH_FOR_AUTO ; 0        ; Untyped                        ;
; CBXI_PARAMETER                                 ; mult_jgs ; Untyped                        ;
; INPUT_A_FIXED_VALUE                            ; Bx       ; Untyped                        ;
; INPUT_B_FIXED_VALUE                            ; Bx       ; Untyped                        ;
; USE_AHDL_IMPLEMENTATION                        ; OFF      ; Untyped                        ;
+------------------------------------------------+----------+--------------------------------+
Note: In order to hide this table in the UI and the text report file, please set the "Show Parameter Settings in Synthesis Report" option in "Analysis and Synthesis Settings -> More Settings" to "Off".


+-----------------------------------------------------------------------------------------------------+
; Parameter Settings for Inferred Entity Instance: fft16:UUT|complex_mult_twiddle:UUT9|lpm_mult:Mult3 ;
+------------------------------------------------+---------+------------------------------------------+
; Parameter Name                                 ; Value   ; Type                                     ;
+------------------------------------------------+---------+------------------------------------------+
; AUTO_CARRY_CHAINS                              ; ON      ; AUTO_CARRY                               ;
; IGNORE_CARRY_BUFFERS                           ; OFF     ; IGNORE_CARRY                             ;
; AUTO_CASCADE_CHAINS                            ; ON      ; AUTO_CASCADE                             ;
; IGNORE_CASCADE_BUFFERS                         ; OFF     ; IGNORE_CASCADE                           ;
; LPM_WIDTHA                                     ; 12      ; Untyped                                  ;
; LPM_WIDTHB                                     ; 12      ; Untyped                                  ;
; LPM_WIDTHP                                     ; 24      ; Untyped                                  ;
; LPM_WIDTHR                                     ; 24      ; Untyped                                  ;
; LPM_WIDTHS                                     ; 1       ; Untyped                                  ;
; LPM_REPRESENTATION                             ; SIGNED  ; Untyped                                  ;
; LPM_PIPELINE                                   ; 0       ; Untyped                                  ;
; LATENCY                                        ; 0       ; Untyped                                  ;
; INPUT_A_IS_CONSTANT                            ; NO      ; Untyped                                  ;
; INPUT_B_IS_CONSTANT                            ; YES     ; Untyped                                  ;
; USE_EAB                                        ; OFF     ; Untyped                                  ;
; MAXIMIZE_SPEED                                 ; 6       ; Untyped                                  ;
; DEVICE_FAMILY                                  ; MAX 10  ; Untyped                                  ;
; CARRY_CHAIN                                    ; MANUAL  ; Untyped                                  ;
; APEX20K_TECHNOLOGY_MAPPER                      ; LUT     ; TECH_MAPPER_APEX20K                      ;
; DEDICATED_MULTIPLIER_CIRCUITRY                 ; AUTO    ; Untyped                                  ;
; DEDICATED_MULTIPLIER_MIN_INPUT_WIDTH_FOR_AUTO  ; 0       ; Untyped                                  ;
; DEDICATED_MULTIPLIER_MIN_OUTPUT_WIDTH_FOR_AUTO ; 0       ; Untyped                                  ;
; CBXI_PARAMETER                                 ; NOTHING ; Untyped                                  ;
; INPUT_A_FIXED_VALUE                            ; Bx      ; Untyped                                  ;
; INPUT_B_FIXED_VALUE                            ; Bx      ; Untyped                                  ;
; USE_AHDL_IMPLEMENTATION                        ; OFF     ; Untyped                                  ;
+------------------------------------------------+---------+------------------------------------------+
Note: In order to hide this table in the UI and the text report file, please set the "Show Parameter Settings in Synthesis Report" option in "Analysis and Synthesis Settings -> More Settings" to "Off".


+-----------------------------------------------------------------------------------------------------+
; Parameter Settings for Inferred Entity Instance: fft16:UUT|complex_mult_twiddle:UUT7|lpm_mult:Mult1 ;
+------------------------------------------------+---------+------------------------------------------+
; Parameter Name                                 ; Value   ; Type                                     ;
+------------------------------------------------+---------+------------------------------------------+
; AUTO_CARRY_CHAINS                              ; ON      ; AUTO_CARRY                               ;
; IGNORE_CARRY_BUFFERS                           ; OFF     ; IGNORE_CARRY                             ;
; AUTO_CASCADE_CHAINS                            ; ON      ; AUTO_CASCADE                             ;
; IGNORE_CASCADE_BUFFERS                         ; OFF     ; IGNORE_CASCADE                           ;
; LPM_WIDTHA                                     ; 11      ; Untyped                                  ;
; LPM_WIDTHB                                     ; 12      ; Untyped                                  ;
; LPM_WIDTHP                                     ; 23      ; Untyped                                  ;
; LPM_WIDTHR                                     ; 23      ; Untyped                                  ;
; LPM_WIDTHS                                     ; 1       ; Untyped                                  ;
; LPM_REPRESENTATION                             ; SIGNED  ; Untyped                                  ;
; LPM_PIPELINE                                   ; 0       ; Untyped                                  ;
; LATENCY                                        ; 0       ; Untyped                                  ;
; INPUT_A_IS_CONSTANT                            ; NO      ; Untyped                                  ;
; INPUT_B_IS_CONSTANT                            ; YES     ; Untyped                                  ;
; USE_EAB                                        ; OFF     ; Untyped                                  ;
; MAXIMIZE_SPEED                                 ; 6       ; Untyped                                  ;
; DEVICE_FAMILY                                  ; MAX 10  ; Untyped                                  ;
; CARRY_CHAIN                                    ; MANUAL  ; Untyped                                  ;
; APEX20K_TECHNOLOGY_MAPPER                      ; LUT     ; TECH_MAPPER_APEX20K                      ;
; DEDICATED_MULTIPLIER_CIRCUITRY                 ; AUTO    ; Untyped                                  ;
; DEDICATED_MULTIPLIER_MIN_INPUT_WIDTH_FOR_AUTO  ; 0       ; Untyped                                  ;
; DEDICATED_MULTIPLIER_MIN_OUTPUT_WIDTH_FOR_AUTO ; 0       ; Untyped                                  ;
; CBXI_PARAMETER                                 ; NOTHING ; Untyped                                  ;
; INPUT_A_FIXED_VALUE                            ; Bx      ; Untyped                                  ;
; INPUT_B_FIXED_VALUE                            ; Bx      ; Untyped                                  ;
; USE_AHDL_IMPLEMENTATION                        ; OFF     ; Untyped                                  ;
+------------------------------------------------+---------+------------------------------------------+
Note: In order to hide this table in the UI and the text report file, please set the "Show Parameter Settings in Synthesis Report" option in "Analysis and Synthesis Settings -> More Settings" to "Off".


+------------------------------------------------------------------------------------------------------+
; Parameter Settings for Inferred Entity Instance: fft16:UUT|complex_mult_twiddle:UUT13|lpm_mult:Mult0 ;
+------------------------------------------------+---------+-------------------------------------------+
; Parameter Name                                 ; Value   ; Type                                      ;
+------------------------------------------------+---------+-------------------------------------------+
; AUTO_CARRY_CHAINS                              ; ON      ; AUTO_CARRY                                ;
; IGNORE_CARRY_BUFFERS                           ; OFF     ; IGNORE_CARRY                              ;
; AUTO_CASCADE_CHAINS                            ; ON      ; AUTO_CASCADE                              ;
; IGNORE_CASCADE_BUFFERS                         ; OFF     ; IGNORE_CASCADE                            ;
; LPM_WIDTHA                                     ; 11      ; Untyped                                   ;
; LPM_WIDTHB                                     ; 12      ; Untyped                                   ;
; LPM_WIDTHP                                     ; 23      ; Untyped                                   ;
; LPM_WIDTHR                                     ; 23      ; Untyped                                   ;
; LPM_WIDTHS                                     ; 1       ; Untyped                                   ;
; LPM_REPRESENTATION                             ; SIGNED  ; Untyped                                   ;
; LPM_PIPELINE                                   ; 0       ; Untyped                                   ;
; LATENCY                                        ; 0       ; Untyped                                   ;
; INPUT_A_IS_CONSTANT                            ; NO      ; Untyped                                   ;
; INPUT_B_IS_CONSTANT                            ; YES     ; Untyped                                   ;
; USE_EAB                                        ; OFF     ; Untyped                                   ;
; MAXIMIZE_SPEED                                 ; 6       ; Untyped                                   ;
; DEVICE_FAMILY                                  ; MAX 10  ; Untyped                                   ;
; CARRY_CHAIN                                    ; MANUAL  ; Untyped                                   ;
; APEX20K_TECHNOLOGY_MAPPER                      ; LUT     ; TECH_MAPPER_APEX20K                       ;
; DEDICATED_MULTIPLIER_CIRCUITRY                 ; AUTO    ; Untyped                                   ;
; DEDICATED_MULTIPLIER_MIN_INPUT_WIDTH_FOR_AUTO  ; 0       ; Untyped                                   ;
; DEDICATED_MULTIPLIER_MIN_OUTPUT_WIDTH_FOR_AUTO ; 0       ; Untyped                                   ;
; CBXI_PARAMETER                                 ; NOTHING ; Untyped                                   ;
; INPUT_A_FIXED_VALUE                            ; Bx      ; Untyped                                   ;
; INPUT_B_FIXED_VALUE                            ; Bx      ; Untyped                                   ;
; USE_AHDL_IMPLEMENTATION                        ; OFF     ; Untyped                                   ;
+------------------------------------------------+---------+-------------------------------------------+
Note: In order to hide this table in the UI and the text report file, please set the "Show Parameter Settings in Synthesis Report" option in "Analysis and Synthesis Settings -> More Settings" to "Off".


+-----------------------------------------------------------------------------------------------------+
; Parameter Settings for Inferred Entity Instance: fft16:UUT|complex_mult_twiddle:UUT7|lpm_mult:Mult3 ;
+------------------------------------------------+---------+------------------------------------------+
; Parameter Name                                 ; Value   ; Type                                     ;
+------------------------------------------------+---------+------------------------------------------+
; AUTO_CARRY_CHAINS                              ; ON      ; AUTO_CARRY                               ;
; IGNORE_CARRY_BUFFERS                           ; OFF     ; IGNORE_CARRY                             ;
; AUTO_CASCADE_CHAINS                            ; ON      ; AUTO_CASCADE                             ;
; IGNORE_CASCADE_BUFFERS                         ; OFF     ; IGNORE_CASCADE                           ;
; LPM_WIDTHA                                     ; 11      ; Untyped                                  ;
; LPM_WIDTHB                                     ; 12      ; Untyped                                  ;
; LPM_WIDTHP                                     ; 23      ; Untyped                                  ;
; LPM_WIDTHR                                     ; 23      ; Untyped                                  ;
; LPM_WIDTHS                                     ; 1       ; Untyped                                  ;
; LPM_REPRESENTATION                             ; SIGNED  ; Untyped                                  ;
; LPM_PIPELINE                                   ; 0       ; Untyped                                  ;
; LATENCY                                        ; 0       ; Untyped                                  ;
; INPUT_A_IS_CONSTANT                            ; NO      ; Untyped                                  ;
; INPUT_B_IS_CONSTANT                            ; YES     ; Untyped                                  ;
; USE_EAB                                        ; OFF     ; Untyped                                  ;
; MAXIMIZE_SPEED                                 ; 6       ; Untyped                                  ;
; DEVICE_FAMILY                                  ; MAX 10  ; Untyped                                  ;
; CARRY_CHAIN                                    ; MANUAL  ; Untyped                                  ;
; APEX20K_TECHNOLOGY_MAPPER                      ; LUT     ; TECH_MAPPER_APEX20K                      ;
; DEDICATED_MULTIPLIER_CIRCUITRY                 ; AUTO    ; Untyped                                  ;
; DEDICATED_MULTIPLIER_MIN_INPUT_WIDTH_FOR_AUTO  ; 0       ; Untyped                                  ;
; DEDICATED_MULTIPLIER_MIN_OUTPUT_WIDTH_FOR_AUTO ; 0       ; Untyped                                  ;
; CBXI_PARAMETER                                 ; NOTHING ; Untyped                                  ;
; INPUT_A_FIXED_VALUE                            ; Bx      ; Untyped                                  ;
; INPUT_B_FIXED_VALUE                            ; Bx      ; Untyped                                  ;
; USE_AHDL_IMPLEMENTATION                        ; OFF     ; Untyped                                  ;
+------------------------------------------------+---------+------------------------------------------+
Note: In order to hide this table in the UI and the text report file, please set the "Show Parameter Settings in Synthesis Report" option in "Analysis and Synthesis Settings -> More Settings" to "Off".


+------------------------------------------------------------------------------------------------------+
; Parameter Settings for Inferred Entity Instance: fft16:UUT|complex_mult_twiddle:UUT13|lpm_mult:Mult2 ;
+------------------------------------------------+---------+-------------------------------------------+
; Parameter Name                                 ; Value   ; Type                                      ;
+------------------------------------------------+---------+-------------------------------------------+
; AUTO_CARRY_CHAINS                              ; ON      ; AUTO_CARRY                                ;
; IGNORE_CARRY_BUFFERS                           ; OFF     ; IGNORE_CARRY                              ;
; AUTO_CASCADE_CHAINS                            ; ON      ; AUTO_CASCADE                              ;
; IGNORE_CASCADE_BUFFERS                         ; OFF     ; IGNORE_CASCADE                            ;
; LPM_WIDTHA                                     ; 11      ; Untyped                                   ;
; LPM_WIDTHB                                     ; 12      ; Untyped                                   ;
; LPM_WIDTHP                                     ; 23      ; Untyped                                   ;
; LPM_WIDTHR                                     ; 23      ; Untyped                                   ;
; LPM_WIDTHS                                     ; 1       ; Untyped                                   ;
; LPM_REPRESENTATION                             ; SIGNED  ; Untyped                                   ;
; LPM_PIPELINE                                   ; 0       ; Untyped                                   ;
; LATENCY                                        ; 0       ; Untyped                                   ;
; INPUT_A_IS_CONSTANT                            ; NO      ; Untyped                                   ;
; INPUT_B_IS_CONSTANT                            ; YES     ; Untyped                                   ;
; USE_EAB                                        ; OFF     ; Untyped                                   ;
; MAXIMIZE_SPEED                                 ; 6       ; Untyped                                   ;
; DEVICE_FAMILY                                  ; MAX 10  ; Untyped                                   ;
; CARRY_CHAIN                                    ; MANUAL  ; Untyped                                   ;
; APEX20K_TECHNOLOGY_MAPPER                      ; LUT     ; TECH_MAPPER_APEX20K                       ;
; DEDICATED_MULTIPLIER_CIRCUITRY                 ; AUTO    ; Untyped                                   ;
; DEDICATED_MULTIPLIER_MIN_INPUT_WIDTH_FOR_AUTO  ; 0       ; Untyped                                   ;
; DEDICATED_MULTIPLIER_MIN_OUTPUT_WIDTH_FOR_AUTO ; 0       ; Untyped                                   ;
; CBXI_PARAMETER                                 ; NOTHING ; Untyped                                   ;
; INPUT_A_FIXED_VALUE                            ; Bx      ; Untyped                                   ;
; INPUT_B_FIXED_VALUE                            ; Bx      ; Untyped                                   ;
; USE_AHDL_IMPLEMENTATION                        ; OFF     ; Untyped                                   ;
+------------------------------------------------+---------+-------------------------------------------+
Note: In order to hide this table in the UI and the text report file, please set the "Show Parameter Settings in Synthesis Report" option in "Analysis and Synthesis Settings -> More Settings" to "Off".


+-----------------------------------------------------------------------------------------------------+
; Parameter Settings for Inferred Entity Instance: fft16:UUT|complex_mult_twiddle:UUT6|lpm_mult:Mult0 ;
+------------------------------------------------+---------+------------------------------------------+
; Parameter Name                                 ; Value   ; Type                                     ;
+------------------------------------------------+---------+------------------------------------------+
; AUTO_CARRY_CHAINS                              ; ON      ; AUTO_CARRY                               ;
; IGNORE_CARRY_BUFFERS                           ; OFF     ; IGNORE_CARRY                             ;
; AUTO_CASCADE_CHAINS                            ; ON      ; AUTO_CASCADE                             ;
; IGNORE_CASCADE_BUFFERS                         ; OFF     ; IGNORE_CASCADE                           ;
; LPM_WIDTHA                                     ; 12      ; Untyped                                  ;
; LPM_WIDTHB                                     ; 12      ; Untyped                                  ;
; LPM_WIDTHP                                     ; 24      ; Untyped                                  ;
; LPM_WIDTHR                                     ; 24      ; Untyped                                  ;
; LPM_WIDTHS                                     ; 1       ; Untyped                                  ;
; LPM_REPRESENTATION                             ; SIGNED  ; Untyped                                  ;
; LPM_PIPELINE                                   ; 0       ; Untyped                                  ;
; LATENCY                                        ; 0       ; Untyped                                  ;
; INPUT_A_IS_CONSTANT                            ; NO      ; Untyped                                  ;
; INPUT_B_IS_CONSTANT                            ; YES     ; Untyped                                  ;
; USE_EAB                                        ; OFF     ; Untyped                                  ;
; MAXIMIZE_SPEED                                 ; 6       ; Untyped                                  ;
; DEVICE_FAMILY                                  ; MAX 10  ; Untyped                                  ;
; CARRY_CHAIN                                    ; MANUAL  ; Untyped                                  ;
; APEX20K_TECHNOLOGY_MAPPER                      ; LUT     ; TECH_MAPPER_APEX20K                      ;
; DEDICATED_MULTIPLIER_CIRCUITRY                 ; AUTO    ; Untyped                                  ;
; DEDICATED_MULTIPLIER_MIN_INPUT_WIDTH_FOR_AUTO  ; 0       ; Untyped                                  ;
; DEDICATED_MULTIPLIER_MIN_OUTPUT_WIDTH_FOR_AUTO ; 0       ; Untyped                                  ;
; CBXI_PARAMETER                                 ; NOTHING ; Untyped                                  ;
; INPUT_A_FIXED_VALUE                            ; Bx      ; Untyped                                  ;
; INPUT_B_FIXED_VALUE                            ; Bx      ; Untyped                                  ;
; USE_AHDL_IMPLEMENTATION                        ; OFF     ; Untyped                                  ;
+------------------------------------------------+---------+------------------------------------------+
Note: In order to hide this table in the UI and the text report file, please set the "Show Parameter Settings in Synthesis Report" option in "Analysis and Synthesis Settings -> More Settings" to "Off".


+------------------------------------------------------------------------------------------------------+
; Parameter Settings for Inferred Entity Instance: fft16:UUT|complex_mult_twiddle:UUT12|lpm_mult:Mult3 ;
+------------------------------------------------+---------+-------------------------------------------+
; Parameter Name                                 ; Value   ; Type                                      ;
+------------------------------------------------+---------+-------------------------------------------+
; AUTO_CARRY_CHAINS                              ; ON      ; AUTO_CARRY                                ;
; IGNORE_CARRY_BUFFERS                           ; OFF     ; IGNORE_CARRY                              ;
; AUTO_CASCADE_CHAINS                            ; ON      ; AUTO_CASCADE                              ;
; IGNORE_CASCADE_BUFFERS                         ; OFF     ; IGNORE_CASCADE                            ;
; LPM_WIDTHA                                     ; 12      ; Untyped                                   ;
; LPM_WIDTHB                                     ; 12      ; Untyped                                   ;
; LPM_WIDTHP                                     ; 24      ; Untyped                                   ;
; LPM_WIDTHR                                     ; 24      ; Untyped                                   ;
; LPM_WIDTHS                                     ; 1       ; Untyped                                   ;
; LPM_REPRESENTATION                             ; SIGNED  ; Untyped                                   ;
; LPM_PIPELINE                                   ; 0       ; Untyped                                   ;
; LATENCY                                        ; 0       ; Untyped                                   ;
; INPUT_A_IS_CONSTANT                            ; NO      ; Untyped                                   ;
; INPUT_B_IS_CONSTANT                            ; YES     ; Untyped                                   ;
; USE_EAB                                        ; OFF     ; Untyped                                   ;
; MAXIMIZE_SPEED                                 ; 6       ; Untyped                                   ;
; DEVICE_FAMILY                                  ; MAX 10  ; Untyped                                   ;
; CARRY_CHAIN                                    ; MANUAL  ; Untyped                                   ;
; APEX20K_TECHNOLOGY_MAPPER                      ; LUT     ; TECH_MAPPER_APEX20K                       ;
; DEDICATED_MULTIPLIER_CIRCUITRY                 ; AUTO    ; Untyped                                   ;
; DEDICATED_MULTIPLIER_MIN_INPUT_WIDTH_FOR_AUTO  ; 0       ; Untyped                                   ;
; DEDICATED_MULTIPLIER_MIN_OUTPUT_WIDTH_FOR_AUTO ; 0       ; Untyped                                   ;
; CBXI_PARAMETER                                 ; NOTHING ; Untyped                                   ;
; INPUT_A_FIXED_VALUE                            ; Bx      ; Untyped                                   ;
; INPUT_B_FIXED_VALUE                            ; Bx      ; Untyped                                   ;
; USE_AHDL_IMPLEMENTATION                        ; OFF     ; Untyped                                   ;
+------------------------------------------------+---------+-------------------------------------------+
Note: In order to hide this table in the UI and the text report file, please set the "Show Parameter Settings in Synthesis Report" option in "Analysis and Synthesis Settings -> More Settings" to "Off".


+------------------------------------------------------------------------------------------------------+
; Parameter Settings for Inferred Entity Instance: fft16:UUT|complex_mult_twiddle:UUT11|lpm_mult:Mult1 ;
+------------------------------------------------+---------+-------------------------------------------+
; Parameter Name                                 ; Value   ; Type                                      ;
+------------------------------------------------+---------+-------------------------------------------+
; AUTO_CARRY_CHAINS                              ; ON      ; AUTO_CARRY                                ;
; IGNORE_CARRY_BUFFERS                           ; OFF     ; IGNORE_CARRY                              ;
; AUTO_CASCADE_CHAINS                            ; ON      ; AUTO_CASCADE                              ;
; IGNORE_CASCADE_BUFFERS                         ; OFF     ; IGNORE_CASCADE                            ;
; LPM_WIDTHA                                     ; 12      ; Untyped                                   ;
; LPM_WIDTHB                                     ; 12      ; Untyped                                   ;
; LPM_WIDTHP                                     ; 24      ; Untyped                                   ;
; LPM_WIDTHR                                     ; 24      ; Untyped                                   ;
; LPM_WIDTHS                                     ; 1       ; Untyped                                   ;
; LPM_REPRESENTATION                             ; SIGNED  ; Untyped                                   ;
; LPM_PIPELINE                                   ; 0       ; Untyped                                   ;
; LATENCY                                        ; 0       ; Untyped                                   ;
; INPUT_A_IS_CONSTANT                            ; NO      ; Untyped                                   ;
; INPUT_B_IS_CONSTANT                            ; YES     ; Untyped                                   ;
; USE_EAB                                        ; OFF     ; Untyped                                   ;
; MAXIMIZE_SPEED                                 ; 6       ; Untyped                                   ;
; DEVICE_FAMILY                                  ; MAX 10  ; Untyped                                   ;
; CARRY_CHAIN                                    ; MANUAL  ; Untyped                                   ;
; APEX20K_TECHNOLOGY_MAPPER                      ; LUT     ; TECH_MAPPER_APEX20K                       ;
; DEDICATED_MULTIPLIER_CIRCUITRY                 ; AUTO    ; Untyped                                   ;
; DEDICATED_MULTIPLIER_MIN_INPUT_WIDTH_FOR_AUTO  ; 0       ; Untyped                                   ;
; DEDICATED_MULTIPLIER_MIN_OUTPUT_WIDTH_FOR_AUTO ; 0       ; Untyped                                   ;
; CBXI_PARAMETER                                 ; NOTHING ; Untyped                                   ;
; INPUT_A_FIXED_VALUE                            ; Bx      ; Untyped                                   ;
; INPUT_B_FIXED_VALUE                            ; Bx      ; Untyped                                   ;
; USE_AHDL_IMPLEMENTATION                        ; OFF     ; Untyped                                   ;
+------------------------------------------------+---------+-------------------------------------------+
Note: In order to hide this table in the UI and the text report file, please set the "Show Parameter Settings in Synthesis Report" option in "Analysis and Synthesis Settings -> More Settings" to "Off".


+-----------------------------------------------------------------------------------------------------+
; Parameter Settings for Inferred Entity Instance: fft16:UUT|complex_mult_twiddle:UUT5|lpm_mult:Mult2 ;
+------------------------------------------------+---------+------------------------------------------+
; Parameter Name                                 ; Value   ; Type                                     ;
+------------------------------------------------+---------+------------------------------------------+
; AUTO_CARRY_CHAINS                              ; ON      ; AUTO_CARRY                               ;
; IGNORE_CARRY_BUFFERS                           ; OFF     ; IGNORE_CARRY                             ;
; AUTO_CASCADE_CHAINS                            ; ON      ; AUTO_CASCADE                             ;
; IGNORE_CASCADE_BUFFERS                         ; OFF     ; IGNORE_CASCADE                           ;
; LPM_WIDTHA                                     ; 12      ; Untyped                                  ;
; LPM_WIDTHB                                     ; 12      ; Untyped                                  ;
; LPM_WIDTHP                                     ; 24      ; Untyped                                  ;
; LPM_WIDTHR                                     ; 24      ; Untyped                                  ;
; LPM_WIDTHS                                     ; 1       ; Untyped                                  ;
; LPM_REPRESENTATION                             ; SIGNED  ; Untyped                                  ;
; LPM_PIPELINE                                   ; 0       ; Untyped                                  ;
; LATENCY                                        ; 0       ; Untyped                                  ;
; INPUT_A_IS_CONSTANT                            ; NO      ; Untyped                                  ;
; INPUT_B_IS_CONSTANT                            ; YES     ; Untyped                                  ;
; USE_EAB                                        ; OFF     ; Untyped                                  ;
; MAXIMIZE_SPEED                                 ; 6       ; Untyped                                  ;
; DEVICE_FAMILY                                  ; MAX 10  ; Untyped                                  ;
; CARRY_CHAIN                                    ; MANUAL  ; Untyped                                  ;
; APEX20K_TECHNOLOGY_MAPPER                      ; LUT     ; TECH_MAPPER_APEX20K                      ;
; DEDICATED_MULTIPLIER_CIRCUITRY                 ; AUTO    ; Untyped                                  ;
; DEDICATED_MULTIPLIER_MIN_INPUT_WIDTH_FOR_AUTO  ; 0       ; Untyped                                  ;
; DEDICATED_MULTIPLIER_MIN_OUTPUT_WIDTH_FOR_AUTO ; 0       ; Untyped                                  ;
; CBXI_PARAMETER                                 ; NOTHING ; Untyped                                  ;
; INPUT_A_FIXED_VALUE                            ; Bx      ; Untyped                                  ;
; INPUT_B_FIXED_VALUE                            ; Bx      ; Untyped                                  ;
; USE_AHDL_IMPLEMENTATION                        ; OFF     ; Untyped                                  ;
+------------------------------------------------+---------+------------------------------------------+
Note: In order to hide this table in the UI and the text report file, please set the "Show Parameter Settings in Synthesis Report" option in "Analysis and Synthesis Settings -> More Settings" to "Off".


+------------------------------------------------------------------------------------------------------+
; Parameter Settings for Inferred Entity Instance: fft16:UUT|complex_mult_twiddle:UUT11|lpm_mult:Mult3 ;
+------------------------------------------------+---------+-------------------------------------------+
; Parameter Name                                 ; Value   ; Type                                      ;
+------------------------------------------------+---------+-------------------------------------------+
; AUTO_CARRY_CHAINS                              ; ON      ; AUTO_CARRY                                ;
; IGNORE_CARRY_BUFFERS                           ; OFF     ; IGNORE_CARRY                              ;
; AUTO_CASCADE_CHAINS                            ; ON      ; AUTO_CASCADE                              ;
; IGNORE_CASCADE_BUFFERS                         ; OFF     ; IGNORE_CASCADE                            ;
; LPM_WIDTHA                                     ; 11      ; Untyped                                   ;
; LPM_WIDTHB                                     ; 12      ; Untyped                                   ;
; LPM_WIDTHP                                     ; 23      ; Untyped                                   ;
; LPM_WIDTHR                                     ; 23      ; Untyped                                   ;
; LPM_WIDTHS                                     ; 1       ; Untyped                                   ;
; LPM_REPRESENTATION                             ; SIGNED  ; Untyped                                   ;
; LPM_PIPELINE                                   ; 0       ; Untyped                                   ;
; LATENCY                                        ; 0       ; Untyped                                   ;
; INPUT_A_IS_CONSTANT                            ; NO      ; Untyped                                   ;
; INPUT_B_IS_CONSTANT                            ; YES     ; Untyped                                   ;
; USE_EAB                                        ; OFF     ; Untyped                                   ;
; MAXIMIZE_SPEED                                 ; 6       ; Untyped                                   ;
; DEVICE_FAMILY                                  ; MAX 10  ; Untyped                                   ;
; CARRY_CHAIN                                    ; MANUAL  ; Untyped                                   ;
; APEX20K_TECHNOLOGY_MAPPER                      ; LUT     ; TECH_MAPPER_APEX20K                       ;
; DEDICATED_MULTIPLIER_CIRCUITRY                 ; AUTO    ; Untyped                                   ;
; DEDICATED_MULTIPLIER_MIN_INPUT_WIDTH_FOR_AUTO  ; 0       ; Untyped                                   ;
; DEDICATED_MULTIPLIER_MIN_OUTPUT_WIDTH_FOR_AUTO ; 0       ; Untyped                                   ;
; CBXI_PARAMETER                                 ; NOTHING ; Untyped                                   ;
; INPUT_A_FIXED_VALUE                            ; Bx      ; Untyped                                   ;
; INPUT_B_FIXED_VALUE                            ; Bx      ; Untyped                                   ;
; USE_AHDL_IMPLEMENTATION                        ; OFF     ; Untyped                                   ;
+------------------------------------------------+---------+-------------------------------------------+
Note: In order to hide this table in the UI and the text report file, please set the "Show Parameter Settings in Synthesis Report" option in "Analysis and Synthesis Settings -> More Settings" to "Off".


+------------------------------------------------------------------------------------------------------+
; Parameter Settings for Inferred Entity Instance: fft16:UUT|complex_mult_twiddle:UUT12|lpm_mult:Mult0 ;
+------------------------------------------------+---------+-------------------------------------------+
; Parameter Name                                 ; Value   ; Type                                      ;
+------------------------------------------------+---------+-------------------------------------------+
; AUTO_CARRY_CHAINS                              ; ON      ; AUTO_CARRY                                ;
; IGNORE_CARRY_BUFFERS                           ; OFF     ; IGNORE_CARRY                              ;
; AUTO_CASCADE_CHAINS                            ; ON      ; AUTO_CASCADE                              ;
; IGNORE_CASCADE_BUFFERS                         ; OFF     ; IGNORE_CASCADE                            ;
; LPM_WIDTHA                                     ; 12      ; Untyped                                   ;
; LPM_WIDTHB                                     ; 12      ; Untyped                                   ;
; LPM_WIDTHP                                     ; 24      ; Untyped                                   ;
; LPM_WIDTHR                                     ; 24      ; Untyped                                   ;
; LPM_WIDTHS                                     ; 1       ; Untyped                                   ;
; LPM_REPRESENTATION                             ; SIGNED  ; Untyped                                   ;
; LPM_PIPELINE                                   ; 0       ; Untyped                                   ;
; LATENCY                                        ; 0       ; Untyped                                   ;
; INPUT_A_IS_CONSTANT                            ; NO      ; Untyped                                   ;
; INPUT_B_IS_CONSTANT                            ; YES     ; Untyped                                   ;
; USE_EAB                                        ; OFF     ; Untyped                                   ;
; MAXIMIZE_SPEED                                 ; 6       ; Untyped                                   ;
; DEVICE_FAMILY                                  ; MAX 10  ; Untyped                                   ;
; CARRY_CHAIN                                    ; MANUAL  ; Untyped                                   ;
; APEX20K_TECHNOLOGY_MAPPER                      ; LUT     ; TECH_MAPPER_APEX20K                       ;
; DEDICATED_MULTIPLIER_CIRCUITRY                 ; AUTO    ; Untyped                                   ;
; DEDICATED_MULTIPLIER_MIN_INPUT_WIDTH_FOR_AUTO  ; 0       ; Untyped                                   ;
; DEDICATED_MULTIPLIER_MIN_OUTPUT_WIDTH_FOR_AUTO ; 0       ; Untyped                                   ;
; CBXI_PARAMETER                                 ; NOTHING ; Untyped                                   ;
; INPUT_A_FIXED_VALUE                            ; Bx      ; Untyped                                   ;
; INPUT_B_FIXED_VALUE                            ; Bx      ; Untyped                                   ;
; USE_AHDL_IMPLEMENTATION                        ; OFF     ; Untyped                                   ;
+------------------------------------------------+---------+-------------------------------------------+
Note: In order to hide this table in the UI and the text report file, please set the "Show Parameter Settings in Synthesis Report" option in "Analysis and Synthesis Settings -> More Settings" to "Off".


+-----------------------------------------------------------------------------------------------------+
; Parameter Settings for Inferred Entity Instance: fft16:UUT|complex_mult_twiddle:UUT7|lpm_mult:Mult0 ;
+------------------------------------------------+---------+------------------------------------------+
; Parameter Name                                 ; Value   ; Type                                     ;
+------------------------------------------------+---------+------------------------------------------+
; AUTO_CARRY_CHAINS                              ; ON      ; AUTO_CARRY                               ;
; IGNORE_CARRY_BUFFERS                           ; OFF     ; IGNORE_CARRY                             ;
; AUTO_CASCADE_CHAINS                            ; ON      ; AUTO_CASCADE                             ;
; IGNORE_CASCADE_BUFFERS                         ; OFF     ; IGNORE_CASCADE                           ;
; LPM_WIDTHA                                     ; 11      ; Untyped                                  ;
; LPM_WIDTHB                                     ; 11      ; Untyped                                  ;
; LPM_WIDTHP                                     ; 22      ; Untyped                                  ;
; LPM_WIDTHR                                     ; 22      ; Untyped                                  ;
; LPM_WIDTHS                                     ; 1       ; Untyped                                  ;
; LPM_REPRESENTATION                             ; SIGNED  ; Untyped                                  ;
; LPM_PIPELINE                                   ; 0       ; Untyped                                  ;
; LATENCY                                        ; 0       ; Untyped                                  ;
; INPUT_A_IS_CONSTANT                            ; NO      ; Untyped                                  ;
; INPUT_B_IS_CONSTANT                            ; YES     ; Untyped                                  ;
; USE_EAB                                        ; OFF     ; Untyped                                  ;
; MAXIMIZE_SPEED                                 ; 6       ; Untyped                                  ;
; DEVICE_FAMILY                                  ; MAX 10  ; Untyped                                  ;
; CARRY_CHAIN                                    ; MANUAL  ; Untyped                                  ;
; APEX20K_TECHNOLOGY_MAPPER                      ; LUT     ; TECH_MAPPER_APEX20K                      ;
; DEDICATED_MULTIPLIER_CIRCUITRY                 ; AUTO    ; Untyped                                  ;
; DEDICATED_MULTIPLIER_MIN_INPUT_WIDTH_FOR_AUTO  ; 0       ; Untyped                                  ;
; DEDICATED_MULTIPLIER_MIN_OUTPUT_WIDTH_FOR_AUTO ; 0       ; Untyped                                  ;
; CBXI_PARAMETER                                 ; NOTHING ; Untyped                                  ;
; INPUT_A_FIXED_VALUE                            ; Bx      ; Untyped                                  ;
; INPUT_B_FIXED_VALUE                            ; Bx      ; Untyped                                  ;
; USE_AHDL_IMPLEMENTATION                        ; OFF     ; Untyped                                  ;
+------------------------------------------------+---------+------------------------------------------+
Note: In order to hide this table in the UI and the text report file, please set the "Show Parameter Settings in Synthesis Report" option in "Analysis and Synthesis Settings -> More Settings" to "Off".


+------------------------------------------------------------------------------------------------------+
; Parameter Settings for Inferred Entity Instance: fft16:UUT|complex_mult_twiddle:UUT13|lpm_mult:Mult1 ;
+------------------------------------------------+---------+-------------------------------------------+
; Parameter Name                                 ; Value   ; Type                                      ;
+------------------------------------------------+---------+-------------------------------------------+
; AUTO_CARRY_CHAINS                              ; ON      ; AUTO_CARRY                                ;
; IGNORE_CARRY_BUFFERS                           ; OFF     ; IGNORE_CARRY                              ;
; AUTO_CASCADE_CHAINS                            ; ON      ; AUTO_CASCADE                              ;
; IGNORE_CASCADE_BUFFERS                         ; OFF     ; IGNORE_CASCADE                            ;
; LPM_WIDTHA                                     ; 11      ; Untyped                                   ;
; LPM_WIDTHB                                     ; 11      ; Untyped                                   ;
; LPM_WIDTHP                                     ; 22      ; Untyped                                   ;
; LPM_WIDTHR                                     ; 22      ; Untyped                                   ;
; LPM_WIDTHS                                     ; 1       ; Untyped                                   ;
; LPM_REPRESENTATION                             ; SIGNED  ; Untyped                                   ;
; LPM_PIPELINE                                   ; 0       ; Untyped                                   ;
; LATENCY                                        ; 0       ; Untyped                                   ;
; INPUT_A_IS_CONSTANT                            ; NO      ; Untyped                                   ;
; INPUT_B_IS_CONSTANT                            ; YES     ; Untyped                                   ;
; USE_EAB                                        ; OFF     ; Untyped                                   ;
; MAXIMIZE_SPEED                                 ; 6       ; Untyped                                   ;
; DEVICE_FAMILY                                  ; MAX 10  ; Untyped                                   ;
; CARRY_CHAIN                                    ; MANUAL  ; Untyped                                   ;
; APEX20K_TECHNOLOGY_MAPPER                      ; LUT     ; TECH_MAPPER_APEX20K                       ;
; DEDICATED_MULTIPLIER_CIRCUITRY                 ; AUTO    ; Untyped                                   ;
; DEDICATED_MULTIPLIER_MIN_INPUT_WIDTH_FOR_AUTO  ; 0       ; Untyped                                   ;
; DEDICATED_MULTIPLIER_MIN_OUTPUT_WIDTH_FOR_AUTO ; 0       ; Untyped                                   ;
; CBXI_PARAMETER                                 ; NOTHING ; Untyped                                   ;
; INPUT_A_FIXED_VALUE                            ; Bx      ; Untyped                                   ;
; INPUT_B_FIXED_VALUE                            ; Bx      ; Untyped                                   ;
; USE_AHDL_IMPLEMENTATION                        ; OFF     ; Untyped                                   ;
+------------------------------------------------+---------+-------------------------------------------+
Note: In order to hide this table in the UI and the text report file, please set the "Show Parameter Settings in Synthesis Report" option in "Analysis and Synthesis Settings -> More Settings" to "Off".


+------------------------------------------------------------------------------------------------------+
; Parameter Settings for Inferred Entity Instance: fft16:UUT|complex_mult_twiddle:UUT10|lpm_mult:Mult2 ;
+------------------------------------------------+---------+-------------------------------------------+
; Parameter Name                                 ; Value   ; Type                                      ;
+------------------------------------------------+---------+-------------------------------------------+
; AUTO_CARRY_CHAINS                              ; ON      ; AUTO_CARRY                                ;
; IGNORE_CARRY_BUFFERS                           ; OFF     ; IGNORE_CARRY                              ;
; AUTO_CASCADE_CHAINS                            ; ON      ; AUTO_CASCADE                              ;
; IGNORE_CASCADE_BUFFERS                         ; OFF     ; IGNORE_CASCADE                            ;
; LPM_WIDTHA                                     ; 11      ; Untyped                                   ;
; LPM_WIDTHB                                     ; 12      ; Untyped                                   ;
; LPM_WIDTHP                                     ; 23      ; Untyped                                   ;
; LPM_WIDTHR                                     ; 23      ; Untyped                                   ;
; LPM_WIDTHS                                     ; 1       ; Untyped                                   ;
; LPM_REPRESENTATION                             ; SIGNED  ; Untyped                                   ;
; LPM_PIPELINE                                   ; 0       ; Untyped                                   ;
; LATENCY                                        ; 0       ; Untyped                                   ;
; INPUT_A_IS_CONSTANT                            ; NO      ; Untyped                                   ;
; INPUT_B_IS_CONSTANT                            ; YES     ; Untyped                                   ;
; USE_EAB                                        ; OFF     ; Untyped                                   ;
; MAXIMIZE_SPEED                                 ; 6       ; Untyped                                   ;
; DEVICE_FAMILY                                  ; MAX 10  ; Untyped                                   ;
; CARRY_CHAIN                                    ; MANUAL  ; Untyped                                   ;
; APEX20K_TECHNOLOGY_MAPPER                      ; LUT     ; TECH_MAPPER_APEX20K                       ;
; DEDICATED_MULTIPLIER_CIRCUITRY                 ; AUTO    ; Untyped                                   ;
; DEDICATED_MULTIPLIER_MIN_INPUT_WIDTH_FOR_AUTO  ; 0       ; Untyped                                   ;
; DEDICATED_MULTIPLIER_MIN_OUTPUT_WIDTH_FOR_AUTO ; 0       ; Untyped                                   ;
; CBXI_PARAMETER                                 ; NOTHING ; Untyped                                   ;
; INPUT_A_FIXED_VALUE                            ; Bx      ; Untyped                                   ;
; INPUT_B_FIXED_VALUE                            ; Bx      ; Untyped                                   ;
; USE_AHDL_IMPLEMENTATION                        ; OFF     ; Untyped                                   ;
+------------------------------------------------+---------+-------------------------------------------+
Note: In order to hide this table in the UI and the text report file, please set the "Show Parameter Settings in Synthesis Report" option in "Analysis and Synthesis Settings -> More Settings" to "Off".


+------------------------------------------------------------------------------------------------------+
; Parameter Settings for Inferred Entity Instance: fft16:UUT|complex_mult_twiddle:UUT10|lpm_mult:Mult3 ;
+------------------------------------------------+---------+-------------------------------------------+
; Parameter Name                                 ; Value   ; Type                                      ;
+------------------------------------------------+---------+-------------------------------------------+
; AUTO_CARRY_CHAINS                              ; ON      ; AUTO_CARRY                                ;
; IGNORE_CARRY_BUFFERS                           ; OFF     ; IGNORE_CARRY                              ;
; AUTO_CASCADE_CHAINS                            ; ON      ; AUTO_CASCADE                              ;
; IGNORE_CASCADE_BUFFERS                         ; OFF     ; IGNORE_CASCADE                            ;
; LPM_WIDTHA                                     ; 11      ; Untyped                                   ;
; LPM_WIDTHB                                     ; 12      ; Untyped                                   ;
; LPM_WIDTHP                                     ; 23      ; Untyped                                   ;
; LPM_WIDTHR                                     ; 23      ; Untyped                                   ;
; LPM_WIDTHS                                     ; 1       ; Untyped                                   ;
; LPM_REPRESENTATION                             ; SIGNED  ; Untyped                                   ;
; LPM_PIPELINE                                   ; 0       ; Untyped                                   ;
; LATENCY                                        ; 0       ; Untyped                                   ;
; INPUT_A_IS_CONSTANT                            ; NO      ; Untyped                                   ;
; INPUT_B_IS_CONSTANT                            ; YES     ; Untyped                                   ;
; USE_EAB                                        ; OFF     ; Untyped                                   ;
; MAXIMIZE_SPEED                                 ; 6       ; Untyped                                   ;
; DEVICE_FAMILY                                  ; MAX 10  ; Untyped                                   ;
; CARRY_CHAIN                                    ; MANUAL  ; Untyped                                   ;
; APEX20K_TECHNOLOGY_MAPPER                      ; LUT     ; TECH_MAPPER_APEX20K                       ;
; DEDICATED_MULTIPLIER_CIRCUITRY                 ; AUTO    ; Untyped                                   ;
; DEDICATED_MULTIPLIER_MIN_INPUT_WIDTH_FOR_AUTO  ; 0       ; Untyped                                   ;
; DEDICATED_MULTIPLIER_MIN_OUTPUT_WIDTH_FOR_AUTO ; 0       ; Untyped                                   ;
; CBXI_PARAMETER                                 ; NOTHING ; Untyped                                   ;
; INPUT_A_FIXED_VALUE                            ; Bx      ; Untyped                                   ;
; INPUT_B_FIXED_VALUE                            ; Bx      ; Untyped                                   ;
; USE_AHDL_IMPLEMENTATION                        ; OFF     ; Untyped                                   ;
+------------------------------------------------+---------+-------------------------------------------+
Note: In order to hide this table in the UI and the text report file, please set the "Show Parameter Settings in Synthesis Report" option in "Analysis and Synthesis Settings -> More Settings" to "Off".


+-----------------------------------------------------------------------------------------------------+
; Parameter Settings for Inferred Entity Instance: fft16:UUT|complex_mult_twiddle:UUT7|lpm_mult:Mult2 ;
+------------------------------------------------+---------+------------------------------------------+
; Parameter Name                                 ; Value   ; Type                                     ;
+------------------------------------------------+---------+------------------------------------------+
; AUTO_CARRY_CHAINS                              ; ON      ; AUTO_CARRY                               ;
; IGNORE_CARRY_BUFFERS                           ; OFF     ; IGNORE_CARRY                             ;
; AUTO_CASCADE_CHAINS                            ; ON      ; AUTO_CASCADE                             ;
; IGNORE_CASCADE_BUFFERS                         ; OFF     ; IGNORE_CASCADE                           ;
; LPM_WIDTHA                                     ; 11      ; Untyped                                  ;
; LPM_WIDTHB                                     ; 11      ; Untyped                                  ;
; LPM_WIDTHP                                     ; 22      ; Untyped                                  ;
; LPM_WIDTHR                                     ; 22      ; Untyped                                  ;
; LPM_WIDTHS                                     ; 1       ; Untyped                                  ;
; LPM_REPRESENTATION                             ; SIGNED  ; Untyped                                  ;
; LPM_PIPELINE                                   ; 0       ; Untyped                                  ;
; LATENCY                                        ; 0       ; Untyped                                  ;
; INPUT_A_IS_CONSTANT                            ; NO      ; Untyped                                  ;
; INPUT_B_IS_CONSTANT                            ; YES     ; Untyped                                  ;
; USE_EAB                                        ; OFF     ; Untyped                                  ;
; MAXIMIZE_SPEED                                 ; 6       ; Untyped                                  ;
; DEVICE_FAMILY                                  ; MAX 10  ; Untyped                                  ;
; CARRY_CHAIN                                    ; MANUAL  ; Untyped                                  ;
; APEX20K_TECHNOLOGY_MAPPER                      ; LUT     ; TECH_MAPPER_APEX20K                      ;
; DEDICATED_MULTIPLIER_CIRCUITRY                 ; AUTO    ; Untyped                                  ;
; DEDICATED_MULTIPLIER_MIN_INPUT_WIDTH_FOR_AUTO  ; 0       ; Untyped                                  ;
; DEDICATED_MULTIPLIER_MIN_OUTPUT_WIDTH_FOR_AUTO ; 0       ; Untyped                                  ;
; CBXI_PARAMETER                                 ; NOTHING ; Untyped                                  ;
; INPUT_A_FIXED_VALUE                            ; Bx      ; Untyped                                  ;
; INPUT_B_FIXED_VALUE                            ; Bx      ; Untyped                                  ;
; USE_AHDL_IMPLEMENTATION                        ; OFF     ; Untyped                                  ;
+------------------------------------------------+---------+------------------------------------------+
Note: In order to hide this table in the UI and the text report file, please set the "Show Parameter Settings in Synthesis Report" option in "Analysis and Synthesis Settings -> More Settings" to "Off".


+------------------------------------------------------------------------------------------------------+
; Parameter Settings for Inferred Entity Instance: fft16:UUT|complex_mult_twiddle:UUT13|lpm_mult:Mult3 ;
+------------------------------------------------+---------+-------------------------------------------+
; Parameter Name                                 ; Value   ; Type                                      ;
+------------------------------------------------+---------+-------------------------------------------+
; AUTO_CARRY_CHAINS                              ; ON      ; AUTO_CARRY                                ;
; IGNORE_CARRY_BUFFERS                           ; OFF     ; IGNORE_CARRY                              ;
; AUTO_CASCADE_CHAINS                            ; ON      ; AUTO_CASCADE                              ;
; IGNORE_CASCADE_BUFFERS                         ; OFF     ; IGNORE_CASCADE                            ;
; LPM_WIDTHA                                     ; 11      ; Untyped                                   ;
; LPM_WIDTHB                                     ; 11      ; Untyped                                   ;
; LPM_WIDTHP                                     ; 22      ; Untyped                                   ;
; LPM_WIDTHR                                     ; 22      ; Untyped                                   ;
; LPM_WIDTHS                                     ; 1       ; Untyped                                   ;
; LPM_REPRESENTATION                             ; SIGNED  ; Untyped                                   ;
; LPM_PIPELINE                                   ; 0       ; Untyped                                   ;
; LATENCY                                        ; 0       ; Untyped                                   ;
; INPUT_A_IS_CONSTANT                            ; NO      ; Untyped                                   ;
; INPUT_B_IS_CONSTANT                            ; YES     ; Untyped                                   ;
; USE_EAB                                        ; OFF     ; Untyped                                   ;
; MAXIMIZE_SPEED                                 ; 6       ; Untyped                                   ;
; DEVICE_FAMILY                                  ; MAX 10  ; Untyped                                   ;
; CARRY_CHAIN                                    ; MANUAL  ; Untyped                                   ;
; APEX20K_TECHNOLOGY_MAPPER                      ; LUT     ; TECH_MAPPER_APEX20K                       ;
; DEDICATED_MULTIPLIER_CIRCUITRY                 ; AUTO    ; Untyped                                   ;
; DEDICATED_MULTIPLIER_MIN_INPUT_WIDTH_FOR_AUTO  ; 0       ; Untyped                                   ;
; DEDICATED_MULTIPLIER_MIN_OUTPUT_WIDTH_FOR_AUTO ; 0       ; Untyped                                   ;
; CBXI_PARAMETER                                 ; NOTHING ; Untyped                                   ;
; INPUT_A_FIXED_VALUE                            ; Bx      ; Untyped                                   ;
; INPUT_B_FIXED_VALUE                            ; Bx      ; Untyped                                   ;
; USE_AHDL_IMPLEMENTATION                        ; OFF     ; Untyped                                   ;
+------------------------------------------------+---------+-------------------------------------------+
Note: In order to hide this table in the UI and the text report file, please set the "Show Parameter Settings in Synthesis Report" option in "Analysis and Synthesis Settings -> More Settings" to "Off".


+------------------------------------------------------------------------------------------------------+
; Parameter Settings for Inferred Entity Instance: fft16:UUT|complex_mult_twiddle:UUT10|lpm_mult:Mult0 ;
+------------------------------------------------+---------+-------------------------------------------+
; Parameter Name                                 ; Value   ; Type                                      ;
+------------------------------------------------+---------+-------------------------------------------+
; AUTO_CARRY_CHAINS                              ; ON      ; AUTO_CARRY                                ;
; IGNORE_CARRY_BUFFERS                           ; OFF     ; IGNORE_CARRY                              ;
; AUTO_CASCADE_CHAINS                            ; ON      ; AUTO_CASCADE                              ;
; IGNORE_CASCADE_BUFFERS                         ; OFF     ; IGNORE_CASCADE                            ;
; LPM_WIDTHA                                     ; 11      ; Untyped                                   ;
; LPM_WIDTHB                                     ; 12      ; Untyped                                   ;
; LPM_WIDTHP                                     ; 23      ; Untyped                                   ;
; LPM_WIDTHR                                     ; 23      ; Untyped                                   ;
; LPM_WIDTHS                                     ; 1       ; Untyped                                   ;
; LPM_REPRESENTATION                             ; SIGNED  ; Untyped                                   ;
; LPM_PIPELINE                                   ; 0       ; Untyped                                   ;
; LATENCY                                        ; 0       ; Untyped                                   ;
; INPUT_A_IS_CONSTANT                            ; NO      ; Untyped                                   ;
; INPUT_B_IS_CONSTANT                            ; YES     ; Untyped                                   ;
; USE_EAB                                        ; OFF     ; Untyped                                   ;
; MAXIMIZE_SPEED                                 ; 6       ; Untyped                                   ;
; DEVICE_FAMILY                                  ; MAX 10  ; Untyped                                   ;
; CARRY_CHAIN                                    ; MANUAL  ; Untyped                                   ;
; APEX20K_TECHNOLOGY_MAPPER                      ; LUT     ; TECH_MAPPER_APEX20K                       ;
; DEDICATED_MULTIPLIER_CIRCUITRY                 ; AUTO    ; Untyped                                   ;
; DEDICATED_MULTIPLIER_MIN_INPUT_WIDTH_FOR_AUTO  ; 0       ; Untyped                                   ;
; DEDICATED_MULTIPLIER_MIN_OUTPUT_WIDTH_FOR_AUTO ; 0       ; Untyped                                   ;
; CBXI_PARAMETER                                 ; NOTHING ; Untyped                                   ;
; INPUT_A_FIXED_VALUE                            ; Bx      ; Untyped                                   ;
; INPUT_B_FIXED_VALUE                            ; Bx      ; Untyped                                   ;
; USE_AHDL_IMPLEMENTATION                        ; OFF     ; Untyped                                   ;
+------------------------------------------------+---------+-------------------------------------------+
Note: In order to hide this table in the UI and the text report file, please set the "Show Parameter Settings in Synthesis Report" option in "Analysis and Synthesis Settings -> More Settings" to "Off".


+------------------------------------------------------------------------------------------------------+
; Parameter Settings for Inferred Entity Instance: fft16:UUT|complex_mult_twiddle:UUT10|lpm_mult:Mult1 ;
+------------------------------------------------+---------+-------------------------------------------+
; Parameter Name                                 ; Value   ; Type                                      ;
+------------------------------------------------+---------+-------------------------------------------+
; AUTO_CARRY_CHAINS                              ; ON      ; AUTO_CARRY                                ;
; IGNORE_CARRY_BUFFERS                           ; OFF     ; IGNORE_CARRY                              ;
; AUTO_CASCADE_CHAINS                            ; ON      ; AUTO_CASCADE                              ;
; IGNORE_CASCADE_BUFFERS                         ; OFF     ; IGNORE_CASCADE                            ;
; LPM_WIDTHA                                     ; 11      ; Untyped                                   ;
; LPM_WIDTHB                                     ; 12      ; Untyped                                   ;
; LPM_WIDTHP                                     ; 23      ; Untyped                                   ;
; LPM_WIDTHR                                     ; 23      ; Untyped                                   ;
; LPM_WIDTHS                                     ; 1       ; Untyped                                   ;
; LPM_REPRESENTATION                             ; SIGNED  ; Untyped                                   ;
; LPM_PIPELINE                                   ; 0       ; Untyped                                   ;
; LATENCY                                        ; 0       ; Untyped                                   ;
; INPUT_A_IS_CONSTANT                            ; NO      ; Untyped                                   ;
; INPUT_B_IS_CONSTANT                            ; YES     ; Untyped                                   ;
; USE_EAB                                        ; OFF     ; Untyped                                   ;
; MAXIMIZE_SPEED                                 ; 6       ; Untyped                                   ;
; DEVICE_FAMILY                                  ; MAX 10  ; Untyped                                   ;
; CARRY_CHAIN                                    ; MANUAL  ; Untyped                                   ;
; APEX20K_TECHNOLOGY_MAPPER                      ; LUT     ; TECH_MAPPER_APEX20K                       ;
; DEDICATED_MULTIPLIER_CIRCUITRY                 ; AUTO    ; Untyped                                   ;
; DEDICATED_MULTIPLIER_MIN_INPUT_WIDTH_FOR_AUTO  ; 0       ; Untyped                                   ;
; DEDICATED_MULTIPLIER_MIN_OUTPUT_WIDTH_FOR_AUTO ; 0       ; Untyped                                   ;
; CBXI_PARAMETER                                 ; NOTHING ; Untyped                                   ;
; INPUT_A_FIXED_VALUE                            ; Bx      ; Untyped                                   ;
; INPUT_B_FIXED_VALUE                            ; Bx      ; Untyped                                   ;
; USE_AHDL_IMPLEMENTATION                        ; OFF     ; Untyped                                   ;
+------------------------------------------------+---------+-------------------------------------------+
Note: In order to hide this table in the UI and the text report file, please set the "Show Parameter Settings in Synthesis Report" option in "Analysis and Synthesis Settings -> More Settings" to "Off".


+-----------------------------------------------------------------------------------------------------+
; Parameter Settings for Inferred Entity Instance: fft16:UUT|complex_mult_twiddle:UUT5|lpm_mult:Mult1 ;
+------------------------------------------------+---------+------------------------------------------+
; Parameter Name                                 ; Value   ; Type                                     ;
+------------------------------------------------+---------+------------------------------------------+
; AUTO_CARRY_CHAINS                              ; ON      ; AUTO_CARRY                               ;
; IGNORE_CARRY_BUFFERS                           ; OFF     ; IGNORE_CARRY                             ;
; AUTO_CASCADE_CHAINS                            ; ON      ; AUTO_CASCADE                             ;
; IGNORE_CASCADE_BUFFERS                         ; OFF     ; IGNORE_CASCADE                           ;
; LPM_WIDTHA                                     ; 12      ; Untyped                                  ;
; LPM_WIDTHB                                     ; 11      ; Untyped                                  ;
; LPM_WIDTHP                                     ; 23      ; Untyped                                  ;
; LPM_WIDTHR                                     ; 23      ; Untyped                                  ;
; LPM_WIDTHS                                     ; 1       ; Untyped                                  ;
; LPM_REPRESENTATION                             ; SIGNED  ; Untyped                                  ;
; LPM_PIPELINE                                   ; 0       ; Untyped                                  ;
; LATENCY                                        ; 0       ; Untyped                                  ;
; INPUT_A_IS_CONSTANT                            ; NO      ; Untyped                                  ;
; INPUT_B_IS_CONSTANT                            ; YES     ; Untyped                                  ;
; USE_EAB                                        ; OFF     ; Untyped                                  ;
; MAXIMIZE_SPEED                                 ; 6       ; Untyped                                  ;
; DEVICE_FAMILY                                  ; MAX 10  ; Untyped                                  ;
; CARRY_CHAIN                                    ; MANUAL  ; Untyped                                  ;
; APEX20K_TECHNOLOGY_MAPPER                      ; LUT     ; TECH_MAPPER_APEX20K                      ;
; DEDICATED_MULTIPLIER_CIRCUITRY                 ; AUTO    ; Untyped                                  ;
; DEDICATED_MULTIPLIER_MIN_INPUT_WIDTH_FOR_AUTO  ; 0       ; Untyped                                  ;
; DEDICATED_MULTIPLIER_MIN_OUTPUT_WIDTH_FOR_AUTO ; 0       ; Untyped                                  ;
; CBXI_PARAMETER                                 ; NOTHING ; Untyped                                  ;
; INPUT_A_FIXED_VALUE                            ; Bx      ; Untyped                                  ;
; INPUT_B_FIXED_VALUE                            ; Bx      ; Untyped                                  ;
; USE_AHDL_IMPLEMENTATION                        ; OFF     ; Untyped                                  ;
+------------------------------------------------+---------+------------------------------------------+
Note: In order to hide this table in the UI and the text report file, please set the "Show Parameter Settings in Synthesis Report" option in "Analysis and Synthesis Settings -> More Settings" to "Off".


+------------------------------------------------------------------------------------------------------+
; Parameter Settings for Inferred Entity Instance: fft16:UUT|complex_mult_twiddle:UUT11|lpm_mult:Mult0 ;
+------------------------------------------------+---------+-------------------------------------------+
; Parameter Name                                 ; Value   ; Type                                      ;
+------------------------------------------------+---------+-------------------------------------------+
; AUTO_CARRY_CHAINS                              ; ON      ; AUTO_CARRY                                ;
; IGNORE_CARRY_BUFFERS                           ; OFF     ; IGNORE_CARRY                              ;
; AUTO_CASCADE_CHAINS                            ; ON      ; AUTO_CASCADE                              ;
; IGNORE_CASCADE_BUFFERS                         ; OFF     ; IGNORE_CASCADE                            ;
; LPM_WIDTHA                                     ; 11      ; Untyped                                   ;
; LPM_WIDTHB                                     ; 11      ; Untyped                                   ;
; LPM_WIDTHP                                     ; 22      ; Untyped                                   ;
; LPM_WIDTHR                                     ; 22      ; Untyped                                   ;
; LPM_WIDTHS                                     ; 1       ; Untyped                                   ;
; LPM_REPRESENTATION                             ; SIGNED  ; Untyped                                   ;
; LPM_PIPELINE                                   ; 0       ; Untyped                                   ;
; LATENCY                                        ; 0       ; Untyped                                   ;
; INPUT_A_IS_CONSTANT                            ; NO      ; Untyped                                   ;
; INPUT_B_IS_CONSTANT                            ; YES     ; Untyped                                   ;
; USE_EAB                                        ; OFF     ; Untyped                                   ;
; MAXIMIZE_SPEED                                 ; 6       ; Untyped                                   ;
; DEVICE_FAMILY                                  ; MAX 10  ; Untyped                                   ;
; CARRY_CHAIN                                    ; MANUAL  ; Untyped                                   ;
; APEX20K_TECHNOLOGY_MAPPER                      ; LUT     ; TECH_MAPPER_APEX20K                       ;
; DEDICATED_MULTIPLIER_CIRCUITRY                 ; AUTO    ; Untyped                                   ;
; DEDICATED_MULTIPLIER_MIN_INPUT_WIDTH_FOR_AUTO  ; 0       ; Untyped                                   ;
; DEDICATED_MULTIPLIER_MIN_OUTPUT_WIDTH_FOR_AUTO ; 0       ; Untyped                                   ;
; CBXI_PARAMETER                                 ; NOTHING ; Untyped                                   ;
; INPUT_A_FIXED_VALUE                            ; Bx      ; Untyped                                   ;
; INPUT_B_FIXED_VALUE                            ; Bx      ; Untyped                                   ;
; USE_AHDL_IMPLEMENTATION                        ; OFF     ; Untyped                                   ;
+------------------------------------------------+---------+-------------------------------------------+
Note: In order to hide this table in the UI and the text report file, please set the "Show Parameter Settings in Synthesis Report" option in "Analysis and Synthesis Settings -> More Settings" to "Off".


+-----------------------------------------------------------------------------------------------------+
; Parameter Settings for Inferred Entity Instance: fft16:UUT|complex_mult_twiddle:UUT8|lpm_mult:Mult2 ;
+------------------------------------------------+---------+------------------------------------------+
; Parameter Name                                 ; Value   ; Type                                     ;
+------------------------------------------------+---------+------------------------------------------+
; AUTO_CARRY_CHAINS                              ; ON      ; AUTO_CARRY                               ;
; IGNORE_CARRY_BUFFERS                           ; OFF     ; IGNORE_CARRY                             ;
; AUTO_CASCADE_CHAINS                            ; ON      ; AUTO_CASCADE                             ;
; IGNORE_CASCADE_BUFFERS                         ; OFF     ; IGNORE_CASCADE                           ;
; LPM_WIDTHA                                     ; 12      ; Untyped                                  ;
; LPM_WIDTHB                                     ; 12      ; Untyped                                  ;
; LPM_WIDTHP                                     ; 24      ; Untyped                                  ;
; LPM_WIDTHR                                     ; 24      ; Untyped                                  ;
; LPM_WIDTHS                                     ; 1       ; Untyped                                  ;
; LPM_REPRESENTATION                             ; SIGNED  ; Untyped                                  ;
; LPM_PIPELINE                                   ; 0       ; Untyped                                  ;
; LATENCY                                        ; 0       ; Untyped                                  ;
; INPUT_A_IS_CONSTANT                            ; NO      ; Untyped                                  ;
; INPUT_B_IS_CONSTANT                            ; YES     ; Untyped                                  ;
; USE_EAB                                        ; OFF     ; Untyped                                  ;
; MAXIMIZE_SPEED                                 ; 6       ; Untyped                                  ;
; DEVICE_FAMILY                                  ; MAX 10  ; Untyped                                  ;
; CARRY_CHAIN                                    ; MANUAL  ; Untyped                                  ;
; APEX20K_TECHNOLOGY_MAPPER                      ; LUT     ; TECH_MAPPER_APEX20K                      ;
; DEDICATED_MULTIPLIER_CIRCUITRY                 ; AUTO    ; Untyped                                  ;
; DEDICATED_MULTIPLIER_MIN_INPUT_WIDTH_FOR_AUTO  ; 0       ; Untyped                                  ;
; DEDICATED_MULTIPLIER_MIN_OUTPUT_WIDTH_FOR_AUTO ; 0       ; Untyped                                  ;
; CBXI_PARAMETER                                 ; NOTHING ; Untyped                                  ;
; INPUT_A_FIXED_VALUE                            ; Bx      ; Untyped                                  ;
; INPUT_B_FIXED_VALUE                            ; Bx      ; Untyped                                  ;
; USE_AHDL_IMPLEMENTATION                        ; OFF     ; Untyped                                  ;
+------------------------------------------------+---------+------------------------------------------+
Note: In order to hide this table in the UI and the text report file, please set the "Show Parameter Settings in Synthesis Report" option in "Analysis and Synthesis Settings -> More Settings" to "Off".


+------------------------------------------------------------------------------------------------------+
; Parameter Settings for Inferred Entity Instance: fft16:UUT|complex_mult_twiddle:UUT11|lpm_mult:Mult2 ;
+------------------------------------------------+---------+-------------------------------------------+
; Parameter Name                                 ; Value   ; Type                                      ;
+------------------------------------------------+---------+-------------------------------------------+
; AUTO_CARRY_CHAINS                              ; ON      ; AUTO_CARRY                                ;
; IGNORE_CARRY_BUFFERS                           ; OFF     ; IGNORE_CARRY                              ;
; AUTO_CASCADE_CHAINS                            ; ON      ; AUTO_CASCADE                              ;
; IGNORE_CASCADE_BUFFERS                         ; OFF     ; IGNORE_CASCADE                            ;
; LPM_WIDTHA                                     ; 12      ; Untyped                                   ;
; LPM_WIDTHB                                     ; 11      ; Untyped                                   ;
; LPM_WIDTHP                                     ; 23      ; Untyped                                   ;
; LPM_WIDTHR                                     ; 23      ; Untyped                                   ;
; LPM_WIDTHS                                     ; 1       ; Untyped                                   ;
; LPM_REPRESENTATION                             ; SIGNED  ; Untyped                                   ;
; LPM_PIPELINE                                   ; 0       ; Untyped                                   ;
; LATENCY                                        ; 0       ; Untyped                                   ;
; INPUT_A_IS_CONSTANT                            ; NO      ; Untyped                                   ;
; INPUT_B_IS_CONSTANT                            ; YES     ; Untyped                                   ;
; USE_EAB                                        ; OFF     ; Untyped                                   ;
; MAXIMIZE_SPEED                                 ; 6       ; Untyped                                   ;
; DEVICE_FAMILY                                  ; MAX 10  ; Untyped                                   ;
; CARRY_CHAIN                                    ; MANUAL  ; Untyped                                   ;
; APEX20K_TECHNOLOGY_MAPPER                      ; LUT     ; TECH_MAPPER_APEX20K                       ;
; DEDICATED_MULTIPLIER_CIRCUITRY                 ; AUTO    ; Untyped                                   ;
; DEDICATED_MULTIPLIER_MIN_INPUT_WIDTH_FOR_AUTO  ; 0       ; Untyped                                   ;
; DEDICATED_MULTIPLIER_MIN_OUTPUT_WIDTH_FOR_AUTO ; 0       ; Untyped                                   ;
; CBXI_PARAMETER                                 ; NOTHING ; Untyped                                   ;
; INPUT_A_FIXED_VALUE                            ; Bx      ; Untyped                                   ;
; INPUT_B_FIXED_VALUE                            ; Bx      ; Untyped                                   ;
; USE_AHDL_IMPLEMENTATION                        ; OFF     ; Untyped                                   ;
+------------------------------------------------+---------+-------------------------------------------+
Note: In order to hide this table in the UI and the text report file, please set the "Show Parameter Settings in Synthesis Report" option in "Analysis and Synthesis Settings -> More Settings" to "Off".


+---------------------------------------------------------------------------------------------+
; lpm_mult Parameter Settings by Entity Instance                                              ;
+---------------------------------------+-----------------------------------------------------+
; Name                                  ; Value                                               ;
+---------------------------------------+-----------------------------------------------------+
; Number of entity instances            ; 39                                                  ;
; Entity Instance                       ; fft16:UUT|calc_pot:calc_Z8|lpm_mult:Mult0           ;
;     -- LPM_WIDTHA                     ; 12                                                  ;
;     -- LPM_WIDTHB                     ; 12                                                  ;
;     -- LPM_WIDTHP                     ; 24                                                  ;
;     -- LPM_REPRESENTATION             ; SIGNED                                              ;
;     -- INPUT_A_IS_CONSTANT            ; NO                                                  ;
;     -- INPUT_B_IS_CONSTANT            ; NO                                                  ;
;     -- USE_EAB                        ; OFF                                                 ;
;     -- DEDICATED_MULTIPLIER_CIRCUITRY ; AUTO                                                ;
;     -- INPUT_A_FIXED_VALUE            ; Bx                                                  ;
;     -- INPUT_B_FIXED_VALUE            ; Bx                                                  ;
; Entity Instance                       ; fft16:UUT|calc_pot:calc_Z0|lpm_mult:Mult0           ;
;     -- LPM_WIDTHA                     ; 12                                                  ;
;     -- LPM_WIDTHB                     ; 12                                                  ;
;     -- LPM_WIDTHP                     ; 24                                                  ;
;     -- LPM_REPRESENTATION             ; SIGNED                                              ;
;     -- INPUT_A_IS_CONSTANT            ; NO                                                  ;
;     -- INPUT_B_IS_CONSTANT            ; NO                                                  ;
;     -- USE_EAB                        ; OFF                                                 ;
;     -- DEDICATED_MULTIPLIER_CIRCUITRY ; AUTO                                                ;
;     -- INPUT_A_FIXED_VALUE            ; Bx                                                  ;
;     -- INPUT_B_FIXED_VALUE            ; Bx                                                  ;
; Entity Instance                       ; fft16:UUT|calc_pot:calc_Z7|lpm_mult:Mult1           ;
;     -- LPM_WIDTHA                     ; 12                                                  ;
;     -- LPM_WIDTHB                     ; 12                                                  ;
;     -- LPM_WIDTHP                     ; 24                                                  ;
;     -- LPM_REPRESENTATION             ; SIGNED                                              ;
;     -- INPUT_A_IS_CONSTANT            ; NO                                                  ;
;     -- INPUT_B_IS_CONSTANT            ; NO                                                  ;
;     -- USE_EAB                        ; OFF                                                 ;
;     -- DEDICATED_MULTIPLIER_CIRCUITRY ; AUTO                                                ;
;     -- INPUT_A_FIXED_VALUE            ; Bx                                                  ;
;     -- INPUT_B_FIXED_VALUE            ; Bx                                                  ;
; Entity Instance                       ; fft16:UUT|calc_pot:calc_Z7|lpm_mult:Mult0           ;
;     -- LPM_WIDTHA                     ; 12                                                  ;
;     -- LPM_WIDTHB                     ; 12                                                  ;
;     -- LPM_WIDTHP                     ; 24                                                  ;
;     -- LPM_REPRESENTATION             ; SIGNED                                              ;
;     -- INPUT_A_IS_CONSTANT            ; NO                                                  ;
;     -- INPUT_B_IS_CONSTANT            ; NO                                                  ;
;     -- USE_EAB                        ; OFF                                                 ;
;     -- DEDICATED_MULTIPLIER_CIRCUITRY ; AUTO                                                ;
;     -- INPUT_A_FIXED_VALUE            ; Bx                                                  ;
;     -- INPUT_B_FIXED_VALUE            ; Bx                                                  ;
; Entity Instance                       ; fft16:UUT|calc_pot:calc_Z6|lpm_mult:Mult1           ;
;     -- LPM_WIDTHA                     ; 12                                                  ;
;     -- LPM_WIDTHB                     ; 12                                                  ;
;     -- LPM_WIDTHP                     ; 24                                                  ;
;     -- LPM_REPRESENTATION             ; SIGNED                                              ;
;     -- INPUT_A_IS_CONSTANT            ; NO                                                  ;
;     -- INPUT_B_IS_CONSTANT            ; NO                                                  ;
;     -- USE_EAB                        ; OFF                                                 ;
;     -- DEDICATED_MULTIPLIER_CIRCUITRY ; AUTO                                                ;
;     -- INPUT_A_FIXED_VALUE            ; Bx                                                  ;
;     -- INPUT_B_FIXED_VALUE            ; Bx                                                  ;
; Entity Instance                       ; fft16:UUT|calc_pot:calc_Z6|lpm_mult:Mult0           ;
;     -- LPM_WIDTHA                     ; 12                                                  ;
;     -- LPM_WIDTHB                     ; 12                                                  ;
;     -- LPM_WIDTHP                     ; 24                                                  ;
;     -- LPM_REPRESENTATION             ; SIGNED                                              ;
;     -- INPUT_A_IS_CONSTANT            ; NO                                                  ;
;     -- INPUT_B_IS_CONSTANT            ; NO                                                  ;
;     -- USE_EAB                        ; OFF                                                 ;
;     -- DEDICATED_MULTIPLIER_CIRCUITRY ; AUTO                                                ;
;     -- INPUT_A_FIXED_VALUE            ; Bx                                                  ;
;     -- INPUT_B_FIXED_VALUE            ; Bx                                                  ;
; Entity Instance                       ; fft16:UUT|calc_pot:calc_Z5|lpm_mult:Mult1           ;
;     -- LPM_WIDTHA                     ; 12                                                  ;
;     -- LPM_WIDTHB                     ; 12                                                  ;
;     -- LPM_WIDTHP                     ; 24                                                  ;
;     -- LPM_REPRESENTATION             ; SIGNED                                              ;
;     -- INPUT_A_IS_CONSTANT            ; NO                                                  ;
;     -- INPUT_B_IS_CONSTANT            ; NO                                                  ;
;     -- USE_EAB                        ; OFF                                                 ;
;     -- DEDICATED_MULTIPLIER_CIRCUITRY ; AUTO                                                ;
;     -- INPUT_A_FIXED_VALUE            ; Bx                                                  ;
;     -- INPUT_B_FIXED_VALUE            ; Bx                                                  ;
; Entity Instance                       ; fft16:UUT|calc_pot:calc_Z5|lpm_mult:Mult0           ;
;     -- LPM_WIDTHA                     ; 12                                                  ;
;     -- LPM_WIDTHB                     ; 12                                                  ;
;     -- LPM_WIDTHP                     ; 24                                                  ;
;     -- LPM_REPRESENTATION             ; SIGNED                                              ;
;     -- INPUT_A_IS_CONSTANT            ; NO                                                  ;
;     -- INPUT_B_IS_CONSTANT            ; NO                                                  ;
;     -- USE_EAB                        ; OFF                                                 ;
;     -- DEDICATED_MULTIPLIER_CIRCUITRY ; AUTO                                                ;
;     -- INPUT_A_FIXED_VALUE            ; Bx                                                  ;
;     -- INPUT_B_FIXED_VALUE            ; Bx                                                  ;
; Entity Instance                       ; fft16:UUT|calc_pot:calc_Z4|lpm_mult:Mult1           ;
;     -- LPM_WIDTHA                     ; 12                                                  ;
;     -- LPM_WIDTHB                     ; 12                                                  ;
;     -- LPM_WIDTHP                     ; 24                                                  ;
;     -- LPM_REPRESENTATION             ; SIGNED                                              ;
;     -- INPUT_A_IS_CONSTANT            ; NO                                                  ;
;     -- INPUT_B_IS_CONSTANT            ; NO                                                  ;
;     -- USE_EAB                        ; OFF                                                 ;
;     -- DEDICATED_MULTIPLIER_CIRCUITRY ; AUTO                                                ;
;     -- INPUT_A_FIXED_VALUE            ; Bx                                                  ;
;     -- INPUT_B_FIXED_VALUE            ; Bx                                                  ;
; Entity Instance                       ; fft16:UUT|calc_pot:calc_Z4|lpm_mult:Mult0           ;
;     -- LPM_WIDTHA                     ; 12                                                  ;
;     -- LPM_WIDTHB                     ; 12                                                  ;
;     -- LPM_WIDTHP                     ; 24                                                  ;
;     -- LPM_REPRESENTATION             ; SIGNED                                              ;
;     -- INPUT_A_IS_CONSTANT            ; NO                                                  ;
;     -- INPUT_B_IS_CONSTANT            ; NO                                                  ;
;     -- USE_EAB                        ; OFF                                                 ;
;     -- DEDICATED_MULTIPLIER_CIRCUITRY ; AUTO                                                ;
;     -- INPUT_A_FIXED_VALUE            ; Bx                                                  ;
;     -- INPUT_B_FIXED_VALUE            ; Bx                                                  ;
; Entity Instance                       ; fft16:UUT|calc_pot:calc_Z3|lpm_mult:Mult1           ;
;     -- LPM_WIDTHA                     ; 12                                                  ;
;     -- LPM_WIDTHB                     ; 12                                                  ;
;     -- LPM_WIDTHP                     ; 24                                                  ;
;     -- LPM_REPRESENTATION             ; SIGNED                                              ;
;     -- INPUT_A_IS_CONSTANT            ; NO                                                  ;
;     -- INPUT_B_IS_CONSTANT            ; NO                                                  ;
;     -- USE_EAB                        ; OFF                                                 ;
;     -- DEDICATED_MULTIPLIER_CIRCUITRY ; AUTO                                                ;
;     -- INPUT_A_FIXED_VALUE            ; Bx                                                  ;
;     -- INPUT_B_FIXED_VALUE            ; Bx                                                  ;
; Entity Instance                       ; fft16:UUT|calc_pot:calc_Z3|lpm_mult:Mult0           ;
;     -- LPM_WIDTHA                     ; 12                                                  ;
;     -- LPM_WIDTHB                     ; 12                                                  ;
;     -- LPM_WIDTHP                     ; 24                                                  ;
;     -- LPM_REPRESENTATION             ; SIGNED                                              ;
;     -- INPUT_A_IS_CONSTANT            ; NO                                                  ;
;     -- INPUT_B_IS_CONSTANT            ; NO                                                  ;
;     -- USE_EAB                        ; OFF                                                 ;
;     -- DEDICATED_MULTIPLIER_CIRCUITRY ; AUTO                                                ;
;     -- INPUT_A_FIXED_VALUE            ; Bx                                                  ;
;     -- INPUT_B_FIXED_VALUE            ; Bx                                                  ;
; Entity Instance                       ; fft16:UUT|calc_pot:calc_Z2|lpm_mult:Mult1           ;
;     -- LPM_WIDTHA                     ; 12                                                  ;
;     -- LPM_WIDTHB                     ; 12                                                  ;
;     -- LPM_WIDTHP                     ; 24                                                  ;
;     -- LPM_REPRESENTATION             ; SIGNED                                              ;
;     -- INPUT_A_IS_CONSTANT            ; NO                                                  ;
;     -- INPUT_B_IS_CONSTANT            ; NO                                                  ;
;     -- USE_EAB                        ; OFF                                                 ;
;     -- DEDICATED_MULTIPLIER_CIRCUITRY ; AUTO                                                ;
;     -- INPUT_A_FIXED_VALUE            ; Bx                                                  ;
;     -- INPUT_B_FIXED_VALUE            ; Bx                                                  ;
; Entity Instance                       ; fft16:UUT|calc_pot:calc_Z2|lpm_mult:Mult0           ;
;     -- LPM_WIDTHA                     ; 12                                                  ;
;     -- LPM_WIDTHB                     ; 12                                                  ;
;     -- LPM_WIDTHP                     ; 24                                                  ;
;     -- LPM_REPRESENTATION             ; SIGNED                                              ;
;     -- INPUT_A_IS_CONSTANT            ; NO                                                  ;
;     -- INPUT_B_IS_CONSTANT            ; NO                                                  ;
;     -- USE_EAB                        ; OFF                                                 ;
;     -- DEDICATED_MULTIPLIER_CIRCUITRY ; AUTO                                                ;
;     -- INPUT_A_FIXED_VALUE            ; Bx                                                  ;
;     -- INPUT_B_FIXED_VALUE            ; Bx                                                  ;
; Entity Instance                       ; fft16:UUT|calc_pot:calc_Z1|lpm_mult:Mult1           ;
;     -- LPM_WIDTHA                     ; 12                                                  ;
;     -- LPM_WIDTHB                     ; 12                                                  ;
;     -- LPM_WIDTHP                     ; 24                                                  ;
;     -- LPM_REPRESENTATION             ; SIGNED                                              ;
;     -- INPUT_A_IS_CONSTANT            ; NO                                                  ;
;     -- INPUT_B_IS_CONSTANT            ; NO                                                  ;
;     -- USE_EAB                        ; OFF                                                 ;
;     -- DEDICATED_MULTIPLIER_CIRCUITRY ; AUTO                                                ;
;     -- INPUT_A_FIXED_VALUE            ; Bx                                                  ;
;     -- INPUT_B_FIXED_VALUE            ; Bx                                                  ;
; Entity Instance                       ; fft16:UUT|calc_pot:calc_Z1|lpm_mult:Mult0           ;
;     -- LPM_WIDTHA                     ; 12                                                  ;
;     -- LPM_WIDTHB                     ; 12                                                  ;
;     -- LPM_WIDTHP                     ; 24                                                  ;
;     -- LPM_REPRESENTATION             ; SIGNED                                              ;
;     -- INPUT_A_IS_CONSTANT            ; NO                                                  ;
;     -- INPUT_B_IS_CONSTANT            ; NO                                                  ;
;     -- USE_EAB                        ; OFF                                                 ;
;     -- DEDICATED_MULTIPLIER_CIRCUITRY ; AUTO                                                ;
;     -- INPUT_A_FIXED_VALUE            ; Bx                                                  ;
;     -- INPUT_B_FIXED_VALUE            ; Bx                                                  ;
; Entity Instance                       ; fft16:UUT|complex_mult_twiddle:UUT9|lpm_mult:Mult3  ;
;     -- LPM_WIDTHA                     ; 12                                                  ;
;     -- LPM_WIDTHB                     ; 12                                                  ;
;     -- LPM_WIDTHP                     ; 24                                                  ;
;     -- LPM_REPRESENTATION             ; SIGNED                                              ;
;     -- INPUT_A_IS_CONSTANT            ; NO                                                  ;
;     -- INPUT_B_IS_CONSTANT            ; YES                                                 ;
;     -- USE_EAB                        ; OFF                                                 ;
;     -- DEDICATED_MULTIPLIER_CIRCUITRY ; AUTO                                                ;
;     -- INPUT_A_FIXED_VALUE            ; Bx                                                  ;
;     -- INPUT_B_FIXED_VALUE            ; Bx                                                  ;
; Entity Instance                       ; fft16:UUT|complex_mult_twiddle:UUT7|lpm_mult:Mult1  ;
;     -- LPM_WIDTHA                     ; 11                                                  ;
;     -- LPM_WIDTHB                     ; 12                                                  ;
;     -- LPM_WIDTHP                     ; 23                                                  ;
;     -- LPM_REPRESENTATION             ; SIGNED                                              ;
;     -- INPUT_A_IS_CONSTANT            ; NO                                                  ;
;     -- INPUT_B_IS_CONSTANT            ; YES                                                 ;
;     -- USE_EAB                        ; OFF                                                 ;
;     -- DEDICATED_MULTIPLIER_CIRCUITRY ; AUTO                                                ;
;     -- INPUT_A_FIXED_VALUE            ; Bx                                                  ;
;     -- INPUT_B_FIXED_VALUE            ; Bx                                                  ;
; Entity Instance                       ; fft16:UUT|complex_mult_twiddle:UUT13|lpm_mult:Mult0 ;
;     -- LPM_WIDTHA                     ; 11                                                  ;
;     -- LPM_WIDTHB                     ; 12                                                  ;
;     -- LPM_WIDTHP                     ; 23                                                  ;
;     -- LPM_REPRESENTATION             ; SIGNED                                              ;
;     -- INPUT_A_IS_CONSTANT            ; NO                                                  ;
;     -- INPUT_B_IS_CONSTANT            ; YES                                                 ;
;     -- USE_EAB                        ; OFF                                                 ;
;     -- DEDICATED_MULTIPLIER_CIRCUITRY ; AUTO                                                ;
;     -- INPUT_A_FIXED_VALUE            ; Bx                                                  ;
;     -- INPUT_B_FIXED_VALUE            ; Bx                                                  ;
; Entity Instance                       ; fft16:UUT|complex_mult_twiddle:UUT7|lpm_mult:Mult3  ;
;     -- LPM_WIDTHA                     ; 11                                                  ;
;     -- LPM_WIDTHB                     ; 12                                                  ;
;     -- LPM_WIDTHP                     ; 23                                                  ;
;     -- LPM_REPRESENTATION             ; SIGNED                                              ;
;     -- INPUT_A_IS_CONSTANT            ; NO                                                  ;
;     -- INPUT_B_IS_CONSTANT            ; YES                                                 ;
;     -- USE_EAB                        ; OFF                                                 ;
;     -- DEDICATED_MULTIPLIER_CIRCUITRY ; AUTO                                                ;
;     -- INPUT_A_FIXED_VALUE            ; Bx                                                  ;
;     -- INPUT_B_FIXED_VALUE            ; Bx                                                  ;
; Entity Instance                       ; fft16:UUT|complex_mult_twiddle:UUT13|lpm_mult:Mult2 ;
;     -- LPM_WIDTHA                     ; 11                                                  ;
;     -- LPM_WIDTHB                     ; 12                                                  ;
;     -- LPM_WIDTHP                     ; 23                                                  ;
;     -- LPM_REPRESENTATION             ; SIGNED                                              ;
;     -- INPUT_A_IS_CONSTANT            ; NO                                                  ;
;     -- INPUT_B_IS_CONSTANT            ; YES                                                 ;
;     -- USE_EAB                        ; OFF                                                 ;
;     -- DEDICATED_MULTIPLIER_CIRCUITRY ; AUTO                                                ;
;     -- INPUT_A_FIXED_VALUE            ; Bx                                                  ;
;     -- INPUT_B_FIXED_VALUE            ; Bx                                                  ;
; Entity Instance                       ; fft16:UUT|complex_mult_twiddle:UUT6|lpm_mult:Mult0  ;
;     -- LPM_WIDTHA                     ; 12                                                  ;
;     -- LPM_WIDTHB                     ; 12                                                  ;
;     -- LPM_WIDTHP                     ; 24                                                  ;
;     -- LPM_REPRESENTATION             ; SIGNED                                              ;
;     -- INPUT_A_IS_CONSTANT            ; NO                                                  ;
;     -- INPUT_B_IS_CONSTANT            ; YES                                                 ;
;     -- USE_EAB                        ; OFF                                                 ;
;     -- DEDICATED_MULTIPLIER_CIRCUITRY ; AUTO                                                ;
;     -- INPUT_A_FIXED_VALUE            ; Bx                                                  ;
;     -- INPUT_B_FIXED_VALUE            ; Bx                                                  ;
; Entity Instance                       ; fft16:UUT|complex_mult_twiddle:UUT12|lpm_mult:Mult3 ;
;     -- LPM_WIDTHA                     ; 12                                                  ;
;     -- LPM_WIDTHB                     ; 12                                                  ;
;     -- LPM_WIDTHP                     ; 24                                                  ;
;     -- LPM_REPRESENTATION             ; SIGNED                                              ;
;     -- INPUT_A_IS_CONSTANT            ; NO                                                  ;
;     -- INPUT_B_IS_CONSTANT            ; YES                                                 ;
;     -- USE_EAB                        ; OFF                                                 ;
;     -- DEDICATED_MULTIPLIER_CIRCUITRY ; AUTO                                                ;
;     -- INPUT_A_FIXED_VALUE            ; Bx                                                  ;
;     -- INPUT_B_FIXED_VALUE            ; Bx                                                  ;
; Entity Instance                       ; fft16:UUT|complex_mult_twiddle:UUT11|lpm_mult:Mult1 ;
;     -- LPM_WIDTHA                     ; 12                                                  ;
;     -- LPM_WIDTHB                     ; 12                                                  ;
;     -- LPM_WIDTHP                     ; 24                                                  ;
;     -- LPM_REPRESENTATION             ; SIGNED                                              ;
;     -- INPUT_A_IS_CONSTANT            ; NO                                                  ;
;     -- INPUT_B_IS_CONSTANT            ; YES                                                 ;
;     -- USE_EAB                        ; OFF                                                 ;
;     -- DEDICATED_MULTIPLIER_CIRCUITRY ; AUTO                                                ;
;     -- INPUT_A_FIXED_VALUE            ; Bx                                                  ;
;     -- INPUT_B_FIXED_VALUE            ; Bx                                                  ;
; Entity Instance                       ; fft16:UUT|complex_mult_twiddle:UUT5|lpm_mult:Mult2  ;
;     -- LPM_WIDTHA                     ; 12                                                  ;
;     -- LPM_WIDTHB                     ; 12                                                  ;
;     -- LPM_WIDTHP                     ; 24                                                  ;
;     -- LPM_REPRESENTATION             ; SIGNED                                              ;
;     -- INPUT_A_IS_CONSTANT            ; NO                                                  ;
;     -- INPUT_B_IS_CONSTANT            ; YES                                                 ;
;     -- USE_EAB                        ; OFF                                                 ;
;     -- DEDICATED_MULTIPLIER_CIRCUITRY ; AUTO                                                ;
;     -- INPUT_A_FIXED_VALUE            ; Bx                                                  ;
;     -- INPUT_B_FIXED_VALUE            ; Bx                                                  ;
; Entity Instance                       ; fft16:UUT|complex_mult_twiddle:UUT11|lpm_mult:Mult3 ;
;     -- LPM_WIDTHA                     ; 11                                                  ;
;     -- LPM_WIDTHB                     ; 12                                                  ;
;     -- LPM_WIDTHP                     ; 23                                                  ;
;     -- LPM_REPRESENTATION             ; SIGNED                                              ;
;     -- INPUT_A_IS_CONSTANT            ; NO                                                  ;
;     -- INPUT_B_IS_CONSTANT            ; YES                                                 ;
;     -- USE_EAB                        ; OFF                                                 ;
;     -- DEDICATED_MULTIPLIER_CIRCUITRY ; AUTO                                                ;
;     -- INPUT_A_FIXED_VALUE            ; Bx                                                  ;
;     -- INPUT_B_FIXED_VALUE            ; Bx                                                  ;
; Entity Instance                       ; fft16:UUT|complex_mult_twiddle:UUT12|lpm_mult:Mult0 ;
;     -- LPM_WIDTHA                     ; 12                                                  ;
;     -- LPM_WIDTHB                     ; 12                                                  ;
;     -- LPM_WIDTHP                     ; 24                                                  ;
;     -- LPM_REPRESENTATION             ; SIGNED                                              ;
;     -- INPUT_A_IS_CONSTANT            ; NO                                                  ;
;     -- INPUT_B_IS_CONSTANT            ; YES                                                 ;
;     -- USE_EAB                        ; OFF                                                 ;
;     -- DEDICATED_MULTIPLIER_CIRCUITRY ; AUTO                                                ;
;     -- INPUT_A_FIXED_VALUE            ; Bx                                                  ;
;     -- INPUT_B_FIXED_VALUE            ; Bx                                                  ;
; Entity Instance                       ; fft16:UUT|complex_mult_twiddle:UUT7|lpm_mult:Mult0  ;
;     -- LPM_WIDTHA                     ; 11                                                  ;
;     -- LPM_WIDTHB                     ; 11                                                  ;
;     -- LPM_WIDTHP                     ; 22                                                  ;
;     -- LPM_REPRESENTATION             ; SIGNED                                              ;
;     -- INPUT_A_IS_CONSTANT            ; NO                                                  ;
;     -- INPUT_B_IS_CONSTANT            ; YES                                                 ;
;     -- USE_EAB                        ; OFF                                                 ;
;     -- DEDICATED_MULTIPLIER_CIRCUITRY ; AUTO                                                ;
;     -- INPUT_A_FIXED_VALUE            ; Bx                                                  ;
;     -- INPUT_B_FIXED_VALUE            ; Bx                                                  ;
; Entity Instance                       ; fft16:UUT|complex_mult_twiddle:UUT13|lpm_mult:Mult1 ;
;     -- LPM_WIDTHA                     ; 11                                                  ;
;     -- LPM_WIDTHB                     ; 11                                                  ;
;     -- LPM_WIDTHP                     ; 22                                                  ;
;     -- LPM_REPRESENTATION             ; SIGNED                                              ;
;     -- INPUT_A_IS_CONSTANT            ; NO                                                  ;
;     -- INPUT_B_IS_CONSTANT            ; YES                                                 ;
;     -- USE_EAB                        ; OFF                                                 ;
;     -- DEDICATED_MULTIPLIER_CIRCUITRY ; AUTO                                                ;
;     -- INPUT_A_FIXED_VALUE            ; Bx                                                  ;
;     -- INPUT_B_FIXED_VALUE            ; Bx                                                  ;
; Entity Instance                       ; fft16:UUT|complex_mult_twiddle:UUT10|lpm_mult:Mult2 ;
;     -- LPM_WIDTHA                     ; 11                                                  ;
;     -- LPM_WIDTHB                     ; 12                                                  ;
;     -- LPM_WIDTHP                     ; 23                                                  ;
;     -- LPM_REPRESENTATION             ; SIGNED                                              ;
;     -- INPUT_A_IS_CONSTANT            ; NO                                                  ;
;     -- INPUT_B_IS_CONSTANT            ; YES                                                 ;
;     -- USE_EAB                        ; OFF                                                 ;
;     -- DEDICATED_MULTIPLIER_CIRCUITRY ; AUTO                                                ;
;     -- INPUT_A_FIXED_VALUE            ; Bx                                                  ;
;     -- INPUT_B_FIXED_VALUE            ; Bx                                                  ;
; Entity Instance                       ; fft16:UUT|complex_mult_twiddle:UUT10|lpm_mult:Mult3 ;
;     -- LPM_WIDTHA                     ; 11                                                  ;
;     -- LPM_WIDTHB                     ; 12                                                  ;
;     -- LPM_WIDTHP                     ; 23                                                  ;
;     -- LPM_REPRESENTATION             ; SIGNED                                              ;
;     -- INPUT_A_IS_CONSTANT            ; NO                                                  ;
;     -- INPUT_B_IS_CONSTANT            ; YES                                                 ;
;     -- USE_EAB                        ; OFF                                                 ;
;     -- DEDICATED_MULTIPLIER_CIRCUITRY ; AUTO                                                ;
;     -- INPUT_A_FIXED_VALUE            ; Bx                                                  ;
;     -- INPUT_B_FIXED_VALUE            ; Bx                                                  ;
; Entity Instance                       ; fft16:UUT|complex_mult_twiddle:UUT7|lpm_mult:Mult2  ;
;     -- LPM_WIDTHA                     ; 11                                                  ;
;     -- LPM_WIDTHB                     ; 11                                                  ;
;     -- LPM_WIDTHP                     ; 22                                                  ;
;     -- LPM_REPRESENTATION             ; SIGNED                                              ;
;     -- INPUT_A_IS_CONSTANT            ; NO                                                  ;
;     -- INPUT_B_IS_CONSTANT            ; YES                                                 ;
;     -- USE_EAB                        ; OFF                                                 ;
;     -- DEDICATED_MULTIPLIER_CIRCUITRY ; AUTO                                                ;
;     -- INPUT_A_FIXED_VALUE            ; Bx                                                  ;
;     -- INPUT_B_FIXED_VALUE            ; Bx                                                  ;
; Entity Instance                       ; fft16:UUT|complex_mult_twiddle:UUT13|lpm_mult:Mult3 ;
;     -- LPM_WIDTHA                     ; 11                                                  ;
;     -- LPM_WIDTHB                     ; 11                                                  ;
;     -- LPM_WIDTHP                     ; 22                                                  ;
;     -- LPM_REPRESENTATION             ; SIGNED                                              ;
;     -- INPUT_A_IS_CONSTANT            ; NO                                                  ;
;     -- INPUT_B_IS_CONSTANT            ; YES                                                 ;
;     -- USE_EAB                        ; OFF                                                 ;
;     -- DEDICATED_MULTIPLIER_CIRCUITRY ; AUTO                                                ;
;     -- INPUT_A_FIXED_VALUE            ; Bx                                                  ;
;     -- INPUT_B_FIXED_VALUE            ; Bx                                                  ;
; Entity Instance                       ; fft16:UUT|complex_mult_twiddle:UUT10|lpm_mult:Mult0 ;
;     -- LPM_WIDTHA                     ; 11                                                  ;
;     -- LPM_WIDTHB                     ; 12                                                  ;
;     -- LPM_WIDTHP                     ; 23                                                  ;
;     -- LPM_REPRESENTATION             ; SIGNED                                              ;
;     -- INPUT_A_IS_CONSTANT            ; NO                                                  ;
;     -- INPUT_B_IS_CONSTANT            ; YES                                                 ;
;     -- USE_EAB                        ; OFF                                                 ;
;     -- DEDICATED_MULTIPLIER_CIRCUITRY ; AUTO                                                ;
;     -- INPUT_A_FIXED_VALUE            ; Bx                                                  ;
;     -- INPUT_B_FIXED_VALUE            ; Bx                                                  ;
; Entity Instance                       ; fft16:UUT|complex_mult_twiddle:UUT10|lpm_mult:Mult1 ;
;     -- LPM_WIDTHA                     ; 11                                                  ;
;     -- LPM_WIDTHB                     ; 12                                                  ;
;     -- LPM_WIDTHP                     ; 23                                                  ;
;     -- LPM_REPRESENTATION             ; SIGNED                                              ;
;     -- INPUT_A_IS_CONSTANT            ; NO                                                  ;
;     -- INPUT_B_IS_CONSTANT            ; YES                                                 ;
;     -- USE_EAB                        ; OFF                                                 ;
;     -- DEDICATED_MULTIPLIER_CIRCUITRY ; AUTO                                                ;
;     -- INPUT_A_FIXED_VALUE            ; Bx                                                  ;
;     -- INPUT_B_FIXED_VALUE            ; Bx                                                  ;
; Entity Instance                       ; fft16:UUT|complex_mult_twiddle:UUT5|lpm_mult:Mult1  ;
;     -- LPM_WIDTHA                     ; 12                                                  ;
;     -- LPM_WIDTHB                     ; 11                                                  ;
;     -- LPM_WIDTHP                     ; 23                                                  ;
;     -- LPM_REPRESENTATION             ; SIGNED                                              ;
;     -- INPUT_A_IS_CONSTANT            ; NO                                                  ;
;     -- INPUT_B_IS_CONSTANT            ; YES                                                 ;
;     -- USE_EAB                        ; OFF                                                 ;
;     -- DEDICATED_MULTIPLIER_CIRCUITRY ; AUTO                                                ;
;     -- INPUT_A_FIXED_VALUE            ; Bx                                                  ;
;     -- INPUT_B_FIXED_VALUE            ; Bx                                                  ;
; Entity Instance                       ; fft16:UUT|complex_mult_twiddle:UUT11|lpm_mult:Mult0 ;
;     -- LPM_WIDTHA                     ; 11                                                  ;
;     -- LPM_WIDTHB                     ; 11                                                  ;
;     -- LPM_WIDTHP                     ; 22                                                  ;
;     -- LPM_REPRESENTATION             ; SIGNED                                              ;
;     -- INPUT_A_IS_CONSTANT            ; NO                                                  ;
;     -- INPUT_B_IS_CONSTANT            ; YES                                                 ;
;     -- USE_EAB                        ; OFF                                                 ;
;     -- DEDICATED_MULTIPLIER_CIRCUITRY ; AUTO                                                ;
;     -- INPUT_A_FIXED_VALUE            ; Bx                                                  ;
;     -- INPUT_B_FIXED_VALUE            ; Bx                                                  ;
; Entity Instance                       ; fft16:UUT|complex_mult_twiddle:UUT8|lpm_mult:Mult2  ;
;     -- LPM_WIDTHA                     ; 12                                                  ;
;     -- LPM_WIDTHB                     ; 12                                                  ;
;     -- LPM_WIDTHP                     ; 24                                                  ;
;     -- LPM_REPRESENTATION             ; SIGNED                                              ;
;     -- INPUT_A_IS_CONSTANT            ; NO                                                  ;
;     -- INPUT_B_IS_CONSTANT            ; YES                                                 ;
;     -- USE_EAB                        ; OFF                                                 ;
;     -- DEDICATED_MULTIPLIER_CIRCUITRY ; AUTO                                                ;
;     -- INPUT_A_FIXED_VALUE            ; Bx                                                  ;
;     -- INPUT_B_FIXED_VALUE            ; Bx                                                  ;
; Entity Instance                       ; fft16:UUT|complex_mult_twiddle:UUT11|lpm_mult:Mult2 ;
;     -- LPM_WIDTHA                     ; 12                                                  ;
;     -- LPM_WIDTHB                     ; 11                                                  ;
;     -- LPM_WIDTHP                     ; 23                                                  ;
;     -- LPM_REPRESENTATION             ; SIGNED                                              ;
;     -- INPUT_A_IS_CONSTANT            ; NO                                                  ;
;     -- INPUT_B_IS_CONSTANT            ; YES                                                 ;
;     -- USE_EAB                        ; OFF                                                 ;
;     -- DEDICATED_MULTIPLIER_CIRCUITRY ; AUTO                                                ;
;     -- INPUT_A_FIXED_VALUE            ; Bx                                                  ;
;     -- INPUT_B_FIXED_VALUE            ; Bx                                                  ;
+---------------------------------------+-----------------------------------------------------+


+----------------------------------------------------------------------------------------------------------------+
; Port Connectivity Checks: "fft16:UUT|radix4:UUT17"                                                             ;
+------+--------+----------+-------------------------------------------------------------------------------------+
; Port ; Type   ; Severity ; Details                                                                             ;
+------+--------+----------+-------------------------------------------------------------------------------------+
; y2r  ; Output ; Info     ; Connected to dangling logic. Logic that only feeds a dangling port will be removed. ;
; y2i  ; Output ; Info     ; Connected to dangling logic. Logic that only feeds a dangling port will be removed. ;
; y3r  ; Output ; Info     ; Connected to dangling logic. Logic that only feeds a dangling port will be removed. ;
; y3i  ; Output ; Info     ; Connected to dangling logic. Logic that only feeds a dangling port will be removed. ;
; d20  ; Input  ; Info     ; Stuck at GND                                                                        ;
; d21  ; Input  ; Info     ; Stuck at GND                                                                        ;
+------+--------+----------+-------------------------------------------------------------------------------------+


+----------------------------------------------------------------------------------------------------------------+
; Port Connectivity Checks: "fft16:UUT|radix4:UUT16"                                                             ;
+------+--------+----------+-------------------------------------------------------------------------------------+
; Port ; Type   ; Severity ; Details                                                                             ;
+------+--------+----------+-------------------------------------------------------------------------------------+
; y2r  ; Output ; Info     ; Connected to dangling logic. Logic that only feeds a dangling port will be removed. ;
; y2i  ; Output ; Info     ; Connected to dangling logic. Logic that only feeds a dangling port will be removed. ;
; y3r  ; Output ; Info     ; Connected to dangling logic. Logic that only feeds a dangling port will be removed. ;
; y3i  ; Output ; Info     ; Connected to dangling logic. Logic that only feeds a dangling port will be removed. ;
; d20  ; Input  ; Info     ; Stuck at GND                                                                        ;
; d21  ; Input  ; Info     ; Stuck at GND                                                                        ;
+------+--------+----------+-------------------------------------------------------------------------------------+


+----------------------------------------------------------------------------------------------------------------+
; Port Connectivity Checks: "fft16:UUT|radix4:UUT15"                                                             ;
+------+--------+----------+-------------------------------------------------------------------------------------+
; Port ; Type   ; Severity ; Details                                                                             ;
+------+--------+----------+-------------------------------------------------------------------------------------+
; y2r  ; Output ; Info     ; Connected to dangling logic. Logic that only feeds a dangling port will be removed. ;
; y2i  ; Output ; Info     ; Connected to dangling logic. Logic that only feeds a dangling port will be removed. ;
; y3r  ; Output ; Info     ; Connected to dangling logic. Logic that only feeds a dangling port will be removed. ;
; y3i  ; Output ; Info     ; Connected to dangling logic. Logic that only feeds a dangling port will be removed. ;
; d20  ; Input  ; Info     ; Stuck at GND                                                                        ;
; d21  ; Input  ; Info     ; Stuck at GND                                                                        ;
+------+--------+----------+-------------------------------------------------------------------------------------+


+----------------------------------------------------------------------------------------------------------------+
; Port Connectivity Checks: "fft16:UUT|radix4:UUT14"                                                             ;
+------+--------+----------+-------------------------------------------------------------------------------------+
; Port ; Type   ; Severity ; Details                                                                             ;
+------+--------+----------+-------------------------------------------------------------------------------------+
; y3r  ; Output ; Info     ; Connected to dangling logic. Logic that only feeds a dangling port will be removed. ;
; y3i  ; Output ; Info     ; Connected to dangling logic. Logic that only feeds a dangling port will be removed. ;
; d20  ; Input  ; Info     ; Stuck at VCC                                                                        ;
; d21  ; Input  ; Info     ; Stuck at GND                                                                        ;
+------+--------+----------+-------------------------------------------------------------------------------------+


+------------------------------------------------------------------+
; Port Connectivity Checks: "fft16:UUT|complex_mult_twiddle:UUT13" ;
+---------+-------+----------+-------------------------------------+
; Port    ; Type  ; Severity ; Details                             ;
+---------+-------+----------+-------------------------------------+
; k[2..1] ; Input ; Info     ; Stuck at GND                        ;
; k[3]    ; Input ; Info     ; Stuck at VCC                        ;
; k[0]    ; Input ; Info     ; Stuck at VCC                        ;
+---------+-------+----------+-------------------------------------+


+------------------------------------------------------------------+
; Port Connectivity Checks: "fft16:UUT|complex_mult_twiddle:UUT12" ;
+---------+-------+----------+-------------------------------------+
; Port    ; Type  ; Severity ; Details                             ;
+---------+-------+----------+-------------------------------------+
; k[2..1] ; Input ; Info     ; Stuck at VCC                        ;
; k[3]    ; Input ; Info     ; Stuck at GND                        ;
; k[0]    ; Input ; Info     ; Stuck at GND                        ;
+---------+-------+----------+-------------------------------------+


+------------------------------------------------------------------+
; Port Connectivity Checks: "fft16:UUT|complex_mult_twiddle:UUT11" ;
+---------+-------+----------+-------------------------------------+
; Port    ; Type  ; Severity ; Details                             ;
+---------+-------+----------+-------------------------------------+
; k[1..0] ; Input ; Info     ; Stuck at VCC                        ;
; k[3..2] ; Input ; Info     ; Stuck at GND                        ;
+---------+-------+----------+-------------------------------------+


+------------------------------------------------------------------+
; Port Connectivity Checks: "fft16:UUT|complex_mult_twiddle:UUT10" ;
+---------+-------+----------+-------------------------------------+
; Port    ; Type  ; Severity ; Details                             ;
+---------+-------+----------+-------------------------------------+
; k[2..1] ; Input ; Info     ; Stuck at VCC                        ;
; k[3]    ; Input ; Info     ; Stuck at GND                        ;
; k[0]    ; Input ; Info     ; Stuck at GND                        ;
+---------+-------+----------+-------------------------------------+


+-----------------------------------------------------------------+
; Port Connectivity Checks: "fft16:UUT|complex_mult_twiddle:UUT9" ;
+---------+-------+----------+------------------------------------+
; Port    ; Type  ; Severity ; Details                            ;
+---------+-------+----------+------------------------------------+
; k[1..0] ; Input ; Info     ; Stuck at GND                       ;
; k[3]    ; Input ; Info     ; Stuck at GND                       ;
; k[2]    ; Input ; Info     ; Stuck at VCC                       ;
+---------+-------+----------+------------------------------------+


+-----------------------------------------------------------------+
; Port Connectivity Checks: "fft16:UUT|complex_mult_twiddle:UUT8" ;
+---------+-------+----------+------------------------------------+
; Port    ; Type  ; Severity ; Details                            ;
+---------+-------+----------+------------------------------------+
; k[3..2] ; Input ; Info     ; Stuck at GND                       ;
; k[1]    ; Input ; Info     ; Stuck at VCC                       ;
; k[0]    ; Input ; Info     ; Stuck at GND                       ;
+---------+-------+----------+------------------------------------+


+-----------------------------------------------------------------+
; Port Connectivity Checks: "fft16:UUT|complex_mult_twiddle:UUT7" ;
+---------+-------+----------+------------------------------------+
; Port    ; Type  ; Severity ; Details                            ;
+---------+-------+----------+------------------------------------+
; k[1..0] ; Input ; Info     ; Stuck at VCC                       ;
; k[3..2] ; Input ; Info     ; Stuck at GND                       ;
+---------+-------+----------+------------------------------------+


+-----------------------------------------------------------------+
; Port Connectivity Checks: "fft16:UUT|complex_mult_twiddle:UUT6" ;
+---------+-------+----------+------------------------------------+
; Port    ; Type  ; Severity ; Details                            ;
+---------+-------+----------+------------------------------------+
; k[3..2] ; Input ; Info     ; Stuck at GND                       ;
; k[1]    ; Input ; Info     ; Stuck at VCC                       ;
; k[0]    ; Input ; Info     ; Stuck at GND                       ;
+---------+-------+----------+------------------------------------+


+-----------------------------------------------------------------+
; Port Connectivity Checks: "fft16:UUT|complex_mult_twiddle:UUT5" ;
+---------+-------+----------+------------------------------------+
; Port    ; Type  ; Severity ; Details                            ;
+---------+-------+----------+------------------------------------+
; k[3..1] ; Input ; Info     ; Stuck at GND                       ;
; k[0]    ; Input ; Info     ; Stuck at VCC                       ;
+---------+-------+----------+------------------------------------+


+---------------------------------------------------+
; Port Connectivity Checks: "fft16:UUT|radix4:UUT4" ;
+------+-------+----------+-------------------------+
; Port ; Type  ; Severity ; Details                 ;
+------+-------+----------+-------------------------+
; x0i  ; Input ; Info     ; Stuck at GND            ;
; x1i  ; Input ; Info     ; Stuck at GND            ;
; x2i  ; Input ; Info     ; Stuck at GND            ;
; x3i  ; Input ; Info     ; Stuck at GND            ;
; d20  ; Input ; Info     ; Stuck at VCC            ;
; d21  ; Input ; Info     ; Stuck at VCC            ;
+------+-------+----------+-------------------------+


+---------------------------------------------------+
; Port Connectivity Checks: "fft16:UUT|radix4:UUT3" ;
+------+-------+----------+-------------------------+
; Port ; Type  ; Severity ; Details                 ;
+------+-------+----------+-------------------------+
; x0i  ; Input ; Info     ; Stuck at GND            ;
; x1i  ; Input ; Info     ; Stuck at GND            ;
; x2i  ; Input ; Info     ; Stuck at GND            ;
; x3i  ; Input ; Info     ; Stuck at GND            ;
; d20  ; Input ; Info     ; Stuck at VCC            ;
; d21  ; Input ; Info     ; Stuck at VCC            ;
+------+-------+----------+-------------------------+


+---------------------------------------------------+
; Port Connectivity Checks: "fft16:UUT|radix4:UUT2" ;
+------+-------+----------+-------------------------+
; Port ; Type  ; Severity ; Details                 ;
+------+-------+----------+-------------------------+
; x0i  ; Input ; Info     ; Stuck at GND            ;
; x1i  ; Input ; Info     ; Stuck at GND            ;
; x2i  ; Input ; Info     ; Stuck at GND            ;
; x3i  ; Input ; Info     ; Stuck at GND            ;
; d20  ; Input ; Info     ; Stuck at VCC            ;
; d21  ; Input ; Info     ; Stuck at VCC            ;
+------+-------+----------+-------------------------+


+---------------------------------------------------------------+
; Port Connectivity Checks: "fft16:UUT|radix4:UUT1|radix2:UUT4" ;
+------+-------+----------+-------------------------------------+
; Port ; Type  ; Severity ; Details                             ;
+------+-------+----------+-------------------------------------+
; d2   ; Input ; Info     ; Stuck at VCC                        ;
+------+-------+----------+-------------------------------------+


+---------------------------------------------------------------+
; Port Connectivity Checks: "fft16:UUT|radix4:UUT1|radix2:UUT3" ;
+------+-------+----------+-------------------------------------+
; Port ; Type  ; Severity ; Details                             ;
+------+-------+----------+-------------------------------------+
; d2   ; Input ; Info     ; Stuck at VCC                        ;
+------+-------+----------+-------------------------------------+


+---------------------------------------------------------------+
; Port Connectivity Checks: "fft16:UUT|radix4:UUT1|radix2:UUT2" ;
+------+-------+----------+-------------------------------------+
; Port ; Type  ; Severity ; Details                             ;
+------+-------+----------+-------------------------------------+
; d2   ; Input ; Info     ; Stuck at VCC                        ;
+------+-------+----------+-------------------------------------+


+---------------------------------------------------------------+
; Port Connectivity Checks: "fft16:UUT|radix4:UUT1|radix2:UUT1" ;
+------+-------+----------+-------------------------------------+
; Port ; Type  ; Severity ; Details                             ;
+------+-------+----------+-------------------------------------+
; d2   ; Input ; Info     ; Stuck at VCC                        ;
+------+-------+----------+-------------------------------------+


+---------------------------------------------------+
; Port Connectivity Checks: "fft16:UUT|radix4:UUT1" ;
+------+-------+----------+-------------------------+
; Port ; Type  ; Severity ; Details                 ;
+------+-------+----------+-------------------------+
; x0i  ; Input ; Info     ; Stuck at GND            ;
; x1i  ; Input ; Info     ; Stuck at GND            ;
; x2i  ; Input ; Info     ; Stuck at GND            ;
; x3i  ; Input ; Info     ; Stuck at GND            ;
; d20  ; Input ; Info     ; Stuck at VCC            ;
; d21  ; Input ; Info     ; Stuck at VCC            ;
+------+-------+----------+-------------------------+


+-----------------------------------------------------+
; Post-Synthesis Netlist Statistics for Top Partition ;
+-----------------------+-----------------------------+
; Type                  ; Count                       ;
+-----------------------+-----------------------------+
; boundary_port         ; 301                         ;
; cycloneiii_ff         ; 300                         ;
;     SLD               ; 99                          ;
;     plain             ; 201                         ;
; cycloneiii_lcell_comb ; 3877                        ;
;     arith             ; 2116                        ;
;         2 data inputs ; 510                         ;
;         3 data inputs ; 1606                        ;
;     normal            ; 1761                        ;
;         0 data inputs ; 16                          ;
;         1 data inputs ; 44                          ;
;         2 data inputs ; 212                         ;
;         3 data inputs ; 545                         ;
;         4 data inputs ; 944                         ;
; cycloneiii_mac_mult   ; 16                          ;
; cycloneiii_mac_out    ; 16                          ;
;                       ;                             ;
; Max LUT depth         ; 20.90                       ;
; Average LUT depth     ; 14.01                       ;
+-----------------------+-----------------------------+


+-------------------------------+
; Elapsed Time Per Partition    ;
+----------------+--------------+
; Partition Name ; Elapsed Time ;
+----------------+--------------+
; Top            ; 00:00:07     ;
+----------------+--------------+


+-------------------------------+
; Analysis & Synthesis Messages ;
+-------------------------------+
Info: *******************************************************************
Info: Running Quartus Prime Analysis & Synthesis
    Info: Version 23.1std.0 Build 991 11/28/2023 SC Lite Edition
    Info: Processing started: Sun Oct 26 22:42:00 2025
Info: Command: quartus_map --read_settings_files=on --write_settings_files=off fft16 -c fft16
Warning (18236): Number of processors has not been specified which may cause overloading on shared machines.  Set the global assignment NUM_PARALLEL_PROCESSORS in your QSF to an appropriate value for best performance.
Info (20030): Parallel compilation is enabled and will use 10 of the 10 processors detected
Info (12021): Found 1 design units, including 1 entities, in source file fft16_sync_e.vhd
    Info (12023): Found entity 1: fft16_sync File: C:/Users/vitor/elec_num/projet_fft16/Quartus_combi/fft16_sync_e.vhd Line: 8
Info (12021): Found 1 design units, including 0 entities, in source file fft16_sync_a1.vhd
    Info (12022): Found design unit 1: fft16_sync-a1 File: C:/Users/vitor/elec_num/projet_fft16/Quartus_combi/fft16_sync_a1.vhd Line: 1
Info (12021): Found 1 design units, including 0 entities, in source file types.vhd
    Info (12022): Found design unit 1: TYPES File: C:/Users/vitor/elec_num/projet_fft16/Quartus_combi/types.vhd Line: 12
Info (12021): Found 1 design units, including 1 entities, in source file radix4_e.vhd
    Info (12023): Found entity 1: radix4 File: C:/Users/vitor/elec_num/projet_fft16/Quartus_combi/radix4_e.vhd Line: 8
Info (12021): Found 1 design units, including 0 entities, in source file radix4_a1.vhd
    Info (12022): Found design unit 1: radix4-a1 File: C:/Users/vitor/elec_num/projet_fft16/Quartus_combi/radix4_a1.vhd Line: 1
Info (12021): Found 1 design units, including 1 entities, in source file radix2_e.vhd
    Info (12023): Found entity 1: radix2 File: C:/Users/vitor/elec_num/projet_fft16/Quartus_combi/radix2_e.vhd Line: 8
Info (12021): Found 1 design units, including 0 entities, in source file radix2_a3.vhd
    Info (12022): Found design unit 1: radix2-a3 File: C:/Users/vitor/elec_num/projet_fft16/Quartus_combi/radix2_a3.vhd Line: 1
Info (12021): Found 2 design units, including 0 entities, in source file fixed_pkg_c.vhd
    Info (12022): Found design unit 1: fixed_pkg File: C:/Users/vitor/elec_num/projet_fft16/Quartus_combi/fixed_pkg_c.vhd Line: 24
    Info (12022): Found design unit 2: fixed_pkg-body File: C:/Users/vitor/elec_num/projet_fft16/Quartus_combi/fixed_pkg_c.vhd Line: 1534
Info (12021): Found 1 design units, including 0 entities, in source file fixed_float_types_c.vhd
    Info (12022): Found design unit 1: fixed_float_types File: C:/Users/vitor/elec_num/projet_fft16/Quartus_combi/fixed_float_types_c.vhd Line: 16
Info (12021): Found 1 design units, including 1 entities, in source file fft16_e.vhd
    Info (12023): Found entity 1: fft16 File: C:/Users/vitor/elec_num/projet_fft16/Quartus_combi/fft16_e.vhd Line: 8
Info (12021): Found 1 design units, including 0 entities, in source file fft16_a1.vhd
    Info (12022): Found design unit 1: fft16-a1 File: C:/Users/vitor/elec_num/projet_fft16/Quartus_combi/fft16_a1.vhd Line: 1
Info (12021): Found 1 design units, including 1 entities, in source file complex_mult_twiddle_e.vhd
    Info (12023): Found entity 1: complex_mult_twiddle File: C:/Users/vitor/elec_num/projet_fft16/Quartus_combi/complex_mult_twiddle_e.vhd Line: 9
Info (12021): Found 1 design units, including 0 entities, in source file complex_mult_twiddle_a1.vhd
    Info (12022): Found design unit 1: complex_mult_twiddle-a1 File: C:/Users/vitor/elec_num/projet_fft16/Quartus_combi/complex_mult_twiddle_a1.vhd Line: 1
Info (12021): Found 1 design units, including 1 entities, in source file calc_pot_e.vhd
    Info (12023): Found entity 1: calc_pot File: C:/Users/vitor/elec_num/projet_fft16/Quartus_combi/calc_pot_e.vhd Line: 10
Info (12021): Found 1 design units, including 0 entities, in source file calc_pot_a1.vhd
    Info (12022): Found design unit 1: calc_pot-a1 File: C:/Users/vitor/elec_num/projet_fft16/Quartus_combi/calc_pot_a1.vhd Line: 1
Info (12021): Found 1 design units, including 1 entities, in source file de10_lite_golden_top.v
    Info (12023): Found entity 1: DE10_LITE_Golden_Top File: C:/Users/vitor/elec_num/projet_fft16/Quartus_combi/DE10_LITE_Golden_Top.v Line: 29
Info (12127): Elaborating entity "fft16_sync" for the top level hierarchy
Warning (10445): VHDL Subtype or Type Declaration warning at fixed_pkg_c.vhd(1538): subtype or type has null range File: C:/Users/vitor/elec_num/projet_fft16/Quartus_combi/fixed_pkg_c.vhd Line: 1538
Warning (10445): VHDL Subtype or Type Declaration warning at fixed_pkg_c.vhd(1539): subtype or type has null range File: C:/Users/vitor/elec_num/projet_fft16/Quartus_combi/fixed_pkg_c.vhd Line: 1539
Warning (10445): VHDL Subtype or Type Declaration warning at fixed_pkg_c.vhd(1540): subtype or type has null range File: C:/Users/vitor/elec_num/projet_fft16/Quartus_combi/fixed_pkg_c.vhd Line: 1540
Info (12129): Elaborating entity "fft16" using architecture "A:a1" for hierarchy "fft16:UUT" File: C:/Users/vitor/elec_num/projet_fft16/Quartus_combi/fft16_sync_a1.vhd Line: 17
Info (12128): Elaborating entity "radix4" for hierarchy "fft16:UUT|radix4:UUT1" File: C:/Users/vitor/elec_num/projet_fft16/Quartus_combi/fft16_a1.vhd Line: 54
Info (12128): Elaborating entity "radix2" for hierarchy "fft16:UUT|radix4:UUT1|radix2:UUT1" File: C:/Users/vitor/elec_num/projet_fft16/Quartus_combi/radix4_a1.vhd Line: 16
Info (12128): Elaborating entity "complex_mult_twiddle" for hierarchy "fft16:UUT|complex_mult_twiddle:UUT5" File: C:/Users/vitor/elec_num/projet_fft16/Quartus_combi/fft16_a1.vhd Line: 106
Warning (10445): VHDL Subtype or Type Declaration warning at fixed_pkg_c.vhd(1538): subtype or type has null range File: C:/Users/vitor/elec_num/projet_fft16/Quartus_combi/fixed_pkg_c.vhd Line: 1538
Warning (10445): VHDL Subtype or Type Declaration warning at fixed_pkg_c.vhd(1539): subtype or type has null range File: C:/Users/vitor/elec_num/projet_fft16/Quartus_combi/fixed_pkg_c.vhd Line: 1539
Warning (10445): VHDL Subtype or Type Declaration warning at fixed_pkg_c.vhd(1540): subtype or type has null range File: C:/Users/vitor/elec_num/projet_fft16/Quartus_combi/fixed_pkg_c.vhd Line: 1540
Info (12128): Elaborating entity "calc_pot" for hierarchy "fft16:UUT|calc_pot:calc_Z0" File: C:/Users/vitor/elec_num/projet_fft16/Quartus_combi/fft16_a1.vhd Line: 239
Info (278001): Inferred 39 megafunctions from design logic
    Info (278003): Inferred multiplier megafunction ("lpm_mult") from the following logic: "fft16:UUT|calc_pot:calc_Z8|Mult0" File: C:/Users/vitor/elec_num/projet_fft16/Quartus_combi/fixed_pkg_c.vhd Line: 2594
    Info (278003): Inferred multiplier megafunction ("lpm_mult") from the following logic: "fft16:UUT|calc_pot:calc_Z0|Mult0" File: C:/Users/vitor/elec_num/projet_fft16/Quartus_combi/fixed_pkg_c.vhd Line: 2594
    Info (278003): Inferred multiplier megafunction ("lpm_mult") from the following logic: "fft16:UUT|calc_pot:calc_Z7|Mult1" File: C:/Users/vitor/elec_num/projet_fft16/Quartus_combi/fixed_pkg_c.vhd Line: 2594
    Info (278003): Inferred multiplier megafunction ("lpm_mult") from the following logic: "fft16:UUT|calc_pot:calc_Z7|Mult0" File: C:/Users/vitor/elec_num/projet_fft16/Quartus_combi/fixed_pkg_c.vhd Line: 2594
    Info (278003): Inferred multiplier megafunction ("lpm_mult") from the following logic: "fft16:UUT|calc_pot:calc_Z6|Mult1" File: C:/Users/vitor/elec_num/projet_fft16/Quartus_combi/fixed_pkg_c.vhd Line: 2594
    Info (278003): Inferred multiplier megafunction ("lpm_mult") from the following logic: "fft16:UUT|calc_pot:calc_Z6|Mult0" File: C:/Users/vitor/elec_num/projet_fft16/Quartus_combi/fixed_pkg_c.vhd Line: 2594
    Info (278003): Inferred multiplier megafunction ("lpm_mult") from the following logic: "fft16:UUT|calc_pot:calc_Z5|Mult1" File: C:/Users/vitor/elec_num/projet_fft16/Quartus_combi/fixed_pkg_c.vhd Line: 2594
    Info (278003): Inferred multiplier megafunction ("lpm_mult") from the following logic: "fft16:UUT|calc_pot:calc_Z5|Mult0" File: C:/Users/vitor/elec_num/projet_fft16/Quartus_combi/fixed_pkg_c.vhd Line: 2594
    Info (278003): Inferred multiplier megafunction ("lpm_mult") from the following logic: "fft16:UUT|calc_pot:calc_Z4|Mult1" File: C:/Users/vitor/elec_num/projet_fft16/Quartus_combi/fixed_pkg_c.vhd Line: 2594
    Info (278003): Inferred multiplier megafunction ("lpm_mult") from the following logic: "fft16:UUT|calc_pot:calc_Z4|Mult0" File: C:/Users/vitor/elec_num/projet_fft16/Quartus_combi/fixed_pkg_c.vhd Line: 2594
    Info (278003): Inferred multiplier megafunction ("lpm_mult") from the following logic: "fft16:UUT|calc_pot:calc_Z3|Mult1" File: C:/Users/vitor/elec_num/projet_fft16/Quartus_combi/fixed_pkg_c.vhd Line: 2594
    Info (278003): Inferred multiplier megafunction ("lpm_mult") from the following logic: "fft16:UUT|calc_pot:calc_Z3|Mult0" File: C:/Users/vitor/elec_num/projet_fft16/Quartus_combi/fixed_pkg_c.vhd Line: 2594
    Info (278003): Inferred multiplier megafunction ("lpm_mult") from the following logic: "fft16:UUT|calc_pot:calc_Z2|Mult1" File: C:/Users/vitor/elec_num/projet_fft16/Quartus_combi/fixed_pkg_c.vhd Line: 2594
    Info (278003): Inferred multiplier megafunction ("lpm_mult") from the following logic: "fft16:UUT|calc_pot:calc_Z2|Mult0" File: C:/Users/vitor/elec_num/projet_fft16/Quartus_combi/fixed_pkg_c.vhd Line: 2594
    Info (278003): Inferred multiplier megafunction ("lpm_mult") from the following logic: "fft16:UUT|calc_pot:calc_Z1|Mult1" File: C:/Users/vitor/elec_num/projet_fft16/Quartus_combi/fixed_pkg_c.vhd Line: 2594
    Info (278003): Inferred multiplier megafunction ("lpm_mult") from the following logic: "fft16:UUT|calc_pot:calc_Z1|Mult0" File: C:/Users/vitor/elec_num/projet_fft16/Quartus_combi/fixed_pkg_c.vhd Line: 2594
    Info (278003): Inferred multiplier megafunction ("lpm_mult") from the following logic: "fft16:UUT|complex_mult_twiddle:UUT9|Mult3" File: C:/Users/vitor/elec_num/projet_fft16/Quartus_combi/fixed_pkg_c.vhd Line: 2594
    Info (278003): Inferred multiplier megafunction ("lpm_mult") from the following logic: "fft16:UUT|complex_mult_twiddle:UUT7|Mult1" File: C:/Users/vitor/elec_num/projet_fft16/Quartus_combi/fixed_pkg_c.vhd Line: 2594
    Info (278003): Inferred multiplier megafunction ("lpm_mult") from the following logic: "fft16:UUT|complex_mult_twiddle:UUT13|Mult0" File: C:/Users/vitor/elec_num/projet_fft16/Quartus_combi/fixed_pkg_c.vhd Line: 2594
    Info (278003): Inferred multiplier megafunction ("lpm_mult") from the following logic: "fft16:UUT|complex_mult_twiddle:UUT7|Mult3" File: C:/Users/vitor/elec_num/projet_fft16/Quartus_combi/fixed_pkg_c.vhd Line: 2594
    Info (278003): Inferred multiplier megafunction ("lpm_mult") from the following logic: "fft16:UUT|complex_mult_twiddle:UUT13|Mult2" File: C:/Users/vitor/elec_num/projet_fft16/Quartus_combi/fixed_pkg_c.vhd Line: 2594
    Info (278003): Inferred multiplier megafunction ("lpm_mult") from the following logic: "fft16:UUT|complex_mult_twiddle:UUT6|Mult0" File: C:/Users/vitor/elec_num/projet_fft16/Quartus_combi/fixed_pkg_c.vhd Line: 2594
    Info (278003): Inferred multiplier megafunction ("lpm_mult") from the following logic: "fft16:UUT|complex_mult_twiddle:UUT12|Mult3" File: C:/Users/vitor/elec_num/projet_fft16/Quartus_combi/fixed_pkg_c.vhd Line: 2594
    Info (278003): Inferred multiplier megafunction ("lpm_mult") from the following logic: "fft16:UUT|complex_mult_twiddle:UUT11|Mult1" File: C:/Users/vitor/elec_num/projet_fft16/Quartus_combi/fixed_pkg_c.vhd Line: 2594
    Info (278003): Inferred multiplier megafunction ("lpm_mult") from the following logic: "fft16:UUT|complex_mult_twiddle:UUT5|Mult2" File: C:/Users/vitor/elec_num/projet_fft16/Quartus_combi/fixed_pkg_c.vhd Line: 2594
    Info (278003): Inferred multiplier megafunction ("lpm_mult") from the following logic: "fft16:UUT|complex_mult_twiddle:UUT11|Mult3" File: C:/Users/vitor/elec_num/projet_fft16/Quartus_combi/fixed_pkg_c.vhd Line: 2594
    Info (278003): Inferred multiplier megafunction ("lpm_mult") from the following logic: "fft16:UUT|complex_mult_twiddle:UUT12|Mult0" File: C:/Users/vitor/elec_num/projet_fft16/Quartus_combi/fixed_pkg_c.vhd Line: 2594
    Info (278003): Inferred multiplier megafunction ("lpm_mult") from the following logic: "fft16:UUT|complex_mult_twiddle:UUT7|Mult0" File: C:/Users/vitor/elec_num/projet_fft16/Quartus_combi/fixed_pkg_c.vhd Line: 2594
    Info (278003): Inferred multiplier megafunction ("lpm_mult") from the following logic: "fft16:UUT|complex_mult_twiddle:UUT13|Mult1" File: C:/Users/vitor/elec_num/projet_fft16/Quartus_combi/fixed_pkg_c.vhd Line: 2594
    Info (278003): Inferred multiplier megafunction ("lpm_mult") from the following logic: "fft16:UUT|complex_mult_twiddle:UUT10|Mult2" File: C:/Users/vitor/elec_num/projet_fft16/Quartus_combi/fixed_pkg_c.vhd Line: 2594
    Info (278003): Inferred multiplier megafunction ("lpm_mult") from the following logic: "fft16:UUT|complex_mult_twiddle:UUT10|Mult3" File: C:/Users/vitor/elec_num/projet_fft16/Quartus_combi/fixed_pkg_c.vhd Line: 2594
    Info (278003): Inferred multiplier megafunction ("lpm_mult") from the following logic: "fft16:UUT|complex_mult_twiddle:UUT7|Mult2" File: C:/Users/vitor/elec_num/projet_fft16/Quartus_combi/fixed_pkg_c.vhd Line: 2594
    Info (278003): Inferred multiplier megafunction ("lpm_mult") from the following logic: "fft16:UUT|complex_mult_twiddle:UUT13|Mult3" File: C:/Users/vitor/elec_num/projet_fft16/Quartus_combi/fixed_pkg_c.vhd Line: 2594
    Info (278003): Inferred multiplier megafunction ("lpm_mult") from the following logic: "fft16:UUT|complex_mult_twiddle:UUT10|Mult0" File: C:/Users/vitor/elec_num/projet_fft16/Quartus_combi/fixed_pkg_c.vhd Line: 2594
    Info (278003): Inferred multiplier megafunction ("lpm_mult") from the following logic: "fft16:UUT|complex_mult_twiddle:UUT10|Mult1" File: C:/Users/vitor/elec_num/projet_fft16/Quartus_combi/fixed_pkg_c.vhd Line: 2594
    Info (278003): Inferred multiplier megafunction ("lpm_mult") from the following logic: "fft16:UUT|complex_mult_twiddle:UUT5|Mult1" File: C:/Users/vitor/elec_num/projet_fft16/Quartus_combi/fixed_pkg_c.vhd Line: 2594
    Info (278003): Inferred multiplier megafunction ("lpm_mult") from the following logic: "fft16:UUT|complex_mult_twiddle:UUT11|Mult0" File: C:/Users/vitor/elec_num/projet_fft16/Quartus_combi/fixed_pkg_c.vhd Line: 2594
    Info (278003): Inferred multiplier megafunction ("lpm_mult") from the following logic: "fft16:UUT|complex_mult_twiddle:UUT8|Mult2" File: C:/Users/vitor/elec_num/projet_fft16/Quartus_combi/fixed_pkg_c.vhd Line: 2594
    Info (278003): Inferred multiplier megafunction ("lpm_mult") from the following logic: "fft16:UUT|complex_mult_twiddle:UUT11|Mult2" File: C:/Users/vitor/elec_num/projet_fft16/Quartus_combi/fixed_pkg_c.vhd Line: 2594
Info (12130): Elaborated megafunction instantiation "fft16:UUT|calc_pot:calc_Z8|lpm_mult:Mult0" File: C:/Users/vitor/elec_num/projet_fft16/Quartus_combi/fixed_pkg_c.vhd Line: 2594
Info (12133): Instantiated megafunction "fft16:UUT|calc_pot:calc_Z8|lpm_mult:Mult0" with the following parameter: File: C:/Users/vitor/elec_num/projet_fft16/Quartus_combi/fixed_pkg_c.vhd Line: 2594
    Info (12134): Parameter "LPM_WIDTHA" = "12"
    Info (12134): Parameter "LPM_WIDTHB" = "12"
    Info (12134): Parameter "LPM_WIDTHP" = "24"
    Info (12134): Parameter "LPM_WIDTHR" = "24"
    Info (12134): Parameter "LPM_WIDTHS" = "1"
    Info (12134): Parameter "LPM_REPRESENTATION" = "SIGNED"
    Info (12134): Parameter "INPUT_A_IS_CONSTANT" = "NO"
    Info (12134): Parameter "INPUT_B_IS_CONSTANT" = "NO"
    Info (12134): Parameter "MAXIMIZE_SPEED" = "6"
Info (12021): Found 1 design units, including 1 entities, in source file db/mult_jgs.tdf
    Info (12023): Found entity 1: mult_jgs File: C:/Users/vitor/elec_num/projet_fft16/Quartus_combi/db/mult_jgs.tdf Line: 29
Info (12130): Elaborated megafunction instantiation "fft16:UUT|complex_mult_twiddle:UUT9|lpm_mult:Mult3" File: C:/Users/vitor/elec_num/projet_fft16/Quartus_combi/fixed_pkg_c.vhd Line: 2594
Info (12133): Instantiated megafunction "fft16:UUT|complex_mult_twiddle:UUT9|lpm_mult:Mult3" with the following parameter: File: C:/Users/vitor/elec_num/projet_fft16/Quartus_combi/fixed_pkg_c.vhd Line: 2594
    Info (12134): Parameter "LPM_WIDTHA" = "12"
    Info (12134): Parameter "LPM_WIDTHB" = "12"
    Info (12134): Parameter "LPM_WIDTHP" = "24"
    Info (12134): Parameter "LPM_WIDTHR" = "24"
    Info (12134): Parameter "LPM_WIDTHS" = "1"
    Info (12134): Parameter "LPM_REPRESENTATION" = "SIGNED"
    Info (12134): Parameter "INPUT_A_IS_CONSTANT" = "NO"
    Info (12134): Parameter "INPUT_B_IS_CONSTANT" = "YES"
    Info (12134): Parameter "MAXIMIZE_SPEED" = "6"
Info (12131): Elaborated megafunction instantiation "fft16:UUT|complex_mult_twiddle:UUT9|lpm_mult:Mult3|multcore:mult_core", which is child of megafunction instantiation "fft16:UUT|complex_mult_twiddle:UUT9|lpm_mult:Mult3" File: c:/intelfpga_lite/23.1std/quartus/libraries/megafunctions/lpm_mult.tdf Line: 309
Info (12131): Elaborated megafunction instantiation "fft16:UUT|complex_mult_twiddle:UUT9|lpm_mult:Mult3|multcore:mult_core|mpar_add:padder", which is child of megafunction instantiation "fft16:UUT|complex_mult_twiddle:UUT9|lpm_mult:Mult3" File: c:/intelfpga_lite/23.1std/quartus/libraries/megafunctions/multcore.tdf Line: 229
Info (12131): Elaborated megafunction instantiation "fft16:UUT|complex_mult_twiddle:UUT9|lpm_mult:Mult3|multcore:mult_core|mpar_add:padder|lpm_add_sub:adder[0]", which is child of megafunction instantiation "fft16:UUT|complex_mult_twiddle:UUT9|lpm_mult:Mult3" File: c:/intelfpga_lite/23.1std/quartus/libraries/megafunctions/mpar_add.tdf Line: 115
Info (12021): Found 1 design units, including 1 entities, in source file db/add_sub_ckg.tdf
    Info (12023): Found entity 1: add_sub_ckg File: C:/Users/vitor/elec_num/projet_fft16/Quartus_combi/db/add_sub_ckg.tdf Line: 23
Info (12131): Elaborated megafunction instantiation "fft16:UUT|complex_mult_twiddle:UUT9|lpm_mult:Mult3|multcore:mult_core|mpar_add:padder|mpar_add:sub_par_add", which is child of megafunction instantiation "fft16:UUT|complex_mult_twiddle:UUT9|lpm_mult:Mult3" File: c:/intelfpga_lite/23.1std/quartus/libraries/megafunctions/mpar_add.tdf Line: 138
Info (12131): Elaborated megafunction instantiation "fft16:UUT|complex_mult_twiddle:UUT9|lpm_mult:Mult3|multcore:mult_core|mpar_add:padder|mpar_add:sub_par_add|lpm_add_sub:adder[0]", which is child of megafunction instantiation "fft16:UUT|complex_mult_twiddle:UUT9|lpm_mult:Mult3" File: c:/intelfpga_lite/23.1std/quartus/libraries/megafunctions/mpar_add.tdf Line: 115
Info (12021): Found 1 design units, including 1 entities, in source file db/add_sub_1vg.tdf
    Info (12023): Found entity 1: add_sub_1vg File: C:/Users/vitor/elec_num/projet_fft16/Quartus_combi/db/add_sub_1vg.tdf Line: 23
Info (12131): Elaborated megafunction instantiation "fft16:UUT|complex_mult_twiddle:UUT9|lpm_mult:Mult3|altshift:external_latency_ffs", which is child of megafunction instantiation "fft16:UUT|complex_mult_twiddle:UUT9|lpm_mult:Mult3" File: c:/intelfpga_lite/23.1std/quartus/libraries/megafunctions/lpm_mult.tdf Line: 352
Info (12130): Elaborated megafunction instantiation "fft16:UUT|complex_mult_twiddle:UUT7|lpm_mult:Mult1" File: C:/Users/vitor/elec_num/projet_fft16/Quartus_combi/fixed_pkg_c.vhd Line: 2594
Info (12133): Instantiated megafunction "fft16:UUT|complex_mult_twiddle:UUT7|lpm_mult:Mult1" with the following parameter: File: C:/Users/vitor/elec_num/projet_fft16/Quartus_combi/fixed_pkg_c.vhd Line: 2594
    Info (12134): Parameter "LPM_WIDTHA" = "11"
    Info (12134): Parameter "LPM_WIDTHB" = "12"
    Info (12134): Parameter "LPM_WIDTHP" = "23"
    Info (12134): Parameter "LPM_WIDTHR" = "23"
    Info (12134): Parameter "LPM_WIDTHS" = "1"
    Info (12134): Parameter "LPM_REPRESENTATION" = "SIGNED"
    Info (12134): Parameter "INPUT_A_IS_CONSTANT" = "NO"
    Info (12134): Parameter "INPUT_B_IS_CONSTANT" = "YES"
    Info (12134): Parameter "MAXIMIZE_SPEED" = "6"
Info (12131): Elaborated megafunction instantiation "fft16:UUT|complex_mult_twiddle:UUT7|lpm_mult:Mult1|multcore:mult_core", which is child of megafunction instantiation "fft16:UUT|complex_mult_twiddle:UUT7|lpm_mult:Mult1" File: c:/intelfpga_lite/23.1std/quartus/libraries/megafunctions/lpm_mult.tdf Line: 309
Info (12131): Elaborated megafunction instantiation "fft16:UUT|complex_mult_twiddle:UUT7|lpm_mult:Mult1|multcore:mult_core|mpar_add:padder", which is child of megafunction instantiation "fft16:UUT|complex_mult_twiddle:UUT7|lpm_mult:Mult1" File: c:/intelfpga_lite/23.1std/quartus/libraries/megafunctions/multcore.tdf Line: 229
Info (12131): Elaborated megafunction instantiation "fft16:UUT|complex_mult_twiddle:UUT7|lpm_mult:Mult1|altshift:external_latency_ffs", which is child of megafunction instantiation "fft16:UUT|complex_mult_twiddle:UUT7|lpm_mult:Mult1" File: c:/intelfpga_lite/23.1std/quartus/libraries/megafunctions/lpm_mult.tdf Line: 352
Info (12130): Elaborated megafunction instantiation "fft16:UUT|complex_mult_twiddle:UUT13|lpm_mult:Mult0" File: C:/Users/vitor/elec_num/projet_fft16/Quartus_combi/fixed_pkg_c.vhd Line: 2594
Info (12133): Instantiated megafunction "fft16:UUT|complex_mult_twiddle:UUT13|lpm_mult:Mult0" with the following parameter: File: C:/Users/vitor/elec_num/projet_fft16/Quartus_combi/fixed_pkg_c.vhd Line: 2594
    Info (12134): Parameter "LPM_WIDTHA" = "11"
    Info (12134): Parameter "LPM_WIDTHB" = "12"
    Info (12134): Parameter "LPM_WIDTHP" = "23"
    Info (12134): Parameter "LPM_WIDTHR" = "23"
    Info (12134): Parameter "LPM_WIDTHS" = "1"
    Info (12134): Parameter "LPM_REPRESENTATION" = "SIGNED"
    Info (12134): Parameter "INPUT_A_IS_CONSTANT" = "NO"
    Info (12134): Parameter "INPUT_B_IS_CONSTANT" = "YES"
    Info (12134): Parameter "MAXIMIZE_SPEED" = "6"
Info (12130): Elaborated megafunction instantiation "fft16:UUT|complex_mult_twiddle:UUT6|lpm_mult:Mult0" File: C:/Users/vitor/elec_num/projet_fft16/Quartus_combi/fixed_pkg_c.vhd Line: 2594
Info (12133): Instantiated megafunction "fft16:UUT|complex_mult_twiddle:UUT6|lpm_mult:Mult0" with the following parameter: File: C:/Users/vitor/elec_num/projet_fft16/Quartus_combi/fixed_pkg_c.vhd Line: 2594
    Info (12134): Parameter "LPM_WIDTHA" = "12"
    Info (12134): Parameter "LPM_WIDTHB" = "12"
    Info (12134): Parameter "LPM_WIDTHP" = "24"
    Info (12134): Parameter "LPM_WIDTHR" = "24"
    Info (12134): Parameter "LPM_WIDTHS" = "1"
    Info (12134): Parameter "LPM_REPRESENTATION" = "SIGNED"
    Info (12134): Parameter "INPUT_A_IS_CONSTANT" = "NO"
    Info (12134): Parameter "INPUT_B_IS_CONSTANT" = "YES"
    Info (12134): Parameter "MAXIMIZE_SPEED" = "6"
Info (12130): Elaborated megafunction instantiation "fft16:UUT|complex_mult_twiddle:UUT11|lpm_mult:Mult1" File: C:/Users/vitor/elec_num/projet_fft16/Quartus_combi/fixed_pkg_c.vhd Line: 2594
Info (12133): Instantiated megafunction "fft16:UUT|complex_mult_twiddle:UUT11|lpm_mult:Mult1" with the following parameter: File: C:/Users/vitor/elec_num/projet_fft16/Quartus_combi/fixed_pkg_c.vhd Line: 2594
    Info (12134): Parameter "LPM_WIDTHA" = "12"
    Info (12134): Parameter "LPM_WIDTHB" = "12"
    Info (12134): Parameter "LPM_WIDTHP" = "24"
    Info (12134): Parameter "LPM_WIDTHR" = "24"
    Info (12134): Parameter "LPM_WIDTHS" = "1"
    Info (12134): Parameter "LPM_REPRESENTATION" = "SIGNED"
    Info (12134): Parameter "INPUT_A_IS_CONSTANT" = "NO"
    Info (12134): Parameter "INPUT_B_IS_CONSTANT" = "YES"
    Info (12134): Parameter "MAXIMIZE_SPEED" = "6"
Info (12130): Elaborated megafunction instantiation "fft16:UUT|complex_mult_twiddle:UUT12|lpm_mult:Mult0" File: C:/Users/vitor/elec_num/projet_fft16/Quartus_combi/fixed_pkg_c.vhd Line: 2594
Info (12133): Instantiated megafunction "fft16:UUT|complex_mult_twiddle:UUT12|lpm_mult:Mult0" with the following parameter: File: C:/Users/vitor/elec_num/projet_fft16/Quartus_combi/fixed_pkg_c.vhd Line: 2594
    Info (12134): Parameter "LPM_WIDTHA" = "12"
    Info (12134): Parameter "LPM_WIDTHB" = "12"
    Info (12134): Parameter "LPM_WIDTHP" = "24"
    Info (12134): Parameter "LPM_WIDTHR" = "24"
    Info (12134): Parameter "LPM_WIDTHS" = "1"
    Info (12134): Parameter "LPM_REPRESENTATION" = "SIGNED"
    Info (12134): Parameter "INPUT_A_IS_CONSTANT" = "NO"
    Info (12134): Parameter "INPUT_B_IS_CONSTANT" = "YES"
    Info (12134): Parameter "MAXIMIZE_SPEED" = "6"
Info (12130): Elaborated megafunction instantiation "fft16:UUT|complex_mult_twiddle:UUT7|lpm_mult:Mult0" File: C:/Users/vitor/elec_num/projet_fft16/Quartus_combi/fixed_pkg_c.vhd Line: 2594
Info (12133): Instantiated megafunction "fft16:UUT|complex_mult_twiddle:UUT7|lpm_mult:Mult0" with the following parameter: File: C:/Users/vitor/elec_num/projet_fft16/Quartus_combi/fixed_pkg_c.vhd Line: 2594
    Info (12134): Parameter "LPM_WIDTHA" = "11"
    Info (12134): Parameter "LPM_WIDTHB" = "11"
    Info (12134): Parameter "LPM_WIDTHP" = "22"
    Info (12134): Parameter "LPM_WIDTHR" = "22"
    Info (12134): Parameter "LPM_WIDTHS" = "1"
    Info (12134): Parameter "LPM_REPRESENTATION" = "SIGNED"
    Info (12134): Parameter "INPUT_A_IS_CONSTANT" = "NO"
    Info (12134): Parameter "INPUT_B_IS_CONSTANT" = "YES"
    Info (12134): Parameter "MAXIMIZE_SPEED" = "6"
Info (12131): Elaborated megafunction instantiation "fft16:UUT|complex_mult_twiddle:UUT7|lpm_mult:Mult0|multcore:mult_core", which is child of megafunction instantiation "fft16:UUT|complex_mult_twiddle:UUT7|lpm_mult:Mult0" File: c:/intelfpga_lite/23.1std/quartus/libraries/megafunctions/lpm_mult.tdf Line: 309
Info (12131): Elaborated megafunction instantiation "fft16:UUT|complex_mult_twiddle:UUT7|lpm_mult:Mult0|multcore:mult_core|mpar_add:padder", which is child of megafunction instantiation "fft16:UUT|complex_mult_twiddle:UUT7|lpm_mult:Mult0" File: c:/intelfpga_lite/23.1std/quartus/libraries/megafunctions/multcore.tdf Line: 229
Info (12131): Elaborated megafunction instantiation "fft16:UUT|complex_mult_twiddle:UUT7|lpm_mult:Mult0|multcore:mult_core|mpar_add:padder|lpm_add_sub:adder[0]", which is child of megafunction instantiation "fft16:UUT|complex_mult_twiddle:UUT7|lpm_mult:Mult0" File: c:/intelfpga_lite/23.1std/quartus/libraries/megafunctions/mpar_add.tdf Line: 115
Info (12021): Found 1 design units, including 1 entities, in source file db/add_sub_bkg.tdf
    Info (12023): Found entity 1: add_sub_bkg File: C:/Users/vitor/elec_num/projet_fft16/Quartus_combi/db/add_sub_bkg.tdf Line: 23
Info (12131): Elaborated megafunction instantiation "fft16:UUT|complex_mult_twiddle:UUT7|lpm_mult:Mult0|multcore:mult_core|mpar_add:padder|mpar_add:sub_par_add", which is child of megafunction instantiation "fft16:UUT|complex_mult_twiddle:UUT7|lpm_mult:Mult0" File: c:/intelfpga_lite/23.1std/quartus/libraries/megafunctions/mpar_add.tdf Line: 138
Info (12131): Elaborated megafunction instantiation "fft16:UUT|complex_mult_twiddle:UUT7|lpm_mult:Mult0|multcore:mult_core|mpar_add:padder|mpar_add:sub_par_add|lpm_add_sub:adder[0]", which is child of megafunction instantiation "fft16:UUT|complex_mult_twiddle:UUT7|lpm_mult:Mult0" File: c:/intelfpga_lite/23.1std/quartus/libraries/megafunctions/mpar_add.tdf Line: 115
Info (12021): Found 1 design units, including 1 entities, in source file db/add_sub_9vg.tdf
    Info (12023): Found entity 1: add_sub_9vg File: C:/Users/vitor/elec_num/projet_fft16/Quartus_combi/db/add_sub_9vg.tdf Line: 23
Info (12131): Elaborated megafunction instantiation "fft16:UUT|complex_mult_twiddle:UUT7|lpm_mult:Mult0|altshift:external_latency_ffs", which is child of megafunction instantiation "fft16:UUT|complex_mult_twiddle:UUT7|lpm_mult:Mult0" File: c:/intelfpga_lite/23.1std/quartus/libraries/megafunctions/lpm_mult.tdf Line: 352
Info (12130): Elaborated megafunction instantiation "fft16:UUT|complex_mult_twiddle:UUT13|lpm_mult:Mult1" File: C:/Users/vitor/elec_num/projet_fft16/Quartus_combi/fixed_pkg_c.vhd Line: 2594
Info (12133): Instantiated megafunction "fft16:UUT|complex_mult_twiddle:UUT13|lpm_mult:Mult1" with the following parameter: File: C:/Users/vitor/elec_num/projet_fft16/Quartus_combi/fixed_pkg_c.vhd Line: 2594
    Info (12134): Parameter "LPM_WIDTHA" = "11"
    Info (12134): Parameter "LPM_WIDTHB" = "11"
    Info (12134): Parameter "LPM_WIDTHP" = "22"
    Info (12134): Parameter "LPM_WIDTHR" = "22"
    Info (12134): Parameter "LPM_WIDTHS" = "1"
    Info (12134): Parameter "LPM_REPRESENTATION" = "SIGNED"
    Info (12134): Parameter "INPUT_A_IS_CONSTANT" = "NO"
    Info (12134): Parameter "INPUT_B_IS_CONSTANT" = "YES"
    Info (12134): Parameter "MAXIMIZE_SPEED" = "6"
Info (12130): Elaborated megafunction instantiation "fft16:UUT|complex_mult_twiddle:UUT10|lpm_mult:Mult2" File: C:/Users/vitor/elec_num/projet_fft16/Quartus_combi/fixed_pkg_c.vhd Line: 2594
Info (12133): Instantiated megafunction "fft16:UUT|complex_mult_twiddle:UUT10|lpm_mult:Mult2" with the following parameter: File: C:/Users/vitor/elec_num/projet_fft16/Quartus_combi/fixed_pkg_c.vhd Line: 2594
    Info (12134): Parameter "LPM_WIDTHA" = "11"
    Info (12134): Parameter "LPM_WIDTHB" = "12"
    Info (12134): Parameter "LPM_WIDTHP" = "23"
    Info (12134): Parameter "LPM_WIDTHR" = "23"
    Info (12134): Parameter "LPM_WIDTHS" = "1"
    Info (12134): Parameter "LPM_REPRESENTATION" = "SIGNED"
    Info (12134): Parameter "INPUT_A_IS_CONSTANT" = "NO"
    Info (12134): Parameter "INPUT_B_IS_CONSTANT" = "YES"
    Info (12134): Parameter "MAXIMIZE_SPEED" = "6"
Info (12130): Elaborated megafunction instantiation "fft16:UUT|complex_mult_twiddle:UUT10|lpm_mult:Mult3" File: C:/Users/vitor/elec_num/projet_fft16/Quartus_combi/fixed_pkg_c.vhd Line: 2594
Info (12133): Instantiated megafunction "fft16:UUT|complex_mult_twiddle:UUT10|lpm_mult:Mult3" with the following parameter: File: C:/Users/vitor/elec_num/projet_fft16/Quartus_combi/fixed_pkg_c.vhd Line: 2594
    Info (12134): Parameter "LPM_WIDTHA" = "11"
    Info (12134): Parameter "LPM_WIDTHB" = "12"
    Info (12134): Parameter "LPM_WIDTHP" = "23"
    Info (12134): Parameter "LPM_WIDTHR" = "23"
    Info (12134): Parameter "LPM_WIDTHS" = "1"
    Info (12134): Parameter "LPM_REPRESENTATION" = "SIGNED"
    Info (12134): Parameter "INPUT_A_IS_CONSTANT" = "NO"
    Info (12134): Parameter "INPUT_B_IS_CONSTANT" = "YES"
    Info (12134): Parameter "MAXIMIZE_SPEED" = "6"
Info (12130): Elaborated megafunction instantiation "fft16:UUT|complex_mult_twiddle:UUT5|lpm_mult:Mult1" File: C:/Users/vitor/elec_num/projet_fft16/Quartus_combi/fixed_pkg_c.vhd Line: 2594
Info (12133): Instantiated megafunction "fft16:UUT|complex_mult_twiddle:UUT5|lpm_mult:Mult1" with the following parameter: File: C:/Users/vitor/elec_num/projet_fft16/Quartus_combi/fixed_pkg_c.vhd Line: 2594
    Info (12134): Parameter "LPM_WIDTHA" = "12"
    Info (12134): Parameter "LPM_WIDTHB" = "11"
    Info (12134): Parameter "LPM_WIDTHP" = "23"
    Info (12134): Parameter "LPM_WIDTHR" = "23"
    Info (12134): Parameter "LPM_WIDTHS" = "1"
    Info (12134): Parameter "LPM_REPRESENTATION" = "SIGNED"
    Info (12134): Parameter "INPUT_A_IS_CONSTANT" = "NO"
    Info (12134): Parameter "INPUT_B_IS_CONSTANT" = "YES"
    Info (12134): Parameter "MAXIMIZE_SPEED" = "6"
Info (12131): Elaborated megafunction instantiation "fft16:UUT|complex_mult_twiddle:UUT5|lpm_mult:Mult1|multcore:mult_core", which is child of megafunction instantiation "fft16:UUT|complex_mult_twiddle:UUT5|lpm_mult:Mult1" File: c:/intelfpga_lite/23.1std/quartus/libraries/megafunctions/lpm_mult.tdf Line: 309
Info (12131): Elaborated megafunction instantiation "fft16:UUT|complex_mult_twiddle:UUT5|lpm_mult:Mult1|multcore:mult_core|mpar_add:padder", which is child of megafunction instantiation "fft16:UUT|complex_mult_twiddle:UUT5|lpm_mult:Mult1" File: c:/intelfpga_lite/23.1std/quartus/libraries/megafunctions/multcore.tdf Line: 229
Info (12130): Elaborated megafunction instantiation "fft16:UUT|complex_mult_twiddle:UUT8|lpm_mult:Mult2" File: C:/Users/vitor/elec_num/projet_fft16/Quartus_combi/fixed_pkg_c.vhd Line: 2594
Info (12133): Instantiated megafunction "fft16:UUT|complex_mult_twiddle:UUT8|lpm_mult:Mult2" with the following parameter: File: C:/Users/vitor/elec_num/projet_fft16/Quartus_combi/fixed_pkg_c.vhd Line: 2594
    Info (12134): Parameter "LPM_WIDTHA" = "12"
    Info (12134): Parameter "LPM_WIDTHB" = "12"
    Info (12134): Parameter "LPM_WIDTHP" = "24"
    Info (12134): Parameter "LPM_WIDTHR" = "24"
    Info (12134): Parameter "LPM_WIDTHS" = "1"
    Info (12134): Parameter "LPM_REPRESENTATION" = "SIGNED"
    Info (12134): Parameter "INPUT_A_IS_CONSTANT" = "NO"
    Info (12134): Parameter "INPUT_B_IS_CONSTANT" = "YES"
    Info (12134): Parameter "MAXIMIZE_SPEED" = "6"
Info (286030): Timing-Driven Synthesis is running
Info (16010): Generating hard_block partition "hard_block:auto_generated_inst"
    Info (16011): Adding 0 node(s), including 0 DDIO, 0 PLL, 0 transceiver and 0 LCELL
Info (21057): Implemented 4402 device resources after synthesis - the final resource count might be different
    Info (21058): Implemented 193 input pins
    Info (21059): Implemented 108 output pins
    Info (21061): Implemented 4069 logic cells
    Info (21062): Implemented 32 DSP elements
Info: Quartus Prime Analysis & Synthesis was successful. 0 errors, 7 warnings
    Info: Peak virtual memory: 4989 megabytes
    Info: Processing ended: Sun Oct 26 22:42:17 2025
    Info: Elapsed time: 00:00:17
    Info: Total CPU time (on all processors): 00:00:24


