Fitter report for fft16OPT
Thu Nov 13 16:16:06 2025
Quartus Prime Version 23.1std.0 Build 991 11/28/2023 SC Lite Edition


---------------------
; Table of Contents ;
---------------------
  1. Legal Notice
  2. Fitter Summary
  3. Fitter Settings
  4. Parallel Compilation
  5. Fitter Netlist Optimizations
  6. Ignored Assignments
  7. Incremental Compilation Preservation Summary
  8. Incremental Compilation Partition Settings
  9. Incremental Compilation Placement Preservation
 10. Pin-Out File
 11. Fitter Resource Usage Summary
 12. Fitter Partition Statistics
 13. Input Pins
 14. Output Pins
 15. Dual Purpose and Dedicated Pins
 16. I/O Bank Usage
 17. All Package Pins
 18. I/O Assignment Warnings
 19. Fitter Resource Utilization by Entity
 20. Delay Chain Summary
 21. Pad To Core Delay Chain Fanout
 22. Control Signals
 23. Global & Other Fast Signals
 24. Fitter RAM Summary
 25. Fitter DSP Block Usage Summary
 26. DSP Block Details
 27. Routing Usage Summary
 28. LAB Logic Elements
 29. LAB-wide Signals
 30. LAB Signals Sourced
 31. LAB Signals Sourced Out
 32. LAB Distinct Inputs
 33. I/O Rules Summary
 34. I/O Rules Details
 35. I/O Rules Matrix
 36. Fitter Device Options
 37. Operating Settings and Conditions
 38. Estimated Delay Added for Hold Timing Summary
 39. Estimated Delay Added for Hold Timing Details
 40. Fitter Messages
 41. Fitter Suppressed Messages



----------------
; Legal Notice ;
----------------
Copyright (C) 2023  Intel Corporation. All rights reserved.
Your use of Intel Corporation's design tools, logic functions 
and other software and tools, and any partner logic 
functions, and any output files from any of the foregoing 
(including device programming or simulation files), and any 
associated documentation or information are expressly subject 
to the terms and conditions of the Intel Program License 
Subscription Agreement, the Intel Quartus Prime License Agreement,
the Intel FPGA IP License Agreement, or other applicable license
agreement, including, without limitation, that your use is for
the sole purpose of programming logic devices manufactured by
Intel and sold by Intel or its authorized distributors.  Please
refer to the applicable agreement for further details, at
https://fpgasoftware.intel.com/eula.



+-------------------------------------------------------------------------------------+
; Fitter Summary                                                                      ;
+------------------------------------+------------------------------------------------+
; Fitter Status                      ; Successful - Thu Nov 13 16:16:06 2025          ;
; Quartus Prime Version              ; 23.1std.0 Build 991 11/28/2023 SC Lite Edition ;
; Revision Name                      ; fft16OPT                                       ;
; Top-level Entity Name              ; fft16OPT_sync                                  ;
; Family                             ; MAX 10                                         ;
; Device                             ; 10M50DAF484C6GES                               ;
; Timing Models                      ; Preliminary                                    ;
; Total logic elements               ; 2,448 / 49,760 ( 5 % )                         ;
;     Total combinational functions  ; 1,979 / 49,760 ( 4 % )                         ;
;     Dedicated logic registers      ; 2,096 / 49,760 ( 4 % )                         ;
; Total registers                    ; 2096                                           ;
; Total pins                         ; 302 / 360 ( 84 % )                             ;
; Total virtual pins                 ; 0                                              ;
; Total memory bits                  ; 327 / 1,677,312 ( < 1 % )                      ;
; Embedded Multiplier 9-bit elements ; 32 / 288 ( 11 % )                              ;
; Total PLLs                         ; 0 / 4 ( 0 % )                                  ;
; UFM blocks                         ; 0 / 1 ( 0 % )                                  ;
; ADC blocks                         ; 0 / 2 ( 0 % )                                  ;
+------------------------------------+------------------------------------------------+


+----------------------------------------------------------------------------------------------------------------------------------------------------+
; Fitter Settings                                                                                                                                    ;
+--------------------------------------------------------------------+---------------------------------------+---------------------------------------+
; Option                                                             ; Setting                               ; Default Value                         ;
+--------------------------------------------------------------------+---------------------------------------+---------------------------------------+
; Device                                                             ; 10M50DAF484C6GES                      ;                                       ;
; Minimum Core Junction Temperature                                  ; 0                                     ;                                       ;
; Maximum Core Junction Temperature                                  ; 85                                    ;                                       ;
; Fit Attempts to Skip                                               ; 0                                     ; 0.0                                   ;
; Use smart compilation                                              ; Off                                   ; Off                                   ;
; Enable parallel Assembler and Timing Analyzer during compilation   ; On                                    ; On                                    ;
; Enable compact report table                                        ; Off                                   ; Off                                   ;
; Auto Merge PLLs                                                    ; On                                    ; On                                    ;
; Router Timing Optimization Level                                   ; Normal                                ; Normal                                ;
; Perform Clocking Topology Analysis During Routing                  ; Off                                   ; Off                                   ;
; Placement Effort Multiplier                                        ; 1.0                                   ; 1.0                                   ;
; Router Effort Multiplier                                           ; 1.0                                   ; 1.0                                   ;
; Optimize Hold Timing                                               ; All Paths                             ; All Paths                             ;
; Optimize Multi-Corner Timing                                       ; On                                    ; On                                    ;
; Power Optimization During Fitting                                  ; Normal compilation                    ; Normal compilation                    ;
; SSN Optimization                                                   ; Off                                   ; Off                                   ;
; Optimize Timing                                                    ; Normal compilation                    ; Normal compilation                    ;
; Optimize Timing for ECOs                                           ; Off                                   ; Off                                   ;
; Regenerate Full Fit Report During ECO Compiles                     ; Off                                   ; Off                                   ;
; Optimize IOC Register Placement for Timing                         ; Normal                                ; Normal                                ;
; Final Placement Optimizations                                      ; Automatically                         ; Automatically                         ;
; Fitter Initial Placement Seed                                      ; 1                                     ; 1                                     ;
; Periphery to Core Placement and Routing Optimization               ; Off                                   ; Off                                   ;
; PCI I/O                                                            ; Off                                   ; Off                                   ;
; Weak Pull-Up Resistor                                              ; Off                                   ; Off                                   ;
; Enable Bus-Hold Circuitry                                          ; Off                                   ; Off                                   ;
; Auto Packed Registers                                              ; Auto                                  ; Auto                                  ;
; Auto Delay Chains                                                  ; On                                    ; On                                    ;
; Auto Delay Chains for High Fanout Input Pins                       ; Off                                   ; Off                                   ;
; Allow Single-ended Buffer for Differential-XSTL Input              ; Off                                   ; Off                                   ;
; Treat Bidirectional Pin as Output Pin                              ; Off                                   ; Off                                   ;
; Perform Physical Synthesis for Combinational Logic for Fitting     ; Off                                   ; Off                                   ;
; Perform Physical Synthesis for Combinational Logic for Performance ; Off                                   ; Off                                   ;
; Perform Register Duplication for Performance                       ; Off                                   ; Off                                   ;
; Perform Logic to Memory Mapping for Fitting                        ; Off                                   ; Off                                   ;
; Perform Register Retiming for Performance                          ; Off                                   ; Off                                   ;
; Perform Asynchronous Signal Pipelining                             ; Off                                   ; Off                                   ;
; Fitter Effort                                                      ; Auto Fit                              ; Auto Fit                              ;
; Physical Synthesis Effort Level                                    ; Normal                                ; Normal                                ;
; Logic Cell Insertion - Logic Duplication                           ; Auto                                  ; Auto                                  ;
; Auto Register Duplication                                          ; Auto                                  ; Auto                                  ;
; Auto Global Clock                                                  ; On                                    ; On                                    ;
; Auto Global Register Control Signals                               ; On                                    ; On                                    ;
; Reserve all unused pins                                            ; As input tri-stated with weak pull-up ; As input tri-stated with weak pull-up ;
; Synchronizer Identification                                        ; Auto                                  ; Auto                                  ;
; Enable Beneficial Skew Optimization                                ; On                                    ; On                                    ;
; Optimize Design for Metastability                                  ; On                                    ; On                                    ;
; Force Fitter to Avoid Periphery Placement Warnings                 ; Off                                   ; Off                                   ;
; Enable input tri-state on active configuration pins in user mode   ; Off                                   ; Off                                   ;
+--------------------------------------------------------------------+---------------------------------------+---------------------------------------+


+------------------------------------------+
; Parallel Compilation                     ;
+----------------------------+-------------+
; Processors                 ; Number      ;
+----------------------------+-------------+
; Number detected on machine ; 12          ;
; Maximum allowed            ; 10          ;
;                            ;             ;
; Average used               ; 1.28        ;
; Maximum used               ; 10          ;
;                            ;             ;
; Usage by Processor         ; % Time Used ;
;     Processor 1            ; 100.0%      ;
;     Processor 2            ;   3.4%      ;
;     Processor 3            ;   3.3%      ;
;     Processor 4            ;   3.2%      ;
;     Processor 5            ;   3.1%      ;
;     Processor 6            ;   3.1%      ;
;     Processor 7            ;   3.0%      ;
;     Processor 8            ;   3.0%      ;
;     Processors 9-10        ;   3.0%      ;
+----------------------------+-------------+


+---------------------------------------------------------------------------------------------------------------------------------------------------------------------------------------------------------------------------------------------------------------------------------+
; Fitter Netlist Optimizations                                                                                                                                                                                                                                                    ;
+---------------------------------------------------+-----------------+------------------+---------------------+-----------+----------------+------------------------------------------------------------------------------------------+------------------+-----------------------+
; Node                                              ; Action          ; Operation        ; Reason              ; Node Port ; Node Port Name ; Destination Node                                                                         ; Destination Port ; Destination Port Name ;
+---------------------------------------------------+-----------------+------------------+---------------------+-----------+----------------+------------------------------------------------------------------------------------------+------------------+-----------------------+
; fft16OPT:UUT|calc_pot:\gen_pot:0:calc_Z|r2_s[-1]  ; Packed Register ; Register Packing ; Timing optimization ; Q         ;                ; fft16OPT:UUT|calc_pot:\gen_pot:0:calc_Z|lpm_mult:Mult0|mult_jgs:auto_generated|mac_out2  ; DATAOUT          ;                       ;
; fft16OPT:UUT|calc_pot:\gen_pot:0:calc_Z|r2_s[-2]  ; Packed Register ; Register Packing ; Timing optimization ; Q         ;                ; fft16OPT:UUT|calc_pot:\gen_pot:0:calc_Z|lpm_mult:Mult0|mult_jgs:auto_generated|mac_out2  ; DATAOUT          ;                       ;
; fft16OPT:UUT|calc_pot:\gen_pot:0:calc_Z|r2_s[-3]  ; Packed Register ; Register Packing ; Timing optimization ; Q         ;                ; fft16OPT:UUT|calc_pot:\gen_pot:0:calc_Z|lpm_mult:Mult0|mult_jgs:auto_generated|mac_out2  ; DATAOUT          ;                       ;
; fft16OPT:UUT|calc_pot:\gen_pot:0:calc_Z|r2_s[-4]  ; Packed Register ; Register Packing ; Timing optimization ; Q         ;                ; fft16OPT:UUT|calc_pot:\gen_pot:0:calc_Z|lpm_mult:Mult0|mult_jgs:auto_generated|mac_out2  ; DATAOUT          ;                       ;
; fft16OPT:UUT|calc_pot:\gen_pot:0:calc_Z|r2_s[-5]  ; Packed Register ; Register Packing ; Timing optimization ; Q         ;                ; fft16OPT:UUT|calc_pot:\gen_pot:0:calc_Z|lpm_mult:Mult0|mult_jgs:auto_generated|mac_out2  ; DATAOUT          ;                       ;
; fft16OPT:UUT|calc_pot:\gen_pot:0:calc_Z|r2_s[-6]  ; Packed Register ; Register Packing ; Timing optimization ; Q         ;                ; fft16OPT:UUT|calc_pot:\gen_pot:0:calc_Z|lpm_mult:Mult0|mult_jgs:auto_generated|mac_out2  ; DATAOUT          ;                       ;
; fft16OPT:UUT|calc_pot:\gen_pot:0:calc_Z|r2_s[-7]  ; Packed Register ; Register Packing ; Timing optimization ; Q         ;                ; fft16OPT:UUT|calc_pot:\gen_pot:0:calc_Z|lpm_mult:Mult0|mult_jgs:auto_generated|mac_out2  ; DATAOUT          ;                       ;
; fft16OPT:UUT|calc_pot:\gen_pot:0:calc_Z|r2_s[-8]  ; Packed Register ; Register Packing ; Timing optimization ; Q         ;                ; fft16OPT:UUT|calc_pot:\gen_pot:0:calc_Z|lpm_mult:Mult0|mult_jgs:auto_generated|mac_out2  ; DATAOUT          ;                       ;
; fft16OPT:UUT|calc_pot:\gen_pot:0:calc_Z|r2_s[-9]  ; Packed Register ; Register Packing ; Timing optimization ; Q         ;                ; fft16OPT:UUT|calc_pot:\gen_pot:0:calc_Z|lpm_mult:Mult0|mult_jgs:auto_generated|mac_out2  ; DATAOUT          ;                       ;
; fft16OPT:UUT|calc_pot:\gen_pot:0:calc_Z|r2_s[-10] ; Packed Register ; Register Packing ; Timing optimization ; Q         ;                ; fft16OPT:UUT|calc_pot:\gen_pot:0:calc_Z|lpm_mult:Mult0|mult_jgs:auto_generated|mac_out2  ; DATAOUT          ;                       ;
; fft16OPT:UUT|calc_pot:\gen_pot:0:calc_Z|r2_s[-11] ; Packed Register ; Register Packing ; Timing optimization ; Q         ;                ; fft16OPT:UUT|calc_pot:\gen_pot:0:calc_Z|lpm_mult:Mult0|mult_jgs:auto_generated|mac_out2  ; DATAOUT          ;                       ;
; fft16OPT:UUT|calc_pot:\gen_pot:0:calc_Z|r2_s[0]   ; Packed Register ; Register Packing ; Timing optimization ; Q         ;                ; fft16OPT:UUT|calc_pot:\gen_pot:0:calc_Z|lpm_mult:Mult0|mult_jgs:auto_generated|mac_out2  ; DATAOUT          ;                       ;
; fft16OPT:UUT|calc_pot:\gen_pot:1:calc_Z|i2_s[-1]  ; Packed Register ; Register Packing ; Timing optimization ; Q         ;                ; fft16OPT:UUT|calc_pot:\gen_pot:1:calc_Z|lpm_mult:Mult1|mult_jgs:auto_generated|mac_out2  ; DATAOUT          ;                       ;
; fft16OPT:UUT|calc_pot:\gen_pot:1:calc_Z|i2_s[-2]  ; Packed Register ; Register Packing ; Timing optimization ; Q         ;                ; fft16OPT:UUT|calc_pot:\gen_pot:1:calc_Z|lpm_mult:Mult1|mult_jgs:auto_generated|mac_out2  ; DATAOUT          ;                       ;
; fft16OPT:UUT|calc_pot:\gen_pot:1:calc_Z|i2_s[-3]  ; Packed Register ; Register Packing ; Timing optimization ; Q         ;                ; fft16OPT:UUT|calc_pot:\gen_pot:1:calc_Z|lpm_mult:Mult1|mult_jgs:auto_generated|mac_out2  ; DATAOUT          ;                       ;
; fft16OPT:UUT|calc_pot:\gen_pot:1:calc_Z|i2_s[-4]  ; Packed Register ; Register Packing ; Timing optimization ; Q         ;                ; fft16OPT:UUT|calc_pot:\gen_pot:1:calc_Z|lpm_mult:Mult1|mult_jgs:auto_generated|mac_out2  ; DATAOUT          ;                       ;
; fft16OPT:UUT|calc_pot:\gen_pot:1:calc_Z|i2_s[-5]  ; Packed Register ; Register Packing ; Timing optimization ; Q         ;                ; fft16OPT:UUT|calc_pot:\gen_pot:1:calc_Z|lpm_mult:Mult1|mult_jgs:auto_generated|mac_out2  ; DATAOUT          ;                       ;
; fft16OPT:UUT|calc_pot:\gen_pot:1:calc_Z|i2_s[-6]  ; Packed Register ; Register Packing ; Timing optimization ; Q         ;                ; fft16OPT:UUT|calc_pot:\gen_pot:1:calc_Z|lpm_mult:Mult1|mult_jgs:auto_generated|mac_out2  ; DATAOUT          ;                       ;
; fft16OPT:UUT|calc_pot:\gen_pot:1:calc_Z|i2_s[-7]  ; Packed Register ; Register Packing ; Timing optimization ; Q         ;                ; fft16OPT:UUT|calc_pot:\gen_pot:1:calc_Z|lpm_mult:Mult1|mult_jgs:auto_generated|mac_out2  ; DATAOUT          ;                       ;
; fft16OPT:UUT|calc_pot:\gen_pot:1:calc_Z|i2_s[-8]  ; Packed Register ; Register Packing ; Timing optimization ; Q         ;                ; fft16OPT:UUT|calc_pot:\gen_pot:1:calc_Z|lpm_mult:Mult1|mult_jgs:auto_generated|mac_out2  ; DATAOUT          ;                       ;
; fft16OPT:UUT|calc_pot:\gen_pot:1:calc_Z|i2_s[-9]  ; Packed Register ; Register Packing ; Timing optimization ; Q         ;                ; fft16OPT:UUT|calc_pot:\gen_pot:1:calc_Z|lpm_mult:Mult1|mult_jgs:auto_generated|mac_out2  ; DATAOUT          ;                       ;
; fft16OPT:UUT|calc_pot:\gen_pot:1:calc_Z|i2_s[-10] ; Packed Register ; Register Packing ; Timing optimization ; Q         ;                ; fft16OPT:UUT|calc_pot:\gen_pot:1:calc_Z|lpm_mult:Mult1|mult_jgs:auto_generated|mac_out2  ; DATAOUT          ;                       ;
; fft16OPT:UUT|calc_pot:\gen_pot:1:calc_Z|i2_s[-11] ; Packed Register ; Register Packing ; Timing optimization ; Q         ;                ; fft16OPT:UUT|calc_pot:\gen_pot:1:calc_Z|lpm_mult:Mult1|mult_jgs:auto_generated|mac_out2  ; DATAOUT          ;                       ;
; fft16OPT:UUT|calc_pot:\gen_pot:1:calc_Z|i2_s[-12] ; Packed Register ; Register Packing ; Timing optimization ; Q         ;                ; fft16OPT:UUT|calc_pot:\gen_pot:1:calc_Z|lpm_mult:Mult1|mult_jgs:auto_generated|mac_out2  ; DATAOUT          ;                       ;
; fft16OPT:UUT|calc_pot:\gen_pot:1:calc_Z|i2_s[-13] ; Packed Register ; Register Packing ; Timing optimization ; Q         ;                ; fft16OPT:UUT|calc_pot:\gen_pot:1:calc_Z|lpm_mult:Mult1|mult_jgs:auto_generated|mac_out2  ; DATAOUT          ;                       ;
; fft16OPT:UUT|calc_pot:\gen_pot:1:calc_Z|i2_s[-14] ; Packed Register ; Register Packing ; Timing optimization ; Q         ;                ; fft16OPT:UUT|calc_pot:\gen_pot:1:calc_Z|lpm_mult:Mult1|mult_jgs:auto_generated|mac_out2  ; DATAOUT          ;                       ;
; fft16OPT:UUT|calc_pot:\gen_pot:1:calc_Z|i2_s[-15] ; Packed Register ; Register Packing ; Timing optimization ; Q         ;                ; fft16OPT:UUT|calc_pot:\gen_pot:1:calc_Z|lpm_mult:Mult1|mult_jgs:auto_generated|mac_out2  ; DATAOUT          ;                       ;
; fft16OPT:UUT|calc_pot:\gen_pot:1:calc_Z|i2_s[-16] ; Packed Register ; Register Packing ; Timing optimization ; Q         ;                ; fft16OPT:UUT|calc_pot:\gen_pot:1:calc_Z|lpm_mult:Mult1|mult_jgs:auto_generated|mac_out2  ; DATAOUT          ;                       ;
; fft16OPT:UUT|calc_pot:\gen_pot:1:calc_Z|i2_s[-17] ; Packed Register ; Register Packing ; Timing optimization ; Q         ;                ; fft16OPT:UUT|calc_pot:\gen_pot:1:calc_Z|lpm_mult:Mult1|mult_jgs:auto_generated|mac_out2  ; DATAOUT          ;                       ;
; fft16OPT:UUT|calc_pot:\gen_pot:1:calc_Z|i2_s[-18] ; Packed Register ; Register Packing ; Timing optimization ; Q         ;                ; fft16OPT:UUT|calc_pot:\gen_pot:1:calc_Z|lpm_mult:Mult1|mult_jgs:auto_generated|mac_out2  ; DATAOUT          ;                       ;
; fft16OPT:UUT|calc_pot:\gen_pot:1:calc_Z|i2_s[-19] ; Packed Register ; Register Packing ; Timing optimization ; Q         ;                ; fft16OPT:UUT|calc_pot:\gen_pot:1:calc_Z|lpm_mult:Mult1|mult_jgs:auto_generated|mac_out2  ; DATAOUT          ;                       ;
; fft16OPT:UUT|calc_pot:\gen_pot:1:calc_Z|i2_s[-20] ; Packed Register ; Register Packing ; Timing optimization ; Q         ;                ; fft16OPT:UUT|calc_pot:\gen_pot:1:calc_Z|lpm_mult:Mult1|mult_jgs:auto_generated|mac_out2  ; DATAOUT          ;                       ;
; fft16OPT:UUT|calc_pot:\gen_pot:1:calc_Z|i2_s[0]   ; Packed Register ; Register Packing ; Timing optimization ; Q         ;                ; fft16OPT:UUT|calc_pot:\gen_pot:1:calc_Z|lpm_mult:Mult1|mult_jgs:auto_generated|mac_out2  ; DATAOUT          ;                       ;
; fft16OPT:UUT|calc_pot:\gen_pot:1:calc_Z|r2_s[-1]  ; Packed Register ; Register Packing ; Timing optimization ; Q         ;                ; fft16OPT:UUT|calc_pot:\gen_pot:1:calc_Z|lpm_mult:Mult0|mult_jgs:auto_generated|mac_out2  ; DATAOUT          ;                       ;
; fft16OPT:UUT|calc_pot:\gen_pot:1:calc_Z|r2_s[-2]  ; Packed Register ; Register Packing ; Timing optimization ; Q         ;                ; fft16OPT:UUT|calc_pot:\gen_pot:1:calc_Z|lpm_mult:Mult0|mult_jgs:auto_generated|mac_out2  ; DATAOUT          ;                       ;
; fft16OPT:UUT|calc_pot:\gen_pot:1:calc_Z|r2_s[-3]  ; Packed Register ; Register Packing ; Timing optimization ; Q         ;                ; fft16OPT:UUT|calc_pot:\gen_pot:1:calc_Z|lpm_mult:Mult0|mult_jgs:auto_generated|mac_out2  ; DATAOUT          ;                       ;
; fft16OPT:UUT|calc_pot:\gen_pot:1:calc_Z|r2_s[-4]  ; Packed Register ; Register Packing ; Timing optimization ; Q         ;                ; fft16OPT:UUT|calc_pot:\gen_pot:1:calc_Z|lpm_mult:Mult0|mult_jgs:auto_generated|mac_out2  ; DATAOUT          ;                       ;
; fft16OPT:UUT|calc_pot:\gen_pot:1:calc_Z|r2_s[-5]  ; Packed Register ; Register Packing ; Timing optimization ; Q         ;                ; fft16OPT:UUT|calc_pot:\gen_pot:1:calc_Z|lpm_mult:Mult0|mult_jgs:auto_generated|mac_out2  ; DATAOUT          ;                       ;
; fft16OPT:UUT|calc_pot:\gen_pot:1:calc_Z|r2_s[-6]  ; Packed Register ; Register Packing ; Timing optimization ; Q         ;                ; fft16OPT:UUT|calc_pot:\gen_pot:1:calc_Z|lpm_mult:Mult0|mult_jgs:auto_generated|mac_out2  ; DATAOUT          ;                       ;
; fft16OPT:UUT|calc_pot:\gen_pot:1:calc_Z|r2_s[-7]  ; Packed Register ; Register Packing ; Timing optimization ; Q         ;                ; fft16OPT:UUT|calc_pot:\gen_pot:1:calc_Z|lpm_mult:Mult0|mult_jgs:auto_generated|mac_out2  ; DATAOUT          ;                       ;
; fft16OPT:UUT|calc_pot:\gen_pot:1:calc_Z|r2_s[-8]  ; Packed Register ; Register Packing ; Timing optimization ; Q         ;                ; fft16OPT:UUT|calc_pot:\gen_pot:1:calc_Z|lpm_mult:Mult0|mult_jgs:auto_generated|mac_out2  ; DATAOUT          ;                       ;
; fft16OPT:UUT|calc_pot:\gen_pot:1:calc_Z|r2_s[-9]  ; Packed Register ; Register Packing ; Timing optimization ; Q         ;                ; fft16OPT:UUT|calc_pot:\gen_pot:1:calc_Z|lpm_mult:Mult0|mult_jgs:auto_generated|mac_out2  ; DATAOUT          ;                       ;
; fft16OPT:UUT|calc_pot:\gen_pot:1:calc_Z|r2_s[-10] ; Packed Register ; Register Packing ; Timing optimization ; Q         ;                ; fft16OPT:UUT|calc_pot:\gen_pot:1:calc_Z|lpm_mult:Mult0|mult_jgs:auto_generated|mac_out2  ; DATAOUT          ;                       ;
; fft16OPT:UUT|calc_pot:\gen_pot:1:calc_Z|r2_s[-11] ; Packed Register ; Register Packing ; Timing optimization ; Q         ;                ; fft16OPT:UUT|calc_pot:\gen_pot:1:calc_Z|lpm_mult:Mult0|mult_jgs:auto_generated|mac_out2  ; DATAOUT          ;                       ;
; fft16OPT:UUT|calc_pot:\gen_pot:1:calc_Z|r2_s[-12] ; Packed Register ; Register Packing ; Timing optimization ; Q         ;                ; fft16OPT:UUT|calc_pot:\gen_pot:1:calc_Z|lpm_mult:Mult0|mult_jgs:auto_generated|mac_out2  ; DATAOUT          ;                       ;
; fft16OPT:UUT|calc_pot:\gen_pot:1:calc_Z|r2_s[-13] ; Packed Register ; Register Packing ; Timing optimization ; Q         ;                ; fft16OPT:UUT|calc_pot:\gen_pot:1:calc_Z|lpm_mult:Mult0|mult_jgs:auto_generated|mac_out2  ; DATAOUT          ;                       ;
; fft16OPT:UUT|calc_pot:\gen_pot:1:calc_Z|r2_s[-14] ; Packed Register ; Register Packing ; Timing optimization ; Q         ;                ; fft16OPT:UUT|calc_pot:\gen_pot:1:calc_Z|lpm_mult:Mult0|mult_jgs:auto_generated|mac_out2  ; DATAOUT          ;                       ;
; fft16OPT:UUT|calc_pot:\gen_pot:1:calc_Z|r2_s[-15] ; Packed Register ; Register Packing ; Timing optimization ; Q         ;                ; fft16OPT:UUT|calc_pot:\gen_pot:1:calc_Z|lpm_mult:Mult0|mult_jgs:auto_generated|mac_out2  ; DATAOUT          ;                       ;
; fft16OPT:UUT|calc_pot:\gen_pot:1:calc_Z|r2_s[-16] ; Packed Register ; Register Packing ; Timing optimization ; Q         ;                ; fft16OPT:UUT|calc_pot:\gen_pot:1:calc_Z|lpm_mult:Mult0|mult_jgs:auto_generated|mac_out2  ; DATAOUT          ;                       ;
; fft16OPT:UUT|calc_pot:\gen_pot:1:calc_Z|r2_s[-17] ; Packed Register ; Register Packing ; Timing optimization ; Q         ;                ; fft16OPT:UUT|calc_pot:\gen_pot:1:calc_Z|lpm_mult:Mult0|mult_jgs:auto_generated|mac_out2  ; DATAOUT          ;                       ;
; fft16OPT:UUT|calc_pot:\gen_pot:1:calc_Z|r2_s[-18] ; Packed Register ; Register Packing ; Timing optimization ; Q         ;                ; fft16OPT:UUT|calc_pot:\gen_pot:1:calc_Z|lpm_mult:Mult0|mult_jgs:auto_generated|mac_out2  ; DATAOUT          ;                       ;
; fft16OPT:UUT|calc_pot:\gen_pot:1:calc_Z|r2_s[-19] ; Packed Register ; Register Packing ; Timing optimization ; Q         ;                ; fft16OPT:UUT|calc_pot:\gen_pot:1:calc_Z|lpm_mult:Mult0|mult_jgs:auto_generated|mac_out2  ; DATAOUT          ;                       ;
; fft16OPT:UUT|calc_pot:\gen_pot:1:calc_Z|r2_s[-20] ; Packed Register ; Register Packing ; Timing optimization ; Q         ;                ; fft16OPT:UUT|calc_pot:\gen_pot:1:calc_Z|lpm_mult:Mult0|mult_jgs:auto_generated|mac_out2  ; DATAOUT          ;                       ;
; fft16OPT:UUT|calc_pot:\gen_pot:1:calc_Z|r2_s[0]   ; Packed Register ; Register Packing ; Timing optimization ; Q         ;                ; fft16OPT:UUT|calc_pot:\gen_pot:1:calc_Z|lpm_mult:Mult0|mult_jgs:auto_generated|mac_out2  ; DATAOUT          ;                       ;
; fft16OPT:UUT|calc_pot:\gen_pot:2:calc_Z|i2_s[-1]  ; Packed Register ; Register Packing ; Timing optimization ; Q         ;                ; fft16OPT:UUT|calc_pot:\gen_pot:2:calc_Z|lpm_mult:Mult1|mult_jgs:auto_generated|mac_out2  ; DATAOUT          ;                       ;
; fft16OPT:UUT|calc_pot:\gen_pot:2:calc_Z|i2_s[-2]  ; Packed Register ; Register Packing ; Timing optimization ; Q         ;                ; fft16OPT:UUT|calc_pot:\gen_pot:2:calc_Z|lpm_mult:Mult1|mult_jgs:auto_generated|mac_out2  ; DATAOUT          ;                       ;
; fft16OPT:UUT|calc_pot:\gen_pot:2:calc_Z|i2_s[-3]  ; Packed Register ; Register Packing ; Timing optimization ; Q         ;                ; fft16OPT:UUT|calc_pot:\gen_pot:2:calc_Z|lpm_mult:Mult1|mult_jgs:auto_generated|mac_out2  ; DATAOUT          ;                       ;
; fft16OPT:UUT|calc_pot:\gen_pot:2:calc_Z|i2_s[-4]  ; Packed Register ; Register Packing ; Timing optimization ; Q         ;                ; fft16OPT:UUT|calc_pot:\gen_pot:2:calc_Z|lpm_mult:Mult1|mult_jgs:auto_generated|mac_out2  ; DATAOUT          ;                       ;
; fft16OPT:UUT|calc_pot:\gen_pot:2:calc_Z|i2_s[-5]  ; Packed Register ; Register Packing ; Timing optimization ; Q         ;                ; fft16OPT:UUT|calc_pot:\gen_pot:2:calc_Z|lpm_mult:Mult1|mult_jgs:auto_generated|mac_out2  ; DATAOUT          ;                       ;
; fft16OPT:UUT|calc_pot:\gen_pot:2:calc_Z|i2_s[-6]  ; Packed Register ; Register Packing ; Timing optimization ; Q         ;                ; fft16OPT:UUT|calc_pot:\gen_pot:2:calc_Z|lpm_mult:Mult1|mult_jgs:auto_generated|mac_out2  ; DATAOUT          ;                       ;
; fft16OPT:UUT|calc_pot:\gen_pot:2:calc_Z|i2_s[-7]  ; Packed Register ; Register Packing ; Timing optimization ; Q         ;                ; fft16OPT:UUT|calc_pot:\gen_pot:2:calc_Z|lpm_mult:Mult1|mult_jgs:auto_generated|mac_out2  ; DATAOUT          ;                       ;
; fft16OPT:UUT|calc_pot:\gen_pot:2:calc_Z|i2_s[-8]  ; Packed Register ; Register Packing ; Timing optimization ; Q         ;                ; fft16OPT:UUT|calc_pot:\gen_pot:2:calc_Z|lpm_mult:Mult1|mult_jgs:auto_generated|mac_out2  ; DATAOUT          ;                       ;
; fft16OPT:UUT|calc_pot:\gen_pot:2:calc_Z|i2_s[-9]  ; Packed Register ; Register Packing ; Timing optimization ; Q         ;                ; fft16OPT:UUT|calc_pot:\gen_pot:2:calc_Z|lpm_mult:Mult1|mult_jgs:auto_generated|mac_out2  ; DATAOUT          ;                       ;
; fft16OPT:UUT|calc_pot:\gen_pot:2:calc_Z|i2_s[-10] ; Packed Register ; Register Packing ; Timing optimization ; Q         ;                ; fft16OPT:UUT|calc_pot:\gen_pot:2:calc_Z|lpm_mult:Mult1|mult_jgs:auto_generated|mac_out2  ; DATAOUT          ;                       ;
; fft16OPT:UUT|calc_pot:\gen_pot:2:calc_Z|i2_s[-11] ; Packed Register ; Register Packing ; Timing optimization ; Q         ;                ; fft16OPT:UUT|calc_pot:\gen_pot:2:calc_Z|lpm_mult:Mult1|mult_jgs:auto_generated|mac_out2  ; DATAOUT          ;                       ;
; fft16OPT:UUT|calc_pot:\gen_pot:2:calc_Z|i2_s[-12] ; Packed Register ; Register Packing ; Timing optimization ; Q         ;                ; fft16OPT:UUT|calc_pot:\gen_pot:2:calc_Z|lpm_mult:Mult1|mult_jgs:auto_generated|mac_out2  ; DATAOUT          ;                       ;
; fft16OPT:UUT|calc_pot:\gen_pot:2:calc_Z|i2_s[-13] ; Packed Register ; Register Packing ; Timing optimization ; Q         ;                ; fft16OPT:UUT|calc_pot:\gen_pot:2:calc_Z|lpm_mult:Mult1|mult_jgs:auto_generated|mac_out2  ; DATAOUT          ;                       ;
; fft16OPT:UUT|calc_pot:\gen_pot:2:calc_Z|i2_s[-14] ; Packed Register ; Register Packing ; Timing optimization ; Q         ;                ; fft16OPT:UUT|calc_pot:\gen_pot:2:calc_Z|lpm_mult:Mult1|mult_jgs:auto_generated|mac_out2  ; DATAOUT          ;                       ;
; fft16OPT:UUT|calc_pot:\gen_pot:2:calc_Z|i2_s[-15] ; Packed Register ; Register Packing ; Timing optimization ; Q         ;                ; fft16OPT:UUT|calc_pot:\gen_pot:2:calc_Z|lpm_mult:Mult1|mult_jgs:auto_generated|mac_out2  ; DATAOUT          ;                       ;
; fft16OPT:UUT|calc_pot:\gen_pot:2:calc_Z|i2_s[-16] ; Packed Register ; Register Packing ; Timing optimization ; Q         ;                ; fft16OPT:UUT|calc_pot:\gen_pot:2:calc_Z|lpm_mult:Mult1|mult_jgs:auto_generated|mac_out2  ; DATAOUT          ;                       ;
; fft16OPT:UUT|calc_pot:\gen_pot:2:calc_Z|i2_s[-17] ; Packed Register ; Register Packing ; Timing optimization ; Q         ;                ; fft16OPT:UUT|calc_pot:\gen_pot:2:calc_Z|lpm_mult:Mult1|mult_jgs:auto_generated|mac_out2  ; DATAOUT          ;                       ;
; fft16OPT:UUT|calc_pot:\gen_pot:2:calc_Z|i2_s[-18] ; Packed Register ; Register Packing ; Timing optimization ; Q         ;                ; fft16OPT:UUT|calc_pot:\gen_pot:2:calc_Z|lpm_mult:Mult1|mult_jgs:auto_generated|mac_out2  ; DATAOUT          ;                       ;
; fft16OPT:UUT|calc_pot:\gen_pot:2:calc_Z|i2_s[-19] ; Packed Register ; Register Packing ; Timing optimization ; Q         ;                ; fft16OPT:UUT|calc_pot:\gen_pot:2:calc_Z|lpm_mult:Mult1|mult_jgs:auto_generated|mac_out2  ; DATAOUT          ;                       ;
; fft16OPT:UUT|calc_pot:\gen_pot:2:calc_Z|i2_s[-20] ; Packed Register ; Register Packing ; Timing optimization ; Q         ;                ; fft16OPT:UUT|calc_pot:\gen_pot:2:calc_Z|lpm_mult:Mult1|mult_jgs:auto_generated|mac_out2  ; DATAOUT          ;                       ;
; fft16OPT:UUT|calc_pot:\gen_pot:2:calc_Z|i2_s[0]   ; Packed Register ; Register Packing ; Timing optimization ; Q         ;                ; fft16OPT:UUT|calc_pot:\gen_pot:2:calc_Z|lpm_mult:Mult1|mult_jgs:auto_generated|mac_out2  ; DATAOUT          ;                       ;
; fft16OPT:UUT|calc_pot:\gen_pot:2:calc_Z|r2_s[-1]  ; Packed Register ; Register Packing ; Timing optimization ; Q         ;                ; fft16OPT:UUT|calc_pot:\gen_pot:2:calc_Z|lpm_mult:Mult0|mult_jgs:auto_generated|mac_out2  ; DATAOUT          ;                       ;
; fft16OPT:UUT|calc_pot:\gen_pot:2:calc_Z|r2_s[-2]  ; Packed Register ; Register Packing ; Timing optimization ; Q         ;                ; fft16OPT:UUT|calc_pot:\gen_pot:2:calc_Z|lpm_mult:Mult0|mult_jgs:auto_generated|mac_out2  ; DATAOUT          ;                       ;
; fft16OPT:UUT|calc_pot:\gen_pot:2:calc_Z|r2_s[-3]  ; Packed Register ; Register Packing ; Timing optimization ; Q         ;                ; fft16OPT:UUT|calc_pot:\gen_pot:2:calc_Z|lpm_mult:Mult0|mult_jgs:auto_generated|mac_out2  ; DATAOUT          ;                       ;
; fft16OPT:UUT|calc_pot:\gen_pot:2:calc_Z|r2_s[-4]  ; Packed Register ; Register Packing ; Timing optimization ; Q         ;                ; fft16OPT:UUT|calc_pot:\gen_pot:2:calc_Z|lpm_mult:Mult0|mult_jgs:auto_generated|mac_out2  ; DATAOUT          ;                       ;
; fft16OPT:UUT|calc_pot:\gen_pot:2:calc_Z|r2_s[-5]  ; Packed Register ; Register Packing ; Timing optimization ; Q         ;                ; fft16OPT:UUT|calc_pot:\gen_pot:2:calc_Z|lpm_mult:Mult0|mult_jgs:auto_generated|mac_out2  ; DATAOUT          ;                       ;
; fft16OPT:UUT|calc_pot:\gen_pot:2:calc_Z|r2_s[-6]  ; Packed Register ; Register Packing ; Timing optimization ; Q         ;                ; fft16OPT:UUT|calc_pot:\gen_pot:2:calc_Z|lpm_mult:Mult0|mult_jgs:auto_generated|mac_out2  ; DATAOUT          ;                       ;
; fft16OPT:UUT|calc_pot:\gen_pot:2:calc_Z|r2_s[-7]  ; Packed Register ; Register Packing ; Timing optimization ; Q         ;                ; fft16OPT:UUT|calc_pot:\gen_pot:2:calc_Z|lpm_mult:Mult0|mult_jgs:auto_generated|mac_out2  ; DATAOUT          ;                       ;
; fft16OPT:UUT|calc_pot:\gen_pot:2:calc_Z|r2_s[-8]  ; Packed Register ; Register Packing ; Timing optimization ; Q         ;                ; fft16OPT:UUT|calc_pot:\gen_pot:2:calc_Z|lpm_mult:Mult0|mult_jgs:auto_generated|mac_out2  ; DATAOUT          ;                       ;
; fft16OPT:UUT|calc_pot:\gen_pot:2:calc_Z|r2_s[-9]  ; Packed Register ; Register Packing ; Timing optimization ; Q         ;                ; fft16OPT:UUT|calc_pot:\gen_pot:2:calc_Z|lpm_mult:Mult0|mult_jgs:auto_generated|mac_out2  ; DATAOUT          ;                       ;
; fft16OPT:UUT|calc_pot:\gen_pot:2:calc_Z|r2_s[-10] ; Packed Register ; Register Packing ; Timing optimization ; Q         ;                ; fft16OPT:UUT|calc_pot:\gen_pot:2:calc_Z|lpm_mult:Mult0|mult_jgs:auto_generated|mac_out2  ; DATAOUT          ;                       ;
; fft16OPT:UUT|calc_pot:\gen_pot:2:calc_Z|r2_s[-11] ; Packed Register ; Register Packing ; Timing optimization ; Q         ;                ; fft16OPT:UUT|calc_pot:\gen_pot:2:calc_Z|lpm_mult:Mult0|mult_jgs:auto_generated|mac_out2  ; DATAOUT          ;                       ;
; fft16OPT:UUT|calc_pot:\gen_pot:2:calc_Z|r2_s[-12] ; Packed Register ; Register Packing ; Timing optimization ; Q         ;                ; fft16OPT:UUT|calc_pot:\gen_pot:2:calc_Z|lpm_mult:Mult0|mult_jgs:auto_generated|mac_out2  ; DATAOUT          ;                       ;
; fft16OPT:UUT|calc_pot:\gen_pot:2:calc_Z|r2_s[-13] ; Packed Register ; Register Packing ; Timing optimization ; Q         ;                ; fft16OPT:UUT|calc_pot:\gen_pot:2:calc_Z|lpm_mult:Mult0|mult_jgs:auto_generated|mac_out2  ; DATAOUT          ;                       ;
; fft16OPT:UUT|calc_pot:\gen_pot:2:calc_Z|r2_s[-14] ; Packed Register ; Register Packing ; Timing optimization ; Q         ;                ; fft16OPT:UUT|calc_pot:\gen_pot:2:calc_Z|lpm_mult:Mult0|mult_jgs:auto_generated|mac_out2  ; DATAOUT          ;                       ;
; fft16OPT:UUT|calc_pot:\gen_pot:2:calc_Z|r2_s[-15] ; Packed Register ; Register Packing ; Timing optimization ; Q         ;                ; fft16OPT:UUT|calc_pot:\gen_pot:2:calc_Z|lpm_mult:Mult0|mult_jgs:auto_generated|mac_out2  ; DATAOUT          ;                       ;
; fft16OPT:UUT|calc_pot:\gen_pot:2:calc_Z|r2_s[-16] ; Packed Register ; Register Packing ; Timing optimization ; Q         ;                ; fft16OPT:UUT|calc_pot:\gen_pot:2:calc_Z|lpm_mult:Mult0|mult_jgs:auto_generated|mac_out2  ; DATAOUT          ;                       ;
; fft16OPT:UUT|calc_pot:\gen_pot:2:calc_Z|r2_s[-17] ; Packed Register ; Register Packing ; Timing optimization ; Q         ;                ; fft16OPT:UUT|calc_pot:\gen_pot:2:calc_Z|lpm_mult:Mult0|mult_jgs:auto_generated|mac_out2  ; DATAOUT          ;                       ;
; fft16OPT:UUT|calc_pot:\gen_pot:2:calc_Z|r2_s[-18] ; Packed Register ; Register Packing ; Timing optimization ; Q         ;                ; fft16OPT:UUT|calc_pot:\gen_pot:2:calc_Z|lpm_mult:Mult0|mult_jgs:auto_generated|mac_out2  ; DATAOUT          ;                       ;
; fft16OPT:UUT|calc_pot:\gen_pot:2:calc_Z|r2_s[-19] ; Packed Register ; Register Packing ; Timing optimization ; Q         ;                ; fft16OPT:UUT|calc_pot:\gen_pot:2:calc_Z|lpm_mult:Mult0|mult_jgs:auto_generated|mac_out2  ; DATAOUT          ;                       ;
; fft16OPT:UUT|calc_pot:\gen_pot:2:calc_Z|r2_s[-20] ; Packed Register ; Register Packing ; Timing optimization ; Q         ;                ; fft16OPT:UUT|calc_pot:\gen_pot:2:calc_Z|lpm_mult:Mult0|mult_jgs:auto_generated|mac_out2  ; DATAOUT          ;                       ;
; fft16OPT:UUT|calc_pot:\gen_pot:2:calc_Z|r2_s[0]   ; Packed Register ; Register Packing ; Timing optimization ; Q         ;                ; fft16OPT:UUT|calc_pot:\gen_pot:2:calc_Z|lpm_mult:Mult0|mult_jgs:auto_generated|mac_out2  ; DATAOUT          ;                       ;
; fft16OPT:UUT|calc_pot:\gen_pot:3:calc_Z|i2_s[-1]  ; Packed Register ; Register Packing ; Timing optimization ; Q         ;                ; fft16OPT:UUT|calc_pot:\gen_pot:3:calc_Z|lpm_mult:Mult1|mult_jgs:auto_generated|mac_out2  ; DATAOUT          ;                       ;
; fft16OPT:UUT|calc_pot:\gen_pot:3:calc_Z|i2_s[-2]  ; Packed Register ; Register Packing ; Timing optimization ; Q         ;                ; fft16OPT:UUT|calc_pot:\gen_pot:3:calc_Z|lpm_mult:Mult1|mult_jgs:auto_generated|mac_out2  ; DATAOUT          ;                       ;
; fft16OPT:UUT|calc_pot:\gen_pot:3:calc_Z|i2_s[-3]  ; Packed Register ; Register Packing ; Timing optimization ; Q         ;                ; fft16OPT:UUT|calc_pot:\gen_pot:3:calc_Z|lpm_mult:Mult1|mult_jgs:auto_generated|mac_out2  ; DATAOUT          ;                       ;
; fft16OPT:UUT|calc_pot:\gen_pot:3:calc_Z|i2_s[-4]  ; Packed Register ; Register Packing ; Timing optimization ; Q         ;                ; fft16OPT:UUT|calc_pot:\gen_pot:3:calc_Z|lpm_mult:Mult1|mult_jgs:auto_generated|mac_out2  ; DATAOUT          ;                       ;
; fft16OPT:UUT|calc_pot:\gen_pot:3:calc_Z|i2_s[-5]  ; Packed Register ; Register Packing ; Timing optimization ; Q         ;                ; fft16OPT:UUT|calc_pot:\gen_pot:3:calc_Z|lpm_mult:Mult1|mult_jgs:auto_generated|mac_out2  ; DATAOUT          ;                       ;
; fft16OPT:UUT|calc_pot:\gen_pot:3:calc_Z|i2_s[-6]  ; Packed Register ; Register Packing ; Timing optimization ; Q         ;                ; fft16OPT:UUT|calc_pot:\gen_pot:3:calc_Z|lpm_mult:Mult1|mult_jgs:auto_generated|mac_out2  ; DATAOUT          ;                       ;
; fft16OPT:UUT|calc_pot:\gen_pot:3:calc_Z|i2_s[-7]  ; Packed Register ; Register Packing ; Timing optimization ; Q         ;                ; fft16OPT:UUT|calc_pot:\gen_pot:3:calc_Z|lpm_mult:Mult1|mult_jgs:auto_generated|mac_out2  ; DATAOUT          ;                       ;
; fft16OPT:UUT|calc_pot:\gen_pot:3:calc_Z|i2_s[-8]  ; Packed Register ; Register Packing ; Timing optimization ; Q         ;                ; fft16OPT:UUT|calc_pot:\gen_pot:3:calc_Z|lpm_mult:Mult1|mult_jgs:auto_generated|mac_out2  ; DATAOUT          ;                       ;
; fft16OPT:UUT|calc_pot:\gen_pot:3:calc_Z|i2_s[-9]  ; Packed Register ; Register Packing ; Timing optimization ; Q         ;                ; fft16OPT:UUT|calc_pot:\gen_pot:3:calc_Z|lpm_mult:Mult1|mult_jgs:auto_generated|mac_out2  ; DATAOUT          ;                       ;
; fft16OPT:UUT|calc_pot:\gen_pot:3:calc_Z|i2_s[-10] ; Packed Register ; Register Packing ; Timing optimization ; Q         ;                ; fft16OPT:UUT|calc_pot:\gen_pot:3:calc_Z|lpm_mult:Mult1|mult_jgs:auto_generated|mac_out2  ; DATAOUT          ;                       ;
; fft16OPT:UUT|calc_pot:\gen_pot:3:calc_Z|i2_s[-11] ; Packed Register ; Register Packing ; Timing optimization ; Q         ;                ; fft16OPT:UUT|calc_pot:\gen_pot:3:calc_Z|lpm_mult:Mult1|mult_jgs:auto_generated|mac_out2  ; DATAOUT          ;                       ;
; fft16OPT:UUT|calc_pot:\gen_pot:3:calc_Z|i2_s[-12] ; Packed Register ; Register Packing ; Timing optimization ; Q         ;                ; fft16OPT:UUT|calc_pot:\gen_pot:3:calc_Z|lpm_mult:Mult1|mult_jgs:auto_generated|mac_out2  ; DATAOUT          ;                       ;
; fft16OPT:UUT|calc_pot:\gen_pot:3:calc_Z|i2_s[-13] ; Packed Register ; Register Packing ; Timing optimization ; Q         ;                ; fft16OPT:UUT|calc_pot:\gen_pot:3:calc_Z|lpm_mult:Mult1|mult_jgs:auto_generated|mac_out2  ; DATAOUT          ;                       ;
; fft16OPT:UUT|calc_pot:\gen_pot:3:calc_Z|i2_s[-14] ; Packed Register ; Register Packing ; Timing optimization ; Q         ;                ; fft16OPT:UUT|calc_pot:\gen_pot:3:calc_Z|lpm_mult:Mult1|mult_jgs:auto_generated|mac_out2  ; DATAOUT          ;                       ;
; fft16OPT:UUT|calc_pot:\gen_pot:3:calc_Z|i2_s[-15] ; Packed Register ; Register Packing ; Timing optimization ; Q         ;                ; fft16OPT:UUT|calc_pot:\gen_pot:3:calc_Z|lpm_mult:Mult1|mult_jgs:auto_generated|mac_out2  ; DATAOUT          ;                       ;
; fft16OPT:UUT|calc_pot:\gen_pot:3:calc_Z|i2_s[-16] ; Packed Register ; Register Packing ; Timing optimization ; Q         ;                ; fft16OPT:UUT|calc_pot:\gen_pot:3:calc_Z|lpm_mult:Mult1|mult_jgs:auto_generated|mac_out2  ; DATAOUT          ;                       ;
; fft16OPT:UUT|calc_pot:\gen_pot:3:calc_Z|i2_s[-17] ; Packed Register ; Register Packing ; Timing optimization ; Q         ;                ; fft16OPT:UUT|calc_pot:\gen_pot:3:calc_Z|lpm_mult:Mult1|mult_jgs:auto_generated|mac_out2  ; DATAOUT          ;                       ;
; fft16OPT:UUT|calc_pot:\gen_pot:3:calc_Z|i2_s[-18] ; Packed Register ; Register Packing ; Timing optimization ; Q         ;                ; fft16OPT:UUT|calc_pot:\gen_pot:3:calc_Z|lpm_mult:Mult1|mult_jgs:auto_generated|mac_out2  ; DATAOUT          ;                       ;
; fft16OPT:UUT|calc_pot:\gen_pot:3:calc_Z|i2_s[-19] ; Packed Register ; Register Packing ; Timing optimization ; Q         ;                ; fft16OPT:UUT|calc_pot:\gen_pot:3:calc_Z|lpm_mult:Mult1|mult_jgs:auto_generated|mac_out2  ; DATAOUT          ;                       ;
; fft16OPT:UUT|calc_pot:\gen_pot:3:calc_Z|i2_s[-20] ; Packed Register ; Register Packing ; Timing optimization ; Q         ;                ; fft16OPT:UUT|calc_pot:\gen_pot:3:calc_Z|lpm_mult:Mult1|mult_jgs:auto_generated|mac_out2  ; DATAOUT          ;                       ;
; fft16OPT:UUT|calc_pot:\gen_pot:3:calc_Z|i2_s[0]   ; Packed Register ; Register Packing ; Timing optimization ; Q         ;                ; fft16OPT:UUT|calc_pot:\gen_pot:3:calc_Z|lpm_mult:Mult1|mult_jgs:auto_generated|mac_out2  ; DATAOUT          ;                       ;
; fft16OPT:UUT|calc_pot:\gen_pot:3:calc_Z|r2_s[-1]  ; Packed Register ; Register Packing ; Timing optimization ; Q         ;                ; fft16OPT:UUT|calc_pot:\gen_pot:3:calc_Z|lpm_mult:Mult0|mult_jgs:auto_generated|mac_out2  ; DATAOUT          ;                       ;
; fft16OPT:UUT|calc_pot:\gen_pot:3:calc_Z|r2_s[-2]  ; Packed Register ; Register Packing ; Timing optimization ; Q         ;                ; fft16OPT:UUT|calc_pot:\gen_pot:3:calc_Z|lpm_mult:Mult0|mult_jgs:auto_generated|mac_out2  ; DATAOUT          ;                       ;
; fft16OPT:UUT|calc_pot:\gen_pot:3:calc_Z|r2_s[-3]  ; Packed Register ; Register Packing ; Timing optimization ; Q         ;                ; fft16OPT:UUT|calc_pot:\gen_pot:3:calc_Z|lpm_mult:Mult0|mult_jgs:auto_generated|mac_out2  ; DATAOUT          ;                       ;
; fft16OPT:UUT|calc_pot:\gen_pot:3:calc_Z|r2_s[-4]  ; Packed Register ; Register Packing ; Timing optimization ; Q         ;                ; fft16OPT:UUT|calc_pot:\gen_pot:3:calc_Z|lpm_mult:Mult0|mult_jgs:auto_generated|mac_out2  ; DATAOUT          ;                       ;
; fft16OPT:UUT|calc_pot:\gen_pot:3:calc_Z|r2_s[-5]  ; Packed Register ; Register Packing ; Timing optimization ; Q         ;                ; fft16OPT:UUT|calc_pot:\gen_pot:3:calc_Z|lpm_mult:Mult0|mult_jgs:auto_generated|mac_out2  ; DATAOUT          ;                       ;
; fft16OPT:UUT|calc_pot:\gen_pot:3:calc_Z|r2_s[-6]  ; Packed Register ; Register Packing ; Timing optimization ; Q         ;                ; fft16OPT:UUT|calc_pot:\gen_pot:3:calc_Z|lpm_mult:Mult0|mult_jgs:auto_generated|mac_out2  ; DATAOUT          ;                       ;
; fft16OPT:UUT|calc_pot:\gen_pot:3:calc_Z|r2_s[-7]  ; Packed Register ; Register Packing ; Timing optimization ; Q         ;                ; fft16OPT:UUT|calc_pot:\gen_pot:3:calc_Z|lpm_mult:Mult0|mult_jgs:auto_generated|mac_out2  ; DATAOUT          ;                       ;
; fft16OPT:UUT|calc_pot:\gen_pot:3:calc_Z|r2_s[-8]  ; Packed Register ; Register Packing ; Timing optimization ; Q         ;                ; fft16OPT:UUT|calc_pot:\gen_pot:3:calc_Z|lpm_mult:Mult0|mult_jgs:auto_generated|mac_out2  ; DATAOUT          ;                       ;
; fft16OPT:UUT|calc_pot:\gen_pot:3:calc_Z|r2_s[-9]  ; Packed Register ; Register Packing ; Timing optimization ; Q         ;                ; fft16OPT:UUT|calc_pot:\gen_pot:3:calc_Z|lpm_mult:Mult0|mult_jgs:auto_generated|mac_out2  ; DATAOUT          ;                       ;
; fft16OPT:UUT|calc_pot:\gen_pot:3:calc_Z|r2_s[-10] ; Packed Register ; Register Packing ; Timing optimization ; Q         ;                ; fft16OPT:UUT|calc_pot:\gen_pot:3:calc_Z|lpm_mult:Mult0|mult_jgs:auto_generated|mac_out2  ; DATAOUT          ;                       ;
; fft16OPT:UUT|calc_pot:\gen_pot:3:calc_Z|r2_s[-11] ; Packed Register ; Register Packing ; Timing optimization ; Q         ;                ; fft16OPT:UUT|calc_pot:\gen_pot:3:calc_Z|lpm_mult:Mult0|mult_jgs:auto_generated|mac_out2  ; DATAOUT          ;                       ;
; fft16OPT:UUT|calc_pot:\gen_pot:3:calc_Z|r2_s[-12] ; Packed Register ; Register Packing ; Timing optimization ; Q         ;                ; fft16OPT:UUT|calc_pot:\gen_pot:3:calc_Z|lpm_mult:Mult0|mult_jgs:auto_generated|mac_out2  ; DATAOUT          ;                       ;
; fft16OPT:UUT|calc_pot:\gen_pot:3:calc_Z|r2_s[-13] ; Packed Register ; Register Packing ; Timing optimization ; Q         ;                ; fft16OPT:UUT|calc_pot:\gen_pot:3:calc_Z|lpm_mult:Mult0|mult_jgs:auto_generated|mac_out2  ; DATAOUT          ;                       ;
; fft16OPT:UUT|calc_pot:\gen_pot:3:calc_Z|r2_s[-14] ; Packed Register ; Register Packing ; Timing optimization ; Q         ;                ; fft16OPT:UUT|calc_pot:\gen_pot:3:calc_Z|lpm_mult:Mult0|mult_jgs:auto_generated|mac_out2  ; DATAOUT          ;                       ;
; fft16OPT:UUT|calc_pot:\gen_pot:3:calc_Z|r2_s[-15] ; Packed Register ; Register Packing ; Timing optimization ; Q         ;                ; fft16OPT:UUT|calc_pot:\gen_pot:3:calc_Z|lpm_mult:Mult0|mult_jgs:auto_generated|mac_out2  ; DATAOUT          ;                       ;
; fft16OPT:UUT|calc_pot:\gen_pot:3:calc_Z|r2_s[-16] ; Packed Register ; Register Packing ; Timing optimization ; Q         ;                ; fft16OPT:UUT|calc_pot:\gen_pot:3:calc_Z|lpm_mult:Mult0|mult_jgs:auto_generated|mac_out2  ; DATAOUT          ;                       ;
; fft16OPT:UUT|calc_pot:\gen_pot:3:calc_Z|r2_s[-17] ; Packed Register ; Register Packing ; Timing optimization ; Q         ;                ; fft16OPT:UUT|calc_pot:\gen_pot:3:calc_Z|lpm_mult:Mult0|mult_jgs:auto_generated|mac_out2  ; DATAOUT          ;                       ;
; fft16OPT:UUT|calc_pot:\gen_pot:3:calc_Z|r2_s[-18] ; Packed Register ; Register Packing ; Timing optimization ; Q         ;                ; fft16OPT:UUT|calc_pot:\gen_pot:3:calc_Z|lpm_mult:Mult0|mult_jgs:auto_generated|mac_out2  ; DATAOUT          ;                       ;
; fft16OPT:UUT|calc_pot:\gen_pot:3:calc_Z|r2_s[-19] ; Packed Register ; Register Packing ; Timing optimization ; Q         ;                ; fft16OPT:UUT|calc_pot:\gen_pot:3:calc_Z|lpm_mult:Mult0|mult_jgs:auto_generated|mac_out2  ; DATAOUT          ;                       ;
; fft16OPT:UUT|calc_pot:\gen_pot:3:calc_Z|r2_s[-20] ; Packed Register ; Register Packing ; Timing optimization ; Q         ;                ; fft16OPT:UUT|calc_pot:\gen_pot:3:calc_Z|lpm_mult:Mult0|mult_jgs:auto_generated|mac_out2  ; DATAOUT          ;                       ;
; fft16OPT:UUT|calc_pot:\gen_pot:3:calc_Z|r2_s[0]   ; Packed Register ; Register Packing ; Timing optimization ; Q         ;                ; fft16OPT:UUT|calc_pot:\gen_pot:3:calc_Z|lpm_mult:Mult0|mult_jgs:auto_generated|mac_out2  ; DATAOUT          ;                       ;
; fft16OPT:UUT|calc_pot:\gen_pot:4:calc_Z|i2_s[-1]  ; Packed Register ; Register Packing ; Timing optimization ; Q         ;                ; fft16OPT:UUT|calc_pot:\gen_pot:4:calc_Z|lpm_mult:Mult1|mult_jgs:auto_generated|mac_out2  ; DATAOUT          ;                       ;
; fft16OPT:UUT|calc_pot:\gen_pot:4:calc_Z|i2_s[-2]  ; Packed Register ; Register Packing ; Timing optimization ; Q         ;                ; fft16OPT:UUT|calc_pot:\gen_pot:4:calc_Z|lpm_mult:Mult1|mult_jgs:auto_generated|mac_out2  ; DATAOUT          ;                       ;
; fft16OPT:UUT|calc_pot:\gen_pot:4:calc_Z|i2_s[-3]  ; Packed Register ; Register Packing ; Timing optimization ; Q         ;                ; fft16OPT:UUT|calc_pot:\gen_pot:4:calc_Z|lpm_mult:Mult1|mult_jgs:auto_generated|mac_out2  ; DATAOUT          ;                       ;
; fft16OPT:UUT|calc_pot:\gen_pot:4:calc_Z|i2_s[-4]  ; Packed Register ; Register Packing ; Timing optimization ; Q         ;                ; fft16OPT:UUT|calc_pot:\gen_pot:4:calc_Z|lpm_mult:Mult1|mult_jgs:auto_generated|mac_out2  ; DATAOUT          ;                       ;
; fft16OPT:UUT|calc_pot:\gen_pot:4:calc_Z|i2_s[-5]  ; Packed Register ; Register Packing ; Timing optimization ; Q         ;                ; fft16OPT:UUT|calc_pot:\gen_pot:4:calc_Z|lpm_mult:Mult1|mult_jgs:auto_generated|mac_out2  ; DATAOUT          ;                       ;
; fft16OPT:UUT|calc_pot:\gen_pot:4:calc_Z|i2_s[-6]  ; Packed Register ; Register Packing ; Timing optimization ; Q         ;                ; fft16OPT:UUT|calc_pot:\gen_pot:4:calc_Z|lpm_mult:Mult1|mult_jgs:auto_generated|mac_out2  ; DATAOUT          ;                       ;
; fft16OPT:UUT|calc_pot:\gen_pot:4:calc_Z|i2_s[-7]  ; Packed Register ; Register Packing ; Timing optimization ; Q         ;                ; fft16OPT:UUT|calc_pot:\gen_pot:4:calc_Z|lpm_mult:Mult1|mult_jgs:auto_generated|mac_out2  ; DATAOUT          ;                       ;
; fft16OPT:UUT|calc_pot:\gen_pot:4:calc_Z|i2_s[-8]  ; Packed Register ; Register Packing ; Timing optimization ; Q         ;                ; fft16OPT:UUT|calc_pot:\gen_pot:4:calc_Z|lpm_mult:Mult1|mult_jgs:auto_generated|mac_out2  ; DATAOUT          ;                       ;
; fft16OPT:UUT|calc_pot:\gen_pot:4:calc_Z|i2_s[-9]  ; Packed Register ; Register Packing ; Timing optimization ; Q         ;                ; fft16OPT:UUT|calc_pot:\gen_pot:4:calc_Z|lpm_mult:Mult1|mult_jgs:auto_generated|mac_out2  ; DATAOUT          ;                       ;
; fft16OPT:UUT|calc_pot:\gen_pot:4:calc_Z|i2_s[-10] ; Packed Register ; Register Packing ; Timing optimization ; Q         ;                ; fft16OPT:UUT|calc_pot:\gen_pot:4:calc_Z|lpm_mult:Mult1|mult_jgs:auto_generated|mac_out2  ; DATAOUT          ;                       ;
; fft16OPT:UUT|calc_pot:\gen_pot:4:calc_Z|i2_s[-11] ; Packed Register ; Register Packing ; Timing optimization ; Q         ;                ; fft16OPT:UUT|calc_pot:\gen_pot:4:calc_Z|lpm_mult:Mult1|mult_jgs:auto_generated|mac_out2  ; DATAOUT          ;                       ;
; fft16OPT:UUT|calc_pot:\gen_pot:4:calc_Z|i2_s[-12] ; Packed Register ; Register Packing ; Timing optimization ; Q         ;                ; fft16OPT:UUT|calc_pot:\gen_pot:4:calc_Z|lpm_mult:Mult1|mult_jgs:auto_generated|mac_out2  ; DATAOUT          ;                       ;
; fft16OPT:UUT|calc_pot:\gen_pot:4:calc_Z|i2_s[-13] ; Packed Register ; Register Packing ; Timing optimization ; Q         ;                ; fft16OPT:UUT|calc_pot:\gen_pot:4:calc_Z|lpm_mult:Mult1|mult_jgs:auto_generated|mac_out2  ; DATAOUT          ;                       ;
; fft16OPT:UUT|calc_pot:\gen_pot:4:calc_Z|i2_s[-14] ; Packed Register ; Register Packing ; Timing optimization ; Q         ;                ; fft16OPT:UUT|calc_pot:\gen_pot:4:calc_Z|lpm_mult:Mult1|mult_jgs:auto_generated|mac_out2  ; DATAOUT          ;                       ;
; fft16OPT:UUT|calc_pot:\gen_pot:4:calc_Z|i2_s[-15] ; Packed Register ; Register Packing ; Timing optimization ; Q         ;                ; fft16OPT:UUT|calc_pot:\gen_pot:4:calc_Z|lpm_mult:Mult1|mult_jgs:auto_generated|mac_out2  ; DATAOUT          ;                       ;
; fft16OPT:UUT|calc_pot:\gen_pot:4:calc_Z|i2_s[-16] ; Packed Register ; Register Packing ; Timing optimization ; Q         ;                ; fft16OPT:UUT|calc_pot:\gen_pot:4:calc_Z|lpm_mult:Mult1|mult_jgs:auto_generated|mac_out2  ; DATAOUT          ;                       ;
; fft16OPT:UUT|calc_pot:\gen_pot:4:calc_Z|i2_s[-17] ; Packed Register ; Register Packing ; Timing optimization ; Q         ;                ; fft16OPT:UUT|calc_pot:\gen_pot:4:calc_Z|lpm_mult:Mult1|mult_jgs:auto_generated|mac_out2  ; DATAOUT          ;                       ;
; fft16OPT:UUT|calc_pot:\gen_pot:4:calc_Z|i2_s[-18] ; Packed Register ; Register Packing ; Timing optimization ; Q         ;                ; fft16OPT:UUT|calc_pot:\gen_pot:4:calc_Z|lpm_mult:Mult1|mult_jgs:auto_generated|mac_out2  ; DATAOUT          ;                       ;
; fft16OPT:UUT|calc_pot:\gen_pot:4:calc_Z|i2_s[-19] ; Packed Register ; Register Packing ; Timing optimization ; Q         ;                ; fft16OPT:UUT|calc_pot:\gen_pot:4:calc_Z|lpm_mult:Mult1|mult_jgs:auto_generated|mac_out2  ; DATAOUT          ;                       ;
; fft16OPT:UUT|calc_pot:\gen_pot:4:calc_Z|i2_s[-20] ; Packed Register ; Register Packing ; Timing optimization ; Q         ;                ; fft16OPT:UUT|calc_pot:\gen_pot:4:calc_Z|lpm_mult:Mult1|mult_jgs:auto_generated|mac_out2  ; DATAOUT          ;                       ;
; fft16OPT:UUT|calc_pot:\gen_pot:4:calc_Z|i2_s[0]   ; Packed Register ; Register Packing ; Timing optimization ; Q         ;                ; fft16OPT:UUT|calc_pot:\gen_pot:4:calc_Z|lpm_mult:Mult1|mult_jgs:auto_generated|mac_out2  ; DATAOUT          ;                       ;
; fft16OPT:UUT|calc_pot:\gen_pot:4:calc_Z|r2_s[-1]  ; Packed Register ; Register Packing ; Timing optimization ; Q         ;                ; fft16OPT:UUT|calc_pot:\gen_pot:4:calc_Z|lpm_mult:Mult0|mult_jgs:auto_generated|mac_out2  ; DATAOUT          ;                       ;
; fft16OPT:UUT|calc_pot:\gen_pot:4:calc_Z|r2_s[-2]  ; Packed Register ; Register Packing ; Timing optimization ; Q         ;                ; fft16OPT:UUT|calc_pot:\gen_pot:4:calc_Z|lpm_mult:Mult0|mult_jgs:auto_generated|mac_out2  ; DATAOUT          ;                       ;
; fft16OPT:UUT|calc_pot:\gen_pot:4:calc_Z|r2_s[-3]  ; Packed Register ; Register Packing ; Timing optimization ; Q         ;                ; fft16OPT:UUT|calc_pot:\gen_pot:4:calc_Z|lpm_mult:Mult0|mult_jgs:auto_generated|mac_out2  ; DATAOUT          ;                       ;
; fft16OPT:UUT|calc_pot:\gen_pot:4:calc_Z|r2_s[-4]  ; Packed Register ; Register Packing ; Timing optimization ; Q         ;                ; fft16OPT:UUT|calc_pot:\gen_pot:4:calc_Z|lpm_mult:Mult0|mult_jgs:auto_generated|mac_out2  ; DATAOUT          ;                       ;
; fft16OPT:UUT|calc_pot:\gen_pot:4:calc_Z|r2_s[-5]  ; Packed Register ; Register Packing ; Timing optimization ; Q         ;                ; fft16OPT:UUT|calc_pot:\gen_pot:4:calc_Z|lpm_mult:Mult0|mult_jgs:auto_generated|mac_out2  ; DATAOUT          ;                       ;
; fft16OPT:UUT|calc_pot:\gen_pot:4:calc_Z|r2_s[-6]  ; Packed Register ; Register Packing ; Timing optimization ; Q         ;                ; fft16OPT:UUT|calc_pot:\gen_pot:4:calc_Z|lpm_mult:Mult0|mult_jgs:auto_generated|mac_out2  ; DATAOUT          ;                       ;
; fft16OPT:UUT|calc_pot:\gen_pot:4:calc_Z|r2_s[-7]  ; Packed Register ; Register Packing ; Timing optimization ; Q         ;                ; fft16OPT:UUT|calc_pot:\gen_pot:4:calc_Z|lpm_mult:Mult0|mult_jgs:auto_generated|mac_out2  ; DATAOUT          ;                       ;
; fft16OPT:UUT|calc_pot:\gen_pot:4:calc_Z|r2_s[-8]  ; Packed Register ; Register Packing ; Timing optimization ; Q         ;                ; fft16OPT:UUT|calc_pot:\gen_pot:4:calc_Z|lpm_mult:Mult0|mult_jgs:auto_generated|mac_out2  ; DATAOUT          ;                       ;
; fft16OPT:UUT|calc_pot:\gen_pot:4:calc_Z|r2_s[-9]  ; Packed Register ; Register Packing ; Timing optimization ; Q         ;                ; fft16OPT:UUT|calc_pot:\gen_pot:4:calc_Z|lpm_mult:Mult0|mult_jgs:auto_generated|mac_out2  ; DATAOUT          ;                       ;
; fft16OPT:UUT|calc_pot:\gen_pot:4:calc_Z|r2_s[-10] ; Packed Register ; Register Packing ; Timing optimization ; Q         ;                ; fft16OPT:UUT|calc_pot:\gen_pot:4:calc_Z|lpm_mult:Mult0|mult_jgs:auto_generated|mac_out2  ; DATAOUT          ;                       ;
; fft16OPT:UUT|calc_pot:\gen_pot:4:calc_Z|r2_s[-11] ; Packed Register ; Register Packing ; Timing optimization ; Q         ;                ; fft16OPT:UUT|calc_pot:\gen_pot:4:calc_Z|lpm_mult:Mult0|mult_jgs:auto_generated|mac_out2  ; DATAOUT          ;                       ;
; fft16OPT:UUT|calc_pot:\gen_pot:4:calc_Z|r2_s[-12] ; Packed Register ; Register Packing ; Timing optimization ; Q         ;                ; fft16OPT:UUT|calc_pot:\gen_pot:4:calc_Z|lpm_mult:Mult0|mult_jgs:auto_generated|mac_out2  ; DATAOUT          ;                       ;
; fft16OPT:UUT|calc_pot:\gen_pot:4:calc_Z|r2_s[-13] ; Packed Register ; Register Packing ; Timing optimization ; Q         ;                ; fft16OPT:UUT|calc_pot:\gen_pot:4:calc_Z|lpm_mult:Mult0|mult_jgs:auto_generated|mac_out2  ; DATAOUT          ;                       ;
; fft16OPT:UUT|calc_pot:\gen_pot:4:calc_Z|r2_s[-14] ; Packed Register ; Register Packing ; Timing optimization ; Q         ;                ; fft16OPT:UUT|calc_pot:\gen_pot:4:calc_Z|lpm_mult:Mult0|mult_jgs:auto_generated|mac_out2  ; DATAOUT          ;                       ;
; fft16OPT:UUT|calc_pot:\gen_pot:4:calc_Z|r2_s[-15] ; Packed Register ; Register Packing ; Timing optimization ; Q         ;                ; fft16OPT:UUT|calc_pot:\gen_pot:4:calc_Z|lpm_mult:Mult0|mult_jgs:auto_generated|mac_out2  ; DATAOUT          ;                       ;
; fft16OPT:UUT|calc_pot:\gen_pot:4:calc_Z|r2_s[-16] ; Packed Register ; Register Packing ; Timing optimization ; Q         ;                ; fft16OPT:UUT|calc_pot:\gen_pot:4:calc_Z|lpm_mult:Mult0|mult_jgs:auto_generated|mac_out2  ; DATAOUT          ;                       ;
; fft16OPT:UUT|calc_pot:\gen_pot:4:calc_Z|r2_s[-17] ; Packed Register ; Register Packing ; Timing optimization ; Q         ;                ; fft16OPT:UUT|calc_pot:\gen_pot:4:calc_Z|lpm_mult:Mult0|mult_jgs:auto_generated|mac_out2  ; DATAOUT          ;                       ;
; fft16OPT:UUT|calc_pot:\gen_pot:4:calc_Z|r2_s[-18] ; Packed Register ; Register Packing ; Timing optimization ; Q         ;                ; fft16OPT:UUT|calc_pot:\gen_pot:4:calc_Z|lpm_mult:Mult0|mult_jgs:auto_generated|mac_out2  ; DATAOUT          ;                       ;
; fft16OPT:UUT|calc_pot:\gen_pot:4:calc_Z|r2_s[-19] ; Packed Register ; Register Packing ; Timing optimization ; Q         ;                ; fft16OPT:UUT|calc_pot:\gen_pot:4:calc_Z|lpm_mult:Mult0|mult_jgs:auto_generated|mac_out2  ; DATAOUT          ;                       ;
; fft16OPT:UUT|calc_pot:\gen_pot:4:calc_Z|r2_s[-20] ; Packed Register ; Register Packing ; Timing optimization ; Q         ;                ; fft16OPT:UUT|calc_pot:\gen_pot:4:calc_Z|lpm_mult:Mult0|mult_jgs:auto_generated|mac_out2  ; DATAOUT          ;                       ;
; fft16OPT:UUT|calc_pot:\gen_pot:4:calc_Z|r2_s[0]   ; Packed Register ; Register Packing ; Timing optimization ; Q         ;                ; fft16OPT:UUT|calc_pot:\gen_pot:4:calc_Z|lpm_mult:Mult0|mult_jgs:auto_generated|mac_out2  ; DATAOUT          ;                       ;
; fft16OPT:UUT|calc_pot:\gen_pot:5:calc_Z|i2_s[-1]  ; Packed Register ; Register Packing ; Timing optimization ; Q         ;                ; fft16OPT:UUT|calc_pot:\gen_pot:5:calc_Z|lpm_mult:Mult1|mult_jgs:auto_generated|mac_out2  ; DATAOUT          ;                       ;
; fft16OPT:UUT|calc_pot:\gen_pot:5:calc_Z|i2_s[-2]  ; Packed Register ; Register Packing ; Timing optimization ; Q         ;                ; fft16OPT:UUT|calc_pot:\gen_pot:5:calc_Z|lpm_mult:Mult1|mult_jgs:auto_generated|mac_out2  ; DATAOUT          ;                       ;
; fft16OPT:UUT|calc_pot:\gen_pot:5:calc_Z|i2_s[-3]  ; Packed Register ; Register Packing ; Timing optimization ; Q         ;                ; fft16OPT:UUT|calc_pot:\gen_pot:5:calc_Z|lpm_mult:Mult1|mult_jgs:auto_generated|mac_out2  ; DATAOUT          ;                       ;
; fft16OPT:UUT|calc_pot:\gen_pot:5:calc_Z|i2_s[-4]  ; Packed Register ; Register Packing ; Timing optimization ; Q         ;                ; fft16OPT:UUT|calc_pot:\gen_pot:5:calc_Z|lpm_mult:Mult1|mult_jgs:auto_generated|mac_out2  ; DATAOUT          ;                       ;
; fft16OPT:UUT|calc_pot:\gen_pot:5:calc_Z|i2_s[-5]  ; Packed Register ; Register Packing ; Timing optimization ; Q         ;                ; fft16OPT:UUT|calc_pot:\gen_pot:5:calc_Z|lpm_mult:Mult1|mult_jgs:auto_generated|mac_out2  ; DATAOUT          ;                       ;
; fft16OPT:UUT|calc_pot:\gen_pot:5:calc_Z|i2_s[-6]  ; Packed Register ; Register Packing ; Timing optimization ; Q         ;                ; fft16OPT:UUT|calc_pot:\gen_pot:5:calc_Z|lpm_mult:Mult1|mult_jgs:auto_generated|mac_out2  ; DATAOUT          ;                       ;
; fft16OPT:UUT|calc_pot:\gen_pot:5:calc_Z|i2_s[-7]  ; Packed Register ; Register Packing ; Timing optimization ; Q         ;                ; fft16OPT:UUT|calc_pot:\gen_pot:5:calc_Z|lpm_mult:Mult1|mult_jgs:auto_generated|mac_out2  ; DATAOUT          ;                       ;
; fft16OPT:UUT|calc_pot:\gen_pot:5:calc_Z|i2_s[-8]  ; Packed Register ; Register Packing ; Timing optimization ; Q         ;                ; fft16OPT:UUT|calc_pot:\gen_pot:5:calc_Z|lpm_mult:Mult1|mult_jgs:auto_generated|mac_out2  ; DATAOUT          ;                       ;
; fft16OPT:UUT|calc_pot:\gen_pot:5:calc_Z|i2_s[-9]  ; Packed Register ; Register Packing ; Timing optimization ; Q         ;                ; fft16OPT:UUT|calc_pot:\gen_pot:5:calc_Z|lpm_mult:Mult1|mult_jgs:auto_generated|mac_out2  ; DATAOUT          ;                       ;
; fft16OPT:UUT|calc_pot:\gen_pot:5:calc_Z|i2_s[-10] ; Packed Register ; Register Packing ; Timing optimization ; Q         ;                ; fft16OPT:UUT|calc_pot:\gen_pot:5:calc_Z|lpm_mult:Mult1|mult_jgs:auto_generated|mac_out2  ; DATAOUT          ;                       ;
; fft16OPT:UUT|calc_pot:\gen_pot:5:calc_Z|i2_s[-11] ; Packed Register ; Register Packing ; Timing optimization ; Q         ;                ; fft16OPT:UUT|calc_pot:\gen_pot:5:calc_Z|lpm_mult:Mult1|mult_jgs:auto_generated|mac_out2  ; DATAOUT          ;                       ;
; fft16OPT:UUT|calc_pot:\gen_pot:5:calc_Z|i2_s[-12] ; Packed Register ; Register Packing ; Timing optimization ; Q         ;                ; fft16OPT:UUT|calc_pot:\gen_pot:5:calc_Z|lpm_mult:Mult1|mult_jgs:auto_generated|mac_out2  ; DATAOUT          ;                       ;
; fft16OPT:UUT|calc_pot:\gen_pot:5:calc_Z|i2_s[-13] ; Packed Register ; Register Packing ; Timing optimization ; Q         ;                ; fft16OPT:UUT|calc_pot:\gen_pot:5:calc_Z|lpm_mult:Mult1|mult_jgs:auto_generated|mac_out2  ; DATAOUT          ;                       ;
; fft16OPT:UUT|calc_pot:\gen_pot:5:calc_Z|i2_s[-14] ; Packed Register ; Register Packing ; Timing optimization ; Q         ;                ; fft16OPT:UUT|calc_pot:\gen_pot:5:calc_Z|lpm_mult:Mult1|mult_jgs:auto_generated|mac_out2  ; DATAOUT          ;                       ;
; fft16OPT:UUT|calc_pot:\gen_pot:5:calc_Z|i2_s[-15] ; Packed Register ; Register Packing ; Timing optimization ; Q         ;                ; fft16OPT:UUT|calc_pot:\gen_pot:5:calc_Z|lpm_mult:Mult1|mult_jgs:auto_generated|mac_out2  ; DATAOUT          ;                       ;
; fft16OPT:UUT|calc_pot:\gen_pot:5:calc_Z|i2_s[-16] ; Packed Register ; Register Packing ; Timing optimization ; Q         ;                ; fft16OPT:UUT|calc_pot:\gen_pot:5:calc_Z|lpm_mult:Mult1|mult_jgs:auto_generated|mac_out2  ; DATAOUT          ;                       ;
; fft16OPT:UUT|calc_pot:\gen_pot:5:calc_Z|i2_s[-17] ; Packed Register ; Register Packing ; Timing optimization ; Q         ;                ; fft16OPT:UUT|calc_pot:\gen_pot:5:calc_Z|lpm_mult:Mult1|mult_jgs:auto_generated|mac_out2  ; DATAOUT          ;                       ;
; fft16OPT:UUT|calc_pot:\gen_pot:5:calc_Z|i2_s[-18] ; Packed Register ; Register Packing ; Timing optimization ; Q         ;                ; fft16OPT:UUT|calc_pot:\gen_pot:5:calc_Z|lpm_mult:Mult1|mult_jgs:auto_generated|mac_out2  ; DATAOUT          ;                       ;
; fft16OPT:UUT|calc_pot:\gen_pot:5:calc_Z|i2_s[-19] ; Packed Register ; Register Packing ; Timing optimization ; Q         ;                ; fft16OPT:UUT|calc_pot:\gen_pot:5:calc_Z|lpm_mult:Mult1|mult_jgs:auto_generated|mac_out2  ; DATAOUT          ;                       ;
; fft16OPT:UUT|calc_pot:\gen_pot:5:calc_Z|i2_s[-20] ; Packed Register ; Register Packing ; Timing optimization ; Q         ;                ; fft16OPT:UUT|calc_pot:\gen_pot:5:calc_Z|lpm_mult:Mult1|mult_jgs:auto_generated|mac_out2  ; DATAOUT          ;                       ;
; fft16OPT:UUT|calc_pot:\gen_pot:5:calc_Z|i2_s[0]   ; Packed Register ; Register Packing ; Timing optimization ; Q         ;                ; fft16OPT:UUT|calc_pot:\gen_pot:5:calc_Z|lpm_mult:Mult1|mult_jgs:auto_generated|mac_out2  ; DATAOUT          ;                       ;
; fft16OPT:UUT|calc_pot:\gen_pot:5:calc_Z|r2_s[-1]  ; Packed Register ; Register Packing ; Timing optimization ; Q         ;                ; fft16OPT:UUT|calc_pot:\gen_pot:5:calc_Z|lpm_mult:Mult0|mult_jgs:auto_generated|mac_out2  ; DATAOUT          ;                       ;
; fft16OPT:UUT|calc_pot:\gen_pot:5:calc_Z|r2_s[-2]  ; Packed Register ; Register Packing ; Timing optimization ; Q         ;                ; fft16OPT:UUT|calc_pot:\gen_pot:5:calc_Z|lpm_mult:Mult0|mult_jgs:auto_generated|mac_out2  ; DATAOUT          ;                       ;
; fft16OPT:UUT|calc_pot:\gen_pot:5:calc_Z|r2_s[-3]  ; Packed Register ; Register Packing ; Timing optimization ; Q         ;                ; fft16OPT:UUT|calc_pot:\gen_pot:5:calc_Z|lpm_mult:Mult0|mult_jgs:auto_generated|mac_out2  ; DATAOUT          ;                       ;
; fft16OPT:UUT|calc_pot:\gen_pot:5:calc_Z|r2_s[-4]  ; Packed Register ; Register Packing ; Timing optimization ; Q         ;                ; fft16OPT:UUT|calc_pot:\gen_pot:5:calc_Z|lpm_mult:Mult0|mult_jgs:auto_generated|mac_out2  ; DATAOUT          ;                       ;
; fft16OPT:UUT|calc_pot:\gen_pot:5:calc_Z|r2_s[-5]  ; Packed Register ; Register Packing ; Timing optimization ; Q         ;                ; fft16OPT:UUT|calc_pot:\gen_pot:5:calc_Z|lpm_mult:Mult0|mult_jgs:auto_generated|mac_out2  ; DATAOUT          ;                       ;
; fft16OPT:UUT|calc_pot:\gen_pot:5:calc_Z|r2_s[-6]  ; Packed Register ; Register Packing ; Timing optimization ; Q         ;                ; fft16OPT:UUT|calc_pot:\gen_pot:5:calc_Z|lpm_mult:Mult0|mult_jgs:auto_generated|mac_out2  ; DATAOUT          ;                       ;
; fft16OPT:UUT|calc_pot:\gen_pot:5:calc_Z|r2_s[-7]  ; Packed Register ; Register Packing ; Timing optimization ; Q         ;                ; fft16OPT:UUT|calc_pot:\gen_pot:5:calc_Z|lpm_mult:Mult0|mult_jgs:auto_generated|mac_out2  ; DATAOUT          ;                       ;
; fft16OPT:UUT|calc_pot:\gen_pot:5:calc_Z|r2_s[-8]  ; Packed Register ; Register Packing ; Timing optimization ; Q         ;                ; fft16OPT:UUT|calc_pot:\gen_pot:5:calc_Z|lpm_mult:Mult0|mult_jgs:auto_generated|mac_out2  ; DATAOUT          ;                       ;
; fft16OPT:UUT|calc_pot:\gen_pot:5:calc_Z|r2_s[-9]  ; Packed Register ; Register Packing ; Timing optimization ; Q         ;                ; fft16OPT:UUT|calc_pot:\gen_pot:5:calc_Z|lpm_mult:Mult0|mult_jgs:auto_generated|mac_out2  ; DATAOUT          ;                       ;
; fft16OPT:UUT|calc_pot:\gen_pot:5:calc_Z|r2_s[-10] ; Packed Register ; Register Packing ; Timing optimization ; Q         ;                ; fft16OPT:UUT|calc_pot:\gen_pot:5:calc_Z|lpm_mult:Mult0|mult_jgs:auto_generated|mac_out2  ; DATAOUT          ;                       ;
; fft16OPT:UUT|calc_pot:\gen_pot:5:calc_Z|r2_s[-11] ; Packed Register ; Register Packing ; Timing optimization ; Q         ;                ; fft16OPT:UUT|calc_pot:\gen_pot:5:calc_Z|lpm_mult:Mult0|mult_jgs:auto_generated|mac_out2  ; DATAOUT          ;                       ;
; fft16OPT:UUT|calc_pot:\gen_pot:5:calc_Z|r2_s[-12] ; Packed Register ; Register Packing ; Timing optimization ; Q         ;                ; fft16OPT:UUT|calc_pot:\gen_pot:5:calc_Z|lpm_mult:Mult0|mult_jgs:auto_generated|mac_out2  ; DATAOUT          ;                       ;
; fft16OPT:UUT|calc_pot:\gen_pot:5:calc_Z|r2_s[-13] ; Packed Register ; Register Packing ; Timing optimization ; Q         ;                ; fft16OPT:UUT|calc_pot:\gen_pot:5:calc_Z|lpm_mult:Mult0|mult_jgs:auto_generated|mac_out2  ; DATAOUT          ;                       ;
; fft16OPT:UUT|calc_pot:\gen_pot:5:calc_Z|r2_s[-14] ; Packed Register ; Register Packing ; Timing optimization ; Q         ;                ; fft16OPT:UUT|calc_pot:\gen_pot:5:calc_Z|lpm_mult:Mult0|mult_jgs:auto_generated|mac_out2  ; DATAOUT          ;                       ;
; fft16OPT:UUT|calc_pot:\gen_pot:5:calc_Z|r2_s[-15] ; Packed Register ; Register Packing ; Timing optimization ; Q         ;                ; fft16OPT:UUT|calc_pot:\gen_pot:5:calc_Z|lpm_mult:Mult0|mult_jgs:auto_generated|mac_out2  ; DATAOUT          ;                       ;
; fft16OPT:UUT|calc_pot:\gen_pot:5:calc_Z|r2_s[-16] ; Packed Register ; Register Packing ; Timing optimization ; Q         ;                ; fft16OPT:UUT|calc_pot:\gen_pot:5:calc_Z|lpm_mult:Mult0|mult_jgs:auto_generated|mac_out2  ; DATAOUT          ;                       ;
; fft16OPT:UUT|calc_pot:\gen_pot:5:calc_Z|r2_s[-17] ; Packed Register ; Register Packing ; Timing optimization ; Q         ;                ; fft16OPT:UUT|calc_pot:\gen_pot:5:calc_Z|lpm_mult:Mult0|mult_jgs:auto_generated|mac_out2  ; DATAOUT          ;                       ;
; fft16OPT:UUT|calc_pot:\gen_pot:5:calc_Z|r2_s[-18] ; Packed Register ; Register Packing ; Timing optimization ; Q         ;                ; fft16OPT:UUT|calc_pot:\gen_pot:5:calc_Z|lpm_mult:Mult0|mult_jgs:auto_generated|mac_out2  ; DATAOUT          ;                       ;
; fft16OPT:UUT|calc_pot:\gen_pot:5:calc_Z|r2_s[-19] ; Packed Register ; Register Packing ; Timing optimization ; Q         ;                ; fft16OPT:UUT|calc_pot:\gen_pot:5:calc_Z|lpm_mult:Mult0|mult_jgs:auto_generated|mac_out2  ; DATAOUT          ;                       ;
; fft16OPT:UUT|calc_pot:\gen_pot:5:calc_Z|r2_s[-20] ; Packed Register ; Register Packing ; Timing optimization ; Q         ;                ; fft16OPT:UUT|calc_pot:\gen_pot:5:calc_Z|lpm_mult:Mult0|mult_jgs:auto_generated|mac_out2  ; DATAOUT          ;                       ;
; fft16OPT:UUT|calc_pot:\gen_pot:5:calc_Z|r2_s[0]   ; Packed Register ; Register Packing ; Timing optimization ; Q         ;                ; fft16OPT:UUT|calc_pot:\gen_pot:5:calc_Z|lpm_mult:Mult0|mult_jgs:auto_generated|mac_out2  ; DATAOUT          ;                       ;
; fft16OPT:UUT|calc_pot:\gen_pot:6:calc_Z|i2_s[-1]  ; Packed Register ; Register Packing ; Timing optimization ; Q         ;                ; fft16OPT:UUT|calc_pot:\gen_pot:6:calc_Z|lpm_mult:Mult1|mult_jgs:auto_generated|mac_out2  ; DATAOUT          ;                       ;
; fft16OPT:UUT|calc_pot:\gen_pot:6:calc_Z|i2_s[-2]  ; Packed Register ; Register Packing ; Timing optimization ; Q         ;                ; fft16OPT:UUT|calc_pot:\gen_pot:6:calc_Z|lpm_mult:Mult1|mult_jgs:auto_generated|mac_out2  ; DATAOUT          ;                       ;
; fft16OPT:UUT|calc_pot:\gen_pot:6:calc_Z|i2_s[-3]  ; Packed Register ; Register Packing ; Timing optimization ; Q         ;                ; fft16OPT:UUT|calc_pot:\gen_pot:6:calc_Z|lpm_mult:Mult1|mult_jgs:auto_generated|mac_out2  ; DATAOUT          ;                       ;
; fft16OPT:UUT|calc_pot:\gen_pot:6:calc_Z|i2_s[-4]  ; Packed Register ; Register Packing ; Timing optimization ; Q         ;                ; fft16OPT:UUT|calc_pot:\gen_pot:6:calc_Z|lpm_mult:Mult1|mult_jgs:auto_generated|mac_out2  ; DATAOUT          ;                       ;
; fft16OPT:UUT|calc_pot:\gen_pot:6:calc_Z|i2_s[-5]  ; Packed Register ; Register Packing ; Timing optimization ; Q         ;                ; fft16OPT:UUT|calc_pot:\gen_pot:6:calc_Z|lpm_mult:Mult1|mult_jgs:auto_generated|mac_out2  ; DATAOUT          ;                       ;
; fft16OPT:UUT|calc_pot:\gen_pot:6:calc_Z|i2_s[-6]  ; Packed Register ; Register Packing ; Timing optimization ; Q         ;                ; fft16OPT:UUT|calc_pot:\gen_pot:6:calc_Z|lpm_mult:Mult1|mult_jgs:auto_generated|mac_out2  ; DATAOUT          ;                       ;
; fft16OPT:UUT|calc_pot:\gen_pot:6:calc_Z|i2_s[-7]  ; Packed Register ; Register Packing ; Timing optimization ; Q         ;                ; fft16OPT:UUT|calc_pot:\gen_pot:6:calc_Z|lpm_mult:Mult1|mult_jgs:auto_generated|mac_out2  ; DATAOUT          ;                       ;
; fft16OPT:UUT|calc_pot:\gen_pot:6:calc_Z|i2_s[-8]  ; Packed Register ; Register Packing ; Timing optimization ; Q         ;                ; fft16OPT:UUT|calc_pot:\gen_pot:6:calc_Z|lpm_mult:Mult1|mult_jgs:auto_generated|mac_out2  ; DATAOUT          ;                       ;
; fft16OPT:UUT|calc_pot:\gen_pot:6:calc_Z|i2_s[-9]  ; Packed Register ; Register Packing ; Timing optimization ; Q         ;                ; fft16OPT:UUT|calc_pot:\gen_pot:6:calc_Z|lpm_mult:Mult1|mult_jgs:auto_generated|mac_out2  ; DATAOUT          ;                       ;
; fft16OPT:UUT|calc_pot:\gen_pot:6:calc_Z|i2_s[-10] ; Packed Register ; Register Packing ; Timing optimization ; Q         ;                ; fft16OPT:UUT|calc_pot:\gen_pot:6:calc_Z|lpm_mult:Mult1|mult_jgs:auto_generated|mac_out2  ; DATAOUT          ;                       ;
; fft16OPT:UUT|calc_pot:\gen_pot:6:calc_Z|i2_s[-11] ; Packed Register ; Register Packing ; Timing optimization ; Q         ;                ; fft16OPT:UUT|calc_pot:\gen_pot:6:calc_Z|lpm_mult:Mult1|mult_jgs:auto_generated|mac_out2  ; DATAOUT          ;                       ;
; fft16OPT:UUT|calc_pot:\gen_pot:6:calc_Z|i2_s[-12] ; Packed Register ; Register Packing ; Timing optimization ; Q         ;                ; fft16OPT:UUT|calc_pot:\gen_pot:6:calc_Z|lpm_mult:Mult1|mult_jgs:auto_generated|mac_out2  ; DATAOUT          ;                       ;
; fft16OPT:UUT|calc_pot:\gen_pot:6:calc_Z|i2_s[-13] ; Packed Register ; Register Packing ; Timing optimization ; Q         ;                ; fft16OPT:UUT|calc_pot:\gen_pot:6:calc_Z|lpm_mult:Mult1|mult_jgs:auto_generated|mac_out2  ; DATAOUT          ;                       ;
; fft16OPT:UUT|calc_pot:\gen_pot:6:calc_Z|i2_s[-14] ; Packed Register ; Register Packing ; Timing optimization ; Q         ;                ; fft16OPT:UUT|calc_pot:\gen_pot:6:calc_Z|lpm_mult:Mult1|mult_jgs:auto_generated|mac_out2  ; DATAOUT          ;                       ;
; fft16OPT:UUT|calc_pot:\gen_pot:6:calc_Z|i2_s[-15] ; Packed Register ; Register Packing ; Timing optimization ; Q         ;                ; fft16OPT:UUT|calc_pot:\gen_pot:6:calc_Z|lpm_mult:Mult1|mult_jgs:auto_generated|mac_out2  ; DATAOUT          ;                       ;
; fft16OPT:UUT|calc_pot:\gen_pot:6:calc_Z|i2_s[-16] ; Packed Register ; Register Packing ; Timing optimization ; Q         ;                ; fft16OPT:UUT|calc_pot:\gen_pot:6:calc_Z|lpm_mult:Mult1|mult_jgs:auto_generated|mac_out2  ; DATAOUT          ;                       ;
; fft16OPT:UUT|calc_pot:\gen_pot:6:calc_Z|i2_s[-17] ; Packed Register ; Register Packing ; Timing optimization ; Q         ;                ; fft16OPT:UUT|calc_pot:\gen_pot:6:calc_Z|lpm_mult:Mult1|mult_jgs:auto_generated|mac_out2  ; DATAOUT          ;                       ;
; fft16OPT:UUT|calc_pot:\gen_pot:6:calc_Z|i2_s[-18] ; Packed Register ; Register Packing ; Timing optimization ; Q         ;                ; fft16OPT:UUT|calc_pot:\gen_pot:6:calc_Z|lpm_mult:Mult1|mult_jgs:auto_generated|mac_out2  ; DATAOUT          ;                       ;
; fft16OPT:UUT|calc_pot:\gen_pot:6:calc_Z|i2_s[-19] ; Packed Register ; Register Packing ; Timing optimization ; Q         ;                ; fft16OPT:UUT|calc_pot:\gen_pot:6:calc_Z|lpm_mult:Mult1|mult_jgs:auto_generated|mac_out2  ; DATAOUT          ;                       ;
; fft16OPT:UUT|calc_pot:\gen_pot:6:calc_Z|i2_s[-20] ; Packed Register ; Register Packing ; Timing optimization ; Q         ;                ; fft16OPT:UUT|calc_pot:\gen_pot:6:calc_Z|lpm_mult:Mult1|mult_jgs:auto_generated|mac_out2  ; DATAOUT          ;                       ;
; fft16OPT:UUT|calc_pot:\gen_pot:6:calc_Z|i2_s[0]   ; Packed Register ; Register Packing ; Timing optimization ; Q         ;                ; fft16OPT:UUT|calc_pot:\gen_pot:6:calc_Z|lpm_mult:Mult1|mult_jgs:auto_generated|mac_out2  ; DATAOUT          ;                       ;
; fft16OPT:UUT|calc_pot:\gen_pot:6:calc_Z|r2_s[-1]  ; Packed Register ; Register Packing ; Timing optimization ; Q         ;                ; fft16OPT:UUT|calc_pot:\gen_pot:6:calc_Z|lpm_mult:Mult0|mult_jgs:auto_generated|mac_out2  ; DATAOUT          ;                       ;
; fft16OPT:UUT|calc_pot:\gen_pot:6:calc_Z|r2_s[-2]  ; Packed Register ; Register Packing ; Timing optimization ; Q         ;                ; fft16OPT:UUT|calc_pot:\gen_pot:6:calc_Z|lpm_mult:Mult0|mult_jgs:auto_generated|mac_out2  ; DATAOUT          ;                       ;
; fft16OPT:UUT|calc_pot:\gen_pot:6:calc_Z|r2_s[-3]  ; Packed Register ; Register Packing ; Timing optimization ; Q         ;                ; fft16OPT:UUT|calc_pot:\gen_pot:6:calc_Z|lpm_mult:Mult0|mult_jgs:auto_generated|mac_out2  ; DATAOUT          ;                       ;
; fft16OPT:UUT|calc_pot:\gen_pot:6:calc_Z|r2_s[-4]  ; Packed Register ; Register Packing ; Timing optimization ; Q         ;                ; fft16OPT:UUT|calc_pot:\gen_pot:6:calc_Z|lpm_mult:Mult0|mult_jgs:auto_generated|mac_out2  ; DATAOUT          ;                       ;
; fft16OPT:UUT|calc_pot:\gen_pot:6:calc_Z|r2_s[-5]  ; Packed Register ; Register Packing ; Timing optimization ; Q         ;                ; fft16OPT:UUT|calc_pot:\gen_pot:6:calc_Z|lpm_mult:Mult0|mult_jgs:auto_generated|mac_out2  ; DATAOUT          ;                       ;
; fft16OPT:UUT|calc_pot:\gen_pot:6:calc_Z|r2_s[-6]  ; Packed Register ; Register Packing ; Timing optimization ; Q         ;                ; fft16OPT:UUT|calc_pot:\gen_pot:6:calc_Z|lpm_mult:Mult0|mult_jgs:auto_generated|mac_out2  ; DATAOUT          ;                       ;
; fft16OPT:UUT|calc_pot:\gen_pot:6:calc_Z|r2_s[-7]  ; Packed Register ; Register Packing ; Timing optimization ; Q         ;                ; fft16OPT:UUT|calc_pot:\gen_pot:6:calc_Z|lpm_mult:Mult0|mult_jgs:auto_generated|mac_out2  ; DATAOUT          ;                       ;
; fft16OPT:UUT|calc_pot:\gen_pot:6:calc_Z|r2_s[-8]  ; Packed Register ; Register Packing ; Timing optimization ; Q         ;                ; fft16OPT:UUT|calc_pot:\gen_pot:6:calc_Z|lpm_mult:Mult0|mult_jgs:auto_generated|mac_out2  ; DATAOUT          ;                       ;
; fft16OPT:UUT|calc_pot:\gen_pot:6:calc_Z|r2_s[-9]  ; Packed Register ; Register Packing ; Timing optimization ; Q         ;                ; fft16OPT:UUT|calc_pot:\gen_pot:6:calc_Z|lpm_mult:Mult0|mult_jgs:auto_generated|mac_out2  ; DATAOUT          ;                       ;
; fft16OPT:UUT|calc_pot:\gen_pot:6:calc_Z|r2_s[-10] ; Packed Register ; Register Packing ; Timing optimization ; Q         ;                ; fft16OPT:UUT|calc_pot:\gen_pot:6:calc_Z|lpm_mult:Mult0|mult_jgs:auto_generated|mac_out2  ; DATAOUT          ;                       ;
; fft16OPT:UUT|calc_pot:\gen_pot:6:calc_Z|r2_s[-11] ; Packed Register ; Register Packing ; Timing optimization ; Q         ;                ; fft16OPT:UUT|calc_pot:\gen_pot:6:calc_Z|lpm_mult:Mult0|mult_jgs:auto_generated|mac_out2  ; DATAOUT          ;                       ;
; fft16OPT:UUT|calc_pot:\gen_pot:6:calc_Z|r2_s[-12] ; Packed Register ; Register Packing ; Timing optimization ; Q         ;                ; fft16OPT:UUT|calc_pot:\gen_pot:6:calc_Z|lpm_mult:Mult0|mult_jgs:auto_generated|mac_out2  ; DATAOUT          ;                       ;
; fft16OPT:UUT|calc_pot:\gen_pot:6:calc_Z|r2_s[-13] ; Packed Register ; Register Packing ; Timing optimization ; Q         ;                ; fft16OPT:UUT|calc_pot:\gen_pot:6:calc_Z|lpm_mult:Mult0|mult_jgs:auto_generated|mac_out2  ; DATAOUT          ;                       ;
; fft16OPT:UUT|calc_pot:\gen_pot:6:calc_Z|r2_s[-14] ; Packed Register ; Register Packing ; Timing optimization ; Q         ;                ; fft16OPT:UUT|calc_pot:\gen_pot:6:calc_Z|lpm_mult:Mult0|mult_jgs:auto_generated|mac_out2  ; DATAOUT          ;                       ;
; fft16OPT:UUT|calc_pot:\gen_pot:6:calc_Z|r2_s[-15] ; Packed Register ; Register Packing ; Timing optimization ; Q         ;                ; fft16OPT:UUT|calc_pot:\gen_pot:6:calc_Z|lpm_mult:Mult0|mult_jgs:auto_generated|mac_out2  ; DATAOUT          ;                       ;
; fft16OPT:UUT|calc_pot:\gen_pot:6:calc_Z|r2_s[-16] ; Packed Register ; Register Packing ; Timing optimization ; Q         ;                ; fft16OPT:UUT|calc_pot:\gen_pot:6:calc_Z|lpm_mult:Mult0|mult_jgs:auto_generated|mac_out2  ; DATAOUT          ;                       ;
; fft16OPT:UUT|calc_pot:\gen_pot:6:calc_Z|r2_s[-17] ; Packed Register ; Register Packing ; Timing optimization ; Q         ;                ; fft16OPT:UUT|calc_pot:\gen_pot:6:calc_Z|lpm_mult:Mult0|mult_jgs:auto_generated|mac_out2  ; DATAOUT          ;                       ;
; fft16OPT:UUT|calc_pot:\gen_pot:6:calc_Z|r2_s[-18] ; Packed Register ; Register Packing ; Timing optimization ; Q         ;                ; fft16OPT:UUT|calc_pot:\gen_pot:6:calc_Z|lpm_mult:Mult0|mult_jgs:auto_generated|mac_out2  ; DATAOUT          ;                       ;
; fft16OPT:UUT|calc_pot:\gen_pot:6:calc_Z|r2_s[-19] ; Packed Register ; Register Packing ; Timing optimization ; Q         ;                ; fft16OPT:UUT|calc_pot:\gen_pot:6:calc_Z|lpm_mult:Mult0|mult_jgs:auto_generated|mac_out2  ; DATAOUT          ;                       ;
; fft16OPT:UUT|calc_pot:\gen_pot:6:calc_Z|r2_s[-20] ; Packed Register ; Register Packing ; Timing optimization ; Q         ;                ; fft16OPT:UUT|calc_pot:\gen_pot:6:calc_Z|lpm_mult:Mult0|mult_jgs:auto_generated|mac_out2  ; DATAOUT          ;                       ;
; fft16OPT:UUT|calc_pot:\gen_pot:6:calc_Z|r2_s[0]   ; Packed Register ; Register Packing ; Timing optimization ; Q         ;                ; fft16OPT:UUT|calc_pot:\gen_pot:6:calc_Z|lpm_mult:Mult0|mult_jgs:auto_generated|mac_out2  ; DATAOUT          ;                       ;
; fft16OPT:UUT|calc_pot:\gen_pot:7:calc_Z|i2_s[-1]  ; Packed Register ; Register Packing ; Timing optimization ; Q         ;                ; fft16OPT:UUT|calc_pot:\gen_pot:7:calc_Z|lpm_mult:Mult1|mult_jgs:auto_generated|mac_out2  ; DATAOUT          ;                       ;
; fft16OPT:UUT|calc_pot:\gen_pot:7:calc_Z|i2_s[-2]  ; Packed Register ; Register Packing ; Timing optimization ; Q         ;                ; fft16OPT:UUT|calc_pot:\gen_pot:7:calc_Z|lpm_mult:Mult1|mult_jgs:auto_generated|mac_out2  ; DATAOUT          ;                       ;
; fft16OPT:UUT|calc_pot:\gen_pot:7:calc_Z|i2_s[-3]  ; Packed Register ; Register Packing ; Timing optimization ; Q         ;                ; fft16OPT:UUT|calc_pot:\gen_pot:7:calc_Z|lpm_mult:Mult1|mult_jgs:auto_generated|mac_out2  ; DATAOUT          ;                       ;
; fft16OPT:UUT|calc_pot:\gen_pot:7:calc_Z|i2_s[-4]  ; Packed Register ; Register Packing ; Timing optimization ; Q         ;                ; fft16OPT:UUT|calc_pot:\gen_pot:7:calc_Z|lpm_mult:Mult1|mult_jgs:auto_generated|mac_out2  ; DATAOUT          ;                       ;
; fft16OPT:UUT|calc_pot:\gen_pot:7:calc_Z|i2_s[-5]  ; Packed Register ; Register Packing ; Timing optimization ; Q         ;                ; fft16OPT:UUT|calc_pot:\gen_pot:7:calc_Z|lpm_mult:Mult1|mult_jgs:auto_generated|mac_out2  ; DATAOUT          ;                       ;
; fft16OPT:UUT|calc_pot:\gen_pot:7:calc_Z|i2_s[-6]  ; Packed Register ; Register Packing ; Timing optimization ; Q         ;                ; fft16OPT:UUT|calc_pot:\gen_pot:7:calc_Z|lpm_mult:Mult1|mult_jgs:auto_generated|mac_out2  ; DATAOUT          ;                       ;
; fft16OPT:UUT|calc_pot:\gen_pot:7:calc_Z|i2_s[-7]  ; Packed Register ; Register Packing ; Timing optimization ; Q         ;                ; fft16OPT:UUT|calc_pot:\gen_pot:7:calc_Z|lpm_mult:Mult1|mult_jgs:auto_generated|mac_out2  ; DATAOUT          ;                       ;
; fft16OPT:UUT|calc_pot:\gen_pot:7:calc_Z|i2_s[-8]  ; Packed Register ; Register Packing ; Timing optimization ; Q         ;                ; fft16OPT:UUT|calc_pot:\gen_pot:7:calc_Z|lpm_mult:Mult1|mult_jgs:auto_generated|mac_out2  ; DATAOUT          ;                       ;
; fft16OPT:UUT|calc_pot:\gen_pot:7:calc_Z|i2_s[-9]  ; Packed Register ; Register Packing ; Timing optimization ; Q         ;                ; fft16OPT:UUT|calc_pot:\gen_pot:7:calc_Z|lpm_mult:Mult1|mult_jgs:auto_generated|mac_out2  ; DATAOUT          ;                       ;
; fft16OPT:UUT|calc_pot:\gen_pot:7:calc_Z|i2_s[-10] ; Packed Register ; Register Packing ; Timing optimization ; Q         ;                ; fft16OPT:UUT|calc_pot:\gen_pot:7:calc_Z|lpm_mult:Mult1|mult_jgs:auto_generated|mac_out2  ; DATAOUT          ;                       ;
; fft16OPT:UUT|calc_pot:\gen_pot:7:calc_Z|i2_s[-11] ; Packed Register ; Register Packing ; Timing optimization ; Q         ;                ; fft16OPT:UUT|calc_pot:\gen_pot:7:calc_Z|lpm_mult:Mult1|mult_jgs:auto_generated|mac_out2  ; DATAOUT          ;                       ;
; fft16OPT:UUT|calc_pot:\gen_pot:7:calc_Z|i2_s[-12] ; Packed Register ; Register Packing ; Timing optimization ; Q         ;                ; fft16OPT:UUT|calc_pot:\gen_pot:7:calc_Z|lpm_mult:Mult1|mult_jgs:auto_generated|mac_out2  ; DATAOUT          ;                       ;
; fft16OPT:UUT|calc_pot:\gen_pot:7:calc_Z|i2_s[-13] ; Packed Register ; Register Packing ; Timing optimization ; Q         ;                ; fft16OPT:UUT|calc_pot:\gen_pot:7:calc_Z|lpm_mult:Mult1|mult_jgs:auto_generated|mac_out2  ; DATAOUT          ;                       ;
; fft16OPT:UUT|calc_pot:\gen_pot:7:calc_Z|i2_s[-14] ; Packed Register ; Register Packing ; Timing optimization ; Q         ;                ; fft16OPT:UUT|calc_pot:\gen_pot:7:calc_Z|lpm_mult:Mult1|mult_jgs:auto_generated|mac_out2  ; DATAOUT          ;                       ;
; fft16OPT:UUT|calc_pot:\gen_pot:7:calc_Z|i2_s[-15] ; Packed Register ; Register Packing ; Timing optimization ; Q         ;                ; fft16OPT:UUT|calc_pot:\gen_pot:7:calc_Z|lpm_mult:Mult1|mult_jgs:auto_generated|mac_out2  ; DATAOUT          ;                       ;
; fft16OPT:UUT|calc_pot:\gen_pot:7:calc_Z|i2_s[-16] ; Packed Register ; Register Packing ; Timing optimization ; Q         ;                ; fft16OPT:UUT|calc_pot:\gen_pot:7:calc_Z|lpm_mult:Mult1|mult_jgs:auto_generated|mac_out2  ; DATAOUT          ;                       ;
; fft16OPT:UUT|calc_pot:\gen_pot:7:calc_Z|i2_s[-17] ; Packed Register ; Register Packing ; Timing optimization ; Q         ;                ; fft16OPT:UUT|calc_pot:\gen_pot:7:calc_Z|lpm_mult:Mult1|mult_jgs:auto_generated|mac_out2  ; DATAOUT          ;                       ;
; fft16OPT:UUT|calc_pot:\gen_pot:7:calc_Z|i2_s[-18] ; Packed Register ; Register Packing ; Timing optimization ; Q         ;                ; fft16OPT:UUT|calc_pot:\gen_pot:7:calc_Z|lpm_mult:Mult1|mult_jgs:auto_generated|mac_out2  ; DATAOUT          ;                       ;
; fft16OPT:UUT|calc_pot:\gen_pot:7:calc_Z|i2_s[-19] ; Packed Register ; Register Packing ; Timing optimization ; Q         ;                ; fft16OPT:UUT|calc_pot:\gen_pot:7:calc_Z|lpm_mult:Mult1|mult_jgs:auto_generated|mac_out2  ; DATAOUT          ;                       ;
; fft16OPT:UUT|calc_pot:\gen_pot:7:calc_Z|i2_s[-20] ; Packed Register ; Register Packing ; Timing optimization ; Q         ;                ; fft16OPT:UUT|calc_pot:\gen_pot:7:calc_Z|lpm_mult:Mult1|mult_jgs:auto_generated|mac_out2  ; DATAOUT          ;                       ;
; fft16OPT:UUT|calc_pot:\gen_pot:7:calc_Z|i2_s[0]   ; Packed Register ; Register Packing ; Timing optimization ; Q         ;                ; fft16OPT:UUT|calc_pot:\gen_pot:7:calc_Z|lpm_mult:Mult1|mult_jgs:auto_generated|mac_out2  ; DATAOUT          ;                       ;
; fft16OPT:UUT|calc_pot:\gen_pot:7:calc_Z|r2_s[-1]  ; Packed Register ; Register Packing ; Timing optimization ; Q         ;                ; fft16OPT:UUT|calc_pot:\gen_pot:7:calc_Z|lpm_mult:Mult0|mult_jgs:auto_generated|mac_out2  ; DATAOUT          ;                       ;
; fft16OPT:UUT|calc_pot:\gen_pot:7:calc_Z|r2_s[-2]  ; Packed Register ; Register Packing ; Timing optimization ; Q         ;                ; fft16OPT:UUT|calc_pot:\gen_pot:7:calc_Z|lpm_mult:Mult0|mult_jgs:auto_generated|mac_out2  ; DATAOUT          ;                       ;
; fft16OPT:UUT|calc_pot:\gen_pot:7:calc_Z|r2_s[-3]  ; Packed Register ; Register Packing ; Timing optimization ; Q         ;                ; fft16OPT:UUT|calc_pot:\gen_pot:7:calc_Z|lpm_mult:Mult0|mult_jgs:auto_generated|mac_out2  ; DATAOUT          ;                       ;
; fft16OPT:UUT|calc_pot:\gen_pot:7:calc_Z|r2_s[-4]  ; Packed Register ; Register Packing ; Timing optimization ; Q         ;                ; fft16OPT:UUT|calc_pot:\gen_pot:7:calc_Z|lpm_mult:Mult0|mult_jgs:auto_generated|mac_out2  ; DATAOUT          ;                       ;
; fft16OPT:UUT|calc_pot:\gen_pot:7:calc_Z|r2_s[-5]  ; Packed Register ; Register Packing ; Timing optimization ; Q         ;                ; fft16OPT:UUT|calc_pot:\gen_pot:7:calc_Z|lpm_mult:Mult0|mult_jgs:auto_generated|mac_out2  ; DATAOUT          ;                       ;
; fft16OPT:UUT|calc_pot:\gen_pot:7:calc_Z|r2_s[-6]  ; Packed Register ; Register Packing ; Timing optimization ; Q         ;                ; fft16OPT:UUT|calc_pot:\gen_pot:7:calc_Z|lpm_mult:Mult0|mult_jgs:auto_generated|mac_out2  ; DATAOUT          ;                       ;
; fft16OPT:UUT|calc_pot:\gen_pot:7:calc_Z|r2_s[-7]  ; Packed Register ; Register Packing ; Timing optimization ; Q         ;                ; fft16OPT:UUT|calc_pot:\gen_pot:7:calc_Z|lpm_mult:Mult0|mult_jgs:auto_generated|mac_out2  ; DATAOUT          ;                       ;
; fft16OPT:UUT|calc_pot:\gen_pot:7:calc_Z|r2_s[-8]  ; Packed Register ; Register Packing ; Timing optimization ; Q         ;                ; fft16OPT:UUT|calc_pot:\gen_pot:7:calc_Z|lpm_mult:Mult0|mult_jgs:auto_generated|mac_out2  ; DATAOUT          ;                       ;
; fft16OPT:UUT|calc_pot:\gen_pot:7:calc_Z|r2_s[-9]  ; Packed Register ; Register Packing ; Timing optimization ; Q         ;                ; fft16OPT:UUT|calc_pot:\gen_pot:7:calc_Z|lpm_mult:Mult0|mult_jgs:auto_generated|mac_out2  ; DATAOUT          ;                       ;
; fft16OPT:UUT|calc_pot:\gen_pot:7:calc_Z|r2_s[-10] ; Packed Register ; Register Packing ; Timing optimization ; Q         ;                ; fft16OPT:UUT|calc_pot:\gen_pot:7:calc_Z|lpm_mult:Mult0|mult_jgs:auto_generated|mac_out2  ; DATAOUT          ;                       ;
; fft16OPT:UUT|calc_pot:\gen_pot:7:calc_Z|r2_s[-11] ; Packed Register ; Register Packing ; Timing optimization ; Q         ;                ; fft16OPT:UUT|calc_pot:\gen_pot:7:calc_Z|lpm_mult:Mult0|mult_jgs:auto_generated|mac_out2  ; DATAOUT          ;                       ;
; fft16OPT:UUT|calc_pot:\gen_pot:7:calc_Z|r2_s[-12] ; Packed Register ; Register Packing ; Timing optimization ; Q         ;                ; fft16OPT:UUT|calc_pot:\gen_pot:7:calc_Z|lpm_mult:Mult0|mult_jgs:auto_generated|mac_out2  ; DATAOUT          ;                       ;
; fft16OPT:UUT|calc_pot:\gen_pot:7:calc_Z|r2_s[-13] ; Packed Register ; Register Packing ; Timing optimization ; Q         ;                ; fft16OPT:UUT|calc_pot:\gen_pot:7:calc_Z|lpm_mult:Mult0|mult_jgs:auto_generated|mac_out2  ; DATAOUT          ;                       ;
; fft16OPT:UUT|calc_pot:\gen_pot:7:calc_Z|r2_s[-14] ; Packed Register ; Register Packing ; Timing optimization ; Q         ;                ; fft16OPT:UUT|calc_pot:\gen_pot:7:calc_Z|lpm_mult:Mult0|mult_jgs:auto_generated|mac_out2  ; DATAOUT          ;                       ;
; fft16OPT:UUT|calc_pot:\gen_pot:7:calc_Z|r2_s[-15] ; Packed Register ; Register Packing ; Timing optimization ; Q         ;                ; fft16OPT:UUT|calc_pot:\gen_pot:7:calc_Z|lpm_mult:Mult0|mult_jgs:auto_generated|mac_out2  ; DATAOUT          ;                       ;
; fft16OPT:UUT|calc_pot:\gen_pot:7:calc_Z|r2_s[-16] ; Packed Register ; Register Packing ; Timing optimization ; Q         ;                ; fft16OPT:UUT|calc_pot:\gen_pot:7:calc_Z|lpm_mult:Mult0|mult_jgs:auto_generated|mac_out2  ; DATAOUT          ;                       ;
; fft16OPT:UUT|calc_pot:\gen_pot:7:calc_Z|r2_s[-17] ; Packed Register ; Register Packing ; Timing optimization ; Q         ;                ; fft16OPT:UUT|calc_pot:\gen_pot:7:calc_Z|lpm_mult:Mult0|mult_jgs:auto_generated|mac_out2  ; DATAOUT          ;                       ;
; fft16OPT:UUT|calc_pot:\gen_pot:7:calc_Z|r2_s[-18] ; Packed Register ; Register Packing ; Timing optimization ; Q         ;                ; fft16OPT:UUT|calc_pot:\gen_pot:7:calc_Z|lpm_mult:Mult0|mult_jgs:auto_generated|mac_out2  ; DATAOUT          ;                       ;
; fft16OPT:UUT|calc_pot:\gen_pot:7:calc_Z|r2_s[-19] ; Packed Register ; Register Packing ; Timing optimization ; Q         ;                ; fft16OPT:UUT|calc_pot:\gen_pot:7:calc_Z|lpm_mult:Mult0|mult_jgs:auto_generated|mac_out2  ; DATAOUT          ;                       ;
; fft16OPT:UUT|calc_pot:\gen_pot:7:calc_Z|r2_s[-20] ; Packed Register ; Register Packing ; Timing optimization ; Q         ;                ; fft16OPT:UUT|calc_pot:\gen_pot:7:calc_Z|lpm_mult:Mult0|mult_jgs:auto_generated|mac_out2  ; DATAOUT          ;                       ;
; fft16OPT:UUT|calc_pot:\gen_pot:7:calc_Z|r2_s[0]   ; Packed Register ; Register Packing ; Timing optimization ; Q         ;                ; fft16OPT:UUT|calc_pot:\gen_pot:7:calc_Z|lpm_mult:Mult0|mult_jgs:auto_generated|mac_out2  ; DATAOUT          ;                       ;
; fft16OPT:UUT|calc_pot:\gen_pot:8:calc_Z|r2_s[-1]  ; Packed Register ; Register Packing ; Timing optimization ; Q         ;                ; fft16OPT:UUT|calc_pot:\gen_pot:8:calc_Z|lpm_mult:Mult0|mult_jgs:auto_generated|mac_out2  ; DATAOUT          ;                       ;
; fft16OPT:UUT|calc_pot:\gen_pot:8:calc_Z|r2_s[-2]  ; Packed Register ; Register Packing ; Timing optimization ; Q         ;                ; fft16OPT:UUT|calc_pot:\gen_pot:8:calc_Z|lpm_mult:Mult0|mult_jgs:auto_generated|mac_out2  ; DATAOUT          ;                       ;
; fft16OPT:UUT|calc_pot:\gen_pot:8:calc_Z|r2_s[-3]  ; Packed Register ; Register Packing ; Timing optimization ; Q         ;                ; fft16OPT:UUT|calc_pot:\gen_pot:8:calc_Z|lpm_mult:Mult0|mult_jgs:auto_generated|mac_out2  ; DATAOUT          ;                       ;
; fft16OPT:UUT|calc_pot:\gen_pot:8:calc_Z|r2_s[-4]  ; Packed Register ; Register Packing ; Timing optimization ; Q         ;                ; fft16OPT:UUT|calc_pot:\gen_pot:8:calc_Z|lpm_mult:Mult0|mult_jgs:auto_generated|mac_out2  ; DATAOUT          ;                       ;
; fft16OPT:UUT|calc_pot:\gen_pot:8:calc_Z|r2_s[-5]  ; Packed Register ; Register Packing ; Timing optimization ; Q         ;                ; fft16OPT:UUT|calc_pot:\gen_pot:8:calc_Z|lpm_mult:Mult0|mult_jgs:auto_generated|mac_out2  ; DATAOUT          ;                       ;
; fft16OPT:UUT|calc_pot:\gen_pot:8:calc_Z|r2_s[-6]  ; Packed Register ; Register Packing ; Timing optimization ; Q         ;                ; fft16OPT:UUT|calc_pot:\gen_pot:8:calc_Z|lpm_mult:Mult0|mult_jgs:auto_generated|mac_out2  ; DATAOUT          ;                       ;
; fft16OPT:UUT|calc_pot:\gen_pot:8:calc_Z|r2_s[-7]  ; Packed Register ; Register Packing ; Timing optimization ; Q         ;                ; fft16OPT:UUT|calc_pot:\gen_pot:8:calc_Z|lpm_mult:Mult0|mult_jgs:auto_generated|mac_out2  ; DATAOUT          ;                       ;
; fft16OPT:UUT|calc_pot:\gen_pot:8:calc_Z|r2_s[-8]  ; Packed Register ; Register Packing ; Timing optimization ; Q         ;                ; fft16OPT:UUT|calc_pot:\gen_pot:8:calc_Z|lpm_mult:Mult0|mult_jgs:auto_generated|mac_out2  ; DATAOUT          ;                       ;
; fft16OPT:UUT|calc_pot:\gen_pot:8:calc_Z|r2_s[-9]  ; Packed Register ; Register Packing ; Timing optimization ; Q         ;                ; fft16OPT:UUT|calc_pot:\gen_pot:8:calc_Z|lpm_mult:Mult0|mult_jgs:auto_generated|mac_out2  ; DATAOUT          ;                       ;
; fft16OPT:UUT|calc_pot:\gen_pot:8:calc_Z|r2_s[-10] ; Packed Register ; Register Packing ; Timing optimization ; Q         ;                ; fft16OPT:UUT|calc_pot:\gen_pot:8:calc_Z|lpm_mult:Mult0|mult_jgs:auto_generated|mac_out2  ; DATAOUT          ;                       ;
; fft16OPT:UUT|calc_pot:\gen_pot:8:calc_Z|r2_s[-11] ; Packed Register ; Register Packing ; Timing optimization ; Q         ;                ; fft16OPT:UUT|calc_pot:\gen_pot:8:calc_Z|lpm_mult:Mult0|mult_jgs:auto_generated|mac_out2  ; DATAOUT          ;                       ;
; fft16OPT:UUT|calc_pot:\gen_pot:8:calc_Z|r2_s[0]   ; Packed Register ; Register Packing ; Timing optimization ; Q         ;                ; fft16OPT:UUT|calc_pot:\gen_pot:8:calc_Z|lpm_mult:Mult0|mult_jgs:auto_generated|mac_out2  ; DATAOUT          ;                       ;
; fft16OPT:UUT|radix4:UUT14|y0r_r[-1]               ; Packed Register ; Register Packing ; Timing optimization ; Q         ;                ; fft16OPT:UUT|calc_pot:\gen_pot:0:calc_Z|lpm_mult:Mult0|mult_jgs:auto_generated|mac_mult1 ; DATAA            ;                       ;
; fft16OPT:UUT|radix4:UUT14|y0r_r[-1]               ; Duplicated      ; Register Packing ; Timing optimization ; Q         ;                ; fft16OPT:UUT|radix4:UUT14|y0r_r[-1]~_Duplicate_1                                         ; Q                ;                       ;
; fft16OPT:UUT|radix4:UUT14|y0r_r[-1]~_Duplicate_1  ; Packed Register ; Register Packing ; Timing optimization ; Q         ;                ; fft16OPT:UUT|calc_pot:\gen_pot:0:calc_Z|lpm_mult:Mult0|mult_jgs:auto_generated|mac_mult1 ; DATAB            ;                       ;
; fft16OPT:UUT|radix4:UUT14|y0r_r[-2]               ; Packed Register ; Register Packing ; Timing optimization ; Q         ;                ; fft16OPT:UUT|calc_pot:\gen_pot:0:calc_Z|lpm_mult:Mult0|mult_jgs:auto_generated|mac_mult1 ; DATAA            ;                       ;
; fft16OPT:UUT|radix4:UUT14|y0r_r[-2]               ; Duplicated      ; Register Packing ; Timing optimization ; Q         ;                ; fft16OPT:UUT|radix4:UUT14|y0r_r[-2]~_Duplicate_1                                         ; Q                ;                       ;
; fft16OPT:UUT|radix4:UUT14|y0r_r[-2]~_Duplicate_1  ; Packed Register ; Register Packing ; Timing optimization ; Q         ;                ; fft16OPT:UUT|calc_pot:\gen_pot:0:calc_Z|lpm_mult:Mult0|mult_jgs:auto_generated|mac_mult1 ; DATAB            ;                       ;
; fft16OPT:UUT|radix4:UUT14|y0r_r[-3]               ; Packed Register ; Register Packing ; Timing optimization ; Q         ;                ; fft16OPT:UUT|calc_pot:\gen_pot:0:calc_Z|lpm_mult:Mult0|mult_jgs:auto_generated|mac_mult1 ; DATAA            ;                       ;
; fft16OPT:UUT|radix4:UUT14|y0r_r[-3]               ; Duplicated      ; Register Packing ; Timing optimization ; Q         ;                ; fft16OPT:UUT|radix4:UUT14|y0r_r[-3]~_Duplicate_1                                         ; Q                ;                       ;
; fft16OPT:UUT|radix4:UUT14|y0r_r[-3]~_Duplicate_1  ; Packed Register ; Register Packing ; Timing optimization ; Q         ;                ; fft16OPT:UUT|calc_pot:\gen_pot:0:calc_Z|lpm_mult:Mult0|mult_jgs:auto_generated|mac_mult1 ; DATAB            ;                       ;
; fft16OPT:UUT|radix4:UUT14|y0r_r[-4]               ; Packed Register ; Register Packing ; Timing optimization ; Q         ;                ; fft16OPT:UUT|calc_pot:\gen_pot:0:calc_Z|lpm_mult:Mult0|mult_jgs:auto_generated|mac_mult1 ; DATAA            ;                       ;
; fft16OPT:UUT|radix4:UUT14|y0r_r[-4]               ; Duplicated      ; Register Packing ; Timing optimization ; Q         ;                ; fft16OPT:UUT|radix4:UUT14|y0r_r[-4]~_Duplicate_1                                         ; Q                ;                       ;
; fft16OPT:UUT|radix4:UUT14|y0r_r[-4]~_Duplicate_1  ; Packed Register ; Register Packing ; Timing optimization ; Q         ;                ; fft16OPT:UUT|calc_pot:\gen_pot:0:calc_Z|lpm_mult:Mult0|mult_jgs:auto_generated|mac_mult1 ; DATAB            ;                       ;
; fft16OPT:UUT|radix4:UUT14|y0r_r[-5]               ; Packed Register ; Register Packing ; Timing optimization ; Q         ;                ; fft16OPT:UUT|calc_pot:\gen_pot:0:calc_Z|lpm_mult:Mult0|mult_jgs:auto_generated|mac_mult1 ; DATAA            ;                       ;
; fft16OPT:UUT|radix4:UUT14|y0r_r[-5]               ; Duplicated      ; Register Packing ; Timing optimization ; Q         ;                ; fft16OPT:UUT|radix4:UUT14|y0r_r[-5]~_Duplicate_1                                         ; Q                ;                       ;
; fft16OPT:UUT|radix4:UUT14|y0r_r[-5]~_Duplicate_1  ; Packed Register ; Register Packing ; Timing optimization ; Q         ;                ; fft16OPT:UUT|calc_pot:\gen_pot:0:calc_Z|lpm_mult:Mult0|mult_jgs:auto_generated|mac_mult1 ; DATAB            ;                       ;
; fft16OPT:UUT|radix4:UUT14|y0r_r[-6]               ; Packed Register ; Register Packing ; Timing optimization ; Q         ;                ; fft16OPT:UUT|calc_pot:\gen_pot:0:calc_Z|lpm_mult:Mult0|mult_jgs:auto_generated|mac_mult1 ; DATAA            ;                       ;
; fft16OPT:UUT|radix4:UUT14|y0r_r[-6]               ; Duplicated      ; Register Packing ; Timing optimization ; Q         ;                ; fft16OPT:UUT|radix4:UUT14|y0r_r[-6]~_Duplicate_1                                         ; Q                ;                       ;
; fft16OPT:UUT|radix4:UUT14|y0r_r[-6]~_Duplicate_1  ; Packed Register ; Register Packing ; Timing optimization ; Q         ;                ; fft16OPT:UUT|calc_pot:\gen_pot:0:calc_Z|lpm_mult:Mult0|mult_jgs:auto_generated|mac_mult1 ; DATAB            ;                       ;
; fft16OPT:UUT|radix4:UUT14|y0r_r[-7]               ; Packed Register ; Register Packing ; Timing optimization ; Q         ;                ; fft16OPT:UUT|calc_pot:\gen_pot:0:calc_Z|lpm_mult:Mult0|mult_jgs:auto_generated|mac_mult1 ; DATAA            ;                       ;
; fft16OPT:UUT|radix4:UUT14|y0r_r[-7]               ; Duplicated      ; Register Packing ; Timing optimization ; Q         ;                ; fft16OPT:UUT|radix4:UUT14|y0r_r[-7]~_Duplicate_1                                         ; Q                ;                       ;
; fft16OPT:UUT|radix4:UUT14|y0r_r[-7]~_Duplicate_1  ; Packed Register ; Register Packing ; Timing optimization ; Q         ;                ; fft16OPT:UUT|calc_pot:\gen_pot:0:calc_Z|lpm_mult:Mult0|mult_jgs:auto_generated|mac_mult1 ; DATAB            ;                       ;
; fft16OPT:UUT|radix4:UUT14|y0r_r[-8]               ; Packed Register ; Register Packing ; Timing optimization ; Q         ;                ; fft16OPT:UUT|calc_pot:\gen_pot:0:calc_Z|lpm_mult:Mult0|mult_jgs:auto_generated|mac_mult1 ; DATAA            ;                       ;
; fft16OPT:UUT|radix4:UUT14|y0r_r[-8]               ; Duplicated      ; Register Packing ; Timing optimization ; Q         ;                ; fft16OPT:UUT|radix4:UUT14|y0r_r[-8]~_Duplicate_1                                         ; Q                ;                       ;
; fft16OPT:UUT|radix4:UUT14|y0r_r[-8]~_Duplicate_1  ; Packed Register ; Register Packing ; Timing optimization ; Q         ;                ; fft16OPT:UUT|calc_pot:\gen_pot:0:calc_Z|lpm_mult:Mult0|mult_jgs:auto_generated|mac_mult1 ; DATAB            ;                       ;
; fft16OPT:UUT|radix4:UUT14|y0r_r[-9]               ; Packed Register ; Register Packing ; Timing optimization ; Q         ;                ; fft16OPT:UUT|calc_pot:\gen_pot:0:calc_Z|lpm_mult:Mult0|mult_jgs:auto_generated|mac_mult1 ; DATAA            ;                       ;
; fft16OPT:UUT|radix4:UUT14|y0r_r[-9]               ; Duplicated      ; Register Packing ; Timing optimization ; Q         ;                ; fft16OPT:UUT|radix4:UUT14|y0r_r[-9]~_Duplicate_1                                         ; Q                ;                       ;
; fft16OPT:UUT|radix4:UUT14|y0r_r[-9]~_Duplicate_1  ; Packed Register ; Register Packing ; Timing optimization ; Q         ;                ; fft16OPT:UUT|calc_pot:\gen_pot:0:calc_Z|lpm_mult:Mult0|mult_jgs:auto_generated|mac_mult1 ; DATAB            ;                       ;
; fft16OPT:UUT|radix4:UUT14|y0r_r[-10]              ; Packed Register ; Register Packing ; Timing optimization ; Q         ;                ; fft16OPT:UUT|calc_pot:\gen_pot:0:calc_Z|lpm_mult:Mult0|mult_jgs:auto_generated|mac_mult1 ; DATAA            ;                       ;
; fft16OPT:UUT|radix4:UUT14|y0r_r[-10]              ; Duplicated      ; Register Packing ; Timing optimization ; Q         ;                ; fft16OPT:UUT|radix4:UUT14|y0r_r[-10]~_Duplicate_1                                        ; Q                ;                       ;
; fft16OPT:UUT|radix4:UUT14|y0r_r[-10]~_Duplicate_1 ; Packed Register ; Register Packing ; Timing optimization ; Q         ;                ; fft16OPT:UUT|calc_pot:\gen_pot:0:calc_Z|lpm_mult:Mult0|mult_jgs:auto_generated|mac_mult1 ; DATAB            ;                       ;
; fft16OPT:UUT|radix4:UUT14|y0r_r[-11]              ; Packed Register ; Register Packing ; Timing optimization ; Q         ;                ; fft16OPT:UUT|calc_pot:\gen_pot:0:calc_Z|lpm_mult:Mult0|mult_jgs:auto_generated|mac_mult1 ; DATAA            ;                       ;
; fft16OPT:UUT|radix4:UUT14|y0r_r[-11]              ; Duplicated      ; Register Packing ; Timing optimization ; Q         ;                ; fft16OPT:UUT|radix4:UUT14|y0r_r[-11]~_Duplicate_1                                        ; Q                ;                       ;
; fft16OPT:UUT|radix4:UUT14|y0r_r[-11]~_Duplicate_1 ; Packed Register ; Register Packing ; Timing optimization ; Q         ;                ; fft16OPT:UUT|calc_pot:\gen_pot:0:calc_Z|lpm_mult:Mult0|mult_jgs:auto_generated|mac_mult1 ; DATAB            ;                       ;
; fft16OPT:UUT|radix4:UUT14|y0r_r[0]                ; Packed Register ; Register Packing ; Timing optimization ; Q         ;                ; fft16OPT:UUT|calc_pot:\gen_pot:0:calc_Z|lpm_mult:Mult0|mult_jgs:auto_generated|mac_mult1 ; DATAA            ;                       ;
; fft16OPT:UUT|radix4:UUT14|y0r_r[0]                ; Duplicated      ; Register Packing ; Timing optimization ; Q         ;                ; fft16OPT:UUT|radix4:UUT14|y0r_r[0]~_Duplicate_1                                          ; Q                ;                       ;
; fft16OPT:UUT|radix4:UUT14|y0r_r[0]~_Duplicate_1   ; Packed Register ; Register Packing ; Timing optimization ; Q         ;                ; fft16OPT:UUT|calc_pot:\gen_pot:0:calc_Z|lpm_mult:Mult0|mult_jgs:auto_generated|mac_mult1 ; DATAB            ;                       ;
; fft16OPT:UUT|radix4:UUT14|y1i_r[-1]               ; Packed Register ; Register Packing ; Timing optimization ; Q         ;                ; fft16OPT:UUT|calc_pot:\gen_pot:4:calc_Z|lpm_mult:Mult1|mult_jgs:auto_generated|mac_mult1 ; DATAA            ;                       ;
; fft16OPT:UUT|radix4:UUT14|y1i_r[-1]               ; Duplicated      ; Register Packing ; Timing optimization ; Q         ;                ; fft16OPT:UUT|radix4:UUT14|y1i_r[-1]~_Duplicate_1                                         ; Q                ;                       ;
; fft16OPT:UUT|radix4:UUT14|y1i_r[-1]~_Duplicate_1  ; Packed Register ; Register Packing ; Timing optimization ; Q         ;                ; fft16OPT:UUT|calc_pot:\gen_pot:4:calc_Z|lpm_mult:Mult1|mult_jgs:auto_generated|mac_mult1 ; DATAB            ;                       ;
; fft16OPT:UUT|radix4:UUT14|y1i_r[-2]               ; Packed Register ; Register Packing ; Timing optimization ; Q         ;                ; fft16OPT:UUT|calc_pot:\gen_pot:4:calc_Z|lpm_mult:Mult1|mult_jgs:auto_generated|mac_mult1 ; DATAA            ;                       ;
; fft16OPT:UUT|radix4:UUT14|y1i_r[-2]               ; Duplicated      ; Register Packing ; Timing optimization ; Q         ;                ; fft16OPT:UUT|radix4:UUT14|y1i_r[-2]~_Duplicate_1                                         ; Q                ;                       ;
; fft16OPT:UUT|radix4:UUT14|y1i_r[-2]~_Duplicate_1  ; Packed Register ; Register Packing ; Timing optimization ; Q         ;                ; fft16OPT:UUT|calc_pot:\gen_pot:4:calc_Z|lpm_mult:Mult1|mult_jgs:auto_generated|mac_mult1 ; DATAB            ;                       ;
; fft16OPT:UUT|radix4:UUT14|y1i_r[-3]               ; Packed Register ; Register Packing ; Timing optimization ; Q         ;                ; fft16OPT:UUT|calc_pot:\gen_pot:4:calc_Z|lpm_mult:Mult1|mult_jgs:auto_generated|mac_mult1 ; DATAA            ;                       ;
; fft16OPT:UUT|radix4:UUT14|y1i_r[-3]               ; Duplicated      ; Register Packing ; Timing optimization ; Q         ;                ; fft16OPT:UUT|radix4:UUT14|y1i_r[-3]~_Duplicate_1                                         ; Q                ;                       ;
; fft16OPT:UUT|radix4:UUT14|y1i_r[-3]~_Duplicate_1  ; Packed Register ; Register Packing ; Timing optimization ; Q         ;                ; fft16OPT:UUT|calc_pot:\gen_pot:4:calc_Z|lpm_mult:Mult1|mult_jgs:auto_generated|mac_mult1 ; DATAB            ;                       ;
; fft16OPT:UUT|radix4:UUT14|y1i_r[-4]               ; Packed Register ; Register Packing ; Timing optimization ; Q         ;                ; fft16OPT:UUT|calc_pot:\gen_pot:4:calc_Z|lpm_mult:Mult1|mult_jgs:auto_generated|mac_mult1 ; DATAA            ;                       ;
; fft16OPT:UUT|radix4:UUT14|y1i_r[-4]               ; Duplicated      ; Register Packing ; Timing optimization ; Q         ;                ; fft16OPT:UUT|radix4:UUT14|y1i_r[-4]~_Duplicate_1                                         ; Q                ;                       ;
; fft16OPT:UUT|radix4:UUT14|y1i_r[-4]~_Duplicate_1  ; Packed Register ; Register Packing ; Timing optimization ; Q         ;                ; fft16OPT:UUT|calc_pot:\gen_pot:4:calc_Z|lpm_mult:Mult1|mult_jgs:auto_generated|mac_mult1 ; DATAB            ;                       ;
; fft16OPT:UUT|radix4:UUT14|y1i_r[-5]               ; Packed Register ; Register Packing ; Timing optimization ; Q         ;                ; fft16OPT:UUT|calc_pot:\gen_pot:4:calc_Z|lpm_mult:Mult1|mult_jgs:auto_generated|mac_mult1 ; DATAA            ;                       ;
; fft16OPT:UUT|radix4:UUT14|y1i_r[-5]               ; Duplicated      ; Register Packing ; Timing optimization ; Q         ;                ; fft16OPT:UUT|radix4:UUT14|y1i_r[-5]~_Duplicate_1                                         ; Q                ;                       ;
; fft16OPT:UUT|radix4:UUT14|y1i_r[-5]~_Duplicate_1  ; Packed Register ; Register Packing ; Timing optimization ; Q         ;                ; fft16OPT:UUT|calc_pot:\gen_pot:4:calc_Z|lpm_mult:Mult1|mult_jgs:auto_generated|mac_mult1 ; DATAB            ;                       ;
; fft16OPT:UUT|radix4:UUT14|y1i_r[-6]               ; Packed Register ; Register Packing ; Timing optimization ; Q         ;                ; fft16OPT:UUT|calc_pot:\gen_pot:4:calc_Z|lpm_mult:Mult1|mult_jgs:auto_generated|mac_mult1 ; DATAA            ;                       ;
; fft16OPT:UUT|radix4:UUT14|y1i_r[-6]               ; Duplicated      ; Register Packing ; Timing optimization ; Q         ;                ; fft16OPT:UUT|radix4:UUT14|y1i_r[-6]~_Duplicate_1                                         ; Q                ;                       ;
; fft16OPT:UUT|radix4:UUT14|y1i_r[-6]~_Duplicate_1  ; Packed Register ; Register Packing ; Timing optimization ; Q         ;                ; fft16OPT:UUT|calc_pot:\gen_pot:4:calc_Z|lpm_mult:Mult1|mult_jgs:auto_generated|mac_mult1 ; DATAB            ;                       ;
; fft16OPT:UUT|radix4:UUT14|y1i_r[-7]               ; Packed Register ; Register Packing ; Timing optimization ; Q         ;                ; fft16OPT:UUT|calc_pot:\gen_pot:4:calc_Z|lpm_mult:Mult1|mult_jgs:auto_generated|mac_mult1 ; DATAA            ;                       ;
; fft16OPT:UUT|radix4:UUT14|y1i_r[-7]               ; Duplicated      ; Register Packing ; Timing optimization ; Q         ;                ; fft16OPT:UUT|radix4:UUT14|y1i_r[-7]~_Duplicate_1                                         ; Q                ;                       ;
; fft16OPT:UUT|radix4:UUT14|y1i_r[-7]~_Duplicate_1  ; Packed Register ; Register Packing ; Timing optimization ; Q         ;                ; fft16OPT:UUT|calc_pot:\gen_pot:4:calc_Z|lpm_mult:Mult1|mult_jgs:auto_generated|mac_mult1 ; DATAB            ;                       ;
; fft16OPT:UUT|radix4:UUT14|y1i_r[-8]               ; Packed Register ; Register Packing ; Timing optimization ; Q         ;                ; fft16OPT:UUT|calc_pot:\gen_pot:4:calc_Z|lpm_mult:Mult1|mult_jgs:auto_generated|mac_mult1 ; DATAA            ;                       ;
; fft16OPT:UUT|radix4:UUT14|y1i_r[-8]               ; Duplicated      ; Register Packing ; Timing optimization ; Q         ;                ; fft16OPT:UUT|radix4:UUT14|y1i_r[-8]~_Duplicate_1                                         ; Q                ;                       ;
; fft16OPT:UUT|radix4:UUT14|y1i_r[-8]~_Duplicate_1  ; Packed Register ; Register Packing ; Timing optimization ; Q         ;                ; fft16OPT:UUT|calc_pot:\gen_pot:4:calc_Z|lpm_mult:Mult1|mult_jgs:auto_generated|mac_mult1 ; DATAB            ;                       ;
; fft16OPT:UUT|radix4:UUT14|y1i_r[-9]               ; Packed Register ; Register Packing ; Timing optimization ; Q         ;                ; fft16OPT:UUT|calc_pot:\gen_pot:4:calc_Z|lpm_mult:Mult1|mult_jgs:auto_generated|mac_mult1 ; DATAA            ;                       ;
; fft16OPT:UUT|radix4:UUT14|y1i_r[-9]               ; Duplicated      ; Register Packing ; Timing optimization ; Q         ;                ; fft16OPT:UUT|radix4:UUT14|y1i_r[-9]~_Duplicate_1                                         ; Q                ;                       ;
; fft16OPT:UUT|radix4:UUT14|y1i_r[-9]~_Duplicate_1  ; Packed Register ; Register Packing ; Timing optimization ; Q         ;                ; fft16OPT:UUT|calc_pot:\gen_pot:4:calc_Z|lpm_mult:Mult1|mult_jgs:auto_generated|mac_mult1 ; DATAB            ;                       ;
; fft16OPT:UUT|radix4:UUT14|y1i_r[-10]              ; Packed Register ; Register Packing ; Timing optimization ; Q         ;                ; fft16OPT:UUT|calc_pot:\gen_pot:4:calc_Z|lpm_mult:Mult1|mult_jgs:auto_generated|mac_mult1 ; DATAA            ;                       ;
; fft16OPT:UUT|radix4:UUT14|y1i_r[-10]              ; Duplicated      ; Register Packing ; Timing optimization ; Q         ;                ; fft16OPT:UUT|radix4:UUT14|y1i_r[-10]~_Duplicate_1                                        ; Q                ;                       ;
; fft16OPT:UUT|radix4:UUT14|y1i_r[-10]~_Duplicate_1 ; Packed Register ; Register Packing ; Timing optimization ; Q         ;                ; fft16OPT:UUT|calc_pot:\gen_pot:4:calc_Z|lpm_mult:Mult1|mult_jgs:auto_generated|mac_mult1 ; DATAB            ;                       ;
; fft16OPT:UUT|radix4:UUT14|y1i_r[-11]              ; Packed Register ; Register Packing ; Timing optimization ; Q         ;                ; fft16OPT:UUT|calc_pot:\gen_pot:4:calc_Z|lpm_mult:Mult1|mult_jgs:auto_generated|mac_mult1 ; DATAA            ;                       ;
; fft16OPT:UUT|radix4:UUT14|y1i_r[-11]              ; Duplicated      ; Register Packing ; Timing optimization ; Q         ;                ; fft16OPT:UUT|radix4:UUT14|y1i_r[-11]~_Duplicate_1                                        ; Q                ;                       ;
; fft16OPT:UUT|radix4:UUT14|y1i_r[-11]~_Duplicate_1 ; Packed Register ; Register Packing ; Timing optimization ; Q         ;                ; fft16OPT:UUT|calc_pot:\gen_pot:4:calc_Z|lpm_mult:Mult1|mult_jgs:auto_generated|mac_mult1 ; DATAB            ;                       ;
; fft16OPT:UUT|radix4:UUT14|y1i_r[0]                ; Packed Register ; Register Packing ; Timing optimization ; Q         ;                ; fft16OPT:UUT|calc_pot:\gen_pot:4:calc_Z|lpm_mult:Mult1|mult_jgs:auto_generated|mac_mult1 ; DATAA            ;                       ;
; fft16OPT:UUT|radix4:UUT14|y1i_r[0]                ; Duplicated      ; Register Packing ; Timing optimization ; Q         ;                ; fft16OPT:UUT|radix4:UUT14|y1i_r[0]~_Duplicate_1                                          ; Q                ;                       ;
; fft16OPT:UUT|radix4:UUT14|y1i_r[0]~_Duplicate_1   ; Packed Register ; Register Packing ; Timing optimization ; Q         ;                ; fft16OPT:UUT|calc_pot:\gen_pot:4:calc_Z|lpm_mult:Mult1|mult_jgs:auto_generated|mac_mult1 ; DATAB            ;                       ;
; fft16OPT:UUT|radix4:UUT14|y1r_r[-1]               ; Packed Register ; Register Packing ; Timing optimization ; Q         ;                ; fft16OPT:UUT|calc_pot:\gen_pot:4:calc_Z|lpm_mult:Mult0|mult_jgs:auto_generated|mac_mult1 ; DATAA            ;                       ;
; fft16OPT:UUT|radix4:UUT14|y1r_r[-1]               ; Duplicated      ; Register Packing ; Timing optimization ; Q         ;                ; fft16OPT:UUT|radix4:UUT14|y1r_r[-1]~_Duplicate_1                                         ; Q                ;                       ;
; fft16OPT:UUT|radix4:UUT14|y1r_r[-1]~_Duplicate_1  ; Packed Register ; Register Packing ; Timing optimization ; Q         ;                ; fft16OPT:UUT|calc_pot:\gen_pot:4:calc_Z|lpm_mult:Mult0|mult_jgs:auto_generated|mac_mult1 ; DATAB            ;                       ;
; fft16OPT:UUT|radix4:UUT14|y1r_r[-2]               ; Packed Register ; Register Packing ; Timing optimization ; Q         ;                ; fft16OPT:UUT|calc_pot:\gen_pot:4:calc_Z|lpm_mult:Mult0|mult_jgs:auto_generated|mac_mult1 ; DATAA            ;                       ;
; fft16OPT:UUT|radix4:UUT14|y1r_r[-2]               ; Duplicated      ; Register Packing ; Timing optimization ; Q         ;                ; fft16OPT:UUT|radix4:UUT14|y1r_r[-2]~_Duplicate_1                                         ; Q                ;                       ;
; fft16OPT:UUT|radix4:UUT14|y1r_r[-2]~_Duplicate_1  ; Packed Register ; Register Packing ; Timing optimization ; Q         ;                ; fft16OPT:UUT|calc_pot:\gen_pot:4:calc_Z|lpm_mult:Mult0|mult_jgs:auto_generated|mac_mult1 ; DATAB            ;                       ;
; fft16OPT:UUT|radix4:UUT14|y1r_r[-3]               ; Packed Register ; Register Packing ; Timing optimization ; Q         ;                ; fft16OPT:UUT|calc_pot:\gen_pot:4:calc_Z|lpm_mult:Mult0|mult_jgs:auto_generated|mac_mult1 ; DATAA            ;                       ;
; fft16OPT:UUT|radix4:UUT14|y1r_r[-3]               ; Duplicated      ; Register Packing ; Timing optimization ; Q         ;                ; fft16OPT:UUT|radix4:UUT14|y1r_r[-3]~_Duplicate_1                                         ; Q                ;                       ;
; fft16OPT:UUT|radix4:UUT14|y1r_r[-3]~_Duplicate_1  ; Packed Register ; Register Packing ; Timing optimization ; Q         ;                ; fft16OPT:UUT|calc_pot:\gen_pot:4:calc_Z|lpm_mult:Mult0|mult_jgs:auto_generated|mac_mult1 ; DATAB            ;                       ;
; fft16OPT:UUT|radix4:UUT14|y1r_r[-4]               ; Packed Register ; Register Packing ; Timing optimization ; Q         ;                ; fft16OPT:UUT|calc_pot:\gen_pot:4:calc_Z|lpm_mult:Mult0|mult_jgs:auto_generated|mac_mult1 ; DATAA            ;                       ;
; fft16OPT:UUT|radix4:UUT14|y1r_r[-4]               ; Duplicated      ; Register Packing ; Timing optimization ; Q         ;                ; fft16OPT:UUT|radix4:UUT14|y1r_r[-4]~_Duplicate_1                                         ; Q                ;                       ;
; fft16OPT:UUT|radix4:UUT14|y1r_r[-4]~_Duplicate_1  ; Packed Register ; Register Packing ; Timing optimization ; Q         ;                ; fft16OPT:UUT|calc_pot:\gen_pot:4:calc_Z|lpm_mult:Mult0|mult_jgs:auto_generated|mac_mult1 ; DATAB            ;                       ;
; fft16OPT:UUT|radix4:UUT14|y1r_r[-5]               ; Packed Register ; Register Packing ; Timing optimization ; Q         ;                ; fft16OPT:UUT|calc_pot:\gen_pot:4:calc_Z|lpm_mult:Mult0|mult_jgs:auto_generated|mac_mult1 ; DATAA            ;                       ;
; fft16OPT:UUT|radix4:UUT14|y1r_r[-5]               ; Duplicated      ; Register Packing ; Timing optimization ; Q         ;                ; fft16OPT:UUT|radix4:UUT14|y1r_r[-5]~_Duplicate_1                                         ; Q                ;                       ;
; fft16OPT:UUT|radix4:UUT14|y1r_r[-5]~_Duplicate_1  ; Packed Register ; Register Packing ; Timing optimization ; Q         ;                ; fft16OPT:UUT|calc_pot:\gen_pot:4:calc_Z|lpm_mult:Mult0|mult_jgs:auto_generated|mac_mult1 ; DATAB            ;                       ;
; fft16OPT:UUT|radix4:UUT14|y1r_r[-6]               ; Packed Register ; Register Packing ; Timing optimization ; Q         ;                ; fft16OPT:UUT|calc_pot:\gen_pot:4:calc_Z|lpm_mult:Mult0|mult_jgs:auto_generated|mac_mult1 ; DATAA            ;                       ;
; fft16OPT:UUT|radix4:UUT14|y1r_r[-6]               ; Duplicated      ; Register Packing ; Timing optimization ; Q         ;                ; fft16OPT:UUT|radix4:UUT14|y1r_r[-6]~_Duplicate_1                                         ; Q                ;                       ;
; fft16OPT:UUT|radix4:UUT14|y1r_r[-6]~_Duplicate_1  ; Packed Register ; Register Packing ; Timing optimization ; Q         ;                ; fft16OPT:UUT|calc_pot:\gen_pot:4:calc_Z|lpm_mult:Mult0|mult_jgs:auto_generated|mac_mult1 ; DATAB            ;                       ;
; fft16OPT:UUT|radix4:UUT14|y1r_r[-7]               ; Packed Register ; Register Packing ; Timing optimization ; Q         ;                ; fft16OPT:UUT|calc_pot:\gen_pot:4:calc_Z|lpm_mult:Mult0|mult_jgs:auto_generated|mac_mult1 ; DATAA            ;                       ;
; fft16OPT:UUT|radix4:UUT14|y1r_r[-7]               ; Duplicated      ; Register Packing ; Timing optimization ; Q         ;                ; fft16OPT:UUT|radix4:UUT14|y1r_r[-7]~_Duplicate_1                                         ; Q                ;                       ;
; fft16OPT:UUT|radix4:UUT14|y1r_r[-7]~_Duplicate_1  ; Packed Register ; Register Packing ; Timing optimization ; Q         ;                ; fft16OPT:UUT|calc_pot:\gen_pot:4:calc_Z|lpm_mult:Mult0|mult_jgs:auto_generated|mac_mult1 ; DATAB            ;                       ;
; fft16OPT:UUT|radix4:UUT14|y1r_r[-8]               ; Packed Register ; Register Packing ; Timing optimization ; Q         ;                ; fft16OPT:UUT|calc_pot:\gen_pot:4:calc_Z|lpm_mult:Mult0|mult_jgs:auto_generated|mac_mult1 ; DATAA            ;                       ;
; fft16OPT:UUT|radix4:UUT14|y1r_r[-8]               ; Duplicated      ; Register Packing ; Timing optimization ; Q         ;                ; fft16OPT:UUT|radix4:UUT14|y1r_r[-8]~_Duplicate_1                                         ; Q                ;                       ;
; fft16OPT:UUT|radix4:UUT14|y1r_r[-8]~_Duplicate_1  ; Packed Register ; Register Packing ; Timing optimization ; Q         ;                ; fft16OPT:UUT|calc_pot:\gen_pot:4:calc_Z|lpm_mult:Mult0|mult_jgs:auto_generated|mac_mult1 ; DATAB            ;                       ;
; fft16OPT:UUT|radix4:UUT14|y1r_r[-9]               ; Packed Register ; Register Packing ; Timing optimization ; Q         ;                ; fft16OPT:UUT|calc_pot:\gen_pot:4:calc_Z|lpm_mult:Mult0|mult_jgs:auto_generated|mac_mult1 ; DATAA            ;                       ;
; fft16OPT:UUT|radix4:UUT14|y1r_r[-9]               ; Duplicated      ; Register Packing ; Timing optimization ; Q         ;                ; fft16OPT:UUT|radix4:UUT14|y1r_r[-9]~_Duplicate_1                                         ; Q                ;                       ;
; fft16OPT:UUT|radix4:UUT14|y1r_r[-9]~_Duplicate_1  ; Packed Register ; Register Packing ; Timing optimization ; Q         ;                ; fft16OPT:UUT|calc_pot:\gen_pot:4:calc_Z|lpm_mult:Mult0|mult_jgs:auto_generated|mac_mult1 ; DATAB            ;                       ;
; fft16OPT:UUT|radix4:UUT14|y1r_r[-10]              ; Packed Register ; Register Packing ; Timing optimization ; Q         ;                ; fft16OPT:UUT|calc_pot:\gen_pot:4:calc_Z|lpm_mult:Mult0|mult_jgs:auto_generated|mac_mult1 ; DATAA            ;                       ;
; fft16OPT:UUT|radix4:UUT14|y1r_r[-10]              ; Duplicated      ; Register Packing ; Timing optimization ; Q         ;                ; fft16OPT:UUT|radix4:UUT14|y1r_r[-10]~_Duplicate_1                                        ; Q                ;                       ;
; fft16OPT:UUT|radix4:UUT14|y1r_r[-10]~_Duplicate_1 ; Packed Register ; Register Packing ; Timing optimization ; Q         ;                ; fft16OPT:UUT|calc_pot:\gen_pot:4:calc_Z|lpm_mult:Mult0|mult_jgs:auto_generated|mac_mult1 ; DATAB            ;                       ;
; fft16OPT:UUT|radix4:UUT14|y1r_r[-11]              ; Packed Register ; Register Packing ; Timing optimization ; Q         ;                ; fft16OPT:UUT|calc_pot:\gen_pot:4:calc_Z|lpm_mult:Mult0|mult_jgs:auto_generated|mac_mult1 ; DATAA            ;                       ;
; fft16OPT:UUT|radix4:UUT14|y1r_r[-11]              ; Duplicated      ; Register Packing ; Timing optimization ; Q         ;                ; fft16OPT:UUT|radix4:UUT14|y1r_r[-11]~_Duplicate_1                                        ; Q                ;                       ;
; fft16OPT:UUT|radix4:UUT14|y1r_r[-11]~_Duplicate_1 ; Packed Register ; Register Packing ; Timing optimization ; Q         ;                ; fft16OPT:UUT|calc_pot:\gen_pot:4:calc_Z|lpm_mult:Mult0|mult_jgs:auto_generated|mac_mult1 ; DATAB            ;                       ;
; fft16OPT:UUT|radix4:UUT14|y1r_r[0]                ; Packed Register ; Register Packing ; Timing optimization ; Q         ;                ; fft16OPT:UUT|calc_pot:\gen_pot:4:calc_Z|lpm_mult:Mult0|mult_jgs:auto_generated|mac_mult1 ; DATAA            ;                       ;
; fft16OPT:UUT|radix4:UUT14|y1r_r[0]                ; Duplicated      ; Register Packing ; Timing optimization ; Q         ;                ; fft16OPT:UUT|radix4:UUT14|y1r_r[0]~_Duplicate_1                                          ; Q                ;                       ;
; fft16OPT:UUT|radix4:UUT14|y1r_r[0]~_Duplicate_1   ; Packed Register ; Register Packing ; Timing optimization ; Q         ;                ; fft16OPT:UUT|calc_pot:\gen_pot:4:calc_Z|lpm_mult:Mult0|mult_jgs:auto_generated|mac_mult1 ; DATAB            ;                       ;
; fft16OPT:UUT|radix4:UUT14|y2r_r[-1]               ; Packed Register ; Register Packing ; Timing optimization ; Q         ;                ; fft16OPT:UUT|calc_pot:\gen_pot:8:calc_Z|lpm_mult:Mult0|mult_jgs:auto_generated|mac_mult1 ; DATAA            ;                       ;
; fft16OPT:UUT|radix4:UUT14|y2r_r[-1]               ; Duplicated      ; Register Packing ; Timing optimization ; Q         ;                ; fft16OPT:UUT|radix4:UUT14|y2r_r[-1]~_Duplicate_1                                         ; Q                ;                       ;
; fft16OPT:UUT|radix4:UUT14|y2r_r[-1]~_Duplicate_1  ; Packed Register ; Register Packing ; Timing optimization ; Q         ;                ; fft16OPT:UUT|calc_pot:\gen_pot:8:calc_Z|lpm_mult:Mult0|mult_jgs:auto_generated|mac_mult1 ; DATAB            ;                       ;
; fft16OPT:UUT|radix4:UUT14|y2r_r[-2]               ; Packed Register ; Register Packing ; Timing optimization ; Q         ;                ; fft16OPT:UUT|calc_pot:\gen_pot:8:calc_Z|lpm_mult:Mult0|mult_jgs:auto_generated|mac_mult1 ; DATAA            ;                       ;
; fft16OPT:UUT|radix4:UUT14|y2r_r[-2]               ; Duplicated      ; Register Packing ; Timing optimization ; Q         ;                ; fft16OPT:UUT|radix4:UUT14|y2r_r[-2]~_Duplicate_1                                         ; Q                ;                       ;
; fft16OPT:UUT|radix4:UUT14|y2r_r[-2]~_Duplicate_1  ; Packed Register ; Register Packing ; Timing optimization ; Q         ;                ; fft16OPT:UUT|calc_pot:\gen_pot:8:calc_Z|lpm_mult:Mult0|mult_jgs:auto_generated|mac_mult1 ; DATAB            ;                       ;
; fft16OPT:UUT|radix4:UUT14|y2r_r[-3]               ; Packed Register ; Register Packing ; Timing optimization ; Q         ;                ; fft16OPT:UUT|calc_pot:\gen_pot:8:calc_Z|lpm_mult:Mult0|mult_jgs:auto_generated|mac_mult1 ; DATAA            ;                       ;
; fft16OPT:UUT|radix4:UUT14|y2r_r[-3]               ; Duplicated      ; Register Packing ; Timing optimization ; Q         ;                ; fft16OPT:UUT|radix4:UUT14|y2r_r[-3]~_Duplicate_1                                         ; Q                ;                       ;
; fft16OPT:UUT|radix4:UUT14|y2r_r[-3]~_Duplicate_1  ; Packed Register ; Register Packing ; Timing optimization ; Q         ;                ; fft16OPT:UUT|calc_pot:\gen_pot:8:calc_Z|lpm_mult:Mult0|mult_jgs:auto_generated|mac_mult1 ; DATAB            ;                       ;
; fft16OPT:UUT|radix4:UUT14|y2r_r[-4]               ; Packed Register ; Register Packing ; Timing optimization ; Q         ;                ; fft16OPT:UUT|calc_pot:\gen_pot:8:calc_Z|lpm_mult:Mult0|mult_jgs:auto_generated|mac_mult1 ; DATAA            ;                       ;
; fft16OPT:UUT|radix4:UUT14|y2r_r[-4]               ; Duplicated      ; Register Packing ; Timing optimization ; Q         ;                ; fft16OPT:UUT|radix4:UUT14|y2r_r[-4]~_Duplicate_1                                         ; Q                ;                       ;
; fft16OPT:UUT|radix4:UUT14|y2r_r[-4]~_Duplicate_1  ; Packed Register ; Register Packing ; Timing optimization ; Q         ;                ; fft16OPT:UUT|calc_pot:\gen_pot:8:calc_Z|lpm_mult:Mult0|mult_jgs:auto_generated|mac_mult1 ; DATAB            ;                       ;
; fft16OPT:UUT|radix4:UUT14|y2r_r[-5]               ; Packed Register ; Register Packing ; Timing optimization ; Q         ;                ; fft16OPT:UUT|calc_pot:\gen_pot:8:calc_Z|lpm_mult:Mult0|mult_jgs:auto_generated|mac_mult1 ; DATAA            ;                       ;
; fft16OPT:UUT|radix4:UUT14|y2r_r[-5]               ; Duplicated      ; Register Packing ; Timing optimization ; Q         ;                ; fft16OPT:UUT|radix4:UUT14|y2r_r[-5]~_Duplicate_1                                         ; Q                ;                       ;
; fft16OPT:UUT|radix4:UUT14|y2r_r[-5]~_Duplicate_1  ; Packed Register ; Register Packing ; Timing optimization ; Q         ;                ; fft16OPT:UUT|calc_pot:\gen_pot:8:calc_Z|lpm_mult:Mult0|mult_jgs:auto_generated|mac_mult1 ; DATAB            ;                       ;
; fft16OPT:UUT|radix4:UUT14|y2r_r[-6]               ; Packed Register ; Register Packing ; Timing optimization ; Q         ;                ; fft16OPT:UUT|calc_pot:\gen_pot:8:calc_Z|lpm_mult:Mult0|mult_jgs:auto_generated|mac_mult1 ; DATAA            ;                       ;
; fft16OPT:UUT|radix4:UUT14|y2r_r[-6]               ; Duplicated      ; Register Packing ; Timing optimization ; Q         ;                ; fft16OPT:UUT|radix4:UUT14|y2r_r[-6]~_Duplicate_1                                         ; Q                ;                       ;
; fft16OPT:UUT|radix4:UUT14|y2r_r[-6]~_Duplicate_1  ; Packed Register ; Register Packing ; Timing optimization ; Q         ;                ; fft16OPT:UUT|calc_pot:\gen_pot:8:calc_Z|lpm_mult:Mult0|mult_jgs:auto_generated|mac_mult1 ; DATAB            ;                       ;
; fft16OPT:UUT|radix4:UUT14|y2r_r[-7]               ; Packed Register ; Register Packing ; Timing optimization ; Q         ;                ; fft16OPT:UUT|calc_pot:\gen_pot:8:calc_Z|lpm_mult:Mult0|mult_jgs:auto_generated|mac_mult1 ; DATAA            ;                       ;
; fft16OPT:UUT|radix4:UUT14|y2r_r[-7]               ; Duplicated      ; Register Packing ; Timing optimization ; Q         ;                ; fft16OPT:UUT|radix4:UUT14|y2r_r[-7]~_Duplicate_1                                         ; Q                ;                       ;
; fft16OPT:UUT|radix4:UUT14|y2r_r[-7]~_Duplicate_1  ; Packed Register ; Register Packing ; Timing optimization ; Q         ;                ; fft16OPT:UUT|calc_pot:\gen_pot:8:calc_Z|lpm_mult:Mult0|mult_jgs:auto_generated|mac_mult1 ; DATAB            ;                       ;
; fft16OPT:UUT|radix4:UUT14|y2r_r[-8]               ; Packed Register ; Register Packing ; Timing optimization ; Q         ;                ; fft16OPT:UUT|calc_pot:\gen_pot:8:calc_Z|lpm_mult:Mult0|mult_jgs:auto_generated|mac_mult1 ; DATAA            ;                       ;
; fft16OPT:UUT|radix4:UUT14|y2r_r[-8]               ; Duplicated      ; Register Packing ; Timing optimization ; Q         ;                ; fft16OPT:UUT|radix4:UUT14|y2r_r[-8]~_Duplicate_1                                         ; Q                ;                       ;
; fft16OPT:UUT|radix4:UUT14|y2r_r[-8]~_Duplicate_1  ; Packed Register ; Register Packing ; Timing optimization ; Q         ;                ; fft16OPT:UUT|calc_pot:\gen_pot:8:calc_Z|lpm_mult:Mult0|mult_jgs:auto_generated|mac_mult1 ; DATAB            ;                       ;
; fft16OPT:UUT|radix4:UUT14|y2r_r[-9]               ; Packed Register ; Register Packing ; Timing optimization ; Q         ;                ; fft16OPT:UUT|calc_pot:\gen_pot:8:calc_Z|lpm_mult:Mult0|mult_jgs:auto_generated|mac_mult1 ; DATAA            ;                       ;
; fft16OPT:UUT|radix4:UUT14|y2r_r[-9]               ; Duplicated      ; Register Packing ; Timing optimization ; Q         ;                ; fft16OPT:UUT|radix4:UUT14|y2r_r[-9]~_Duplicate_1                                         ; Q                ;                       ;
; fft16OPT:UUT|radix4:UUT14|y2r_r[-9]~_Duplicate_1  ; Packed Register ; Register Packing ; Timing optimization ; Q         ;                ; fft16OPT:UUT|calc_pot:\gen_pot:8:calc_Z|lpm_mult:Mult0|mult_jgs:auto_generated|mac_mult1 ; DATAB            ;                       ;
; fft16OPT:UUT|radix4:UUT14|y2r_r[-10]              ; Packed Register ; Register Packing ; Timing optimization ; Q         ;                ; fft16OPT:UUT|calc_pot:\gen_pot:8:calc_Z|lpm_mult:Mult0|mult_jgs:auto_generated|mac_mult1 ; DATAA            ;                       ;
; fft16OPT:UUT|radix4:UUT14|y2r_r[-10]              ; Duplicated      ; Register Packing ; Timing optimization ; Q         ;                ; fft16OPT:UUT|radix4:UUT14|y2r_r[-10]~_Duplicate_1                                        ; Q                ;                       ;
; fft16OPT:UUT|radix4:UUT14|y2r_r[-10]~_Duplicate_1 ; Packed Register ; Register Packing ; Timing optimization ; Q         ;                ; fft16OPT:UUT|calc_pot:\gen_pot:8:calc_Z|lpm_mult:Mult0|mult_jgs:auto_generated|mac_mult1 ; DATAB            ;                       ;
; fft16OPT:UUT|radix4:UUT14|y2r_r[-11]              ; Packed Register ; Register Packing ; Timing optimization ; Q         ;                ; fft16OPT:UUT|calc_pot:\gen_pot:8:calc_Z|lpm_mult:Mult0|mult_jgs:auto_generated|mac_mult1 ; DATAA            ;                       ;
; fft16OPT:UUT|radix4:UUT14|y2r_r[-11]              ; Duplicated      ; Register Packing ; Timing optimization ; Q         ;                ; fft16OPT:UUT|radix4:UUT14|y2r_r[-11]~_Duplicate_1                                        ; Q                ;                       ;
; fft16OPT:UUT|radix4:UUT14|y2r_r[-11]~_Duplicate_1 ; Packed Register ; Register Packing ; Timing optimization ; Q         ;                ; fft16OPT:UUT|calc_pot:\gen_pot:8:calc_Z|lpm_mult:Mult0|mult_jgs:auto_generated|mac_mult1 ; DATAB            ;                       ;
; fft16OPT:UUT|radix4:UUT14|y2r_r[0]                ; Packed Register ; Register Packing ; Timing optimization ; Q         ;                ; fft16OPT:UUT|calc_pot:\gen_pot:8:calc_Z|lpm_mult:Mult0|mult_jgs:auto_generated|mac_mult1 ; DATAA            ;                       ;
; fft16OPT:UUT|radix4:UUT14|y2r_r[0]                ; Duplicated      ; Register Packing ; Timing optimization ; Q         ;                ; fft16OPT:UUT|radix4:UUT14|y2r_r[0]~_Duplicate_1                                          ; Q                ;                       ;
; fft16OPT:UUT|radix4:UUT14|y2r_r[0]~_Duplicate_1   ; Packed Register ; Register Packing ; Timing optimization ; Q         ;                ; fft16OPT:UUT|calc_pot:\gen_pot:8:calc_Z|lpm_mult:Mult0|mult_jgs:auto_generated|mac_mult1 ; DATAB            ;                       ;
; fft16OPT:UUT|radix4:UUT15|y0i_r[-1]               ; Packed Register ; Register Packing ; Timing optimization ; Q         ;                ; fft16OPT:UUT|calc_pot:\gen_pot:1:calc_Z|lpm_mult:Mult1|mult_jgs:auto_generated|mac_mult1 ; DATAA            ;                       ;
; fft16OPT:UUT|radix4:UUT15|y0i_r[-1]               ; Duplicated      ; Register Packing ; Timing optimization ; Q         ;                ; fft16OPT:UUT|radix4:UUT15|y0i_r[-1]~_Duplicate_1                                         ; Q                ;                       ;
; fft16OPT:UUT|radix4:UUT15|y0i_r[-1]~_Duplicate_1  ; Packed Register ; Register Packing ; Timing optimization ; Q         ;                ; fft16OPT:UUT|calc_pot:\gen_pot:1:calc_Z|lpm_mult:Mult1|mult_jgs:auto_generated|mac_mult1 ; DATAB            ;                       ;
; fft16OPT:UUT|radix4:UUT15|y0i_r[-2]               ; Packed Register ; Register Packing ; Timing optimization ; Q         ;                ; fft16OPT:UUT|calc_pot:\gen_pot:1:calc_Z|lpm_mult:Mult1|mult_jgs:auto_generated|mac_mult1 ; DATAA            ;                       ;
; fft16OPT:UUT|radix4:UUT15|y0i_r[-2]               ; Duplicated      ; Register Packing ; Timing optimization ; Q         ;                ; fft16OPT:UUT|radix4:UUT15|y0i_r[-2]~_Duplicate_1                                         ; Q                ;                       ;
; fft16OPT:UUT|radix4:UUT15|y0i_r[-2]~_Duplicate_1  ; Packed Register ; Register Packing ; Timing optimization ; Q         ;                ; fft16OPT:UUT|calc_pot:\gen_pot:1:calc_Z|lpm_mult:Mult1|mult_jgs:auto_generated|mac_mult1 ; DATAB            ;                       ;
; fft16OPT:UUT|radix4:UUT15|y0i_r[-3]               ; Packed Register ; Register Packing ; Timing optimization ; Q         ;                ; fft16OPT:UUT|calc_pot:\gen_pot:1:calc_Z|lpm_mult:Mult1|mult_jgs:auto_generated|mac_mult1 ; DATAA            ;                       ;
; fft16OPT:UUT|radix4:UUT15|y0i_r[-3]               ; Duplicated      ; Register Packing ; Timing optimization ; Q         ;                ; fft16OPT:UUT|radix4:UUT15|y0i_r[-3]~_Duplicate_1                                         ; Q                ;                       ;
; fft16OPT:UUT|radix4:UUT15|y0i_r[-3]~_Duplicate_1  ; Packed Register ; Register Packing ; Timing optimization ; Q         ;                ; fft16OPT:UUT|calc_pot:\gen_pot:1:calc_Z|lpm_mult:Mult1|mult_jgs:auto_generated|mac_mult1 ; DATAB            ;                       ;
; fft16OPT:UUT|radix4:UUT15|y0i_r[-4]               ; Packed Register ; Register Packing ; Timing optimization ; Q         ;                ; fft16OPT:UUT|calc_pot:\gen_pot:1:calc_Z|lpm_mult:Mult1|mult_jgs:auto_generated|mac_mult1 ; DATAA            ;                       ;
; fft16OPT:UUT|radix4:UUT15|y0i_r[-4]               ; Duplicated      ; Register Packing ; Timing optimization ; Q         ;                ; fft16OPT:UUT|radix4:UUT15|y0i_r[-4]~_Duplicate_1                                         ; Q                ;                       ;
; fft16OPT:UUT|radix4:UUT15|y0i_r[-4]~_Duplicate_1  ; Packed Register ; Register Packing ; Timing optimization ; Q         ;                ; fft16OPT:UUT|calc_pot:\gen_pot:1:calc_Z|lpm_mult:Mult1|mult_jgs:auto_generated|mac_mult1 ; DATAB            ;                       ;
; fft16OPT:UUT|radix4:UUT15|y0i_r[-5]               ; Packed Register ; Register Packing ; Timing optimization ; Q         ;                ; fft16OPT:UUT|calc_pot:\gen_pot:1:calc_Z|lpm_mult:Mult1|mult_jgs:auto_generated|mac_mult1 ; DATAA            ;                       ;
; fft16OPT:UUT|radix4:UUT15|y0i_r[-5]               ; Duplicated      ; Register Packing ; Timing optimization ; Q         ;                ; fft16OPT:UUT|radix4:UUT15|y0i_r[-5]~_Duplicate_1                                         ; Q                ;                       ;
; fft16OPT:UUT|radix4:UUT15|y0i_r[-5]~_Duplicate_1  ; Packed Register ; Register Packing ; Timing optimization ; Q         ;                ; fft16OPT:UUT|calc_pot:\gen_pot:1:calc_Z|lpm_mult:Mult1|mult_jgs:auto_generated|mac_mult1 ; DATAB            ;                       ;
; fft16OPT:UUT|radix4:UUT15|y0i_r[-6]               ; Packed Register ; Register Packing ; Timing optimization ; Q         ;                ; fft16OPT:UUT|calc_pot:\gen_pot:1:calc_Z|lpm_mult:Mult1|mult_jgs:auto_generated|mac_mult1 ; DATAA            ;                       ;
; fft16OPT:UUT|radix4:UUT15|y0i_r[-6]               ; Duplicated      ; Register Packing ; Timing optimization ; Q         ;                ; fft16OPT:UUT|radix4:UUT15|y0i_r[-6]~_Duplicate_1                                         ; Q                ;                       ;
; fft16OPT:UUT|radix4:UUT15|y0i_r[-6]~_Duplicate_1  ; Packed Register ; Register Packing ; Timing optimization ; Q         ;                ; fft16OPT:UUT|calc_pot:\gen_pot:1:calc_Z|lpm_mult:Mult1|mult_jgs:auto_generated|mac_mult1 ; DATAB            ;                       ;
; fft16OPT:UUT|radix4:UUT15|y0i_r[-7]               ; Packed Register ; Register Packing ; Timing optimization ; Q         ;                ; fft16OPT:UUT|calc_pot:\gen_pot:1:calc_Z|lpm_mult:Mult1|mult_jgs:auto_generated|mac_mult1 ; DATAA            ;                       ;
; fft16OPT:UUT|radix4:UUT15|y0i_r[-7]               ; Duplicated      ; Register Packing ; Timing optimization ; Q         ;                ; fft16OPT:UUT|radix4:UUT15|y0i_r[-7]~_Duplicate_1                                         ; Q                ;                       ;
; fft16OPT:UUT|radix4:UUT15|y0i_r[-7]~_Duplicate_1  ; Packed Register ; Register Packing ; Timing optimization ; Q         ;                ; fft16OPT:UUT|calc_pot:\gen_pot:1:calc_Z|lpm_mult:Mult1|mult_jgs:auto_generated|mac_mult1 ; DATAB            ;                       ;
; fft16OPT:UUT|radix4:UUT15|y0i_r[-8]               ; Packed Register ; Register Packing ; Timing optimization ; Q         ;                ; fft16OPT:UUT|calc_pot:\gen_pot:1:calc_Z|lpm_mult:Mult1|mult_jgs:auto_generated|mac_mult1 ; DATAA            ;                       ;
; fft16OPT:UUT|radix4:UUT15|y0i_r[-8]               ; Duplicated      ; Register Packing ; Timing optimization ; Q         ;                ; fft16OPT:UUT|radix4:UUT15|y0i_r[-8]~_Duplicate_1                                         ; Q                ;                       ;
; fft16OPT:UUT|radix4:UUT15|y0i_r[-8]~_Duplicate_1  ; Packed Register ; Register Packing ; Timing optimization ; Q         ;                ; fft16OPT:UUT|calc_pot:\gen_pot:1:calc_Z|lpm_mult:Mult1|mult_jgs:auto_generated|mac_mult1 ; DATAB            ;                       ;
; fft16OPT:UUT|radix4:UUT15|y0i_r[-9]               ; Packed Register ; Register Packing ; Timing optimization ; Q         ;                ; fft16OPT:UUT|calc_pot:\gen_pot:1:calc_Z|lpm_mult:Mult1|mult_jgs:auto_generated|mac_mult1 ; DATAA            ;                       ;
; fft16OPT:UUT|radix4:UUT15|y0i_r[-9]               ; Duplicated      ; Register Packing ; Timing optimization ; Q         ;                ; fft16OPT:UUT|radix4:UUT15|y0i_r[-9]~_Duplicate_1                                         ; Q                ;                       ;
; fft16OPT:UUT|radix4:UUT15|y0i_r[-9]~_Duplicate_1  ; Packed Register ; Register Packing ; Timing optimization ; Q         ;                ; fft16OPT:UUT|calc_pot:\gen_pot:1:calc_Z|lpm_mult:Mult1|mult_jgs:auto_generated|mac_mult1 ; DATAB            ;                       ;
; fft16OPT:UUT|radix4:UUT15|y0i_r[-10]              ; Packed Register ; Register Packing ; Timing optimization ; Q         ;                ; fft16OPT:UUT|calc_pot:\gen_pot:1:calc_Z|lpm_mult:Mult1|mult_jgs:auto_generated|mac_mult1 ; DATAA            ;                       ;
; fft16OPT:UUT|radix4:UUT15|y0i_r[-10]              ; Duplicated      ; Register Packing ; Timing optimization ; Q         ;                ; fft16OPT:UUT|radix4:UUT15|y0i_r[-10]~_Duplicate_1                                        ; Q                ;                       ;
; fft16OPT:UUT|radix4:UUT15|y0i_r[-10]~_Duplicate_1 ; Packed Register ; Register Packing ; Timing optimization ; Q         ;                ; fft16OPT:UUT|calc_pot:\gen_pot:1:calc_Z|lpm_mult:Mult1|mult_jgs:auto_generated|mac_mult1 ; DATAB            ;                       ;
; fft16OPT:UUT|radix4:UUT15|y0i_r[-11]              ; Packed Register ; Register Packing ; Timing optimization ; Q         ;                ; fft16OPT:UUT|calc_pot:\gen_pot:1:calc_Z|lpm_mult:Mult1|mult_jgs:auto_generated|mac_mult1 ; DATAA            ;                       ;
; fft16OPT:UUT|radix4:UUT15|y0i_r[-11]              ; Duplicated      ; Register Packing ; Timing optimization ; Q         ;                ; fft16OPT:UUT|radix4:UUT15|y0i_r[-11]~_Duplicate_1                                        ; Q                ;                       ;
; fft16OPT:UUT|radix4:UUT15|y0i_r[-11]~_Duplicate_1 ; Packed Register ; Register Packing ; Timing optimization ; Q         ;                ; fft16OPT:UUT|calc_pot:\gen_pot:1:calc_Z|lpm_mult:Mult1|mult_jgs:auto_generated|mac_mult1 ; DATAB            ;                       ;
; fft16OPT:UUT|radix4:UUT15|y0i_r[0]                ; Packed Register ; Register Packing ; Timing optimization ; Q         ;                ; fft16OPT:UUT|calc_pot:\gen_pot:1:calc_Z|lpm_mult:Mult1|mult_jgs:auto_generated|mac_mult1 ; DATAA            ;                       ;
; fft16OPT:UUT|radix4:UUT15|y0i_r[0]                ; Duplicated      ; Register Packing ; Timing optimization ; Q         ;                ; fft16OPT:UUT|radix4:UUT15|y0i_r[0]~_Duplicate_1                                          ; Q                ;                       ;
; fft16OPT:UUT|radix4:UUT15|y0i_r[0]~_Duplicate_1   ; Packed Register ; Register Packing ; Timing optimization ; Q         ;                ; fft16OPT:UUT|calc_pot:\gen_pot:1:calc_Z|lpm_mult:Mult1|mult_jgs:auto_generated|mac_mult1 ; DATAB            ;                       ;
; fft16OPT:UUT|radix4:UUT15|y0r_r[-1]               ; Packed Register ; Register Packing ; Timing optimization ; Q         ;                ; fft16OPT:UUT|calc_pot:\gen_pot:1:calc_Z|lpm_mult:Mult0|mult_jgs:auto_generated|mac_mult1 ; DATAA            ;                       ;
; fft16OPT:UUT|radix4:UUT15|y0r_r[-1]               ; Duplicated      ; Register Packing ; Timing optimization ; Q         ;                ; fft16OPT:UUT|radix4:UUT15|y0r_r[-1]~_Duplicate_1                                         ; Q                ;                       ;
; fft16OPT:UUT|radix4:UUT15|y0r_r[-1]~_Duplicate_1  ; Packed Register ; Register Packing ; Timing optimization ; Q         ;                ; fft16OPT:UUT|calc_pot:\gen_pot:1:calc_Z|lpm_mult:Mult0|mult_jgs:auto_generated|mac_mult1 ; DATAB            ;                       ;
; fft16OPT:UUT|radix4:UUT15|y0r_r[-2]               ; Packed Register ; Register Packing ; Timing optimization ; Q         ;                ; fft16OPT:UUT|calc_pot:\gen_pot:1:calc_Z|lpm_mult:Mult0|mult_jgs:auto_generated|mac_mult1 ; DATAA            ;                       ;
; fft16OPT:UUT|radix4:UUT15|y0r_r[-2]               ; Duplicated      ; Register Packing ; Timing optimization ; Q         ;                ; fft16OPT:UUT|radix4:UUT15|y0r_r[-2]~_Duplicate_1                                         ; Q                ;                       ;
; fft16OPT:UUT|radix4:UUT15|y0r_r[-2]~_Duplicate_1  ; Packed Register ; Register Packing ; Timing optimization ; Q         ;                ; fft16OPT:UUT|calc_pot:\gen_pot:1:calc_Z|lpm_mult:Mult0|mult_jgs:auto_generated|mac_mult1 ; DATAB            ;                       ;
; fft16OPT:UUT|radix4:UUT15|y0r_r[-3]               ; Packed Register ; Register Packing ; Timing optimization ; Q         ;                ; fft16OPT:UUT|calc_pot:\gen_pot:1:calc_Z|lpm_mult:Mult0|mult_jgs:auto_generated|mac_mult1 ; DATAA            ;                       ;
; fft16OPT:UUT|radix4:UUT15|y0r_r[-3]               ; Duplicated      ; Register Packing ; Timing optimization ; Q         ;                ; fft16OPT:UUT|radix4:UUT15|y0r_r[-3]~_Duplicate_1                                         ; Q                ;                       ;
; fft16OPT:UUT|radix4:UUT15|y0r_r[-3]~_Duplicate_1  ; Packed Register ; Register Packing ; Timing optimization ; Q         ;                ; fft16OPT:UUT|calc_pot:\gen_pot:1:calc_Z|lpm_mult:Mult0|mult_jgs:auto_generated|mac_mult1 ; DATAB            ;                       ;
; fft16OPT:UUT|radix4:UUT15|y0r_r[-4]               ; Packed Register ; Register Packing ; Timing optimization ; Q         ;                ; fft16OPT:UUT|calc_pot:\gen_pot:1:calc_Z|lpm_mult:Mult0|mult_jgs:auto_generated|mac_mult1 ; DATAA            ;                       ;
; fft16OPT:UUT|radix4:UUT15|y0r_r[-4]               ; Duplicated      ; Register Packing ; Timing optimization ; Q         ;                ; fft16OPT:UUT|radix4:UUT15|y0r_r[-4]~_Duplicate_1                                         ; Q                ;                       ;
; fft16OPT:UUT|radix4:UUT15|y0r_r[-4]~_Duplicate_1  ; Packed Register ; Register Packing ; Timing optimization ; Q         ;                ; fft16OPT:UUT|calc_pot:\gen_pot:1:calc_Z|lpm_mult:Mult0|mult_jgs:auto_generated|mac_mult1 ; DATAB            ;                       ;
; fft16OPT:UUT|radix4:UUT15|y0r_r[-5]               ; Packed Register ; Register Packing ; Timing optimization ; Q         ;                ; fft16OPT:UUT|calc_pot:\gen_pot:1:calc_Z|lpm_mult:Mult0|mult_jgs:auto_generated|mac_mult1 ; DATAA            ;                       ;
; fft16OPT:UUT|radix4:UUT15|y0r_r[-5]               ; Duplicated      ; Register Packing ; Timing optimization ; Q         ;                ; fft16OPT:UUT|radix4:UUT15|y0r_r[-5]~_Duplicate_1                                         ; Q                ;                       ;
; fft16OPT:UUT|radix4:UUT15|y0r_r[-5]~_Duplicate_1  ; Packed Register ; Register Packing ; Timing optimization ; Q         ;                ; fft16OPT:UUT|calc_pot:\gen_pot:1:calc_Z|lpm_mult:Mult0|mult_jgs:auto_generated|mac_mult1 ; DATAB            ;                       ;
; fft16OPT:UUT|radix4:UUT15|y0r_r[-6]               ; Packed Register ; Register Packing ; Timing optimization ; Q         ;                ; fft16OPT:UUT|calc_pot:\gen_pot:1:calc_Z|lpm_mult:Mult0|mult_jgs:auto_generated|mac_mult1 ; DATAA            ;                       ;
; fft16OPT:UUT|radix4:UUT15|y0r_r[-6]               ; Duplicated      ; Register Packing ; Timing optimization ; Q         ;                ; fft16OPT:UUT|radix4:UUT15|y0r_r[-6]~_Duplicate_1                                         ; Q                ;                       ;
; fft16OPT:UUT|radix4:UUT15|y0r_r[-6]~_Duplicate_1  ; Packed Register ; Register Packing ; Timing optimization ; Q         ;                ; fft16OPT:UUT|calc_pot:\gen_pot:1:calc_Z|lpm_mult:Mult0|mult_jgs:auto_generated|mac_mult1 ; DATAB            ;                       ;
; fft16OPT:UUT|radix4:UUT15|y0r_r[-7]               ; Packed Register ; Register Packing ; Timing optimization ; Q         ;                ; fft16OPT:UUT|calc_pot:\gen_pot:1:calc_Z|lpm_mult:Mult0|mult_jgs:auto_generated|mac_mult1 ; DATAA            ;                       ;
; fft16OPT:UUT|radix4:UUT15|y0r_r[-7]               ; Duplicated      ; Register Packing ; Timing optimization ; Q         ;                ; fft16OPT:UUT|radix4:UUT15|y0r_r[-7]~_Duplicate_1                                         ; Q                ;                       ;
; fft16OPT:UUT|radix4:UUT15|y0r_r[-7]~_Duplicate_1  ; Packed Register ; Register Packing ; Timing optimization ; Q         ;                ; fft16OPT:UUT|calc_pot:\gen_pot:1:calc_Z|lpm_mult:Mult0|mult_jgs:auto_generated|mac_mult1 ; DATAB            ;                       ;
; fft16OPT:UUT|radix4:UUT15|y0r_r[-8]               ; Packed Register ; Register Packing ; Timing optimization ; Q         ;                ; fft16OPT:UUT|calc_pot:\gen_pot:1:calc_Z|lpm_mult:Mult0|mult_jgs:auto_generated|mac_mult1 ; DATAA            ;                       ;
; fft16OPT:UUT|radix4:UUT15|y0r_r[-8]               ; Duplicated      ; Register Packing ; Timing optimization ; Q         ;                ; fft16OPT:UUT|radix4:UUT15|y0r_r[-8]~_Duplicate_1                                         ; Q                ;                       ;
; fft16OPT:UUT|radix4:UUT15|y0r_r[-8]~_Duplicate_1  ; Packed Register ; Register Packing ; Timing optimization ; Q         ;                ; fft16OPT:UUT|calc_pot:\gen_pot:1:calc_Z|lpm_mult:Mult0|mult_jgs:auto_generated|mac_mult1 ; DATAB            ;                       ;
; fft16OPT:UUT|radix4:UUT15|y0r_r[-9]               ; Packed Register ; Register Packing ; Timing optimization ; Q         ;                ; fft16OPT:UUT|calc_pot:\gen_pot:1:calc_Z|lpm_mult:Mult0|mult_jgs:auto_generated|mac_mult1 ; DATAA            ;                       ;
; fft16OPT:UUT|radix4:UUT15|y0r_r[-9]               ; Duplicated      ; Register Packing ; Timing optimization ; Q         ;                ; fft16OPT:UUT|radix4:UUT15|y0r_r[-9]~_Duplicate_1                                         ; Q                ;                       ;
; fft16OPT:UUT|radix4:UUT15|y0r_r[-9]~_Duplicate_1  ; Packed Register ; Register Packing ; Timing optimization ; Q         ;                ; fft16OPT:UUT|calc_pot:\gen_pot:1:calc_Z|lpm_mult:Mult0|mult_jgs:auto_generated|mac_mult1 ; DATAB            ;                       ;
; fft16OPT:UUT|radix4:UUT15|y0r_r[-10]              ; Packed Register ; Register Packing ; Timing optimization ; Q         ;                ; fft16OPT:UUT|calc_pot:\gen_pot:1:calc_Z|lpm_mult:Mult0|mult_jgs:auto_generated|mac_mult1 ; DATAA            ;                       ;
; fft16OPT:UUT|radix4:UUT15|y0r_r[-10]              ; Duplicated      ; Register Packing ; Timing optimization ; Q         ;                ; fft16OPT:UUT|radix4:UUT15|y0r_r[-10]~_Duplicate_1                                        ; Q                ;                       ;
; fft16OPT:UUT|radix4:UUT15|y0r_r[-10]~_Duplicate_1 ; Packed Register ; Register Packing ; Timing optimization ; Q         ;                ; fft16OPT:UUT|calc_pot:\gen_pot:1:calc_Z|lpm_mult:Mult0|mult_jgs:auto_generated|mac_mult1 ; DATAB            ;                       ;
; fft16OPT:UUT|radix4:UUT15|y0r_r[-11]              ; Packed Register ; Register Packing ; Timing optimization ; Q         ;                ; fft16OPT:UUT|calc_pot:\gen_pot:1:calc_Z|lpm_mult:Mult0|mult_jgs:auto_generated|mac_mult1 ; DATAA            ;                       ;
; fft16OPT:UUT|radix4:UUT15|y0r_r[-11]              ; Duplicated      ; Register Packing ; Timing optimization ; Q         ;                ; fft16OPT:UUT|radix4:UUT15|y0r_r[-11]~_Duplicate_1                                        ; Q                ;                       ;
; fft16OPT:UUT|radix4:UUT15|y0r_r[-11]~_Duplicate_1 ; Packed Register ; Register Packing ; Timing optimization ; Q         ;                ; fft16OPT:UUT|calc_pot:\gen_pot:1:calc_Z|lpm_mult:Mult0|mult_jgs:auto_generated|mac_mult1 ; DATAB            ;                       ;
; fft16OPT:UUT|radix4:UUT15|y0r_r[0]                ; Packed Register ; Register Packing ; Timing optimization ; Q         ;                ; fft16OPT:UUT|calc_pot:\gen_pot:1:calc_Z|lpm_mult:Mult0|mult_jgs:auto_generated|mac_mult1 ; DATAA            ;                       ;
; fft16OPT:UUT|radix4:UUT15|y0r_r[0]                ; Duplicated      ; Register Packing ; Timing optimization ; Q         ;                ; fft16OPT:UUT|radix4:UUT15|y0r_r[0]~_Duplicate_1                                          ; Q                ;                       ;
; fft16OPT:UUT|radix4:UUT15|y0r_r[0]~_Duplicate_1   ; Packed Register ; Register Packing ; Timing optimization ; Q         ;                ; fft16OPT:UUT|calc_pot:\gen_pot:1:calc_Z|lpm_mult:Mult0|mult_jgs:auto_generated|mac_mult1 ; DATAB            ;                       ;
; fft16OPT:UUT|radix4:UUT15|y1i_r[-1]               ; Packed Register ; Register Packing ; Timing optimization ; Q         ;                ; fft16OPT:UUT|calc_pot:\gen_pot:5:calc_Z|lpm_mult:Mult1|mult_jgs:auto_generated|mac_mult1 ; DATAA            ;                       ;
; fft16OPT:UUT|radix4:UUT15|y1i_r[-1]               ; Duplicated      ; Register Packing ; Timing optimization ; Q         ;                ; fft16OPT:UUT|radix4:UUT15|y1i_r[-1]~_Duplicate_1                                         ; Q                ;                       ;
; fft16OPT:UUT|radix4:UUT15|y1i_r[-1]~_Duplicate_1  ; Packed Register ; Register Packing ; Timing optimization ; Q         ;                ; fft16OPT:UUT|calc_pot:\gen_pot:5:calc_Z|lpm_mult:Mult1|mult_jgs:auto_generated|mac_mult1 ; DATAB            ;                       ;
; fft16OPT:UUT|radix4:UUT15|y1i_r[-2]               ; Packed Register ; Register Packing ; Timing optimization ; Q         ;                ; fft16OPT:UUT|calc_pot:\gen_pot:5:calc_Z|lpm_mult:Mult1|mult_jgs:auto_generated|mac_mult1 ; DATAA            ;                       ;
; fft16OPT:UUT|radix4:UUT15|y1i_r[-2]               ; Duplicated      ; Register Packing ; Timing optimization ; Q         ;                ; fft16OPT:UUT|radix4:UUT15|y1i_r[-2]~_Duplicate_1                                         ; Q                ;                       ;
; fft16OPT:UUT|radix4:UUT15|y1i_r[-2]~_Duplicate_1  ; Packed Register ; Register Packing ; Timing optimization ; Q         ;                ; fft16OPT:UUT|calc_pot:\gen_pot:5:calc_Z|lpm_mult:Mult1|mult_jgs:auto_generated|mac_mult1 ; DATAB            ;                       ;
; fft16OPT:UUT|radix4:UUT15|y1i_r[-3]               ; Packed Register ; Register Packing ; Timing optimization ; Q         ;                ; fft16OPT:UUT|calc_pot:\gen_pot:5:calc_Z|lpm_mult:Mult1|mult_jgs:auto_generated|mac_mult1 ; DATAA            ;                       ;
; fft16OPT:UUT|radix4:UUT15|y1i_r[-3]               ; Duplicated      ; Register Packing ; Timing optimization ; Q         ;                ; fft16OPT:UUT|radix4:UUT15|y1i_r[-3]~_Duplicate_1                                         ; Q                ;                       ;
; fft16OPT:UUT|radix4:UUT15|y1i_r[-3]~_Duplicate_1  ; Packed Register ; Register Packing ; Timing optimization ; Q         ;                ; fft16OPT:UUT|calc_pot:\gen_pot:5:calc_Z|lpm_mult:Mult1|mult_jgs:auto_generated|mac_mult1 ; DATAB            ;                       ;
; fft16OPT:UUT|radix4:UUT15|y1i_r[-4]               ; Packed Register ; Register Packing ; Timing optimization ; Q         ;                ; fft16OPT:UUT|calc_pot:\gen_pot:5:calc_Z|lpm_mult:Mult1|mult_jgs:auto_generated|mac_mult1 ; DATAA            ;                       ;
; fft16OPT:UUT|radix4:UUT15|y1i_r[-4]               ; Duplicated      ; Register Packing ; Timing optimization ; Q         ;                ; fft16OPT:UUT|radix4:UUT15|y1i_r[-4]~_Duplicate_1                                         ; Q                ;                       ;
; fft16OPT:UUT|radix4:UUT15|y1i_r[-4]~_Duplicate_1  ; Packed Register ; Register Packing ; Timing optimization ; Q         ;                ; fft16OPT:UUT|calc_pot:\gen_pot:5:calc_Z|lpm_mult:Mult1|mult_jgs:auto_generated|mac_mult1 ; DATAB            ;                       ;
; fft16OPT:UUT|radix4:UUT15|y1i_r[-5]               ; Packed Register ; Register Packing ; Timing optimization ; Q         ;                ; fft16OPT:UUT|calc_pot:\gen_pot:5:calc_Z|lpm_mult:Mult1|mult_jgs:auto_generated|mac_mult1 ; DATAA            ;                       ;
; fft16OPT:UUT|radix4:UUT15|y1i_r[-5]               ; Duplicated      ; Register Packing ; Timing optimization ; Q         ;                ; fft16OPT:UUT|radix4:UUT15|y1i_r[-5]~_Duplicate_1                                         ; Q                ;                       ;
; fft16OPT:UUT|radix4:UUT15|y1i_r[-5]~_Duplicate_1  ; Packed Register ; Register Packing ; Timing optimization ; Q         ;                ; fft16OPT:UUT|calc_pot:\gen_pot:5:calc_Z|lpm_mult:Mult1|mult_jgs:auto_generated|mac_mult1 ; DATAB            ;                       ;
; fft16OPT:UUT|radix4:UUT15|y1i_r[-6]               ; Packed Register ; Register Packing ; Timing optimization ; Q         ;                ; fft16OPT:UUT|calc_pot:\gen_pot:5:calc_Z|lpm_mult:Mult1|mult_jgs:auto_generated|mac_mult1 ; DATAA            ;                       ;
; fft16OPT:UUT|radix4:UUT15|y1i_r[-6]               ; Duplicated      ; Register Packing ; Timing optimization ; Q         ;                ; fft16OPT:UUT|radix4:UUT15|y1i_r[-6]~_Duplicate_1                                         ; Q                ;                       ;
; fft16OPT:UUT|radix4:UUT15|y1i_r[-6]~_Duplicate_1  ; Packed Register ; Register Packing ; Timing optimization ; Q         ;                ; fft16OPT:UUT|calc_pot:\gen_pot:5:calc_Z|lpm_mult:Mult1|mult_jgs:auto_generated|mac_mult1 ; DATAB            ;                       ;
; fft16OPT:UUT|radix4:UUT15|y1i_r[-7]               ; Packed Register ; Register Packing ; Timing optimization ; Q         ;                ; fft16OPT:UUT|calc_pot:\gen_pot:5:calc_Z|lpm_mult:Mult1|mult_jgs:auto_generated|mac_mult1 ; DATAA            ;                       ;
; fft16OPT:UUT|radix4:UUT15|y1i_r[-7]               ; Duplicated      ; Register Packing ; Timing optimization ; Q         ;                ; fft16OPT:UUT|radix4:UUT15|y1i_r[-7]~_Duplicate_1                                         ; Q                ;                       ;
; fft16OPT:UUT|radix4:UUT15|y1i_r[-7]~_Duplicate_1  ; Packed Register ; Register Packing ; Timing optimization ; Q         ;                ; fft16OPT:UUT|calc_pot:\gen_pot:5:calc_Z|lpm_mult:Mult1|mult_jgs:auto_generated|mac_mult1 ; DATAB            ;                       ;
; fft16OPT:UUT|radix4:UUT15|y1i_r[-8]               ; Packed Register ; Register Packing ; Timing optimization ; Q         ;                ; fft16OPT:UUT|calc_pot:\gen_pot:5:calc_Z|lpm_mult:Mult1|mult_jgs:auto_generated|mac_mult1 ; DATAA            ;                       ;
; fft16OPT:UUT|radix4:UUT15|y1i_r[-8]               ; Duplicated      ; Register Packing ; Timing optimization ; Q         ;                ; fft16OPT:UUT|radix4:UUT15|y1i_r[-8]~_Duplicate_1                                         ; Q                ;                       ;
; fft16OPT:UUT|radix4:UUT15|y1i_r[-8]~_Duplicate_1  ; Packed Register ; Register Packing ; Timing optimization ; Q         ;                ; fft16OPT:UUT|calc_pot:\gen_pot:5:calc_Z|lpm_mult:Mult1|mult_jgs:auto_generated|mac_mult1 ; DATAB            ;                       ;
; fft16OPT:UUT|radix4:UUT15|y1i_r[-9]               ; Packed Register ; Register Packing ; Timing optimization ; Q         ;                ; fft16OPT:UUT|calc_pot:\gen_pot:5:calc_Z|lpm_mult:Mult1|mult_jgs:auto_generated|mac_mult1 ; DATAA            ;                       ;
; fft16OPT:UUT|radix4:UUT15|y1i_r[-9]               ; Duplicated      ; Register Packing ; Timing optimization ; Q         ;                ; fft16OPT:UUT|radix4:UUT15|y1i_r[-9]~_Duplicate_1                                         ; Q                ;                       ;
; fft16OPT:UUT|radix4:UUT15|y1i_r[-9]~_Duplicate_1  ; Packed Register ; Register Packing ; Timing optimization ; Q         ;                ; fft16OPT:UUT|calc_pot:\gen_pot:5:calc_Z|lpm_mult:Mult1|mult_jgs:auto_generated|mac_mult1 ; DATAB            ;                       ;
; fft16OPT:UUT|radix4:UUT15|y1i_r[-10]              ; Packed Register ; Register Packing ; Timing optimization ; Q         ;                ; fft16OPT:UUT|calc_pot:\gen_pot:5:calc_Z|lpm_mult:Mult1|mult_jgs:auto_generated|mac_mult1 ; DATAA            ;                       ;
; fft16OPT:UUT|radix4:UUT15|y1i_r[-10]              ; Duplicated      ; Register Packing ; Timing optimization ; Q         ;                ; fft16OPT:UUT|radix4:UUT15|y1i_r[-10]~_Duplicate_1                                        ; Q                ;                       ;
; fft16OPT:UUT|radix4:UUT15|y1i_r[-10]~_Duplicate_1 ; Packed Register ; Register Packing ; Timing optimization ; Q         ;                ; fft16OPT:UUT|calc_pot:\gen_pot:5:calc_Z|lpm_mult:Mult1|mult_jgs:auto_generated|mac_mult1 ; DATAB            ;                       ;
; fft16OPT:UUT|radix4:UUT15|y1i_r[-11]              ; Packed Register ; Register Packing ; Timing optimization ; Q         ;                ; fft16OPT:UUT|calc_pot:\gen_pot:5:calc_Z|lpm_mult:Mult1|mult_jgs:auto_generated|mac_mult1 ; DATAA            ;                       ;
; fft16OPT:UUT|radix4:UUT15|y1i_r[-11]              ; Duplicated      ; Register Packing ; Timing optimization ; Q         ;                ; fft16OPT:UUT|radix4:UUT15|y1i_r[-11]~_Duplicate_1                                        ; Q                ;                       ;
; fft16OPT:UUT|radix4:UUT15|y1i_r[-11]~_Duplicate_1 ; Packed Register ; Register Packing ; Timing optimization ; Q         ;                ; fft16OPT:UUT|calc_pot:\gen_pot:5:calc_Z|lpm_mult:Mult1|mult_jgs:auto_generated|mac_mult1 ; DATAB            ;                       ;
; fft16OPT:UUT|radix4:UUT15|y1i_r[0]                ; Packed Register ; Register Packing ; Timing optimization ; Q         ;                ; fft16OPT:UUT|calc_pot:\gen_pot:5:calc_Z|lpm_mult:Mult1|mult_jgs:auto_generated|mac_mult1 ; DATAA            ;                       ;
; fft16OPT:UUT|radix4:UUT15|y1i_r[0]                ; Duplicated      ; Register Packing ; Timing optimization ; Q         ;                ; fft16OPT:UUT|radix4:UUT15|y1i_r[0]~_Duplicate_1                                          ; Q                ;                       ;
; fft16OPT:UUT|radix4:UUT15|y1i_r[0]~_Duplicate_1   ; Packed Register ; Register Packing ; Timing optimization ; Q         ;                ; fft16OPT:UUT|calc_pot:\gen_pot:5:calc_Z|lpm_mult:Mult1|mult_jgs:auto_generated|mac_mult1 ; DATAB            ;                       ;
; fft16OPT:UUT|radix4:UUT15|y1r_r[-1]               ; Packed Register ; Register Packing ; Timing optimization ; Q         ;                ; fft16OPT:UUT|calc_pot:\gen_pot:5:calc_Z|lpm_mult:Mult0|mult_jgs:auto_generated|mac_mult1 ; DATAA            ;                       ;
; fft16OPT:UUT|radix4:UUT15|y1r_r[-1]               ; Duplicated      ; Register Packing ; Timing optimization ; Q         ;                ; fft16OPT:UUT|radix4:UUT15|y1r_r[-1]~_Duplicate_1                                         ; Q                ;                       ;
; fft16OPT:UUT|radix4:UUT15|y1r_r[-1]~_Duplicate_1  ; Packed Register ; Register Packing ; Timing optimization ; Q         ;                ; fft16OPT:UUT|calc_pot:\gen_pot:5:calc_Z|lpm_mult:Mult0|mult_jgs:auto_generated|mac_mult1 ; DATAB            ;                       ;
; fft16OPT:UUT|radix4:UUT15|y1r_r[-2]               ; Packed Register ; Register Packing ; Timing optimization ; Q         ;                ; fft16OPT:UUT|calc_pot:\gen_pot:5:calc_Z|lpm_mult:Mult0|mult_jgs:auto_generated|mac_mult1 ; DATAA            ;                       ;
; fft16OPT:UUT|radix4:UUT15|y1r_r[-2]               ; Duplicated      ; Register Packing ; Timing optimization ; Q         ;                ; fft16OPT:UUT|radix4:UUT15|y1r_r[-2]~_Duplicate_1                                         ; Q                ;                       ;
; fft16OPT:UUT|radix4:UUT15|y1r_r[-2]~_Duplicate_1  ; Packed Register ; Register Packing ; Timing optimization ; Q         ;                ; fft16OPT:UUT|calc_pot:\gen_pot:5:calc_Z|lpm_mult:Mult0|mult_jgs:auto_generated|mac_mult1 ; DATAB            ;                       ;
; fft16OPT:UUT|radix4:UUT15|y1r_r[-3]               ; Packed Register ; Register Packing ; Timing optimization ; Q         ;                ; fft16OPT:UUT|calc_pot:\gen_pot:5:calc_Z|lpm_mult:Mult0|mult_jgs:auto_generated|mac_mult1 ; DATAA            ;                       ;
; fft16OPT:UUT|radix4:UUT15|y1r_r[-3]               ; Duplicated      ; Register Packing ; Timing optimization ; Q         ;                ; fft16OPT:UUT|radix4:UUT15|y1r_r[-3]~_Duplicate_1                                         ; Q                ;                       ;
; fft16OPT:UUT|radix4:UUT15|y1r_r[-3]~_Duplicate_1  ; Packed Register ; Register Packing ; Timing optimization ; Q         ;                ; fft16OPT:UUT|calc_pot:\gen_pot:5:calc_Z|lpm_mult:Mult0|mult_jgs:auto_generated|mac_mult1 ; DATAB            ;                       ;
; fft16OPT:UUT|radix4:UUT15|y1r_r[-4]               ; Packed Register ; Register Packing ; Timing optimization ; Q         ;                ; fft16OPT:UUT|calc_pot:\gen_pot:5:calc_Z|lpm_mult:Mult0|mult_jgs:auto_generated|mac_mult1 ; DATAA            ;                       ;
; fft16OPT:UUT|radix4:UUT15|y1r_r[-4]               ; Duplicated      ; Register Packing ; Timing optimization ; Q         ;                ; fft16OPT:UUT|radix4:UUT15|y1r_r[-4]~_Duplicate_1                                         ; Q                ;                       ;
; fft16OPT:UUT|radix4:UUT15|y1r_r[-4]~_Duplicate_1  ; Packed Register ; Register Packing ; Timing optimization ; Q         ;                ; fft16OPT:UUT|calc_pot:\gen_pot:5:calc_Z|lpm_mult:Mult0|mult_jgs:auto_generated|mac_mult1 ; DATAB            ;                       ;
; fft16OPT:UUT|radix4:UUT15|y1r_r[-5]               ; Packed Register ; Register Packing ; Timing optimization ; Q         ;                ; fft16OPT:UUT|calc_pot:\gen_pot:5:calc_Z|lpm_mult:Mult0|mult_jgs:auto_generated|mac_mult1 ; DATAA            ;                       ;
; fft16OPT:UUT|radix4:UUT15|y1r_r[-5]               ; Duplicated      ; Register Packing ; Timing optimization ; Q         ;                ; fft16OPT:UUT|radix4:UUT15|y1r_r[-5]~_Duplicate_1                                         ; Q                ;                       ;
; fft16OPT:UUT|radix4:UUT15|y1r_r[-5]~_Duplicate_1  ; Packed Register ; Register Packing ; Timing optimization ; Q         ;                ; fft16OPT:UUT|calc_pot:\gen_pot:5:calc_Z|lpm_mult:Mult0|mult_jgs:auto_generated|mac_mult1 ; DATAB            ;                       ;
; fft16OPT:UUT|radix4:UUT15|y1r_r[-6]               ; Packed Register ; Register Packing ; Timing optimization ; Q         ;                ; fft16OPT:UUT|calc_pot:\gen_pot:5:calc_Z|lpm_mult:Mult0|mult_jgs:auto_generated|mac_mult1 ; DATAA            ;                       ;
; fft16OPT:UUT|radix4:UUT15|y1r_r[-6]               ; Duplicated      ; Register Packing ; Timing optimization ; Q         ;                ; fft16OPT:UUT|radix4:UUT15|y1r_r[-6]~_Duplicate_1                                         ; Q                ;                       ;
; fft16OPT:UUT|radix4:UUT15|y1r_r[-6]~_Duplicate_1  ; Packed Register ; Register Packing ; Timing optimization ; Q         ;                ; fft16OPT:UUT|calc_pot:\gen_pot:5:calc_Z|lpm_mult:Mult0|mult_jgs:auto_generated|mac_mult1 ; DATAB            ;                       ;
; fft16OPT:UUT|radix4:UUT15|y1r_r[-7]               ; Packed Register ; Register Packing ; Timing optimization ; Q         ;                ; fft16OPT:UUT|calc_pot:\gen_pot:5:calc_Z|lpm_mult:Mult0|mult_jgs:auto_generated|mac_mult1 ; DATAA            ;                       ;
; fft16OPT:UUT|radix4:UUT15|y1r_r[-7]               ; Duplicated      ; Register Packing ; Timing optimization ; Q         ;                ; fft16OPT:UUT|radix4:UUT15|y1r_r[-7]~_Duplicate_1                                         ; Q                ;                       ;
; fft16OPT:UUT|radix4:UUT15|y1r_r[-7]~_Duplicate_1  ; Packed Register ; Register Packing ; Timing optimization ; Q         ;                ; fft16OPT:UUT|calc_pot:\gen_pot:5:calc_Z|lpm_mult:Mult0|mult_jgs:auto_generated|mac_mult1 ; DATAB            ;                       ;
; fft16OPT:UUT|radix4:UUT15|y1r_r[-8]               ; Packed Register ; Register Packing ; Timing optimization ; Q         ;                ; fft16OPT:UUT|calc_pot:\gen_pot:5:calc_Z|lpm_mult:Mult0|mult_jgs:auto_generated|mac_mult1 ; DATAA            ;                       ;
; fft16OPT:UUT|radix4:UUT15|y1r_r[-8]               ; Duplicated      ; Register Packing ; Timing optimization ; Q         ;                ; fft16OPT:UUT|radix4:UUT15|y1r_r[-8]~_Duplicate_1                                         ; Q                ;                       ;
; fft16OPT:UUT|radix4:UUT15|y1r_r[-8]~_Duplicate_1  ; Packed Register ; Register Packing ; Timing optimization ; Q         ;                ; fft16OPT:UUT|calc_pot:\gen_pot:5:calc_Z|lpm_mult:Mult0|mult_jgs:auto_generated|mac_mult1 ; DATAB            ;                       ;
; fft16OPT:UUT|radix4:UUT15|y1r_r[-9]               ; Packed Register ; Register Packing ; Timing optimization ; Q         ;                ; fft16OPT:UUT|calc_pot:\gen_pot:5:calc_Z|lpm_mult:Mult0|mult_jgs:auto_generated|mac_mult1 ; DATAA            ;                       ;
; fft16OPT:UUT|radix4:UUT15|y1r_r[-9]               ; Duplicated      ; Register Packing ; Timing optimization ; Q         ;                ; fft16OPT:UUT|radix4:UUT15|y1r_r[-9]~_Duplicate_1                                         ; Q                ;                       ;
; fft16OPT:UUT|radix4:UUT15|y1r_r[-9]~_Duplicate_1  ; Packed Register ; Register Packing ; Timing optimization ; Q         ;                ; fft16OPT:UUT|calc_pot:\gen_pot:5:calc_Z|lpm_mult:Mult0|mult_jgs:auto_generated|mac_mult1 ; DATAB            ;                       ;
; fft16OPT:UUT|radix4:UUT15|y1r_r[-10]              ; Packed Register ; Register Packing ; Timing optimization ; Q         ;                ; fft16OPT:UUT|calc_pot:\gen_pot:5:calc_Z|lpm_mult:Mult0|mult_jgs:auto_generated|mac_mult1 ; DATAA            ;                       ;
; fft16OPT:UUT|radix4:UUT15|y1r_r[-10]              ; Duplicated      ; Register Packing ; Timing optimization ; Q         ;                ; fft16OPT:UUT|radix4:UUT15|y1r_r[-10]~_Duplicate_1                                        ; Q                ;                       ;
; fft16OPT:UUT|radix4:UUT15|y1r_r[-10]~_Duplicate_1 ; Packed Register ; Register Packing ; Timing optimization ; Q         ;                ; fft16OPT:UUT|calc_pot:\gen_pot:5:calc_Z|lpm_mult:Mult0|mult_jgs:auto_generated|mac_mult1 ; DATAB            ;                       ;
; fft16OPT:UUT|radix4:UUT15|y1r_r[-11]              ; Packed Register ; Register Packing ; Timing optimization ; Q         ;                ; fft16OPT:UUT|calc_pot:\gen_pot:5:calc_Z|lpm_mult:Mult0|mult_jgs:auto_generated|mac_mult1 ; DATAA            ;                       ;
; fft16OPT:UUT|radix4:UUT15|y1r_r[-11]              ; Duplicated      ; Register Packing ; Timing optimization ; Q         ;                ; fft16OPT:UUT|radix4:UUT15|y1r_r[-11]~_Duplicate_1                                        ; Q                ;                       ;
; fft16OPT:UUT|radix4:UUT15|y1r_r[-11]~_Duplicate_1 ; Packed Register ; Register Packing ; Timing optimization ; Q         ;                ; fft16OPT:UUT|calc_pot:\gen_pot:5:calc_Z|lpm_mult:Mult0|mult_jgs:auto_generated|mac_mult1 ; DATAB            ;                       ;
; fft16OPT:UUT|radix4:UUT15|y1r_r[0]                ; Packed Register ; Register Packing ; Timing optimization ; Q         ;                ; fft16OPT:UUT|calc_pot:\gen_pot:5:calc_Z|lpm_mult:Mult0|mult_jgs:auto_generated|mac_mult1 ; DATAA            ;                       ;
; fft16OPT:UUT|radix4:UUT15|y1r_r[0]                ; Duplicated      ; Register Packing ; Timing optimization ; Q         ;                ; fft16OPT:UUT|radix4:UUT15|y1r_r[0]~_Duplicate_1                                          ; Q                ;                       ;
; fft16OPT:UUT|radix4:UUT15|y1r_r[0]~_Duplicate_1   ; Packed Register ; Register Packing ; Timing optimization ; Q         ;                ; fft16OPT:UUT|calc_pot:\gen_pot:5:calc_Z|lpm_mult:Mult0|mult_jgs:auto_generated|mac_mult1 ; DATAB            ;                       ;
; fft16OPT:UUT|radix4:UUT16|y0i_r[-1]               ; Packed Register ; Register Packing ; Timing optimization ; Q         ;                ; fft16OPT:UUT|calc_pot:\gen_pot:2:calc_Z|lpm_mult:Mult1|mult_jgs:auto_generated|mac_mult1 ; DATAA            ;                       ;
; fft16OPT:UUT|radix4:UUT16|y0i_r[-1]               ; Duplicated      ; Register Packing ; Timing optimization ; Q         ;                ; fft16OPT:UUT|radix4:UUT16|y0i_r[-1]~_Duplicate_1                                         ; Q                ;                       ;
; fft16OPT:UUT|radix4:UUT16|y0i_r[-1]~_Duplicate_1  ; Packed Register ; Register Packing ; Timing optimization ; Q         ;                ; fft16OPT:UUT|calc_pot:\gen_pot:2:calc_Z|lpm_mult:Mult1|mult_jgs:auto_generated|mac_mult1 ; DATAB            ;                       ;
; fft16OPT:UUT|radix4:UUT16|y0i_r[-2]               ; Packed Register ; Register Packing ; Timing optimization ; Q         ;                ; fft16OPT:UUT|calc_pot:\gen_pot:2:calc_Z|lpm_mult:Mult1|mult_jgs:auto_generated|mac_mult1 ; DATAA            ;                       ;
; fft16OPT:UUT|radix4:UUT16|y0i_r[-2]               ; Duplicated      ; Register Packing ; Timing optimization ; Q         ;                ; fft16OPT:UUT|radix4:UUT16|y0i_r[-2]~_Duplicate_1                                         ; Q                ;                       ;
; fft16OPT:UUT|radix4:UUT16|y0i_r[-2]~_Duplicate_1  ; Packed Register ; Register Packing ; Timing optimization ; Q         ;                ; fft16OPT:UUT|calc_pot:\gen_pot:2:calc_Z|lpm_mult:Mult1|mult_jgs:auto_generated|mac_mult1 ; DATAB            ;                       ;
; fft16OPT:UUT|radix4:UUT16|y0i_r[-3]               ; Packed Register ; Register Packing ; Timing optimization ; Q         ;                ; fft16OPT:UUT|calc_pot:\gen_pot:2:calc_Z|lpm_mult:Mult1|mult_jgs:auto_generated|mac_mult1 ; DATAA            ;                       ;
; fft16OPT:UUT|radix4:UUT16|y0i_r[-3]               ; Duplicated      ; Register Packing ; Timing optimization ; Q         ;                ; fft16OPT:UUT|radix4:UUT16|y0i_r[-3]~_Duplicate_1                                         ; Q                ;                       ;
; fft16OPT:UUT|radix4:UUT16|y0i_r[-3]~_Duplicate_1  ; Packed Register ; Register Packing ; Timing optimization ; Q         ;                ; fft16OPT:UUT|calc_pot:\gen_pot:2:calc_Z|lpm_mult:Mult1|mult_jgs:auto_generated|mac_mult1 ; DATAB            ;                       ;
; fft16OPT:UUT|radix4:UUT16|y0i_r[-4]               ; Packed Register ; Register Packing ; Timing optimization ; Q         ;                ; fft16OPT:UUT|calc_pot:\gen_pot:2:calc_Z|lpm_mult:Mult1|mult_jgs:auto_generated|mac_mult1 ; DATAA            ;                       ;
; fft16OPT:UUT|radix4:UUT16|y0i_r[-4]               ; Duplicated      ; Register Packing ; Timing optimization ; Q         ;                ; fft16OPT:UUT|radix4:UUT16|y0i_r[-4]~_Duplicate_1                                         ; Q                ;                       ;
; fft16OPT:UUT|radix4:UUT16|y0i_r[-4]~_Duplicate_1  ; Packed Register ; Register Packing ; Timing optimization ; Q         ;                ; fft16OPT:UUT|calc_pot:\gen_pot:2:calc_Z|lpm_mult:Mult1|mult_jgs:auto_generated|mac_mult1 ; DATAB            ;                       ;
; fft16OPT:UUT|radix4:UUT16|y0i_r[-5]               ; Packed Register ; Register Packing ; Timing optimization ; Q         ;                ; fft16OPT:UUT|calc_pot:\gen_pot:2:calc_Z|lpm_mult:Mult1|mult_jgs:auto_generated|mac_mult1 ; DATAA            ;                       ;
; fft16OPT:UUT|radix4:UUT16|y0i_r[-5]               ; Duplicated      ; Register Packing ; Timing optimization ; Q         ;                ; fft16OPT:UUT|radix4:UUT16|y0i_r[-5]~_Duplicate_1                                         ; Q                ;                       ;
; fft16OPT:UUT|radix4:UUT16|y0i_r[-5]~_Duplicate_1  ; Packed Register ; Register Packing ; Timing optimization ; Q         ;                ; fft16OPT:UUT|calc_pot:\gen_pot:2:calc_Z|lpm_mult:Mult1|mult_jgs:auto_generated|mac_mult1 ; DATAB            ;                       ;
; fft16OPT:UUT|radix4:UUT16|y0i_r[-6]               ; Packed Register ; Register Packing ; Timing optimization ; Q         ;                ; fft16OPT:UUT|calc_pot:\gen_pot:2:calc_Z|lpm_mult:Mult1|mult_jgs:auto_generated|mac_mult1 ; DATAA            ;                       ;
; fft16OPT:UUT|radix4:UUT16|y0i_r[-6]               ; Duplicated      ; Register Packing ; Timing optimization ; Q         ;                ; fft16OPT:UUT|radix4:UUT16|y0i_r[-6]~_Duplicate_1                                         ; Q                ;                       ;
; fft16OPT:UUT|radix4:UUT16|y0i_r[-6]~_Duplicate_1  ; Packed Register ; Register Packing ; Timing optimization ; Q         ;                ; fft16OPT:UUT|calc_pot:\gen_pot:2:calc_Z|lpm_mult:Mult1|mult_jgs:auto_generated|mac_mult1 ; DATAB            ;                       ;
; fft16OPT:UUT|radix4:UUT16|y0i_r[-7]               ; Packed Register ; Register Packing ; Timing optimization ; Q         ;                ; fft16OPT:UUT|calc_pot:\gen_pot:2:calc_Z|lpm_mult:Mult1|mult_jgs:auto_generated|mac_mult1 ; DATAA            ;                       ;
; fft16OPT:UUT|radix4:UUT16|y0i_r[-7]               ; Duplicated      ; Register Packing ; Timing optimization ; Q         ;                ; fft16OPT:UUT|radix4:UUT16|y0i_r[-7]~_Duplicate_1                                         ; Q                ;                       ;
; fft16OPT:UUT|radix4:UUT16|y0i_r[-7]~_Duplicate_1  ; Packed Register ; Register Packing ; Timing optimization ; Q         ;                ; fft16OPT:UUT|calc_pot:\gen_pot:2:calc_Z|lpm_mult:Mult1|mult_jgs:auto_generated|mac_mult1 ; DATAB            ;                       ;
; fft16OPT:UUT|radix4:UUT16|y0i_r[-8]               ; Packed Register ; Register Packing ; Timing optimization ; Q         ;                ; fft16OPT:UUT|calc_pot:\gen_pot:2:calc_Z|lpm_mult:Mult1|mult_jgs:auto_generated|mac_mult1 ; DATAA            ;                       ;
; fft16OPT:UUT|radix4:UUT16|y0i_r[-8]               ; Duplicated      ; Register Packing ; Timing optimization ; Q         ;                ; fft16OPT:UUT|radix4:UUT16|y0i_r[-8]~_Duplicate_1                                         ; Q                ;                       ;
; fft16OPT:UUT|radix4:UUT16|y0i_r[-8]~_Duplicate_1  ; Packed Register ; Register Packing ; Timing optimization ; Q         ;                ; fft16OPT:UUT|calc_pot:\gen_pot:2:calc_Z|lpm_mult:Mult1|mult_jgs:auto_generated|mac_mult1 ; DATAB            ;                       ;
; fft16OPT:UUT|radix4:UUT16|y0i_r[-9]               ; Packed Register ; Register Packing ; Timing optimization ; Q         ;                ; fft16OPT:UUT|calc_pot:\gen_pot:2:calc_Z|lpm_mult:Mult1|mult_jgs:auto_generated|mac_mult1 ; DATAA            ;                       ;
; fft16OPT:UUT|radix4:UUT16|y0i_r[-9]               ; Duplicated      ; Register Packing ; Timing optimization ; Q         ;                ; fft16OPT:UUT|radix4:UUT16|y0i_r[-9]~_Duplicate_1                                         ; Q                ;                       ;
; fft16OPT:UUT|radix4:UUT16|y0i_r[-9]~_Duplicate_1  ; Packed Register ; Register Packing ; Timing optimization ; Q         ;                ; fft16OPT:UUT|calc_pot:\gen_pot:2:calc_Z|lpm_mult:Mult1|mult_jgs:auto_generated|mac_mult1 ; DATAB            ;                       ;
; fft16OPT:UUT|radix4:UUT16|y0i_r[-10]              ; Packed Register ; Register Packing ; Timing optimization ; Q         ;                ; fft16OPT:UUT|calc_pot:\gen_pot:2:calc_Z|lpm_mult:Mult1|mult_jgs:auto_generated|mac_mult1 ; DATAA            ;                       ;
; fft16OPT:UUT|radix4:UUT16|y0i_r[-10]              ; Duplicated      ; Register Packing ; Timing optimization ; Q         ;                ; fft16OPT:UUT|radix4:UUT16|y0i_r[-10]~_Duplicate_1                                        ; Q                ;                       ;
; fft16OPT:UUT|radix4:UUT16|y0i_r[-10]~_Duplicate_1 ; Packed Register ; Register Packing ; Timing optimization ; Q         ;                ; fft16OPT:UUT|calc_pot:\gen_pot:2:calc_Z|lpm_mult:Mult1|mult_jgs:auto_generated|mac_mult1 ; DATAB            ;                       ;
; fft16OPT:UUT|radix4:UUT16|y0i_r[-11]              ; Packed Register ; Register Packing ; Timing optimization ; Q         ;                ; fft16OPT:UUT|calc_pot:\gen_pot:2:calc_Z|lpm_mult:Mult1|mult_jgs:auto_generated|mac_mult1 ; DATAA            ;                       ;
; fft16OPT:UUT|radix4:UUT16|y0i_r[-11]              ; Duplicated      ; Register Packing ; Timing optimization ; Q         ;                ; fft16OPT:UUT|radix4:UUT16|y0i_r[-11]~_Duplicate_1                                        ; Q                ;                       ;
; fft16OPT:UUT|radix4:UUT16|y0i_r[-11]~_Duplicate_1 ; Packed Register ; Register Packing ; Timing optimization ; Q         ;                ; fft16OPT:UUT|calc_pot:\gen_pot:2:calc_Z|lpm_mult:Mult1|mult_jgs:auto_generated|mac_mult1 ; DATAB            ;                       ;
; fft16OPT:UUT|radix4:UUT16|y0i_r[0]                ; Packed Register ; Register Packing ; Timing optimization ; Q         ;                ; fft16OPT:UUT|calc_pot:\gen_pot:2:calc_Z|lpm_mult:Mult1|mult_jgs:auto_generated|mac_mult1 ; DATAA            ;                       ;
; fft16OPT:UUT|radix4:UUT16|y0i_r[0]                ; Duplicated      ; Register Packing ; Timing optimization ; Q         ;                ; fft16OPT:UUT|radix4:UUT16|y0i_r[0]~_Duplicate_1                                          ; Q                ;                       ;
; fft16OPT:UUT|radix4:UUT16|y0i_r[0]~_Duplicate_1   ; Packed Register ; Register Packing ; Timing optimization ; Q         ;                ; fft16OPT:UUT|calc_pot:\gen_pot:2:calc_Z|lpm_mult:Mult1|mult_jgs:auto_generated|mac_mult1 ; DATAB            ;                       ;
; fft16OPT:UUT|radix4:UUT16|y0r_r[-1]               ; Packed Register ; Register Packing ; Timing optimization ; Q         ;                ; fft16OPT:UUT|calc_pot:\gen_pot:2:calc_Z|lpm_mult:Mult0|mult_jgs:auto_generated|mac_mult1 ; DATAA            ;                       ;
; fft16OPT:UUT|radix4:UUT16|y0r_r[-1]               ; Duplicated      ; Register Packing ; Timing optimization ; Q         ;                ; fft16OPT:UUT|radix4:UUT16|y0r_r[-1]~_Duplicate_1                                         ; Q                ;                       ;
; fft16OPT:UUT|radix4:UUT16|y0r_r[-1]~_Duplicate_1  ; Packed Register ; Register Packing ; Timing optimization ; Q         ;                ; fft16OPT:UUT|calc_pot:\gen_pot:2:calc_Z|lpm_mult:Mult0|mult_jgs:auto_generated|mac_mult1 ; DATAB            ;                       ;
; fft16OPT:UUT|radix4:UUT16|y0r_r[-2]               ; Packed Register ; Register Packing ; Timing optimization ; Q         ;                ; fft16OPT:UUT|calc_pot:\gen_pot:2:calc_Z|lpm_mult:Mult0|mult_jgs:auto_generated|mac_mult1 ; DATAA            ;                       ;
; fft16OPT:UUT|radix4:UUT16|y0r_r[-2]               ; Duplicated      ; Register Packing ; Timing optimization ; Q         ;                ; fft16OPT:UUT|radix4:UUT16|y0r_r[-2]~_Duplicate_1                                         ; Q                ;                       ;
; fft16OPT:UUT|radix4:UUT16|y0r_r[-2]~_Duplicate_1  ; Packed Register ; Register Packing ; Timing optimization ; Q         ;                ; fft16OPT:UUT|calc_pot:\gen_pot:2:calc_Z|lpm_mult:Mult0|mult_jgs:auto_generated|mac_mult1 ; DATAB            ;                       ;
; fft16OPT:UUT|radix4:UUT16|y0r_r[-3]               ; Packed Register ; Register Packing ; Timing optimization ; Q         ;                ; fft16OPT:UUT|calc_pot:\gen_pot:2:calc_Z|lpm_mult:Mult0|mult_jgs:auto_generated|mac_mult1 ; DATAA            ;                       ;
; fft16OPT:UUT|radix4:UUT16|y0r_r[-3]               ; Duplicated      ; Register Packing ; Timing optimization ; Q         ;                ; fft16OPT:UUT|radix4:UUT16|y0r_r[-3]~_Duplicate_1                                         ; Q                ;                       ;
; fft16OPT:UUT|radix4:UUT16|y0r_r[-3]~_Duplicate_1  ; Packed Register ; Register Packing ; Timing optimization ; Q         ;                ; fft16OPT:UUT|calc_pot:\gen_pot:2:calc_Z|lpm_mult:Mult0|mult_jgs:auto_generated|mac_mult1 ; DATAB            ;                       ;
; fft16OPT:UUT|radix4:UUT16|y0r_r[-4]               ; Packed Register ; Register Packing ; Timing optimization ; Q         ;                ; fft16OPT:UUT|calc_pot:\gen_pot:2:calc_Z|lpm_mult:Mult0|mult_jgs:auto_generated|mac_mult1 ; DATAA            ;                       ;
; fft16OPT:UUT|radix4:UUT16|y0r_r[-4]               ; Duplicated      ; Register Packing ; Timing optimization ; Q         ;                ; fft16OPT:UUT|radix4:UUT16|y0r_r[-4]~_Duplicate_1                                         ; Q                ;                       ;
; fft16OPT:UUT|radix4:UUT16|y0r_r[-4]~_Duplicate_1  ; Packed Register ; Register Packing ; Timing optimization ; Q         ;                ; fft16OPT:UUT|calc_pot:\gen_pot:2:calc_Z|lpm_mult:Mult0|mult_jgs:auto_generated|mac_mult1 ; DATAB            ;                       ;
; fft16OPT:UUT|radix4:UUT16|y0r_r[-5]               ; Packed Register ; Register Packing ; Timing optimization ; Q         ;                ; fft16OPT:UUT|calc_pot:\gen_pot:2:calc_Z|lpm_mult:Mult0|mult_jgs:auto_generated|mac_mult1 ; DATAA            ;                       ;
; fft16OPT:UUT|radix4:UUT16|y0r_r[-5]               ; Duplicated      ; Register Packing ; Timing optimization ; Q         ;                ; fft16OPT:UUT|radix4:UUT16|y0r_r[-5]~_Duplicate_1                                         ; Q                ;                       ;
; fft16OPT:UUT|radix4:UUT16|y0r_r[-5]~_Duplicate_1  ; Packed Register ; Register Packing ; Timing optimization ; Q         ;                ; fft16OPT:UUT|calc_pot:\gen_pot:2:calc_Z|lpm_mult:Mult0|mult_jgs:auto_generated|mac_mult1 ; DATAB            ;                       ;
; fft16OPT:UUT|radix4:UUT16|y0r_r[-6]               ; Packed Register ; Register Packing ; Timing optimization ; Q         ;                ; fft16OPT:UUT|calc_pot:\gen_pot:2:calc_Z|lpm_mult:Mult0|mult_jgs:auto_generated|mac_mult1 ; DATAA            ;                       ;
; fft16OPT:UUT|radix4:UUT16|y0r_r[-6]               ; Duplicated      ; Register Packing ; Timing optimization ; Q         ;                ; fft16OPT:UUT|radix4:UUT16|y0r_r[-6]~_Duplicate_1                                         ; Q                ;                       ;
; fft16OPT:UUT|radix4:UUT16|y0r_r[-6]~_Duplicate_1  ; Packed Register ; Register Packing ; Timing optimization ; Q         ;                ; fft16OPT:UUT|calc_pot:\gen_pot:2:calc_Z|lpm_mult:Mult0|mult_jgs:auto_generated|mac_mult1 ; DATAB            ;                       ;
; fft16OPT:UUT|radix4:UUT16|y0r_r[-7]               ; Packed Register ; Register Packing ; Timing optimization ; Q         ;                ; fft16OPT:UUT|calc_pot:\gen_pot:2:calc_Z|lpm_mult:Mult0|mult_jgs:auto_generated|mac_mult1 ; DATAA            ;                       ;
; fft16OPT:UUT|radix4:UUT16|y0r_r[-7]               ; Duplicated      ; Register Packing ; Timing optimization ; Q         ;                ; fft16OPT:UUT|radix4:UUT16|y0r_r[-7]~_Duplicate_1                                         ; Q                ;                       ;
; fft16OPT:UUT|radix4:UUT16|y0r_r[-7]~_Duplicate_1  ; Packed Register ; Register Packing ; Timing optimization ; Q         ;                ; fft16OPT:UUT|calc_pot:\gen_pot:2:calc_Z|lpm_mult:Mult0|mult_jgs:auto_generated|mac_mult1 ; DATAB            ;                       ;
; fft16OPT:UUT|radix4:UUT16|y0r_r[-8]               ; Packed Register ; Register Packing ; Timing optimization ; Q         ;                ; fft16OPT:UUT|calc_pot:\gen_pot:2:calc_Z|lpm_mult:Mult0|mult_jgs:auto_generated|mac_mult1 ; DATAA            ;                       ;
; fft16OPT:UUT|radix4:UUT16|y0r_r[-8]               ; Duplicated      ; Register Packing ; Timing optimization ; Q         ;                ; fft16OPT:UUT|radix4:UUT16|y0r_r[-8]~_Duplicate_1                                         ; Q                ;                       ;
; fft16OPT:UUT|radix4:UUT16|y0r_r[-8]~_Duplicate_1  ; Packed Register ; Register Packing ; Timing optimization ; Q         ;                ; fft16OPT:UUT|calc_pot:\gen_pot:2:calc_Z|lpm_mult:Mult0|mult_jgs:auto_generated|mac_mult1 ; DATAB            ;                       ;
; fft16OPT:UUT|radix4:UUT16|y0r_r[-9]               ; Packed Register ; Register Packing ; Timing optimization ; Q         ;                ; fft16OPT:UUT|calc_pot:\gen_pot:2:calc_Z|lpm_mult:Mult0|mult_jgs:auto_generated|mac_mult1 ; DATAA            ;                       ;
; fft16OPT:UUT|radix4:UUT16|y0r_r[-9]               ; Duplicated      ; Register Packing ; Timing optimization ; Q         ;                ; fft16OPT:UUT|radix4:UUT16|y0r_r[-9]~_Duplicate_1                                         ; Q                ;                       ;
; fft16OPT:UUT|radix4:UUT16|y0r_r[-9]~_Duplicate_1  ; Packed Register ; Register Packing ; Timing optimization ; Q         ;                ; fft16OPT:UUT|calc_pot:\gen_pot:2:calc_Z|lpm_mult:Mult0|mult_jgs:auto_generated|mac_mult1 ; DATAB            ;                       ;
; fft16OPT:UUT|radix4:UUT16|y0r_r[-10]              ; Packed Register ; Register Packing ; Timing optimization ; Q         ;                ; fft16OPT:UUT|calc_pot:\gen_pot:2:calc_Z|lpm_mult:Mult0|mult_jgs:auto_generated|mac_mult1 ; DATAA            ;                       ;
; fft16OPT:UUT|radix4:UUT16|y0r_r[-10]              ; Duplicated      ; Register Packing ; Timing optimization ; Q         ;                ; fft16OPT:UUT|radix4:UUT16|y0r_r[-10]~_Duplicate_1                                        ; Q                ;                       ;
; fft16OPT:UUT|radix4:UUT16|y0r_r[-10]~_Duplicate_1 ; Packed Register ; Register Packing ; Timing optimization ; Q         ;                ; fft16OPT:UUT|calc_pot:\gen_pot:2:calc_Z|lpm_mult:Mult0|mult_jgs:auto_generated|mac_mult1 ; DATAB            ;                       ;
; fft16OPT:UUT|radix4:UUT16|y0r_r[-11]              ; Packed Register ; Register Packing ; Timing optimization ; Q         ;                ; fft16OPT:UUT|calc_pot:\gen_pot:2:calc_Z|lpm_mult:Mult0|mult_jgs:auto_generated|mac_mult1 ; DATAA            ;                       ;
; fft16OPT:UUT|radix4:UUT16|y0r_r[-11]              ; Duplicated      ; Register Packing ; Timing optimization ; Q         ;                ; fft16OPT:UUT|radix4:UUT16|y0r_r[-11]~_Duplicate_1                                        ; Q                ;                       ;
; fft16OPT:UUT|radix4:UUT16|y0r_r[-11]~_Duplicate_1 ; Packed Register ; Register Packing ; Timing optimization ; Q         ;                ; fft16OPT:UUT|calc_pot:\gen_pot:2:calc_Z|lpm_mult:Mult0|mult_jgs:auto_generated|mac_mult1 ; DATAB            ;                       ;
; fft16OPT:UUT|radix4:UUT16|y0r_r[0]                ; Packed Register ; Register Packing ; Timing optimization ; Q         ;                ; fft16OPT:UUT|calc_pot:\gen_pot:2:calc_Z|lpm_mult:Mult0|mult_jgs:auto_generated|mac_mult1 ; DATAA            ;                       ;
; fft16OPT:UUT|radix4:UUT16|y0r_r[0]                ; Duplicated      ; Register Packing ; Timing optimization ; Q         ;                ; fft16OPT:UUT|radix4:UUT16|y0r_r[0]~_Duplicate_1                                          ; Q                ;                       ;
; fft16OPT:UUT|radix4:UUT16|y0r_r[0]~_Duplicate_1   ; Packed Register ; Register Packing ; Timing optimization ; Q         ;                ; fft16OPT:UUT|calc_pot:\gen_pot:2:calc_Z|lpm_mult:Mult0|mult_jgs:auto_generated|mac_mult1 ; DATAB            ;                       ;
; fft16OPT:UUT|radix4:UUT16|y1i_r[-1]               ; Packed Register ; Register Packing ; Timing optimization ; Q         ;                ; fft16OPT:UUT|calc_pot:\gen_pot:6:calc_Z|lpm_mult:Mult1|mult_jgs:auto_generated|mac_mult1 ; DATAA            ;                       ;
; fft16OPT:UUT|radix4:UUT16|y1i_r[-1]               ; Duplicated      ; Register Packing ; Timing optimization ; Q         ;                ; fft16OPT:UUT|radix4:UUT16|y1i_r[-1]~_Duplicate_1                                         ; Q                ;                       ;
; fft16OPT:UUT|radix4:UUT16|y1i_r[-1]~_Duplicate_1  ; Packed Register ; Register Packing ; Timing optimization ; Q         ;                ; fft16OPT:UUT|calc_pot:\gen_pot:6:calc_Z|lpm_mult:Mult1|mult_jgs:auto_generated|mac_mult1 ; DATAB            ;                       ;
; fft16OPT:UUT|radix4:UUT16|y1i_r[-2]               ; Packed Register ; Register Packing ; Timing optimization ; Q         ;                ; fft16OPT:UUT|calc_pot:\gen_pot:6:calc_Z|lpm_mult:Mult1|mult_jgs:auto_generated|mac_mult1 ; DATAA            ;                       ;
; fft16OPT:UUT|radix4:UUT16|y1i_r[-2]               ; Duplicated      ; Register Packing ; Timing optimization ; Q         ;                ; fft16OPT:UUT|radix4:UUT16|y1i_r[-2]~_Duplicate_1                                         ; Q                ;                       ;
; fft16OPT:UUT|radix4:UUT16|y1i_r[-2]~_Duplicate_1  ; Packed Register ; Register Packing ; Timing optimization ; Q         ;                ; fft16OPT:UUT|calc_pot:\gen_pot:6:calc_Z|lpm_mult:Mult1|mult_jgs:auto_generated|mac_mult1 ; DATAB            ;                       ;
; fft16OPT:UUT|radix4:UUT16|y1i_r[-3]               ; Packed Register ; Register Packing ; Timing optimization ; Q         ;                ; fft16OPT:UUT|calc_pot:\gen_pot:6:calc_Z|lpm_mult:Mult1|mult_jgs:auto_generated|mac_mult1 ; DATAA            ;                       ;
; fft16OPT:UUT|radix4:UUT16|y1i_r[-3]               ; Duplicated      ; Register Packing ; Timing optimization ; Q         ;                ; fft16OPT:UUT|radix4:UUT16|y1i_r[-3]~_Duplicate_1                                         ; Q                ;                       ;
; fft16OPT:UUT|radix4:UUT16|y1i_r[-3]~_Duplicate_1  ; Packed Register ; Register Packing ; Timing optimization ; Q         ;                ; fft16OPT:UUT|calc_pot:\gen_pot:6:calc_Z|lpm_mult:Mult1|mult_jgs:auto_generated|mac_mult1 ; DATAB            ;                       ;
; fft16OPT:UUT|radix4:UUT16|y1i_r[-4]               ; Packed Register ; Register Packing ; Timing optimization ; Q         ;                ; fft16OPT:UUT|calc_pot:\gen_pot:6:calc_Z|lpm_mult:Mult1|mult_jgs:auto_generated|mac_mult1 ; DATAA            ;                       ;
; fft16OPT:UUT|radix4:UUT16|y1i_r[-4]               ; Duplicated      ; Register Packing ; Timing optimization ; Q         ;                ; fft16OPT:UUT|radix4:UUT16|y1i_r[-4]~_Duplicate_1                                         ; Q                ;                       ;
; fft16OPT:UUT|radix4:UUT16|y1i_r[-4]~_Duplicate_1  ; Packed Register ; Register Packing ; Timing optimization ; Q         ;                ; fft16OPT:UUT|calc_pot:\gen_pot:6:calc_Z|lpm_mult:Mult1|mult_jgs:auto_generated|mac_mult1 ; DATAB            ;                       ;
; fft16OPT:UUT|radix4:UUT16|y1i_r[-5]               ; Packed Register ; Register Packing ; Timing optimization ; Q         ;                ; fft16OPT:UUT|calc_pot:\gen_pot:6:calc_Z|lpm_mult:Mult1|mult_jgs:auto_generated|mac_mult1 ; DATAA            ;                       ;
; fft16OPT:UUT|radix4:UUT16|y1i_r[-5]               ; Duplicated      ; Register Packing ; Timing optimization ; Q         ;                ; fft16OPT:UUT|radix4:UUT16|y1i_r[-5]~_Duplicate_1                                         ; Q                ;                       ;
; fft16OPT:UUT|radix4:UUT16|y1i_r[-5]~_Duplicate_1  ; Packed Register ; Register Packing ; Timing optimization ; Q         ;                ; fft16OPT:UUT|calc_pot:\gen_pot:6:calc_Z|lpm_mult:Mult1|mult_jgs:auto_generated|mac_mult1 ; DATAB            ;                       ;
; fft16OPT:UUT|radix4:UUT16|y1i_r[-6]               ; Packed Register ; Register Packing ; Timing optimization ; Q         ;                ; fft16OPT:UUT|calc_pot:\gen_pot:6:calc_Z|lpm_mult:Mult1|mult_jgs:auto_generated|mac_mult1 ; DATAA            ;                       ;
; fft16OPT:UUT|radix4:UUT16|y1i_r[-6]               ; Duplicated      ; Register Packing ; Timing optimization ; Q         ;                ; fft16OPT:UUT|radix4:UUT16|y1i_r[-6]~_Duplicate_1                                         ; Q                ;                       ;
; fft16OPT:UUT|radix4:UUT16|y1i_r[-6]~_Duplicate_1  ; Packed Register ; Register Packing ; Timing optimization ; Q         ;                ; fft16OPT:UUT|calc_pot:\gen_pot:6:calc_Z|lpm_mult:Mult1|mult_jgs:auto_generated|mac_mult1 ; DATAB            ;                       ;
; fft16OPT:UUT|radix4:UUT16|y1i_r[-7]               ; Packed Register ; Register Packing ; Timing optimization ; Q         ;                ; fft16OPT:UUT|calc_pot:\gen_pot:6:calc_Z|lpm_mult:Mult1|mult_jgs:auto_generated|mac_mult1 ; DATAA            ;                       ;
; fft16OPT:UUT|radix4:UUT16|y1i_r[-7]               ; Duplicated      ; Register Packing ; Timing optimization ; Q         ;                ; fft16OPT:UUT|radix4:UUT16|y1i_r[-7]~_Duplicate_1                                         ; Q                ;                       ;
; fft16OPT:UUT|radix4:UUT16|y1i_r[-7]~_Duplicate_1  ; Packed Register ; Register Packing ; Timing optimization ; Q         ;                ; fft16OPT:UUT|calc_pot:\gen_pot:6:calc_Z|lpm_mult:Mult1|mult_jgs:auto_generated|mac_mult1 ; DATAB            ;                       ;
; fft16OPT:UUT|radix4:UUT16|y1i_r[-8]               ; Packed Register ; Register Packing ; Timing optimization ; Q         ;                ; fft16OPT:UUT|calc_pot:\gen_pot:6:calc_Z|lpm_mult:Mult1|mult_jgs:auto_generated|mac_mult1 ; DATAA            ;                       ;
; fft16OPT:UUT|radix4:UUT16|y1i_r[-8]               ; Duplicated      ; Register Packing ; Timing optimization ; Q         ;                ; fft16OPT:UUT|radix4:UUT16|y1i_r[-8]~_Duplicate_1                                         ; Q                ;                       ;
; fft16OPT:UUT|radix4:UUT16|y1i_r[-8]~_Duplicate_1  ; Packed Register ; Register Packing ; Timing optimization ; Q         ;                ; fft16OPT:UUT|calc_pot:\gen_pot:6:calc_Z|lpm_mult:Mult1|mult_jgs:auto_generated|mac_mult1 ; DATAB            ;                       ;
; fft16OPT:UUT|radix4:UUT16|y1i_r[-9]               ; Packed Register ; Register Packing ; Timing optimization ; Q         ;                ; fft16OPT:UUT|calc_pot:\gen_pot:6:calc_Z|lpm_mult:Mult1|mult_jgs:auto_generated|mac_mult1 ; DATAA            ;                       ;
; fft16OPT:UUT|radix4:UUT16|y1i_r[-9]               ; Duplicated      ; Register Packing ; Timing optimization ; Q         ;                ; fft16OPT:UUT|radix4:UUT16|y1i_r[-9]~_Duplicate_1                                         ; Q                ;                       ;
; fft16OPT:UUT|radix4:UUT16|y1i_r[-9]~_Duplicate_1  ; Packed Register ; Register Packing ; Timing optimization ; Q         ;                ; fft16OPT:UUT|calc_pot:\gen_pot:6:calc_Z|lpm_mult:Mult1|mult_jgs:auto_generated|mac_mult1 ; DATAB            ;                       ;
; fft16OPT:UUT|radix4:UUT16|y1i_r[-10]              ; Packed Register ; Register Packing ; Timing optimization ; Q         ;                ; fft16OPT:UUT|calc_pot:\gen_pot:6:calc_Z|lpm_mult:Mult1|mult_jgs:auto_generated|mac_mult1 ; DATAA            ;                       ;
; fft16OPT:UUT|radix4:UUT16|y1i_r[-10]              ; Duplicated      ; Register Packing ; Timing optimization ; Q         ;                ; fft16OPT:UUT|radix4:UUT16|y1i_r[-10]~_Duplicate_1                                        ; Q                ;                       ;
; fft16OPT:UUT|radix4:UUT16|y1i_r[-10]~_Duplicate_1 ; Packed Register ; Register Packing ; Timing optimization ; Q         ;                ; fft16OPT:UUT|calc_pot:\gen_pot:6:calc_Z|lpm_mult:Mult1|mult_jgs:auto_generated|mac_mult1 ; DATAB            ;                       ;
; fft16OPT:UUT|radix4:UUT16|y1i_r[-11]              ; Packed Register ; Register Packing ; Timing optimization ; Q         ;                ; fft16OPT:UUT|calc_pot:\gen_pot:6:calc_Z|lpm_mult:Mult1|mult_jgs:auto_generated|mac_mult1 ; DATAA            ;                       ;
; fft16OPT:UUT|radix4:UUT16|y1i_r[-11]              ; Duplicated      ; Register Packing ; Timing optimization ; Q         ;                ; fft16OPT:UUT|radix4:UUT16|y1i_r[-11]~_Duplicate_1                                        ; Q                ;                       ;
; fft16OPT:UUT|radix4:UUT16|y1i_r[-11]~_Duplicate_1 ; Packed Register ; Register Packing ; Timing optimization ; Q         ;                ; fft16OPT:UUT|calc_pot:\gen_pot:6:calc_Z|lpm_mult:Mult1|mult_jgs:auto_generated|mac_mult1 ; DATAB            ;                       ;
; fft16OPT:UUT|radix4:UUT16|y1i_r[0]                ; Packed Register ; Register Packing ; Timing optimization ; Q         ;                ; fft16OPT:UUT|calc_pot:\gen_pot:6:calc_Z|lpm_mult:Mult1|mult_jgs:auto_generated|mac_mult1 ; DATAA            ;                       ;
; fft16OPT:UUT|radix4:UUT16|y1i_r[0]                ; Duplicated      ; Register Packing ; Timing optimization ; Q         ;                ; fft16OPT:UUT|radix4:UUT16|y1i_r[0]~_Duplicate_1                                          ; Q                ;                       ;
; fft16OPT:UUT|radix4:UUT16|y1i_r[0]~_Duplicate_1   ; Packed Register ; Register Packing ; Timing optimization ; Q         ;                ; fft16OPT:UUT|calc_pot:\gen_pot:6:calc_Z|lpm_mult:Mult1|mult_jgs:auto_generated|mac_mult1 ; DATAB            ;                       ;
; fft16OPT:UUT|radix4:UUT16|y1r_r[-1]               ; Packed Register ; Register Packing ; Timing optimization ; Q         ;                ; fft16OPT:UUT|calc_pot:\gen_pot:6:calc_Z|lpm_mult:Mult0|mult_jgs:auto_generated|mac_mult1 ; DATAA            ;                       ;
; fft16OPT:UUT|radix4:UUT16|y1r_r[-1]               ; Duplicated      ; Register Packing ; Timing optimization ; Q         ;                ; fft16OPT:UUT|radix4:UUT16|y1r_r[-1]~_Duplicate_1                                         ; Q                ;                       ;
; fft16OPT:UUT|radix4:UUT16|y1r_r[-1]~_Duplicate_1  ; Packed Register ; Register Packing ; Timing optimization ; Q         ;                ; fft16OPT:UUT|calc_pot:\gen_pot:6:calc_Z|lpm_mult:Mult0|mult_jgs:auto_generated|mac_mult1 ; DATAB            ;                       ;
; fft16OPT:UUT|radix4:UUT16|y1r_r[-2]               ; Packed Register ; Register Packing ; Timing optimization ; Q         ;                ; fft16OPT:UUT|calc_pot:\gen_pot:6:calc_Z|lpm_mult:Mult0|mult_jgs:auto_generated|mac_mult1 ; DATAA            ;                       ;
; fft16OPT:UUT|radix4:UUT16|y1r_r[-2]               ; Duplicated      ; Register Packing ; Timing optimization ; Q         ;                ; fft16OPT:UUT|radix4:UUT16|y1r_r[-2]~_Duplicate_1                                         ; Q                ;                       ;
; fft16OPT:UUT|radix4:UUT16|y1r_r[-2]~_Duplicate_1  ; Packed Register ; Register Packing ; Timing optimization ; Q         ;                ; fft16OPT:UUT|calc_pot:\gen_pot:6:calc_Z|lpm_mult:Mult0|mult_jgs:auto_generated|mac_mult1 ; DATAB            ;                       ;
; fft16OPT:UUT|radix4:UUT16|y1r_r[-3]               ; Packed Register ; Register Packing ; Timing optimization ; Q         ;                ; fft16OPT:UUT|calc_pot:\gen_pot:6:calc_Z|lpm_mult:Mult0|mult_jgs:auto_generated|mac_mult1 ; DATAA            ;                       ;
; fft16OPT:UUT|radix4:UUT16|y1r_r[-3]               ; Duplicated      ; Register Packing ; Timing optimization ; Q         ;                ; fft16OPT:UUT|radix4:UUT16|y1r_r[-3]~_Duplicate_1                                         ; Q                ;                       ;
; fft16OPT:UUT|radix4:UUT16|y1r_r[-3]~_Duplicate_1  ; Packed Register ; Register Packing ; Timing optimization ; Q         ;                ; fft16OPT:UUT|calc_pot:\gen_pot:6:calc_Z|lpm_mult:Mult0|mult_jgs:auto_generated|mac_mult1 ; DATAB            ;                       ;
; fft16OPT:UUT|radix4:UUT16|y1r_r[-4]               ; Packed Register ; Register Packing ; Timing optimization ; Q         ;                ; fft16OPT:UUT|calc_pot:\gen_pot:6:calc_Z|lpm_mult:Mult0|mult_jgs:auto_generated|mac_mult1 ; DATAA            ;                       ;
; fft16OPT:UUT|radix4:UUT16|y1r_r[-4]               ; Duplicated      ; Register Packing ; Timing optimization ; Q         ;                ; fft16OPT:UUT|radix4:UUT16|y1r_r[-4]~_Duplicate_1                                         ; Q                ;                       ;
; fft16OPT:UUT|radix4:UUT16|y1r_r[-4]~_Duplicate_1  ; Packed Register ; Register Packing ; Timing optimization ; Q         ;                ; fft16OPT:UUT|calc_pot:\gen_pot:6:calc_Z|lpm_mult:Mult0|mult_jgs:auto_generated|mac_mult1 ; DATAB            ;                       ;
; fft16OPT:UUT|radix4:UUT16|y1r_r[-5]               ; Packed Register ; Register Packing ; Timing optimization ; Q         ;                ; fft16OPT:UUT|calc_pot:\gen_pot:6:calc_Z|lpm_mult:Mult0|mult_jgs:auto_generated|mac_mult1 ; DATAA            ;                       ;
; fft16OPT:UUT|radix4:UUT16|y1r_r[-5]               ; Duplicated      ; Register Packing ; Timing optimization ; Q         ;                ; fft16OPT:UUT|radix4:UUT16|y1r_r[-5]~_Duplicate_1                                         ; Q                ;                       ;
; fft16OPT:UUT|radix4:UUT16|y1r_r[-5]~_Duplicate_1  ; Packed Register ; Register Packing ; Timing optimization ; Q         ;                ; fft16OPT:UUT|calc_pot:\gen_pot:6:calc_Z|lpm_mult:Mult0|mult_jgs:auto_generated|mac_mult1 ; DATAB            ;                       ;
; fft16OPT:UUT|radix4:UUT16|y1r_r[-6]               ; Packed Register ; Register Packing ; Timing optimization ; Q         ;                ; fft16OPT:UUT|calc_pot:\gen_pot:6:calc_Z|lpm_mult:Mult0|mult_jgs:auto_generated|mac_mult1 ; DATAA            ;                       ;
; fft16OPT:UUT|radix4:UUT16|y1r_r[-6]               ; Duplicated      ; Register Packing ; Timing optimization ; Q         ;                ; fft16OPT:UUT|radix4:UUT16|y1r_r[-6]~_Duplicate_1                                         ; Q                ;                       ;
; fft16OPT:UUT|radix4:UUT16|y1r_r[-6]~_Duplicate_1  ; Packed Register ; Register Packing ; Timing optimization ; Q         ;                ; fft16OPT:UUT|calc_pot:\gen_pot:6:calc_Z|lpm_mult:Mult0|mult_jgs:auto_generated|mac_mult1 ; DATAB            ;                       ;
; fft16OPT:UUT|radix4:UUT16|y1r_r[-7]               ; Packed Register ; Register Packing ; Timing optimization ; Q         ;                ; fft16OPT:UUT|calc_pot:\gen_pot:6:calc_Z|lpm_mult:Mult0|mult_jgs:auto_generated|mac_mult1 ; DATAA            ;                       ;
; fft16OPT:UUT|radix4:UUT16|y1r_r[-7]               ; Duplicated      ; Register Packing ; Timing optimization ; Q         ;                ; fft16OPT:UUT|radix4:UUT16|y1r_r[-7]~_Duplicate_1                                         ; Q                ;                       ;
; fft16OPT:UUT|radix4:UUT16|y1r_r[-7]~_Duplicate_1  ; Packed Register ; Register Packing ; Timing optimization ; Q         ;                ; fft16OPT:UUT|calc_pot:\gen_pot:6:calc_Z|lpm_mult:Mult0|mult_jgs:auto_generated|mac_mult1 ; DATAB            ;                       ;
; fft16OPT:UUT|radix4:UUT16|y1r_r[-8]               ; Packed Register ; Register Packing ; Timing optimization ; Q         ;                ; fft16OPT:UUT|calc_pot:\gen_pot:6:calc_Z|lpm_mult:Mult0|mult_jgs:auto_generated|mac_mult1 ; DATAA            ;                       ;
; fft16OPT:UUT|radix4:UUT16|y1r_r[-8]               ; Duplicated      ; Register Packing ; Timing optimization ; Q         ;                ; fft16OPT:UUT|radix4:UUT16|y1r_r[-8]~_Duplicate_1                                         ; Q                ;                       ;
; fft16OPT:UUT|radix4:UUT16|y1r_r[-8]~_Duplicate_1  ; Packed Register ; Register Packing ; Timing optimization ; Q         ;                ; fft16OPT:UUT|calc_pot:\gen_pot:6:calc_Z|lpm_mult:Mult0|mult_jgs:auto_generated|mac_mult1 ; DATAB            ;                       ;
; fft16OPT:UUT|radix4:UUT16|y1r_r[-9]               ; Packed Register ; Register Packing ; Timing optimization ; Q         ;                ; fft16OPT:UUT|calc_pot:\gen_pot:6:calc_Z|lpm_mult:Mult0|mult_jgs:auto_generated|mac_mult1 ; DATAA            ;                       ;
; fft16OPT:UUT|radix4:UUT16|y1r_r[-9]               ; Duplicated      ; Register Packing ; Timing optimization ; Q         ;                ; fft16OPT:UUT|radix4:UUT16|y1r_r[-9]~_Duplicate_1                                         ; Q                ;                       ;
; fft16OPT:UUT|radix4:UUT16|y1r_r[-9]~_Duplicate_1  ; Packed Register ; Register Packing ; Timing optimization ; Q         ;                ; fft16OPT:UUT|calc_pot:\gen_pot:6:calc_Z|lpm_mult:Mult0|mult_jgs:auto_generated|mac_mult1 ; DATAB            ;                       ;
; fft16OPT:UUT|radix4:UUT16|y1r_r[-10]              ; Packed Register ; Register Packing ; Timing optimization ; Q         ;                ; fft16OPT:UUT|calc_pot:\gen_pot:6:calc_Z|lpm_mult:Mult0|mult_jgs:auto_generated|mac_mult1 ; DATAA            ;                       ;
; fft16OPT:UUT|radix4:UUT16|y1r_r[-10]              ; Duplicated      ; Register Packing ; Timing optimization ; Q         ;                ; fft16OPT:UUT|radix4:UUT16|y1r_r[-10]~_Duplicate_1                                        ; Q                ;                       ;
; fft16OPT:UUT|radix4:UUT16|y1r_r[-10]~_Duplicate_1 ; Packed Register ; Register Packing ; Timing optimization ; Q         ;                ; fft16OPT:UUT|calc_pot:\gen_pot:6:calc_Z|lpm_mult:Mult0|mult_jgs:auto_generated|mac_mult1 ; DATAB            ;                       ;
; fft16OPT:UUT|radix4:UUT16|y1r_r[-11]              ; Packed Register ; Register Packing ; Timing optimization ; Q         ;                ; fft16OPT:UUT|calc_pot:\gen_pot:6:calc_Z|lpm_mult:Mult0|mult_jgs:auto_generated|mac_mult1 ; DATAA            ;                       ;
; fft16OPT:UUT|radix4:UUT16|y1r_r[-11]              ; Duplicated      ; Register Packing ; Timing optimization ; Q         ;                ; fft16OPT:UUT|radix4:UUT16|y1r_r[-11]~_Duplicate_1                                        ; Q                ;                       ;
; fft16OPT:UUT|radix4:UUT16|y1r_r[-11]~_Duplicate_1 ; Packed Register ; Register Packing ; Timing optimization ; Q         ;                ; fft16OPT:UUT|calc_pot:\gen_pot:6:calc_Z|lpm_mult:Mult0|mult_jgs:auto_generated|mac_mult1 ; DATAB            ;                       ;
; fft16OPT:UUT|radix4:UUT16|y1r_r[0]                ; Packed Register ; Register Packing ; Timing optimization ; Q         ;                ; fft16OPT:UUT|calc_pot:\gen_pot:6:calc_Z|lpm_mult:Mult0|mult_jgs:auto_generated|mac_mult1 ; DATAA            ;                       ;
; fft16OPT:UUT|radix4:UUT16|y1r_r[0]                ; Duplicated      ; Register Packing ; Timing optimization ; Q         ;                ; fft16OPT:UUT|radix4:UUT16|y1r_r[0]~_Duplicate_1                                          ; Q                ;                       ;
; fft16OPT:UUT|radix4:UUT16|y1r_r[0]~_Duplicate_1   ; Packed Register ; Register Packing ; Timing optimization ; Q         ;                ; fft16OPT:UUT|calc_pot:\gen_pot:6:calc_Z|lpm_mult:Mult0|mult_jgs:auto_generated|mac_mult1 ; DATAB            ;                       ;
; fft16OPT:UUT|radix4:UUT17|y0i_r[-1]               ; Packed Register ; Register Packing ; Timing optimization ; Q         ;                ; fft16OPT:UUT|calc_pot:\gen_pot:3:calc_Z|lpm_mult:Mult1|mult_jgs:auto_generated|mac_mult1 ; DATAA            ;                       ;
; fft16OPT:UUT|radix4:UUT17|y0i_r[-1]               ; Duplicated      ; Register Packing ; Timing optimization ; Q         ;                ; fft16OPT:UUT|radix4:UUT17|y0i_r[-1]~_Duplicate_1                                         ; Q                ;                       ;
; fft16OPT:UUT|radix4:UUT17|y0i_r[-1]~_Duplicate_1  ; Packed Register ; Register Packing ; Timing optimization ; Q         ;                ; fft16OPT:UUT|calc_pot:\gen_pot:3:calc_Z|lpm_mult:Mult1|mult_jgs:auto_generated|mac_mult1 ; DATAB            ;                       ;
; fft16OPT:UUT|radix4:UUT17|y0i_r[-2]               ; Packed Register ; Register Packing ; Timing optimization ; Q         ;                ; fft16OPT:UUT|calc_pot:\gen_pot:3:calc_Z|lpm_mult:Mult1|mult_jgs:auto_generated|mac_mult1 ; DATAA            ;                       ;
; fft16OPT:UUT|radix4:UUT17|y0i_r[-2]               ; Duplicated      ; Register Packing ; Timing optimization ; Q         ;                ; fft16OPT:UUT|radix4:UUT17|y0i_r[-2]~_Duplicate_1                                         ; Q                ;                       ;
; fft16OPT:UUT|radix4:UUT17|y0i_r[-2]~_Duplicate_1  ; Packed Register ; Register Packing ; Timing optimization ; Q         ;                ; fft16OPT:UUT|calc_pot:\gen_pot:3:calc_Z|lpm_mult:Mult1|mult_jgs:auto_generated|mac_mult1 ; DATAB            ;                       ;
; fft16OPT:UUT|radix4:UUT17|y0i_r[-3]               ; Packed Register ; Register Packing ; Timing optimization ; Q         ;                ; fft16OPT:UUT|calc_pot:\gen_pot:3:calc_Z|lpm_mult:Mult1|mult_jgs:auto_generated|mac_mult1 ; DATAA            ;                       ;
; fft16OPT:UUT|radix4:UUT17|y0i_r[-3]               ; Duplicated      ; Register Packing ; Timing optimization ; Q         ;                ; fft16OPT:UUT|radix4:UUT17|y0i_r[-3]~_Duplicate_1                                         ; Q                ;                       ;
; fft16OPT:UUT|radix4:UUT17|y0i_r[-3]~_Duplicate_1  ; Packed Register ; Register Packing ; Timing optimization ; Q         ;                ; fft16OPT:UUT|calc_pot:\gen_pot:3:calc_Z|lpm_mult:Mult1|mult_jgs:auto_generated|mac_mult1 ; DATAB            ;                       ;
; fft16OPT:UUT|radix4:UUT17|y0i_r[-4]               ; Packed Register ; Register Packing ; Timing optimization ; Q         ;                ; fft16OPT:UUT|calc_pot:\gen_pot:3:calc_Z|lpm_mult:Mult1|mult_jgs:auto_generated|mac_mult1 ; DATAA            ;                       ;
; fft16OPT:UUT|radix4:UUT17|y0i_r[-4]               ; Duplicated      ; Register Packing ; Timing optimization ; Q         ;                ; fft16OPT:UUT|radix4:UUT17|y0i_r[-4]~_Duplicate_1                                         ; Q                ;                       ;
; fft16OPT:UUT|radix4:UUT17|y0i_r[-4]~_Duplicate_1  ; Packed Register ; Register Packing ; Timing optimization ; Q         ;                ; fft16OPT:UUT|calc_pot:\gen_pot:3:calc_Z|lpm_mult:Mult1|mult_jgs:auto_generated|mac_mult1 ; DATAB            ;                       ;
; fft16OPT:UUT|radix4:UUT17|y0i_r[-5]               ; Packed Register ; Register Packing ; Timing optimization ; Q         ;                ; fft16OPT:UUT|calc_pot:\gen_pot:3:calc_Z|lpm_mult:Mult1|mult_jgs:auto_generated|mac_mult1 ; DATAA            ;                       ;
; fft16OPT:UUT|radix4:UUT17|y0i_r[-5]               ; Duplicated      ; Register Packing ; Timing optimization ; Q         ;                ; fft16OPT:UUT|radix4:UUT17|y0i_r[-5]~_Duplicate_1                                         ; Q                ;                       ;
; fft16OPT:UUT|radix4:UUT17|y0i_r[-5]~_Duplicate_1  ; Packed Register ; Register Packing ; Timing optimization ; Q         ;                ; fft16OPT:UUT|calc_pot:\gen_pot:3:calc_Z|lpm_mult:Mult1|mult_jgs:auto_generated|mac_mult1 ; DATAB            ;                       ;
; fft16OPT:UUT|radix4:UUT17|y0i_r[-6]               ; Packed Register ; Register Packing ; Timing optimization ; Q         ;                ; fft16OPT:UUT|calc_pot:\gen_pot:3:calc_Z|lpm_mult:Mult1|mult_jgs:auto_generated|mac_mult1 ; DATAA            ;                       ;
; fft16OPT:UUT|radix4:UUT17|y0i_r[-6]               ; Duplicated      ; Register Packing ; Timing optimization ; Q         ;                ; fft16OPT:UUT|radix4:UUT17|y0i_r[-6]~_Duplicate_1                                         ; Q                ;                       ;
; fft16OPT:UUT|radix4:UUT17|y0i_r[-6]~_Duplicate_1  ; Packed Register ; Register Packing ; Timing optimization ; Q         ;                ; fft16OPT:UUT|calc_pot:\gen_pot:3:calc_Z|lpm_mult:Mult1|mult_jgs:auto_generated|mac_mult1 ; DATAB            ;                       ;
; fft16OPT:UUT|radix4:UUT17|y0i_r[-7]               ; Packed Register ; Register Packing ; Timing optimization ; Q         ;                ; fft16OPT:UUT|calc_pot:\gen_pot:3:calc_Z|lpm_mult:Mult1|mult_jgs:auto_generated|mac_mult1 ; DATAA            ;                       ;
; fft16OPT:UUT|radix4:UUT17|y0i_r[-7]               ; Duplicated      ; Register Packing ; Timing optimization ; Q         ;                ; fft16OPT:UUT|radix4:UUT17|y0i_r[-7]~_Duplicate_1                                         ; Q                ;                       ;
; fft16OPT:UUT|radix4:UUT17|y0i_r[-7]~_Duplicate_1  ; Packed Register ; Register Packing ; Timing optimization ; Q         ;                ; fft16OPT:UUT|calc_pot:\gen_pot:3:calc_Z|lpm_mult:Mult1|mult_jgs:auto_generated|mac_mult1 ; DATAB            ;                       ;
; fft16OPT:UUT|radix4:UUT17|y0i_r[-8]               ; Packed Register ; Register Packing ; Timing optimization ; Q         ;                ; fft16OPT:UUT|calc_pot:\gen_pot:3:calc_Z|lpm_mult:Mult1|mult_jgs:auto_generated|mac_mult1 ; DATAA            ;                       ;
; fft16OPT:UUT|radix4:UUT17|y0i_r[-8]               ; Duplicated      ; Register Packing ; Timing optimization ; Q         ;                ; fft16OPT:UUT|radix4:UUT17|y0i_r[-8]~_Duplicate_1                                         ; Q                ;                       ;
; fft16OPT:UUT|radix4:UUT17|y0i_r[-8]~_Duplicate_1  ; Packed Register ; Register Packing ; Timing optimization ; Q         ;                ; fft16OPT:UUT|calc_pot:\gen_pot:3:calc_Z|lpm_mult:Mult1|mult_jgs:auto_generated|mac_mult1 ; DATAB            ;                       ;
; fft16OPT:UUT|radix4:UUT17|y0i_r[-9]               ; Packed Register ; Register Packing ; Timing optimization ; Q         ;                ; fft16OPT:UUT|calc_pot:\gen_pot:3:calc_Z|lpm_mult:Mult1|mult_jgs:auto_generated|mac_mult1 ; DATAA            ;                       ;
; fft16OPT:UUT|radix4:UUT17|y0i_r[-9]               ; Duplicated      ; Register Packing ; Timing optimization ; Q         ;                ; fft16OPT:UUT|radix4:UUT17|y0i_r[-9]~_Duplicate_1                                         ; Q                ;                       ;
; fft16OPT:UUT|radix4:UUT17|y0i_r[-9]~_Duplicate_1  ; Packed Register ; Register Packing ; Timing optimization ; Q         ;                ; fft16OPT:UUT|calc_pot:\gen_pot:3:calc_Z|lpm_mult:Mult1|mult_jgs:auto_generated|mac_mult1 ; DATAB            ;                       ;
; fft16OPT:UUT|radix4:UUT17|y0i_r[-10]              ; Packed Register ; Register Packing ; Timing optimization ; Q         ;                ; fft16OPT:UUT|calc_pot:\gen_pot:3:calc_Z|lpm_mult:Mult1|mult_jgs:auto_generated|mac_mult1 ; DATAA            ;                       ;
; fft16OPT:UUT|radix4:UUT17|y0i_r[-10]              ; Duplicated      ; Register Packing ; Timing optimization ; Q         ;                ; fft16OPT:UUT|radix4:UUT17|y0i_r[-10]~_Duplicate_1                                        ; Q                ;                       ;
; fft16OPT:UUT|radix4:UUT17|y0i_r[-10]~_Duplicate_1 ; Packed Register ; Register Packing ; Timing optimization ; Q         ;                ; fft16OPT:UUT|calc_pot:\gen_pot:3:calc_Z|lpm_mult:Mult1|mult_jgs:auto_generated|mac_mult1 ; DATAB            ;                       ;
; fft16OPT:UUT|radix4:UUT17|y0i_r[-11]              ; Packed Register ; Register Packing ; Timing optimization ; Q         ;                ; fft16OPT:UUT|calc_pot:\gen_pot:3:calc_Z|lpm_mult:Mult1|mult_jgs:auto_generated|mac_mult1 ; DATAA            ;                       ;
; fft16OPT:UUT|radix4:UUT17|y0i_r[-11]              ; Duplicated      ; Register Packing ; Timing optimization ; Q         ;                ; fft16OPT:UUT|radix4:UUT17|y0i_r[-11]~_Duplicate_1                                        ; Q                ;                       ;
; fft16OPT:UUT|radix4:UUT17|y0i_r[-11]~_Duplicate_1 ; Packed Register ; Register Packing ; Timing optimization ; Q         ;                ; fft16OPT:UUT|calc_pot:\gen_pot:3:calc_Z|lpm_mult:Mult1|mult_jgs:auto_generated|mac_mult1 ; DATAB            ;                       ;
; fft16OPT:UUT|radix4:UUT17|y0i_r[0]                ; Packed Register ; Register Packing ; Timing optimization ; Q         ;                ; fft16OPT:UUT|calc_pot:\gen_pot:3:calc_Z|lpm_mult:Mult1|mult_jgs:auto_generated|mac_mult1 ; DATAA            ;                       ;
; fft16OPT:UUT|radix4:UUT17|y0i_r[0]                ; Duplicated      ; Register Packing ; Timing optimization ; Q         ;                ; fft16OPT:UUT|radix4:UUT17|y0i_r[0]~_Duplicate_1                                          ; Q                ;                       ;
; fft16OPT:UUT|radix4:UUT17|y0i_r[0]~_Duplicate_1   ; Packed Register ; Register Packing ; Timing optimization ; Q         ;                ; fft16OPT:UUT|calc_pot:\gen_pot:3:calc_Z|lpm_mult:Mult1|mult_jgs:auto_generated|mac_mult1 ; DATAB            ;                       ;
; fft16OPT:UUT|radix4:UUT17|y0r_r[-1]               ; Packed Register ; Register Packing ; Timing optimization ; Q         ;                ; fft16OPT:UUT|calc_pot:\gen_pot:3:calc_Z|lpm_mult:Mult0|mult_jgs:auto_generated|mac_mult1 ; DATAA            ;                       ;
; fft16OPT:UUT|radix4:UUT17|y0r_r[-1]               ; Duplicated      ; Register Packing ; Timing optimization ; Q         ;                ; fft16OPT:UUT|radix4:UUT17|y0r_r[-1]~_Duplicate_1                                         ; Q                ;                       ;
; fft16OPT:UUT|radix4:UUT17|y0r_r[-1]~_Duplicate_1  ; Packed Register ; Register Packing ; Timing optimization ; Q         ;                ; fft16OPT:UUT|calc_pot:\gen_pot:3:calc_Z|lpm_mult:Mult0|mult_jgs:auto_generated|mac_mult1 ; DATAB            ;                       ;
; fft16OPT:UUT|radix4:UUT17|y0r_r[-2]               ; Packed Register ; Register Packing ; Timing optimization ; Q         ;                ; fft16OPT:UUT|calc_pot:\gen_pot:3:calc_Z|lpm_mult:Mult0|mult_jgs:auto_generated|mac_mult1 ; DATAA            ;                       ;
; fft16OPT:UUT|radix4:UUT17|y0r_r[-2]               ; Duplicated      ; Register Packing ; Timing optimization ; Q         ;                ; fft16OPT:UUT|radix4:UUT17|y0r_r[-2]~_Duplicate_1                                         ; Q                ;                       ;
; fft16OPT:UUT|radix4:UUT17|y0r_r[-2]~_Duplicate_1  ; Packed Register ; Register Packing ; Timing optimization ; Q         ;                ; fft16OPT:UUT|calc_pot:\gen_pot:3:calc_Z|lpm_mult:Mult0|mult_jgs:auto_generated|mac_mult1 ; DATAB            ;                       ;
; fft16OPT:UUT|radix4:UUT17|y0r_r[-3]               ; Packed Register ; Register Packing ; Timing optimization ; Q         ;                ; fft16OPT:UUT|calc_pot:\gen_pot:3:calc_Z|lpm_mult:Mult0|mult_jgs:auto_generated|mac_mult1 ; DATAA            ;                       ;
; fft16OPT:UUT|radix4:UUT17|y0r_r[-3]               ; Duplicated      ; Register Packing ; Timing optimization ; Q         ;                ; fft16OPT:UUT|radix4:UUT17|y0r_r[-3]~_Duplicate_1                                         ; Q                ;                       ;
; fft16OPT:UUT|radix4:UUT17|y0r_r[-3]~_Duplicate_1  ; Packed Register ; Register Packing ; Timing optimization ; Q         ;                ; fft16OPT:UUT|calc_pot:\gen_pot:3:calc_Z|lpm_mult:Mult0|mult_jgs:auto_generated|mac_mult1 ; DATAB            ;                       ;
; fft16OPT:UUT|radix4:UUT17|y0r_r[-4]               ; Packed Register ; Register Packing ; Timing optimization ; Q         ;                ; fft16OPT:UUT|calc_pot:\gen_pot:3:calc_Z|lpm_mult:Mult0|mult_jgs:auto_generated|mac_mult1 ; DATAA            ;                       ;
; fft16OPT:UUT|radix4:UUT17|y0r_r[-4]               ; Duplicated      ; Register Packing ; Timing optimization ; Q         ;                ; fft16OPT:UUT|radix4:UUT17|y0r_r[-4]~_Duplicate_1                                         ; Q                ;                       ;
; fft16OPT:UUT|radix4:UUT17|y0r_r[-4]~_Duplicate_1  ; Packed Register ; Register Packing ; Timing optimization ; Q         ;                ; fft16OPT:UUT|calc_pot:\gen_pot:3:calc_Z|lpm_mult:Mult0|mult_jgs:auto_generated|mac_mult1 ; DATAB            ;                       ;
; fft16OPT:UUT|radix4:UUT17|y0r_r[-5]               ; Packed Register ; Register Packing ; Timing optimization ; Q         ;                ; fft16OPT:UUT|calc_pot:\gen_pot:3:calc_Z|lpm_mult:Mult0|mult_jgs:auto_generated|mac_mult1 ; DATAA            ;                       ;
; fft16OPT:UUT|radix4:UUT17|y0r_r[-5]               ; Duplicated      ; Register Packing ; Timing optimization ; Q         ;                ; fft16OPT:UUT|radix4:UUT17|y0r_r[-5]~_Duplicate_1                                         ; Q                ;                       ;
; fft16OPT:UUT|radix4:UUT17|y0r_r[-5]~_Duplicate_1  ; Packed Register ; Register Packing ; Timing optimization ; Q         ;                ; fft16OPT:UUT|calc_pot:\gen_pot:3:calc_Z|lpm_mult:Mult0|mult_jgs:auto_generated|mac_mult1 ; DATAB            ;                       ;
; fft16OPT:UUT|radix4:UUT17|y0r_r[-6]               ; Packed Register ; Register Packing ; Timing optimization ; Q         ;                ; fft16OPT:UUT|calc_pot:\gen_pot:3:calc_Z|lpm_mult:Mult0|mult_jgs:auto_generated|mac_mult1 ; DATAA            ;                       ;
; fft16OPT:UUT|radix4:UUT17|y0r_r[-6]               ; Duplicated      ; Register Packing ; Timing optimization ; Q         ;                ; fft16OPT:UUT|radix4:UUT17|y0r_r[-6]~_Duplicate_1                                         ; Q                ;                       ;
; fft16OPT:UUT|radix4:UUT17|y0r_r[-6]~_Duplicate_1  ; Packed Register ; Register Packing ; Timing optimization ; Q         ;                ; fft16OPT:UUT|calc_pot:\gen_pot:3:calc_Z|lpm_mult:Mult0|mult_jgs:auto_generated|mac_mult1 ; DATAB            ;                       ;
; fft16OPT:UUT|radix4:UUT17|y0r_r[-7]               ; Packed Register ; Register Packing ; Timing optimization ; Q         ;                ; fft16OPT:UUT|calc_pot:\gen_pot:3:calc_Z|lpm_mult:Mult0|mult_jgs:auto_generated|mac_mult1 ; DATAA            ;                       ;
; fft16OPT:UUT|radix4:UUT17|y0r_r[-7]               ; Duplicated      ; Register Packing ; Timing optimization ; Q         ;                ; fft16OPT:UUT|radix4:UUT17|y0r_r[-7]~_Duplicate_1                                         ; Q                ;                       ;
; fft16OPT:UUT|radix4:UUT17|y0r_r[-7]~_Duplicate_1  ; Packed Register ; Register Packing ; Timing optimization ; Q         ;                ; fft16OPT:UUT|calc_pot:\gen_pot:3:calc_Z|lpm_mult:Mult0|mult_jgs:auto_generated|mac_mult1 ; DATAB            ;                       ;
; fft16OPT:UUT|radix4:UUT17|y0r_r[-8]               ; Packed Register ; Register Packing ; Timing optimization ; Q         ;                ; fft16OPT:UUT|calc_pot:\gen_pot:3:calc_Z|lpm_mult:Mult0|mult_jgs:auto_generated|mac_mult1 ; DATAA            ;                       ;
; fft16OPT:UUT|radix4:UUT17|y0r_r[-8]               ; Duplicated      ; Register Packing ; Timing optimization ; Q         ;                ; fft16OPT:UUT|radix4:UUT17|y0r_r[-8]~_Duplicate_1                                         ; Q                ;                       ;
; fft16OPT:UUT|radix4:UUT17|y0r_r[-8]~_Duplicate_1  ; Packed Register ; Register Packing ; Timing optimization ; Q         ;                ; fft16OPT:UUT|calc_pot:\gen_pot:3:calc_Z|lpm_mult:Mult0|mult_jgs:auto_generated|mac_mult1 ; DATAB            ;                       ;
; fft16OPT:UUT|radix4:UUT17|y0r_r[-9]               ; Packed Register ; Register Packing ; Timing optimization ; Q         ;                ; fft16OPT:UUT|calc_pot:\gen_pot:3:calc_Z|lpm_mult:Mult0|mult_jgs:auto_generated|mac_mult1 ; DATAA            ;                       ;
; fft16OPT:UUT|radix4:UUT17|y0r_r[-9]               ; Duplicated      ; Register Packing ; Timing optimization ; Q         ;                ; fft16OPT:UUT|radix4:UUT17|y0r_r[-9]~_Duplicate_1                                         ; Q                ;                       ;
; fft16OPT:UUT|radix4:UUT17|y0r_r[-9]~_Duplicate_1  ; Packed Register ; Register Packing ; Timing optimization ; Q         ;                ; fft16OPT:UUT|calc_pot:\gen_pot:3:calc_Z|lpm_mult:Mult0|mult_jgs:auto_generated|mac_mult1 ; DATAB            ;                       ;
; fft16OPT:UUT|radix4:UUT17|y0r_r[-10]              ; Packed Register ; Register Packing ; Timing optimization ; Q         ;                ; fft16OPT:UUT|calc_pot:\gen_pot:3:calc_Z|lpm_mult:Mult0|mult_jgs:auto_generated|mac_mult1 ; DATAA            ;                       ;
; fft16OPT:UUT|radix4:UUT17|y0r_r[-10]              ; Duplicated      ; Register Packing ; Timing optimization ; Q         ;                ; fft16OPT:UUT|radix4:UUT17|y0r_r[-10]~_Duplicate_1                                        ; Q                ;                       ;
; fft16OPT:UUT|radix4:UUT17|y0r_r[-10]~_Duplicate_1 ; Packed Register ; Register Packing ; Timing optimization ; Q         ;                ; fft16OPT:UUT|calc_pot:\gen_pot:3:calc_Z|lpm_mult:Mult0|mult_jgs:auto_generated|mac_mult1 ; DATAB            ;                       ;
; fft16OPT:UUT|radix4:UUT17|y0r_r[-11]              ; Packed Register ; Register Packing ; Timing optimization ; Q         ;                ; fft16OPT:UUT|calc_pot:\gen_pot:3:calc_Z|lpm_mult:Mult0|mult_jgs:auto_generated|mac_mult1 ; DATAA            ;                       ;
; fft16OPT:UUT|radix4:UUT17|y0r_r[-11]              ; Duplicated      ; Register Packing ; Timing optimization ; Q         ;                ; fft16OPT:UUT|radix4:UUT17|y0r_r[-11]~_Duplicate_1                                        ; Q                ;                       ;
; fft16OPT:UUT|radix4:UUT17|y0r_r[-11]~_Duplicate_1 ; Packed Register ; Register Packing ; Timing optimization ; Q         ;                ; fft16OPT:UUT|calc_pot:\gen_pot:3:calc_Z|lpm_mult:Mult0|mult_jgs:auto_generated|mac_mult1 ; DATAB            ;                       ;
; fft16OPT:UUT|radix4:UUT17|y0r_r[0]                ; Packed Register ; Register Packing ; Timing optimization ; Q         ;                ; fft16OPT:UUT|calc_pot:\gen_pot:3:calc_Z|lpm_mult:Mult0|mult_jgs:auto_generated|mac_mult1 ; DATAA            ;                       ;
; fft16OPT:UUT|radix4:UUT17|y0r_r[0]                ; Duplicated      ; Register Packing ; Timing optimization ; Q         ;                ; fft16OPT:UUT|radix4:UUT17|y0r_r[0]~_Duplicate_1                                          ; Q                ;                       ;
; fft16OPT:UUT|radix4:UUT17|y0r_r[0]~_Duplicate_1   ; Packed Register ; Register Packing ; Timing optimization ; Q         ;                ; fft16OPT:UUT|calc_pot:\gen_pot:3:calc_Z|lpm_mult:Mult0|mult_jgs:auto_generated|mac_mult1 ; DATAB            ;                       ;
; fft16OPT:UUT|radix4:UUT17|y1i_r[-1]               ; Packed Register ; Register Packing ; Timing optimization ; Q         ;                ; fft16OPT:UUT|calc_pot:\gen_pot:7:calc_Z|lpm_mult:Mult1|mult_jgs:auto_generated|mac_mult1 ; DATAA            ;                       ;
; fft16OPT:UUT|radix4:UUT17|y1i_r[-1]               ; Duplicated      ; Register Packing ; Timing optimization ; Q         ;                ; fft16OPT:UUT|radix4:UUT17|y1i_r[-1]~_Duplicate_1                                         ; Q                ;                       ;
; fft16OPT:UUT|radix4:UUT17|y1i_r[-1]~_Duplicate_1  ; Packed Register ; Register Packing ; Timing optimization ; Q         ;                ; fft16OPT:UUT|calc_pot:\gen_pot:7:calc_Z|lpm_mult:Mult1|mult_jgs:auto_generated|mac_mult1 ; DATAB            ;                       ;
; fft16OPT:UUT|radix4:UUT17|y1i_r[-2]               ; Packed Register ; Register Packing ; Timing optimization ; Q         ;                ; fft16OPT:UUT|calc_pot:\gen_pot:7:calc_Z|lpm_mult:Mult1|mult_jgs:auto_generated|mac_mult1 ; DATAA            ;                       ;
; fft16OPT:UUT|radix4:UUT17|y1i_r[-2]               ; Duplicated      ; Register Packing ; Timing optimization ; Q         ;                ; fft16OPT:UUT|radix4:UUT17|y1i_r[-2]~_Duplicate_1                                         ; Q                ;                       ;
; fft16OPT:UUT|radix4:UUT17|y1i_r[-2]~_Duplicate_1  ; Packed Register ; Register Packing ; Timing optimization ; Q         ;                ; fft16OPT:UUT|calc_pot:\gen_pot:7:calc_Z|lpm_mult:Mult1|mult_jgs:auto_generated|mac_mult1 ; DATAB            ;                       ;
; fft16OPT:UUT|radix4:UUT17|y1i_r[-3]               ; Packed Register ; Register Packing ; Timing optimization ; Q         ;                ; fft16OPT:UUT|calc_pot:\gen_pot:7:calc_Z|lpm_mult:Mult1|mult_jgs:auto_generated|mac_mult1 ; DATAA            ;                       ;
; fft16OPT:UUT|radix4:UUT17|y1i_r[-3]               ; Duplicated      ; Register Packing ; Timing optimization ; Q         ;                ; fft16OPT:UUT|radix4:UUT17|y1i_r[-3]~_Duplicate_1                                         ; Q                ;                       ;
; fft16OPT:UUT|radix4:UUT17|y1i_r[-3]~_Duplicate_1  ; Packed Register ; Register Packing ; Timing optimization ; Q         ;                ; fft16OPT:UUT|calc_pot:\gen_pot:7:calc_Z|lpm_mult:Mult1|mult_jgs:auto_generated|mac_mult1 ; DATAB            ;                       ;
; fft16OPT:UUT|radix4:UUT17|y1i_r[-4]               ; Packed Register ; Register Packing ; Timing optimization ; Q         ;                ; fft16OPT:UUT|calc_pot:\gen_pot:7:calc_Z|lpm_mult:Mult1|mult_jgs:auto_generated|mac_mult1 ; DATAA            ;                       ;
; fft16OPT:UUT|radix4:UUT17|y1i_r[-4]               ; Duplicated      ; Register Packing ; Timing optimization ; Q         ;                ; fft16OPT:UUT|radix4:UUT17|y1i_r[-4]~_Duplicate_1                                         ; Q                ;                       ;
; fft16OPT:UUT|radix4:UUT17|y1i_r[-4]~_Duplicate_1  ; Packed Register ; Register Packing ; Timing optimization ; Q         ;                ; fft16OPT:UUT|calc_pot:\gen_pot:7:calc_Z|lpm_mult:Mult1|mult_jgs:auto_generated|mac_mult1 ; DATAB            ;                       ;
; fft16OPT:UUT|radix4:UUT17|y1i_r[-5]               ; Packed Register ; Register Packing ; Timing optimization ; Q         ;                ; fft16OPT:UUT|calc_pot:\gen_pot:7:calc_Z|lpm_mult:Mult1|mult_jgs:auto_generated|mac_mult1 ; DATAA            ;                       ;
; fft16OPT:UUT|radix4:UUT17|y1i_r[-5]               ; Duplicated      ; Register Packing ; Timing optimization ; Q         ;                ; fft16OPT:UUT|radix4:UUT17|y1i_r[-5]~_Duplicate_1                                         ; Q                ;                       ;
; fft16OPT:UUT|radix4:UUT17|y1i_r[-5]~_Duplicate_1  ; Packed Register ; Register Packing ; Timing optimization ; Q         ;                ; fft16OPT:UUT|calc_pot:\gen_pot:7:calc_Z|lpm_mult:Mult1|mult_jgs:auto_generated|mac_mult1 ; DATAB            ;                       ;
; fft16OPT:UUT|radix4:UUT17|y1i_r[-6]               ; Packed Register ; Register Packing ; Timing optimization ; Q         ;                ; fft16OPT:UUT|calc_pot:\gen_pot:7:calc_Z|lpm_mult:Mult1|mult_jgs:auto_generated|mac_mult1 ; DATAA            ;                       ;
; fft16OPT:UUT|radix4:UUT17|y1i_r[-6]               ; Duplicated      ; Register Packing ; Timing optimization ; Q         ;                ; fft16OPT:UUT|radix4:UUT17|y1i_r[-6]~_Duplicate_1                                         ; Q                ;                       ;
; fft16OPT:UUT|radix4:UUT17|y1i_r[-6]~_Duplicate_1  ; Packed Register ; Register Packing ; Timing optimization ; Q         ;                ; fft16OPT:UUT|calc_pot:\gen_pot:7:calc_Z|lpm_mult:Mult1|mult_jgs:auto_generated|mac_mult1 ; DATAB            ;                       ;
; fft16OPT:UUT|radix4:UUT17|y1i_r[-7]               ; Packed Register ; Register Packing ; Timing optimization ; Q         ;                ; fft16OPT:UUT|calc_pot:\gen_pot:7:calc_Z|lpm_mult:Mult1|mult_jgs:auto_generated|mac_mult1 ; DATAA            ;                       ;
; fft16OPT:UUT|radix4:UUT17|y1i_r[-7]               ; Duplicated      ; Register Packing ; Timing optimization ; Q         ;                ; fft16OPT:UUT|radix4:UUT17|y1i_r[-7]~_Duplicate_1                                         ; Q                ;                       ;
; fft16OPT:UUT|radix4:UUT17|y1i_r[-7]~_Duplicate_1  ; Packed Register ; Register Packing ; Timing optimization ; Q         ;                ; fft16OPT:UUT|calc_pot:\gen_pot:7:calc_Z|lpm_mult:Mult1|mult_jgs:auto_generated|mac_mult1 ; DATAB            ;                       ;
; fft16OPT:UUT|radix4:UUT17|y1i_r[-8]               ; Packed Register ; Register Packing ; Timing optimization ; Q         ;                ; fft16OPT:UUT|calc_pot:\gen_pot:7:calc_Z|lpm_mult:Mult1|mult_jgs:auto_generated|mac_mult1 ; DATAA            ;                       ;
; fft16OPT:UUT|radix4:UUT17|y1i_r[-8]               ; Duplicated      ; Register Packing ; Timing optimization ; Q         ;                ; fft16OPT:UUT|radix4:UUT17|y1i_r[-8]~_Duplicate_1                                         ; Q                ;                       ;
; fft16OPT:UUT|radix4:UUT17|y1i_r[-8]~_Duplicate_1  ; Packed Register ; Register Packing ; Timing optimization ; Q         ;                ; fft16OPT:UUT|calc_pot:\gen_pot:7:calc_Z|lpm_mult:Mult1|mult_jgs:auto_generated|mac_mult1 ; DATAB            ;                       ;
; fft16OPT:UUT|radix4:UUT17|y1i_r[-9]               ; Packed Register ; Register Packing ; Timing optimization ; Q         ;                ; fft16OPT:UUT|calc_pot:\gen_pot:7:calc_Z|lpm_mult:Mult1|mult_jgs:auto_generated|mac_mult1 ; DATAA            ;                       ;
; fft16OPT:UUT|radix4:UUT17|y1i_r[-9]               ; Duplicated      ; Register Packing ; Timing optimization ; Q         ;                ; fft16OPT:UUT|radix4:UUT17|y1i_r[-9]~_Duplicate_1                                         ; Q                ;                       ;
; fft16OPT:UUT|radix4:UUT17|y1i_r[-9]~_Duplicate_1  ; Packed Register ; Register Packing ; Timing optimization ; Q         ;                ; fft16OPT:UUT|calc_pot:\gen_pot:7:calc_Z|lpm_mult:Mult1|mult_jgs:auto_generated|mac_mult1 ; DATAB            ;                       ;
; fft16OPT:UUT|radix4:UUT17|y1i_r[-10]              ; Packed Register ; Register Packing ; Timing optimization ; Q         ;                ; fft16OPT:UUT|calc_pot:\gen_pot:7:calc_Z|lpm_mult:Mult1|mult_jgs:auto_generated|mac_mult1 ; DATAA            ;                       ;
; fft16OPT:UUT|radix4:UUT17|y1i_r[-10]              ; Duplicated      ; Register Packing ; Timing optimization ; Q         ;                ; fft16OPT:UUT|radix4:UUT17|y1i_r[-10]~_Duplicate_1                                        ; Q                ;                       ;
; fft16OPT:UUT|radix4:UUT17|y1i_r[-10]~_Duplicate_1 ; Packed Register ; Register Packing ; Timing optimization ; Q         ;                ; fft16OPT:UUT|calc_pot:\gen_pot:7:calc_Z|lpm_mult:Mult1|mult_jgs:auto_generated|mac_mult1 ; DATAB            ;                       ;
; fft16OPT:UUT|radix4:UUT17|y1i_r[-11]              ; Packed Register ; Register Packing ; Timing optimization ; Q         ;                ; fft16OPT:UUT|calc_pot:\gen_pot:7:calc_Z|lpm_mult:Mult1|mult_jgs:auto_generated|mac_mult1 ; DATAA            ;                       ;
; fft16OPT:UUT|radix4:UUT17|y1i_r[-11]              ; Duplicated      ; Register Packing ; Timing optimization ; Q         ;                ; fft16OPT:UUT|radix4:UUT17|y1i_r[-11]~_Duplicate_1                                        ; Q                ;                       ;
; fft16OPT:UUT|radix4:UUT17|y1i_r[-11]~_Duplicate_1 ; Packed Register ; Register Packing ; Timing optimization ; Q         ;                ; fft16OPT:UUT|calc_pot:\gen_pot:7:calc_Z|lpm_mult:Mult1|mult_jgs:auto_generated|mac_mult1 ; DATAB            ;                       ;
; fft16OPT:UUT|radix4:UUT17|y1i_r[0]                ; Packed Register ; Register Packing ; Timing optimization ; Q         ;                ; fft16OPT:UUT|calc_pot:\gen_pot:7:calc_Z|lpm_mult:Mult1|mult_jgs:auto_generated|mac_mult1 ; DATAA            ;                       ;
; fft16OPT:UUT|radix4:UUT17|y1i_r[0]                ; Duplicated      ; Register Packing ; Timing optimization ; Q         ;                ; fft16OPT:UUT|radix4:UUT17|y1i_r[0]~_Duplicate_1                                          ; Q                ;                       ;
; fft16OPT:UUT|radix4:UUT17|y1i_r[0]~_Duplicate_1   ; Packed Register ; Register Packing ; Timing optimization ; Q         ;                ; fft16OPT:UUT|calc_pot:\gen_pot:7:calc_Z|lpm_mult:Mult1|mult_jgs:auto_generated|mac_mult1 ; DATAB            ;                       ;
; fft16OPT:UUT|radix4:UUT17|y1r_r[-1]               ; Packed Register ; Register Packing ; Timing optimization ; Q         ;                ; fft16OPT:UUT|calc_pot:\gen_pot:7:calc_Z|lpm_mult:Mult0|mult_jgs:auto_generated|mac_mult1 ; DATAA            ;                       ;
; fft16OPT:UUT|radix4:UUT17|y1r_r[-1]               ; Duplicated      ; Register Packing ; Timing optimization ; Q         ;                ; fft16OPT:UUT|radix4:UUT17|y1r_r[-1]~_Duplicate_1                                         ; Q                ;                       ;
; fft16OPT:UUT|radix4:UUT17|y1r_r[-1]~_Duplicate_1  ; Packed Register ; Register Packing ; Timing optimization ; Q         ;                ; fft16OPT:UUT|calc_pot:\gen_pot:7:calc_Z|lpm_mult:Mult0|mult_jgs:auto_generated|mac_mult1 ; DATAB            ;                       ;
; fft16OPT:UUT|radix4:UUT17|y1r_r[-2]               ; Packed Register ; Register Packing ; Timing optimization ; Q         ;                ; fft16OPT:UUT|calc_pot:\gen_pot:7:calc_Z|lpm_mult:Mult0|mult_jgs:auto_generated|mac_mult1 ; DATAA            ;                       ;
; fft16OPT:UUT|radix4:UUT17|y1r_r[-2]               ; Duplicated      ; Register Packing ; Timing optimization ; Q         ;                ; fft16OPT:UUT|radix4:UUT17|y1r_r[-2]~_Duplicate_1                                         ; Q                ;                       ;
; fft16OPT:UUT|radix4:UUT17|y1r_r[-2]~_Duplicate_1  ; Packed Register ; Register Packing ; Timing optimization ; Q         ;                ; fft16OPT:UUT|calc_pot:\gen_pot:7:calc_Z|lpm_mult:Mult0|mult_jgs:auto_generated|mac_mult1 ; DATAB            ;                       ;
; fft16OPT:UUT|radix4:UUT17|y1r_r[-3]               ; Packed Register ; Register Packing ; Timing optimization ; Q         ;                ; fft16OPT:UUT|calc_pot:\gen_pot:7:calc_Z|lpm_mult:Mult0|mult_jgs:auto_generated|mac_mult1 ; DATAA            ;                       ;
; fft16OPT:UUT|radix4:UUT17|y1r_r[-3]               ; Duplicated      ; Register Packing ; Timing optimization ; Q         ;                ; fft16OPT:UUT|radix4:UUT17|y1r_r[-3]~_Duplicate_1                                         ; Q                ;                       ;
; fft16OPT:UUT|radix4:UUT17|y1r_r[-3]~_Duplicate_1  ; Packed Register ; Register Packing ; Timing optimization ; Q         ;                ; fft16OPT:UUT|calc_pot:\gen_pot:7:calc_Z|lpm_mult:Mult0|mult_jgs:auto_generated|mac_mult1 ; DATAB            ;                       ;
; fft16OPT:UUT|radix4:UUT17|y1r_r[-4]               ; Packed Register ; Register Packing ; Timing optimization ; Q         ;                ; fft16OPT:UUT|calc_pot:\gen_pot:7:calc_Z|lpm_mult:Mult0|mult_jgs:auto_generated|mac_mult1 ; DATAA            ;                       ;
; fft16OPT:UUT|radix4:UUT17|y1r_r[-4]               ; Duplicated      ; Register Packing ; Timing optimization ; Q         ;                ; fft16OPT:UUT|radix4:UUT17|y1r_r[-4]~_Duplicate_1                                         ; Q                ;                       ;
; fft16OPT:UUT|radix4:UUT17|y1r_r[-4]~_Duplicate_1  ; Packed Register ; Register Packing ; Timing optimization ; Q         ;                ; fft16OPT:UUT|calc_pot:\gen_pot:7:calc_Z|lpm_mult:Mult0|mult_jgs:auto_generated|mac_mult1 ; DATAB            ;                       ;
; fft16OPT:UUT|radix4:UUT17|y1r_r[-5]               ; Packed Register ; Register Packing ; Timing optimization ; Q         ;                ; fft16OPT:UUT|calc_pot:\gen_pot:7:calc_Z|lpm_mult:Mult0|mult_jgs:auto_generated|mac_mult1 ; DATAA            ;                       ;
; fft16OPT:UUT|radix4:UUT17|y1r_r[-5]               ; Duplicated      ; Register Packing ; Timing optimization ; Q         ;                ; fft16OPT:UUT|radix4:UUT17|y1r_r[-5]~_Duplicate_1                                         ; Q                ;                       ;
; fft16OPT:UUT|radix4:UUT17|y1r_r[-5]~_Duplicate_1  ; Packed Register ; Register Packing ; Timing optimization ; Q         ;                ; fft16OPT:UUT|calc_pot:\gen_pot:7:calc_Z|lpm_mult:Mult0|mult_jgs:auto_generated|mac_mult1 ; DATAB            ;                       ;
; fft16OPT:UUT|radix4:UUT17|y1r_r[-6]               ; Packed Register ; Register Packing ; Timing optimization ; Q         ;                ; fft16OPT:UUT|calc_pot:\gen_pot:7:calc_Z|lpm_mult:Mult0|mult_jgs:auto_generated|mac_mult1 ; DATAA            ;                       ;
; fft16OPT:UUT|radix4:UUT17|y1r_r[-6]               ; Duplicated      ; Register Packing ; Timing optimization ; Q         ;                ; fft16OPT:UUT|radix4:UUT17|y1r_r[-6]~_Duplicate_1                                         ; Q                ;                       ;
; fft16OPT:UUT|radix4:UUT17|y1r_r[-6]~_Duplicate_1  ; Packed Register ; Register Packing ; Timing optimization ; Q         ;                ; fft16OPT:UUT|calc_pot:\gen_pot:7:calc_Z|lpm_mult:Mult0|mult_jgs:auto_generated|mac_mult1 ; DATAB            ;                       ;
; fft16OPT:UUT|radix4:UUT17|y1r_r[-7]               ; Packed Register ; Register Packing ; Timing optimization ; Q         ;                ; fft16OPT:UUT|calc_pot:\gen_pot:7:calc_Z|lpm_mult:Mult0|mult_jgs:auto_generated|mac_mult1 ; DATAA            ;                       ;
; fft16OPT:UUT|radix4:UUT17|y1r_r[-7]               ; Duplicated      ; Register Packing ; Timing optimization ; Q         ;                ; fft16OPT:UUT|radix4:UUT17|y1r_r[-7]~_Duplicate_1                                         ; Q                ;                       ;
; fft16OPT:UUT|radix4:UUT17|y1r_r[-7]~_Duplicate_1  ; Packed Register ; Register Packing ; Timing optimization ; Q         ;                ; fft16OPT:UUT|calc_pot:\gen_pot:7:calc_Z|lpm_mult:Mult0|mult_jgs:auto_generated|mac_mult1 ; DATAB            ;                       ;
; fft16OPT:UUT|radix4:UUT17|y1r_r[-8]               ; Packed Register ; Register Packing ; Timing optimization ; Q         ;                ; fft16OPT:UUT|calc_pot:\gen_pot:7:calc_Z|lpm_mult:Mult0|mult_jgs:auto_generated|mac_mult1 ; DATAA            ;                       ;
; fft16OPT:UUT|radix4:UUT17|y1r_r[-8]               ; Duplicated      ; Register Packing ; Timing optimization ; Q         ;                ; fft16OPT:UUT|radix4:UUT17|y1r_r[-8]~_Duplicate_1                                         ; Q                ;                       ;
; fft16OPT:UUT|radix4:UUT17|y1r_r[-8]~_Duplicate_1  ; Packed Register ; Register Packing ; Timing optimization ; Q         ;                ; fft16OPT:UUT|calc_pot:\gen_pot:7:calc_Z|lpm_mult:Mult0|mult_jgs:auto_generated|mac_mult1 ; DATAB            ;                       ;
; fft16OPT:UUT|radix4:UUT17|y1r_r[-9]               ; Packed Register ; Register Packing ; Timing optimization ; Q         ;                ; fft16OPT:UUT|calc_pot:\gen_pot:7:calc_Z|lpm_mult:Mult0|mult_jgs:auto_generated|mac_mult1 ; DATAA            ;                       ;
; fft16OPT:UUT|radix4:UUT17|y1r_r[-9]               ; Duplicated      ; Register Packing ; Timing optimization ; Q         ;                ; fft16OPT:UUT|radix4:UUT17|y1r_r[-9]~_Duplicate_1                                         ; Q                ;                       ;
; fft16OPT:UUT|radix4:UUT17|y1r_r[-9]~_Duplicate_1  ; Packed Register ; Register Packing ; Timing optimization ; Q         ;                ; fft16OPT:UUT|calc_pot:\gen_pot:7:calc_Z|lpm_mult:Mult0|mult_jgs:auto_generated|mac_mult1 ; DATAB            ;                       ;
; fft16OPT:UUT|radix4:UUT17|y1r_r[-10]              ; Packed Register ; Register Packing ; Timing optimization ; Q         ;                ; fft16OPT:UUT|calc_pot:\gen_pot:7:calc_Z|lpm_mult:Mult0|mult_jgs:auto_generated|mac_mult1 ; DATAA            ;                       ;
; fft16OPT:UUT|radix4:UUT17|y1r_r[-10]              ; Duplicated      ; Register Packing ; Timing optimization ; Q         ;                ; fft16OPT:UUT|radix4:UUT17|y1r_r[-10]~_Duplicate_1                                        ; Q                ;                       ;
; fft16OPT:UUT|radix4:UUT17|y1r_r[-10]~_Duplicate_1 ; Packed Register ; Register Packing ; Timing optimization ; Q         ;                ; fft16OPT:UUT|calc_pot:\gen_pot:7:calc_Z|lpm_mult:Mult0|mult_jgs:auto_generated|mac_mult1 ; DATAB            ;                       ;
; fft16OPT:UUT|radix4:UUT17|y1r_r[-11]              ; Packed Register ; Register Packing ; Timing optimization ; Q         ;                ; fft16OPT:UUT|calc_pot:\gen_pot:7:calc_Z|lpm_mult:Mult0|mult_jgs:auto_generated|mac_mult1 ; DATAA            ;                       ;
; fft16OPT:UUT|radix4:UUT17|y1r_r[-11]              ; Duplicated      ; Register Packing ; Timing optimization ; Q         ;                ; fft16OPT:UUT|radix4:UUT17|y1r_r[-11]~_Duplicate_1                                        ; Q                ;                       ;
; fft16OPT:UUT|radix4:UUT17|y1r_r[-11]~_Duplicate_1 ; Packed Register ; Register Packing ; Timing optimization ; Q         ;                ; fft16OPT:UUT|calc_pot:\gen_pot:7:calc_Z|lpm_mult:Mult0|mult_jgs:auto_generated|mac_mult1 ; DATAB            ;                       ;
; fft16OPT:UUT|radix4:UUT17|y1r_r[0]                ; Packed Register ; Register Packing ; Timing optimization ; Q         ;                ; fft16OPT:UUT|calc_pot:\gen_pot:7:calc_Z|lpm_mult:Mult0|mult_jgs:auto_generated|mac_mult1 ; DATAA            ;                       ;
; fft16OPT:UUT|radix4:UUT17|y1r_r[0]                ; Duplicated      ; Register Packing ; Timing optimization ; Q         ;                ; fft16OPT:UUT|radix4:UUT17|y1r_r[0]~_Duplicate_1                                          ; Q                ;                       ;
; fft16OPT:UUT|radix4:UUT17|y1r_r[0]~_Duplicate_1   ; Packed Register ; Register Packing ; Timing optimization ; Q         ;                ; fft16OPT:UUT|calc_pot:\gen_pot:7:calc_Z|lpm_mult:Mult0|mult_jgs:auto_generated|mac_mult1 ; DATAB            ;                       ;
+---------------------------------------------------+-----------------+------------------+---------------------+-----------+----------------+------------------------------------------------------------------------------------------+------------------+-----------------------+


+---------------------------------------------------------------------------------------------------------+
; Ignored Assignments                                                                                     ;
+--------------+----------------+--------------+-----------------+-----------------------+----------------+
; Name         ; Ignored Entity ; Ignored From ; Ignored To      ; Ignored Value         ; Ignored Source ;
+--------------+----------------+--------------+-----------------+-----------------------+----------------+
; Location     ;                ;              ; ADC_CLK_10      ; PIN_N5                ; QSF Assignment ;
; Location     ;                ;              ; ARDUINO_IO[0]   ; PIN_AB5               ; QSF Assignment ;
; Location     ;                ;              ; ARDUINO_IO[10]  ; PIN_AB19              ; QSF Assignment ;
; Location     ;                ;              ; ARDUINO_IO[11]  ; PIN_AA19              ; QSF Assignment ;
; Location     ;                ;              ; ARDUINO_IO[12]  ; PIN_Y19               ; QSF Assignment ;
; Location     ;                ;              ; ARDUINO_IO[13]  ; PIN_AB20              ; QSF Assignment ;
; Location     ;                ;              ; ARDUINO_IO[14]  ; PIN_AB21              ; QSF Assignment ;
; Location     ;                ;              ; ARDUINO_IO[15]  ; PIN_AA20              ; QSF Assignment ;
; Location     ;                ;              ; ARDUINO_IO[1]   ; PIN_AB6               ; QSF Assignment ;
; Location     ;                ;              ; ARDUINO_IO[2]   ; PIN_AB7               ; QSF Assignment ;
; Location     ;                ;              ; ARDUINO_IO[3]   ; PIN_AB8               ; QSF Assignment ;
; Location     ;                ;              ; ARDUINO_IO[4]   ; PIN_AB9               ; QSF Assignment ;
; Location     ;                ;              ; ARDUINO_IO[5]   ; PIN_Y10               ; QSF Assignment ;
; Location     ;                ;              ; ARDUINO_IO[6]   ; PIN_AA11              ; QSF Assignment ;
; Location     ;                ;              ; ARDUINO_IO[7]   ; PIN_AA12              ; QSF Assignment ;
; Location     ;                ;              ; ARDUINO_IO[8]   ; PIN_AB17              ; QSF Assignment ;
; Location     ;                ;              ; ARDUINO_IO[9]   ; PIN_AA17              ; QSF Assignment ;
; Location     ;                ;              ; ARDUINO_RESET_N ; PIN_F16               ; QSF Assignment ;
; Location     ;                ;              ; DRAM_ADDR[0]    ; PIN_U17               ; QSF Assignment ;
; Location     ;                ;              ; DRAM_ADDR[10]   ; PIN_T20               ; QSF Assignment ;
; Location     ;                ;              ; DRAM_ADDR[11]   ; PIN_P20               ; QSF Assignment ;
; Location     ;                ;              ; DRAM_ADDR[12]   ; PIN_R20               ; QSF Assignment ;
; Location     ;                ;              ; DRAM_ADDR[1]    ; PIN_W19               ; QSF Assignment ;
; Location     ;                ;              ; DRAM_ADDR[2]    ; PIN_V18               ; QSF Assignment ;
; Location     ;                ;              ; DRAM_ADDR[3]    ; PIN_U18               ; QSF Assignment ;
; Location     ;                ;              ; DRAM_ADDR[4]    ; PIN_U19               ; QSF Assignment ;
; Location     ;                ;              ; DRAM_ADDR[5]    ; PIN_T18               ; QSF Assignment ;
; Location     ;                ;              ; DRAM_ADDR[6]    ; PIN_T19               ; QSF Assignment ;
; Location     ;                ;              ; DRAM_ADDR[7]    ; PIN_R18               ; QSF Assignment ;
; Location     ;                ;              ; DRAM_ADDR[8]    ; PIN_P18               ; QSF Assignment ;
; Location     ;                ;              ; DRAM_ADDR[9]    ; PIN_P19               ; QSF Assignment ;
; Location     ;                ;              ; DRAM_BA[0]      ; PIN_T21               ; QSF Assignment ;
; Location     ;                ;              ; DRAM_BA[1]      ; PIN_T22               ; QSF Assignment ;
; Location     ;                ;              ; DRAM_CAS_N      ; PIN_U21               ; QSF Assignment ;
; Location     ;                ;              ; DRAM_CKE        ; PIN_N22               ; QSF Assignment ;
; Location     ;                ;              ; DRAM_CLK        ; PIN_L14               ; QSF Assignment ;
; Location     ;                ;              ; DRAM_CS_N       ; PIN_U20               ; QSF Assignment ;
; Location     ;                ;              ; DRAM_DQ[0]      ; PIN_Y21               ; QSF Assignment ;
; Location     ;                ;              ; DRAM_DQ[10]     ; PIN_H21               ; QSF Assignment ;
; Location     ;                ;              ; DRAM_DQ[11]     ; PIN_H22               ; QSF Assignment ;
; Location     ;                ;              ; DRAM_DQ[12]     ; PIN_G22               ; QSF Assignment ;
; Location     ;                ;              ; DRAM_DQ[13]     ; PIN_G20               ; QSF Assignment ;
; Location     ;                ;              ; DRAM_DQ[14]     ; PIN_G19               ; QSF Assignment ;
; Location     ;                ;              ; DRAM_DQ[15]     ; PIN_F22               ; QSF Assignment ;
; Location     ;                ;              ; DRAM_DQ[1]      ; PIN_Y20               ; QSF Assignment ;
; Location     ;                ;              ; DRAM_DQ[2]      ; PIN_AA22              ; QSF Assignment ;
; Location     ;                ;              ; DRAM_DQ[3]      ; PIN_AA21              ; QSF Assignment ;
; Location     ;                ;              ; DRAM_DQ[4]      ; PIN_Y22               ; QSF Assignment ;
; Location     ;                ;              ; DRAM_DQ[5]      ; PIN_W22               ; QSF Assignment ;
; Location     ;                ;              ; DRAM_DQ[6]      ; PIN_W20               ; QSF Assignment ;
; Location     ;                ;              ; DRAM_DQ[7]      ; PIN_V21               ; QSF Assignment ;
; Location     ;                ;              ; DRAM_DQ[8]      ; PIN_P21               ; QSF Assignment ;
; Location     ;                ;              ; DRAM_DQ[9]      ; PIN_J22               ; QSF Assignment ;
; Location     ;                ;              ; DRAM_LDQM       ; PIN_V22               ; QSF Assignment ;
; Location     ;                ;              ; DRAM_RAS_N      ; PIN_U22               ; QSF Assignment ;
; Location     ;                ;              ; DRAM_UDQM       ; PIN_J21               ; QSF Assignment ;
; Location     ;                ;              ; DRAM_WE_N       ; PIN_V20               ; QSF Assignment ;
; Location     ;                ;              ; GPIO[0]         ; PIN_V10               ; QSF Assignment ;
; Location     ;                ;              ; GPIO[10]        ; PIN_W5                ; QSF Assignment ;
; Location     ;                ;              ; GPIO[11]        ; PIN_AA15              ; QSF Assignment ;
; Location     ;                ;              ; GPIO[12]        ; PIN_AA14              ; QSF Assignment ;
; Location     ;                ;              ; GPIO[13]        ; PIN_W13               ; QSF Assignment ;
; Location     ;                ;              ; GPIO[14]        ; PIN_W12               ; QSF Assignment ;
; Location     ;                ;              ; GPIO[15]        ; PIN_AB13              ; QSF Assignment ;
; Location     ;                ;              ; GPIO[16]        ; PIN_AB12              ; QSF Assignment ;
; Location     ;                ;              ; GPIO[17]        ; PIN_Y11               ; QSF Assignment ;
; Location     ;                ;              ; GPIO[18]        ; PIN_AB11              ; QSF Assignment ;
; Location     ;                ;              ; GPIO[19]        ; PIN_W11               ; QSF Assignment ;
; Location     ;                ;              ; GPIO[1]         ; PIN_W10               ; QSF Assignment ;
; Location     ;                ;              ; GPIO[20]        ; PIN_AB10              ; QSF Assignment ;
; Location     ;                ;              ; GPIO[21]        ; PIN_AA10              ; QSF Assignment ;
; Location     ;                ;              ; GPIO[22]        ; PIN_AA9               ; QSF Assignment ;
; Location     ;                ;              ; GPIO[23]        ; PIN_Y8                ; QSF Assignment ;
; Location     ;                ;              ; GPIO[24]        ; PIN_AA8               ; QSF Assignment ;
; Location     ;                ;              ; GPIO[25]        ; PIN_Y7                ; QSF Assignment ;
; Location     ;                ;              ; GPIO[26]        ; PIN_AA7               ; QSF Assignment ;
; Location     ;                ;              ; GPIO[27]        ; PIN_Y6                ; QSF Assignment ;
; Location     ;                ;              ; GPIO[28]        ; PIN_AA6               ; QSF Assignment ;
; Location     ;                ;              ; GPIO[29]        ; PIN_Y5                ; QSF Assignment ;
; Location     ;                ;              ; GPIO[2]         ; PIN_V9                ; QSF Assignment ;
; Location     ;                ;              ; GPIO[30]        ; PIN_AA5               ; QSF Assignment ;
; Location     ;                ;              ; GPIO[31]        ; PIN_Y4                ; QSF Assignment ;
; Location     ;                ;              ; GPIO[32]        ; PIN_AB3               ; QSF Assignment ;
; Location     ;                ;              ; GPIO[33]        ; PIN_Y3                ; QSF Assignment ;
; Location     ;                ;              ; GPIO[34]        ; PIN_AB2               ; QSF Assignment ;
; Location     ;                ;              ; GPIO[35]        ; PIN_AA2               ; QSF Assignment ;
; Location     ;                ;              ; GPIO[3]         ; PIN_W9                ; QSF Assignment ;
; Location     ;                ;              ; GPIO[4]         ; PIN_V8                ; QSF Assignment ;
; Location     ;                ;              ; GPIO[5]         ; PIN_W8                ; QSF Assignment ;
; Location     ;                ;              ; GPIO[6]         ; PIN_V7                ; QSF Assignment ;
; Location     ;                ;              ; GPIO[7]         ; PIN_W7                ; QSF Assignment ;
; Location     ;                ;              ; GPIO[8]         ; PIN_W6                ; QSF Assignment ;
; Location     ;                ;              ; GPIO[9]         ; PIN_V5                ; QSF Assignment ;
; Location     ;                ;              ; GSENSOR_CS_N    ; PIN_AB16              ; QSF Assignment ;
; Location     ;                ;              ; GSENSOR_INT[1]  ; PIN_Y14               ; QSF Assignment ;
; Location     ;                ;              ; GSENSOR_INT[2]  ; PIN_Y13               ; QSF Assignment ;
; Location     ;                ;              ; GSENSOR_SCLK    ; PIN_AB15              ; QSF Assignment ;
; Location     ;                ;              ; GSENSOR_SDI     ; PIN_V11               ; QSF Assignment ;
; Location     ;                ;              ; GSENSOR_SDO     ; PIN_V12               ; QSF Assignment ;
; Location     ;                ;              ; HEX0[0]         ; PIN_C14               ; QSF Assignment ;
; Location     ;                ;              ; HEX0[1]         ; PIN_E15               ; QSF Assignment ;
; Location     ;                ;              ; HEX0[2]         ; PIN_C15               ; QSF Assignment ;
; Location     ;                ;              ; HEX0[3]         ; PIN_C16               ; QSF Assignment ;
; Location     ;                ;              ; HEX0[4]         ; PIN_E16               ; QSF Assignment ;
; Location     ;                ;              ; HEX0[5]         ; PIN_D17               ; QSF Assignment ;
; Location     ;                ;              ; HEX0[6]         ; PIN_C17               ; QSF Assignment ;
; Location     ;                ;              ; HEX0[7]         ; PIN_D15               ; QSF Assignment ;
; Location     ;                ;              ; HEX1[0]         ; PIN_C18               ; QSF Assignment ;
; Location     ;                ;              ; HEX1[1]         ; PIN_D18               ; QSF Assignment ;
; Location     ;                ;              ; HEX1[2]         ; PIN_E18               ; QSF Assignment ;
; Location     ;                ;              ; HEX1[3]         ; PIN_B16               ; QSF Assignment ;
; Location     ;                ;              ; HEX1[4]         ; PIN_A17               ; QSF Assignment ;
; Location     ;                ;              ; HEX1[5]         ; PIN_A18               ; QSF Assignment ;
; Location     ;                ;              ; HEX1[6]         ; PIN_B17               ; QSF Assignment ;
; Location     ;                ;              ; HEX1[7]         ; PIN_A16               ; QSF Assignment ;
; Location     ;                ;              ; HEX2[0]         ; PIN_B20               ; QSF Assignment ;
; Location     ;                ;              ; HEX2[1]         ; PIN_A20               ; QSF Assignment ;
; Location     ;                ;              ; HEX2[2]         ; PIN_B19               ; QSF Assignment ;
; Location     ;                ;              ; HEX2[3]         ; PIN_A21               ; QSF Assignment ;
; Location     ;                ;              ; HEX2[4]         ; PIN_B21               ; QSF Assignment ;
; Location     ;                ;              ; HEX2[5]         ; PIN_C22               ; QSF Assignment ;
; Location     ;                ;              ; HEX2[6]         ; PIN_B22               ; QSF Assignment ;
; Location     ;                ;              ; HEX2[7]         ; PIN_A19               ; QSF Assignment ;
; Location     ;                ;              ; HEX3[0]         ; PIN_F21               ; QSF Assignment ;
; Location     ;                ;              ; HEX3[1]         ; PIN_E22               ; QSF Assignment ;
; Location     ;                ;              ; HEX3[2]         ; PIN_E21               ; QSF Assignment ;
; Location     ;                ;              ; HEX3[3]         ; PIN_C19               ; QSF Assignment ;
; Location     ;                ;              ; HEX3[4]         ; PIN_C20               ; QSF Assignment ;
; Location     ;                ;              ; HEX3[5]         ; PIN_D19               ; QSF Assignment ;
; Location     ;                ;              ; HEX3[6]         ; PIN_E17               ; QSF Assignment ;
; Location     ;                ;              ; HEX3[7]         ; PIN_D22               ; QSF Assignment ;
; Location     ;                ;              ; HEX4[0]         ; PIN_F18               ; QSF Assignment ;
; Location     ;                ;              ; HEX4[1]         ; PIN_E20               ; QSF Assignment ;
; Location     ;                ;              ; HEX4[2]         ; PIN_E19               ; QSF Assignment ;
; Location     ;                ;              ; HEX4[3]         ; PIN_J18               ; QSF Assignment ;
; Location     ;                ;              ; HEX4[4]         ; PIN_H19               ; QSF Assignment ;
; Location     ;                ;              ; HEX4[5]         ; PIN_F19               ; QSF Assignment ;
; Location     ;                ;              ; HEX4[6]         ; PIN_F20               ; QSF Assignment ;
; Location     ;                ;              ; HEX4[7]         ; PIN_F17               ; QSF Assignment ;
; Location     ;                ;              ; HEX5[0]         ; PIN_J20               ; QSF Assignment ;
; Location     ;                ;              ; HEX5[1]         ; PIN_K20               ; QSF Assignment ;
; Location     ;                ;              ; HEX5[2]         ; PIN_L18               ; QSF Assignment ;
; Location     ;                ;              ; HEX5[3]         ; PIN_N18               ; QSF Assignment ;
; Location     ;                ;              ; HEX5[4]         ; PIN_M20               ; QSF Assignment ;
; Location     ;                ;              ; HEX5[5]         ; PIN_N19               ; QSF Assignment ;
; Location     ;                ;              ; HEX5[6]         ; PIN_N20               ; QSF Assignment ;
; Location     ;                ;              ; HEX5[7]         ; PIN_L19               ; QSF Assignment ;
; Location     ;                ;              ; KEY[0]          ; PIN_B8                ; QSF Assignment ;
; Location     ;                ;              ; KEY[1]          ; PIN_A7                ; QSF Assignment ;
; Location     ;                ;              ; LEDR[0]         ; PIN_A8                ; QSF Assignment ;
; Location     ;                ;              ; LEDR[1]         ; PIN_A9                ; QSF Assignment ;
; Location     ;                ;              ; LEDR[2]         ; PIN_A10               ; QSF Assignment ;
; Location     ;                ;              ; LEDR[3]         ; PIN_B10               ; QSF Assignment ;
; Location     ;                ;              ; LEDR[4]         ; PIN_D13               ; QSF Assignment ;
; Location     ;                ;              ; LEDR[5]         ; PIN_C13               ; QSF Assignment ;
; Location     ;                ;              ; LEDR[6]         ; PIN_E14               ; QSF Assignment ;
; Location     ;                ;              ; LEDR[7]         ; PIN_D14               ; QSF Assignment ;
; Location     ;                ;              ; LEDR[8]         ; PIN_A11               ; QSF Assignment ;
; Location     ;                ;              ; LEDR[9]         ; PIN_B11               ; QSF Assignment ;
; Location     ;                ;              ; MAX10_CLK1_50   ; PIN_P11               ; QSF Assignment ;
; Location     ;                ;              ; MAX10_CLK2_50   ; PIN_N14               ; QSF Assignment ;
; Location     ;                ;              ; SW[0]           ; PIN_C10               ; QSF Assignment ;
; Location     ;                ;              ; SW[1]           ; PIN_C11               ; QSF Assignment ;
; Location     ;                ;              ; SW[2]           ; PIN_D12               ; QSF Assignment ;
; Location     ;                ;              ; SW[3]           ; PIN_C12               ; QSF Assignment ;
; Location     ;                ;              ; SW[4]           ; PIN_A12               ; QSF Assignment ;
; Location     ;                ;              ; SW[5]           ; PIN_B12               ; QSF Assignment ;
; Location     ;                ;              ; SW[6]           ; PIN_A13               ; QSF Assignment ;
; Location     ;                ;              ; SW[7]           ; PIN_A14               ; QSF Assignment ;
; Location     ;                ;              ; SW[8]           ; PIN_B14               ; QSF Assignment ;
; Location     ;                ;              ; SW[9]           ; PIN_F15               ; QSF Assignment ;
; Location     ;                ;              ; VGA_B[0]        ; PIN_P1                ; QSF Assignment ;
; Location     ;                ;              ; VGA_B[1]        ; PIN_T1                ; QSF Assignment ;
; Location     ;                ;              ; VGA_B[2]        ; PIN_P4                ; QSF Assignment ;
; Location     ;                ;              ; VGA_B[3]        ; PIN_N2                ; QSF Assignment ;
; Location     ;                ;              ; VGA_G[0]        ; PIN_W1                ; QSF Assignment ;
; Location     ;                ;              ; VGA_G[1]        ; PIN_T2                ; QSF Assignment ;
; Location     ;                ;              ; VGA_G[2]        ; PIN_R2                ; QSF Assignment ;
; Location     ;                ;              ; VGA_G[3]        ; PIN_R1                ; QSF Assignment ;
; Location     ;                ;              ; VGA_HS          ; PIN_N3                ; QSF Assignment ;
; Location     ;                ;              ; VGA_R[0]        ; PIN_AA1               ; QSF Assignment ;
; Location     ;                ;              ; VGA_R[1]        ; PIN_V1                ; QSF Assignment ;
; Location     ;                ;              ; VGA_R[2]        ; PIN_Y2                ; QSF Assignment ;
; Location     ;                ;              ; VGA_R[3]        ; PIN_Y1                ; QSF Assignment ;
; Location     ;                ;              ; VGA_VS          ; PIN_N1                ; QSF Assignment ;
; I/O Standard ; fft16OPT_sync  ;              ; ADC_CLK_10      ; 3.3-V LVTTL           ; QSF Assignment ;
; I/O Standard ; fft16OPT_sync  ;              ; ARDUINO_IO[0]   ; 3.3-V LVTTL           ; QSF Assignment ;
; I/O Standard ; fft16OPT_sync  ;              ; ARDUINO_IO[10]  ; 3.3-V LVTTL           ; QSF Assignment ;
; I/O Standard ; fft16OPT_sync  ;              ; ARDUINO_IO[11]  ; 3.3-V LVTTL           ; QSF Assignment ;
; I/O Standard ; fft16OPT_sync  ;              ; ARDUINO_IO[12]  ; 3.3-V LVTTL           ; QSF Assignment ;
; I/O Standard ; fft16OPT_sync  ;              ; ARDUINO_IO[13]  ; 3.3-V LVTTL           ; QSF Assignment ;
; I/O Standard ; fft16OPT_sync  ;              ; ARDUINO_IO[14]  ; 3.3-V LVTTL           ; QSF Assignment ;
; I/O Standard ; fft16OPT_sync  ;              ; ARDUINO_IO[15]  ; 3.3-V LVTTL           ; QSF Assignment ;
; I/O Standard ; fft16OPT_sync  ;              ; ARDUINO_IO[1]   ; 3.3-V LVTTL           ; QSF Assignment ;
; I/O Standard ; fft16OPT_sync  ;              ; ARDUINO_IO[2]   ; 3.3-V LVTTL           ; QSF Assignment ;
; I/O Standard ; fft16OPT_sync  ;              ; ARDUINO_IO[3]   ; 3.3-V LVTTL           ; QSF Assignment ;
; I/O Standard ; fft16OPT_sync  ;              ; ARDUINO_IO[4]   ; 3.3-V LVTTL           ; QSF Assignment ;
; I/O Standard ; fft16OPT_sync  ;              ; ARDUINO_IO[5]   ; 3.3-V LVTTL           ; QSF Assignment ;
; I/O Standard ; fft16OPT_sync  ;              ; ARDUINO_IO[6]   ; 3.3-V LVTTL           ; QSF Assignment ;
; I/O Standard ; fft16OPT_sync  ;              ; ARDUINO_IO[7]   ; 3.3-V LVTTL           ; QSF Assignment ;
; I/O Standard ; fft16OPT_sync  ;              ; ARDUINO_IO[8]   ; 3.3-V LVTTL           ; QSF Assignment ;
; I/O Standard ; fft16OPT_sync  ;              ; ARDUINO_IO[9]   ; 3.3-V LVTTL           ; QSF Assignment ;
; I/O Standard ; fft16OPT_sync  ;              ; ARDUINO_RESET_N ; 3.3-V LVTTL           ; QSF Assignment ;
; I/O Standard ; fft16OPT_sync  ;              ; DRAM_ADDR[0]    ; 3.3-V LVTTL           ; QSF Assignment ;
; I/O Standard ; fft16OPT_sync  ;              ; DRAM_ADDR[10]   ; 3.3-V LVTTL           ; QSF Assignment ;
; I/O Standard ; fft16OPT_sync  ;              ; DRAM_ADDR[11]   ; 3.3-V LVTTL           ; QSF Assignment ;
; I/O Standard ; fft16OPT_sync  ;              ; DRAM_ADDR[12]   ; 3.3-V LVTTL           ; QSF Assignment ;
; I/O Standard ; fft16OPT_sync  ;              ; DRAM_ADDR[1]    ; 3.3-V LVTTL           ; QSF Assignment ;
; I/O Standard ; fft16OPT_sync  ;              ; DRAM_ADDR[2]    ; 3.3-V LVTTL           ; QSF Assignment ;
; I/O Standard ; fft16OPT_sync  ;              ; DRAM_ADDR[3]    ; 3.3-V LVTTL           ; QSF Assignment ;
; I/O Standard ; fft16OPT_sync  ;              ; DRAM_ADDR[4]    ; 3.3-V LVTTL           ; QSF Assignment ;
; I/O Standard ; fft16OPT_sync  ;              ; DRAM_ADDR[5]    ; 3.3-V LVTTL           ; QSF Assignment ;
; I/O Standard ; fft16OPT_sync  ;              ; DRAM_ADDR[6]    ; 3.3-V LVTTL           ; QSF Assignment ;
; I/O Standard ; fft16OPT_sync  ;              ; DRAM_ADDR[7]    ; 3.3-V LVTTL           ; QSF Assignment ;
; I/O Standard ; fft16OPT_sync  ;              ; DRAM_ADDR[8]    ; 3.3-V LVTTL           ; QSF Assignment ;
; I/O Standard ; fft16OPT_sync  ;              ; DRAM_ADDR[9]    ; 3.3-V LVTTL           ; QSF Assignment ;
; I/O Standard ; fft16OPT_sync  ;              ; DRAM_BA[0]      ; 3.3-V LVTTL           ; QSF Assignment ;
; I/O Standard ; fft16OPT_sync  ;              ; DRAM_BA[1]      ; 3.3-V LVTTL           ; QSF Assignment ;
; I/O Standard ; fft16OPT_sync  ;              ; DRAM_CAS_N      ; 3.3-V LVTTL           ; QSF Assignment ;
; I/O Standard ; fft16OPT_sync  ;              ; DRAM_CKE        ; 3.3-V LVTTL           ; QSF Assignment ;
; I/O Standard ; fft16OPT_sync  ;              ; DRAM_CLK        ; 3.3-V LVTTL           ; QSF Assignment ;
; I/O Standard ; fft16OPT_sync  ;              ; DRAM_CS_N       ; 3.3-V LVTTL           ; QSF Assignment ;
; I/O Standard ; fft16OPT_sync  ;              ; DRAM_DQ[0]      ; 3.3-V LVTTL           ; QSF Assignment ;
; I/O Standard ; fft16OPT_sync  ;              ; DRAM_DQ[10]     ; 3.3-V LVTTL           ; QSF Assignment ;
; I/O Standard ; fft16OPT_sync  ;              ; DRAM_DQ[11]     ; 3.3-V LVTTL           ; QSF Assignment ;
; I/O Standard ; fft16OPT_sync  ;              ; DRAM_DQ[12]     ; 3.3-V LVTTL           ; QSF Assignment ;
; I/O Standard ; fft16OPT_sync  ;              ; DRAM_DQ[13]     ; 3.3-V LVTTL           ; QSF Assignment ;
; I/O Standard ; fft16OPT_sync  ;              ; DRAM_DQ[14]     ; 3.3-V LVTTL           ; QSF Assignment ;
; I/O Standard ; fft16OPT_sync  ;              ; DRAM_DQ[15]     ; 3.3-V LVTTL           ; QSF Assignment ;
; I/O Standard ; fft16OPT_sync  ;              ; DRAM_DQ[1]      ; 3.3-V LVTTL           ; QSF Assignment ;
; I/O Standard ; fft16OPT_sync  ;              ; DRAM_DQ[2]      ; 3.3-V LVTTL           ; QSF Assignment ;
; I/O Standard ; fft16OPT_sync  ;              ; DRAM_DQ[3]      ; 3.3-V LVTTL           ; QSF Assignment ;
; I/O Standard ; fft16OPT_sync  ;              ; DRAM_DQ[4]      ; 3.3-V LVTTL           ; QSF Assignment ;
; I/O Standard ; fft16OPT_sync  ;              ; DRAM_DQ[5]      ; 3.3-V LVTTL           ; QSF Assignment ;
; I/O Standard ; fft16OPT_sync  ;              ; DRAM_DQ[6]      ; 3.3-V LVTTL           ; QSF Assignment ;
; I/O Standard ; fft16OPT_sync  ;              ; DRAM_DQ[7]      ; 3.3-V LVTTL           ; QSF Assignment ;
; I/O Standard ; fft16OPT_sync  ;              ; DRAM_DQ[8]      ; 3.3-V LVTTL           ; QSF Assignment ;
; I/O Standard ; fft16OPT_sync  ;              ; DRAM_DQ[9]      ; 3.3-V LVTTL           ; QSF Assignment ;
; I/O Standard ; fft16OPT_sync  ;              ; DRAM_LDQM       ; 3.3-V LVTTL           ; QSF Assignment ;
; I/O Standard ; fft16OPT_sync  ;              ; DRAM_RAS_N      ; 3.3-V LVTTL           ; QSF Assignment ;
; I/O Standard ; fft16OPT_sync  ;              ; DRAM_UDQM       ; 3.3-V LVTTL           ; QSF Assignment ;
; I/O Standard ; fft16OPT_sync  ;              ; DRAM_WE_N       ; 3.3-V LVTTL           ; QSF Assignment ;
; I/O Standard ; fft16OPT_sync  ;              ; GPIO[0]         ; 3.3-V LVTTL           ; QSF Assignment ;
; I/O Standard ; fft16OPT_sync  ;              ; GPIO[10]        ; 3.3-V LVTTL           ; QSF Assignment ;
; I/O Standard ; fft16OPT_sync  ;              ; GPIO[11]        ; 3.3-V LVTTL           ; QSF Assignment ;
; I/O Standard ; fft16OPT_sync  ;              ; GPIO[12]        ; 3.3-V LVTTL           ; QSF Assignment ;
; I/O Standard ; fft16OPT_sync  ;              ; GPIO[13]        ; 3.3-V LVTTL           ; QSF Assignment ;
; I/O Standard ; fft16OPT_sync  ;              ; GPIO[14]        ; 3.3-V LVTTL           ; QSF Assignment ;
; I/O Standard ; fft16OPT_sync  ;              ; GPIO[15]        ; 3.3-V LVTTL           ; QSF Assignment ;
; I/O Standard ; fft16OPT_sync  ;              ; GPIO[16]        ; 3.3-V LVTTL           ; QSF Assignment ;
; I/O Standard ; fft16OPT_sync  ;              ; GPIO[17]        ; 3.3-V LVTTL           ; QSF Assignment ;
; I/O Standard ; fft16OPT_sync  ;              ; GPIO[18]        ; 3.3-V LVTTL           ; QSF Assignment ;
; I/O Standard ; fft16OPT_sync  ;              ; GPIO[19]        ; 3.3-V LVTTL           ; QSF Assignment ;
; I/O Standard ; fft16OPT_sync  ;              ; GPIO[1]         ; 3.3-V LVTTL           ; QSF Assignment ;
; I/O Standard ; fft16OPT_sync  ;              ; GPIO[20]        ; 3.3-V LVTTL           ; QSF Assignment ;
; I/O Standard ; fft16OPT_sync  ;              ; GPIO[21]        ; 3.3-V LVTTL           ; QSF Assignment ;
; I/O Standard ; fft16OPT_sync  ;              ; GPIO[22]        ; 3.3-V LVTTL           ; QSF Assignment ;
; I/O Standard ; fft16OPT_sync  ;              ; GPIO[23]        ; 3.3-V LVTTL           ; QSF Assignment ;
; I/O Standard ; fft16OPT_sync  ;              ; GPIO[24]        ; 3.3-V LVTTL           ; QSF Assignment ;
; I/O Standard ; fft16OPT_sync  ;              ; GPIO[25]        ; 3.3-V LVTTL           ; QSF Assignment ;
; I/O Standard ; fft16OPT_sync  ;              ; GPIO[26]        ; 3.3-V LVTTL           ; QSF Assignment ;
; I/O Standard ; fft16OPT_sync  ;              ; GPIO[27]        ; 3.3-V LVTTL           ; QSF Assignment ;
; I/O Standard ; fft16OPT_sync  ;              ; GPIO[28]        ; 3.3-V LVTTL           ; QSF Assignment ;
; I/O Standard ; fft16OPT_sync  ;              ; GPIO[29]        ; 3.3-V LVTTL           ; QSF Assignment ;
; I/O Standard ; fft16OPT_sync  ;              ; GPIO[2]         ; 3.3-V LVTTL           ; QSF Assignment ;
; I/O Standard ; fft16OPT_sync  ;              ; GPIO[30]        ; 3.3-V LVTTL           ; QSF Assignment ;
; I/O Standard ; fft16OPT_sync  ;              ; GPIO[31]        ; 3.3-V LVTTL           ; QSF Assignment ;
; I/O Standard ; fft16OPT_sync  ;              ; GPIO[32]        ; 3.3-V LVTTL           ; QSF Assignment ;
; I/O Standard ; fft16OPT_sync  ;              ; GPIO[33]        ; 3.3-V LVTTL           ; QSF Assignment ;
; I/O Standard ; fft16OPT_sync  ;              ; GPIO[34]        ; 3.3-V LVTTL           ; QSF Assignment ;
; I/O Standard ; fft16OPT_sync  ;              ; GPIO[35]        ; 3.3-V LVTTL           ; QSF Assignment ;
; I/O Standard ; fft16OPT_sync  ;              ; GPIO[3]         ; 3.3-V LVTTL           ; QSF Assignment ;
; I/O Standard ; fft16OPT_sync  ;              ; GPIO[4]         ; 3.3-V LVTTL           ; QSF Assignment ;
; I/O Standard ; fft16OPT_sync  ;              ; GPIO[5]         ; 3.3-V LVTTL           ; QSF Assignment ;
; I/O Standard ; fft16OPT_sync  ;              ; GPIO[6]         ; 3.3-V LVTTL           ; QSF Assignment ;
; I/O Standard ; fft16OPT_sync  ;              ; GPIO[7]         ; 3.3-V LVTTL           ; QSF Assignment ;
; I/O Standard ; fft16OPT_sync  ;              ; GPIO[8]         ; 3.3-V LVTTL           ; QSF Assignment ;
; I/O Standard ; fft16OPT_sync  ;              ; GPIO[9]         ; 3.3-V LVTTL           ; QSF Assignment ;
; I/O Standard ; fft16OPT_sync  ;              ; GSENSOR_CS_N    ; 3.3-V LVTTL           ; QSF Assignment ;
; I/O Standard ; fft16OPT_sync  ;              ; GSENSOR_INT[1]  ; 3.3-V LVTTL           ; QSF Assignment ;
; I/O Standard ; fft16OPT_sync  ;              ; GSENSOR_INT[2]  ; 3.3-V LVTTL           ; QSF Assignment ;
; I/O Standard ; fft16OPT_sync  ;              ; GSENSOR_SCLK    ; 3.3-V LVTTL           ; QSF Assignment ;
; I/O Standard ; fft16OPT_sync  ;              ; GSENSOR_SDI     ; 3.3-V LVTTL           ; QSF Assignment ;
; I/O Standard ; fft16OPT_sync  ;              ; GSENSOR_SDO     ; 3.3-V LVTTL           ; QSF Assignment ;
; I/O Standard ; fft16OPT_sync  ;              ; HEX0[0]         ; 3.3-V LVTTL           ; QSF Assignment ;
; I/O Standard ; fft16OPT_sync  ;              ; HEX0[1]         ; 3.3-V LVTTL           ; QSF Assignment ;
; I/O Standard ; fft16OPT_sync  ;              ; HEX0[2]         ; 3.3-V LVTTL           ; QSF Assignment ;
; I/O Standard ; fft16OPT_sync  ;              ; HEX0[3]         ; 3.3-V LVTTL           ; QSF Assignment ;
; I/O Standard ; fft16OPT_sync  ;              ; HEX0[4]         ; 3.3-V LVTTL           ; QSF Assignment ;
; I/O Standard ; fft16OPT_sync  ;              ; HEX0[5]         ; 3.3-V LVTTL           ; QSF Assignment ;
; I/O Standard ; fft16OPT_sync  ;              ; HEX0[6]         ; 3.3-V LVTTL           ; QSF Assignment ;
; I/O Standard ; fft16OPT_sync  ;              ; HEX0[7]         ; 3.3-V LVTTL           ; QSF Assignment ;
; I/O Standard ; fft16OPT_sync  ;              ; HEX1[0]         ; 3.3-V LVTTL           ; QSF Assignment ;
; I/O Standard ; fft16OPT_sync  ;              ; HEX1[1]         ; 3.3-V LVTTL           ; QSF Assignment ;
; I/O Standard ; fft16OPT_sync  ;              ; HEX1[2]         ; 3.3-V LVTTL           ; QSF Assignment ;
; I/O Standard ; fft16OPT_sync  ;              ; HEX1[3]         ; 3.3-V LVTTL           ; QSF Assignment ;
; I/O Standard ; fft16OPT_sync  ;              ; HEX1[4]         ; 3.3-V LVTTL           ; QSF Assignment ;
; I/O Standard ; fft16OPT_sync  ;              ; HEX1[5]         ; 3.3-V LVTTL           ; QSF Assignment ;
; I/O Standard ; fft16OPT_sync  ;              ; HEX1[6]         ; 3.3-V LVTTL           ; QSF Assignment ;
; I/O Standard ; fft16OPT_sync  ;              ; HEX1[7]         ; 3.3-V LVTTL           ; QSF Assignment ;
; I/O Standard ; fft16OPT_sync  ;              ; HEX2[0]         ; 3.3-V LVTTL           ; QSF Assignment ;
; I/O Standard ; fft16OPT_sync  ;              ; HEX2[1]         ; 3.3-V LVTTL           ; QSF Assignment ;
; I/O Standard ; fft16OPT_sync  ;              ; HEX2[2]         ; 3.3-V LVTTL           ; QSF Assignment ;
; I/O Standard ; fft16OPT_sync  ;              ; HEX2[3]         ; 3.3-V LVTTL           ; QSF Assignment ;
; I/O Standard ; fft16OPT_sync  ;              ; HEX2[4]         ; 3.3-V LVTTL           ; QSF Assignment ;
; I/O Standard ; fft16OPT_sync  ;              ; HEX2[5]         ; 3.3-V LVTTL           ; QSF Assignment ;
; I/O Standard ; fft16OPT_sync  ;              ; HEX2[6]         ; 3.3-V LVTTL           ; QSF Assignment ;
; I/O Standard ; fft16OPT_sync  ;              ; HEX2[7]         ; 3.3-V LVTTL           ; QSF Assignment ;
; I/O Standard ; fft16OPT_sync  ;              ; HEX3[0]         ; 3.3-V LVTTL           ; QSF Assignment ;
; I/O Standard ; fft16OPT_sync  ;              ; HEX3[1]         ; 3.3-V LVTTL           ; QSF Assignment ;
; I/O Standard ; fft16OPT_sync  ;              ; HEX3[2]         ; 3.3-V LVTTL           ; QSF Assignment ;
; I/O Standard ; fft16OPT_sync  ;              ; HEX3[3]         ; 3.3-V LVTTL           ; QSF Assignment ;
; I/O Standard ; fft16OPT_sync  ;              ; HEX3[4]         ; 3.3-V LVTTL           ; QSF Assignment ;
; I/O Standard ; fft16OPT_sync  ;              ; HEX3[5]         ; 3.3-V LVTTL           ; QSF Assignment ;
; I/O Standard ; fft16OPT_sync  ;              ; HEX3[6]         ; 3.3-V LVTTL           ; QSF Assignment ;
; I/O Standard ; fft16OPT_sync  ;              ; HEX3[7]         ; 3.3-V LVTTL           ; QSF Assignment ;
; I/O Standard ; fft16OPT_sync  ;              ; HEX4[0]         ; 3.3-V LVTTL           ; QSF Assignment ;
; I/O Standard ; fft16OPT_sync  ;              ; HEX4[1]         ; 3.3-V LVTTL           ; QSF Assignment ;
; I/O Standard ; fft16OPT_sync  ;              ; HEX4[2]         ; 3.3-V LVTTL           ; QSF Assignment ;
; I/O Standard ; fft16OPT_sync  ;              ; HEX4[3]         ; 3.3-V LVTTL           ; QSF Assignment ;
; I/O Standard ; fft16OPT_sync  ;              ; HEX4[4]         ; 3.3-V LVTTL           ; QSF Assignment ;
; I/O Standard ; fft16OPT_sync  ;              ; HEX4[5]         ; 3.3-V LVTTL           ; QSF Assignment ;
; I/O Standard ; fft16OPT_sync  ;              ; HEX4[6]         ; 3.3-V LVTTL           ; QSF Assignment ;
; I/O Standard ; fft16OPT_sync  ;              ; HEX4[7]         ; 3.3-V LVTTL           ; QSF Assignment ;
; I/O Standard ; fft16OPT_sync  ;              ; HEX5[0]         ; 3.3-V LVTTL           ; QSF Assignment ;
; I/O Standard ; fft16OPT_sync  ;              ; HEX5[1]         ; 3.3-V LVTTL           ; QSF Assignment ;
; I/O Standard ; fft16OPT_sync  ;              ; HEX5[2]         ; 3.3-V LVTTL           ; QSF Assignment ;
; I/O Standard ; fft16OPT_sync  ;              ; HEX5[3]         ; 3.3-V LVTTL           ; QSF Assignment ;
; I/O Standard ; fft16OPT_sync  ;              ; HEX5[4]         ; 3.3-V LVTTL           ; QSF Assignment ;
; I/O Standard ; fft16OPT_sync  ;              ; HEX5[5]         ; 3.3-V LVTTL           ; QSF Assignment ;
; I/O Standard ; fft16OPT_sync  ;              ; HEX5[6]         ; 3.3-V LVTTL           ; QSF Assignment ;
; I/O Standard ; fft16OPT_sync  ;              ; HEX5[7]         ; 3.3-V LVTTL           ; QSF Assignment ;
; I/O Standard ; fft16OPT_sync  ;              ; KEY[0]          ; 3.3 V SCHMITT TRIGGER ; QSF Assignment ;
; I/O Standard ; fft16OPT_sync  ;              ; KEY[1]          ; 3.3 V SCHMITT TRIGGER ; QSF Assignment ;
; I/O Standard ; fft16OPT_sync  ;              ; LEDR[0]         ; 3.3-V LVTTL           ; QSF Assignment ;
; I/O Standard ; fft16OPT_sync  ;              ; LEDR[1]         ; 3.3-V LVTTL           ; QSF Assignment ;
; I/O Standard ; fft16OPT_sync  ;              ; LEDR[2]         ; 3.3-V LVTTL           ; QSF Assignment ;
; I/O Standard ; fft16OPT_sync  ;              ; LEDR[3]         ; 3.3-V LVTTL           ; QSF Assignment ;
; I/O Standard ; fft16OPT_sync  ;              ; LEDR[4]         ; 3.3-V LVTTL           ; QSF Assignment ;
; I/O Standard ; fft16OPT_sync  ;              ; LEDR[5]         ; 3.3-V LVTTL           ; QSF Assignment ;
; I/O Standard ; fft16OPT_sync  ;              ; LEDR[6]         ; 3.3-V LVTTL           ; QSF Assignment ;
; I/O Standard ; fft16OPT_sync  ;              ; LEDR[7]         ; 3.3-V LVTTL           ; QSF Assignment ;
; I/O Standard ; fft16OPT_sync  ;              ; LEDR[8]         ; 3.3-V LVTTL           ; QSF Assignment ;
; I/O Standard ; fft16OPT_sync  ;              ; LEDR[9]         ; 3.3-V LVTTL           ; QSF Assignment ;
; I/O Standard ; fft16OPT_sync  ;              ; MAX10_CLK1_50   ; 3.3-V LVTTL           ; QSF Assignment ;
; I/O Standard ; fft16OPT_sync  ;              ; MAX10_CLK2_50   ; 3.3-V LVTTL           ; QSF Assignment ;
; I/O Standard ; fft16OPT_sync  ;              ; SW[0]           ; 3.3-V LVTTL           ; QSF Assignment ;
; I/O Standard ; fft16OPT_sync  ;              ; SW[1]           ; 3.3-V LVTTL           ; QSF Assignment ;
; I/O Standard ; fft16OPT_sync  ;              ; SW[2]           ; 3.3-V LVTTL           ; QSF Assignment ;
; I/O Standard ; fft16OPT_sync  ;              ; SW[3]           ; 3.3-V LVTTL           ; QSF Assignment ;
; I/O Standard ; fft16OPT_sync  ;              ; SW[4]           ; 3.3-V LVTTL           ; QSF Assignment ;
; I/O Standard ; fft16OPT_sync  ;              ; SW[5]           ; 3.3-V LVTTL           ; QSF Assignment ;
; I/O Standard ; fft16OPT_sync  ;              ; SW[6]           ; 3.3-V LVTTL           ; QSF Assignment ;
; I/O Standard ; fft16OPT_sync  ;              ; SW[7]           ; 3.3-V LVTTL           ; QSF Assignment ;
; I/O Standard ; fft16OPT_sync  ;              ; SW[8]           ; 3.3-V LVTTL           ; QSF Assignment ;
; I/O Standard ; fft16OPT_sync  ;              ; SW[9]           ; 3.3-V LVTTL           ; QSF Assignment ;
; I/O Standard ; fft16OPT_sync  ;              ; VGA_B[0]        ; 3.3-V LVTTL           ; QSF Assignment ;
; I/O Standard ; fft16OPT_sync  ;              ; VGA_B[1]        ; 3.3-V LVTTL           ; QSF Assignment ;
; I/O Standard ; fft16OPT_sync  ;              ; VGA_B[2]        ; 3.3-V LVTTL           ; QSF Assignment ;
; I/O Standard ; fft16OPT_sync  ;              ; VGA_B[3]        ; 3.3-V LVTTL           ; QSF Assignment ;
; I/O Standard ; fft16OPT_sync  ;              ; VGA_G[0]        ; 3.3-V LVTTL           ; QSF Assignment ;
; I/O Standard ; fft16OPT_sync  ;              ; VGA_G[1]        ; 3.3-V LVTTL           ; QSF Assignment ;
; I/O Standard ; fft16OPT_sync  ;              ; VGA_G[2]        ; 3.3-V LVTTL           ; QSF Assignment ;
; I/O Standard ; fft16OPT_sync  ;              ; VGA_G[3]        ; 3.3-V LVTTL           ; QSF Assignment ;
; I/O Standard ; fft16OPT_sync  ;              ; VGA_HS          ; 3.3-V LVTTL           ; QSF Assignment ;
; I/O Standard ; fft16OPT_sync  ;              ; VGA_R[0]        ; 3.3-V LVTTL           ; QSF Assignment ;
; I/O Standard ; fft16OPT_sync  ;              ; VGA_R[1]        ; 3.3-V LVTTL           ; QSF Assignment ;
; I/O Standard ; fft16OPT_sync  ;              ; VGA_R[2]        ; 3.3-V LVTTL           ; QSF Assignment ;
; I/O Standard ; fft16OPT_sync  ;              ; VGA_R[3]        ; 3.3-V LVTTL           ; QSF Assignment ;
; I/O Standard ; fft16OPT_sync  ;              ; VGA_VS          ; 3.3-V LVTTL           ; QSF Assignment ;
+--------------+----------------+--------------+-----------------+-----------------------+----------------+


+---------------------------------------------------------------------------------------------------+
; Incremental Compilation Preservation Summary                                                      ;
+---------------------+---------------------+----------------------------+--------------------------+
; Type                ; Total [A + B]       ; From Design Partitions [A] ; From Rapid Recompile [B] ;
+---------------------+---------------------+----------------------------+--------------------------+
; Placement (by node) ;                     ;                            ;                          ;
;     -- Requested    ; 0.00 % ( 0 / 5369 ) ; 0.00 % ( 0 / 5369 )        ; 0.00 % ( 0 / 5369 )      ;
;     -- Achieved     ; 0.00 % ( 0 / 5369 ) ; 0.00 % ( 0 / 5369 )        ; 0.00 % ( 0 / 5369 )      ;
;                     ;                     ;                            ;                          ;
; Routing (by net)    ;                     ;                            ;                          ;
;     -- Requested    ; 0.00 % ( 0 / 0 )    ; 0.00 % ( 0 / 0 )           ; 0.00 % ( 0 / 0 )         ;
;     -- Achieved     ; 0.00 % ( 0 / 0 )    ; 0.00 % ( 0 / 0 )           ; 0.00 % ( 0 / 0 )         ;
+---------------------+---------------------+----------------------------+--------------------------+


+----------------------------------------------------------------------------------------------------------------------------------------------------------------------------------------+
; Incremental Compilation Partition Settings                                                                                                                                             ;
+--------------------------------+----------------+-------------------+-------------------------+------------------------+------------------------------+--------------------------------+
; Partition Name                 ; Partition Type ; Netlist Type Used ; Preservation Level Used ; Netlist Type Requested ; Preservation Level Requested ; Contents                       ;
+--------------------------------+----------------+-------------------+-------------------------+------------------------+------------------------------+--------------------------------+
; Top                            ; User-created   ; Source File       ; N/A                     ; Source File            ; N/A                          ;                                ;
; hard_block:auto_generated_inst ; Auto-generated ; Source File       ; N/A                     ; Source File            ; N/A                          ; hard_block:auto_generated_inst ;
+--------------------------------+----------------+-------------------+-------------------------+------------------------+------------------------------+--------------------------------+


+------------------------------------------------------------------------------------------------------------------------------------+
; Incremental Compilation Placement Preservation                                                                                     ;
+--------------------------------+-----------------------+-------------------------+-------------------+---------------------+-------+
; Partition Name                 ; Preservation Achieved ; Preservation Level Used ; Netlist Type Used ; Preservation Method ; Notes ;
+--------------------------------+-----------------------+-------------------------+-------------------+---------------------+-------+
; Top                            ; 0.00 % ( 0 / 5353 )   ; N/A                     ; Source File       ; N/A                 ;       ;
; hard_block:auto_generated_inst ; 0.00 % ( 0 / 16 )     ; N/A                     ; Source File       ; N/A                 ;       ;
+--------------------------------+-----------------------+-------------------------+-------------------+---------------------+-------+


+--------------+
; Pin-Out File ;
+--------------+
The pin-out file can be found in C:/Users/vitor/elec_num/projet_fft16/jalon_2/Quartus_seq/output_files/fft16OPT.pin.


+--------------------------------------------------------------------------+
; Fitter Resource Usage Summary                                            ;
+---------------------------------------------+----------------------------+
; Resource                                    ; Usage                      ;
+---------------------------------------------+----------------------------+
; Total logic elements                        ; 2,448 / 49,760 ( 5 % )     ;
;     -- Combinational with no register       ; 352                        ;
;     -- Register only                        ; 469                        ;
;     -- Combinational with a register        ; 1627                       ;
;                                             ;                            ;
; Logic element usage by number of LUT inputs ;                            ;
;     -- 4 input functions                    ; 12                         ;
;     -- 3 input functions                    ; 1496                       ;
;     -- <=2 input functions                  ; 471                        ;
;     -- Register only                        ; 469                        ;
;                                             ;                            ;
; Logic elements by mode                      ;                            ;
;     -- normal mode                          ; 316                        ;
;     -- arithmetic mode                      ; 1663                       ;
;                                             ;                            ;
; Total registers*                            ; 2,096 / 51,509 ( 4 % )     ;
;     -- Dedicated logic registers            ; 2,096 / 49,760 ( 4 % )     ;
;     -- I/O registers                        ; 0 / 1,749 ( 0 % )          ;
;                                             ;                            ;
; Total LABs:  partially or completely used   ; 331 / 3,110 ( 11 % )       ;
; Virtual pins                                ; 0                          ;
; I/O pins                                    ; 302 / 360 ( 84 % )         ;
;     -- Clock pins                           ; 8 / 8 ( 100 % )            ;
;     -- Dedicated input pins                 ; 1 / 1 ( 100 % )            ;
;                                             ;                            ;
; M9Ks                                        ; 4 / 182 ( 2 % )            ;
; UFM blocks                                  ; 0 / 1 ( 0 % )              ;
; ADC blocks                                  ; 0 / 2 ( 0 % )              ;
; Total block memory bits                     ; 327 / 1,677,312 ( < 1 % )  ;
; Total block memory implementation bits      ; 36,864 / 1,677,312 ( 2 % ) ;
; Embedded Multiplier 9-bit elements          ; 32 / 288 ( 11 % )          ;
; PLLs                                        ; 0 / 4 ( 0 % )              ;
; Global signals                              ; 1                          ;
;     -- Global clocks                        ; 1 / 20 ( 5 % )             ;
; JTAGs                                       ; 0 / 1 ( 0 % )              ;
; CRC blocks                                  ; 0 / 1 ( 0 % )              ;
; Remote update blocks                        ; 0 / 1 ( 0 % )              ;
; Oscillator blocks                           ; 0 / 1 ( 0 % )              ;
; Impedance control blocks                    ; 0 / 1 ( 0 % )              ;
; Average interconnect usage (total/H/V)      ; 2.4% / 2.6% / 2.2%         ;
; Peak interconnect usage (total/H/V)         ; 9.9% / 11.4% / 8.8%        ;
; Maximum fan-out                             ; 2132                       ;
; Highest non-global fan-out                  ; 203                        ;
; Total fan-out                               ; 10809                      ;
; Average fan-out                             ; 2.08                       ;
+---------------------------------------------+----------------------------+
*  Register count does not include registers inside RAM blocks or DSP blocks.



+-----------------------------------------------------------------------------------------------------+
; Fitter Partition Statistics                                                                         ;
+---------------------------------------------+----------------------+--------------------------------+
; Statistic                                   ; Top                  ; hard_block:auto_generated_inst ;
+---------------------------------------------+----------------------+--------------------------------+
; Difficulty Clustering Region                ; Low                  ; Low                            ;
;                                             ;                      ;                                ;
; Total logic elements                        ; 2448 / 49760 ( 5 % ) ; 0 / 49760 ( 0 % )              ;
;     -- Combinational with no register       ; 352                  ; 0                              ;
;     -- Register only                        ; 469                  ; 0                              ;
;     -- Combinational with a register        ; 1627                 ; 0                              ;
;                                             ;                      ;                                ;
; Logic element usage by number of LUT inputs ;                      ;                                ;
;     -- 4 input functions                    ; 12                   ; 0                              ;
;     -- 3 input functions                    ; 1496                 ; 0                              ;
;     -- <=2 input functions                  ; 471                  ; 0                              ;
;     -- Register only                        ; 469                  ; 0                              ;
;                                             ;                      ;                                ;
; Logic elements by mode                      ;                      ;                                ;
;     -- normal mode                          ; 316                  ; 0                              ;
;     -- arithmetic mode                      ; 1663                 ; 0                              ;
;                                             ;                      ;                                ;
; Total registers                             ; 2096                 ; 0                              ;
;     -- Dedicated logic registers            ; 2096 / 49760 ( 4 % ) ; 0 / 49760 ( 0 % )              ;
;     -- I/O registers                        ; 0                    ; 0                              ;
;                                             ;                      ;                                ;
; Total LABs:  partially or completely used   ; 331 / 3110 ( 11 % )  ; 0 / 3110 ( 0 % )               ;
;                                             ;                      ;                                ;
; Virtual pins                                ; 0                    ; 0                              ;
; I/O pins                                    ; 302                  ; 0                              ;
; Embedded Multiplier 9-bit elements          ; 32 / 288 ( 11 % )    ; 0 / 288 ( 0 % )                ;
; Total memory bits                           ; 327                  ; 0                              ;
; Total RAM block bits                        ; 36864                ; 0                              ;
; M9K                                         ; 4 / 182 ( 2 % )      ; 0 / 182 ( 0 % )                ;
; Clock control block                         ; 1 / 24 ( 4 % )       ; 0 / 24 ( 0 % )                 ;
; User Flash Memory                           ; 1 / 1 ( 100 % )      ; 0 / 1 ( 0 % )                  ;
; Analog-to-Digital Converter                 ; 2 / 2 ( 100 % )      ; 0 / 2 ( 0 % )                  ;
;                                             ;                      ;                                ;
; Connections                                 ;                      ;                                ;
;     -- Input Connections                    ; 0                    ; 0                              ;
;     -- Registered Input Connections         ; 0                    ; 0                              ;
;     -- Output Connections                   ; 0                    ; 0                              ;
;     -- Registered Output Connections        ; 0                    ; 0                              ;
;                                             ;                      ;                                ;
; Internal Connections                        ;                      ;                                ;
;     -- Total Connections                    ; 11645                ; 8                              ;
;     -- Registered Connections               ; 4252                 ; 0                              ;
;                                             ;                      ;                                ;
; External Connections                        ;                      ;                                ;
;     -- Top                                  ; 0                    ; 0                              ;
;     -- hard_block:auto_generated_inst       ; 0                    ; 0                              ;
;                                             ;                      ;                                ;
; Partition Interface                         ;                      ;                                ;
;     -- Input Ports                          ; 194                  ; 0                              ;
;     -- Output Ports                         ; 108                  ; 0                              ;
;     -- Bidir Ports                          ; 0                    ; 0                              ;
;                                             ;                      ;                                ;
; Registered Ports                            ;                      ;                                ;
;     -- Registered Input Ports               ; 0                    ; 0                              ;
;     -- Registered Output Ports              ; 0                    ; 0                              ;
;                                             ;                      ;                                ;
; Port Connectivity                           ;                      ;                                ;
;     -- Input Ports driven by GND            ; 0                    ; 0                              ;
;     -- Output Ports driven by GND           ; 0                    ; 0                              ;
;     -- Input Ports driven by VCC            ; 0                    ; 0                              ;
;     -- Output Ports driven by VCC           ; 0                    ; 0                              ;
;     -- Input Ports with no Source           ; 0                    ; 0                              ;
;     -- Output Ports with no Source          ; 0                    ; 0                              ;
;     -- Input Ports with no Fanout           ; 0                    ; 0                              ;
;     -- Output Ports with no Fanout          ; 0                    ; 0                              ;
+---------------------------------------------+----------------------+--------------------------------+


+------------------------------------------------------------------------------------------------------------------------------------------------------------------------------------------------------------------------------------------------------------------------------------------------+
; Input Pins                                                                                                                                                                                                                                                                                     ;
+---------------+-------+----------+--------------+--------------+--------------+-----------------------+--------------------+--------+----------------+---------------+-----------------+----------+--------------+--------------+---------------------------+----------------------+-----------+
; Name          ; Pin # ; I/O Bank ; X coordinate ; Y coordinate ; Z coordinate ; Combinational Fan-Out ; Registered Fan-Out ; Global ; Input Register ; Power Up High ; PCI I/O Enabled ; Bus Hold ; Weak Pull Up ; I/O Standard ; Termination Control Block ; Location assigned by ; Slew Rate ;
+---------------+-------+----------+--------------+--------------+--------------+-----------------------+--------------------+--------+----------------+---------------+-----------------+----------+--------------+--------------+---------------------------+----------------------+-----------+
; clk           ; M8    ; 2        ; 0            ; 18           ; 14           ; 2132                  ; 0                  ; yes    ; no             ; no            ; yes             ; no       ; Off          ; 2.5 V        ; --                        ; Fitter               ; 0         ;
; rst           ; F3    ; 1A       ; 0            ; 36           ; 7            ; 0                     ; 0                  ; no     ; no             ; no            ; yes             ; no       ; Off          ; 2.5 V        ; --                        ; Fitter               ; 0         ;
; x_in[0][-10]  ; J8    ; 1A       ; 0            ; 36           ; 14           ; 1                     ; 0                  ; no     ; no             ; no            ; yes             ; no       ; Off          ; 2.5 V        ; --                        ; Fitter               ; 0         ;
; x_in[0][-11]  ; K4    ; 1A       ; 0            ; 34           ; 0            ; 1                     ; 0                  ; no     ; no             ; no            ; yes             ; no       ; Off          ; 2.5 V        ; --                        ; Fitter               ; 0         ;
; x_in[0][-1]   ; D2    ; 1B       ; 0            ; 30           ; 7            ; 1                     ; 0                  ; no     ; no             ; no            ; yes             ; no       ; Off          ; 2.5 V        ; --                        ; Fitter               ; 0         ;
; x_in[0][-2]   ; F5    ; 1A       ; 0            ; 37           ; 14           ; 1                     ; 0                  ; no     ; no             ; no            ; yes             ; no       ; Off          ; 2.5 V        ; --                        ; Fitter               ; 0         ;
; x_in[0][-3]   ; Y5    ; 3        ; 18           ; 0            ; 0            ; 1                     ; 0                  ; no     ; no             ; no            ; yes             ; no       ; Off          ; 2.5 V        ; --                        ; Fitter               ; 0         ;
; x_in[0][-4]   ; B3    ; 8        ; 26           ; 39           ; 14           ; 1                     ; 0                  ; no     ; no             ; no            ; yes             ; no       ; Off          ; 2.5 V        ; --                        ; Fitter               ; 0         ;
; x_in[0][-5]   ; P8    ; 2        ; 0            ; 9            ; 14           ; 1                     ; 0                  ; no     ; no             ; no            ; yes             ; no       ; Off          ; 2.5 V        ; --                        ; Fitter               ; 0         ;
; x_in[0][-6]   ; K5    ; 1A       ; 0            ; 34           ; 14           ; 1                     ; 0                  ; no     ; no             ; no            ; yes             ; no       ; Off          ; 2.5 V        ; --                        ; Fitter               ; 0         ;
; x_in[0][-7]   ; D7    ; 8        ; 29           ; 39           ; 14           ; 1                     ; 0                  ; no     ; no             ; no            ; yes             ; no       ; Off          ; 2.5 V        ; --                        ; Fitter               ; 0         ;
; x_in[0][-8]   ; K1    ; 1B       ; 0            ; 25           ; 0            ; 1                     ; 0                  ; no     ; no             ; no            ; yes             ; no       ; Off          ; 2.5 V        ; --                        ; Fitter               ; 0         ;
; x_in[0][-9]   ; K9    ; 1B       ; 0            ; 30           ; 21           ; 1                     ; 0                  ; no     ; no             ; no            ; yes             ; no       ; Off          ; 2.5 V        ; --                        ; Fitter               ; 0         ;
; x_in[0][0]    ; B4    ; 8        ; 26           ; 39           ; 21           ; 1                     ; 0                  ; no     ; no             ; no            ; yes             ; no       ; Off          ; 2.5 V        ; --                        ; Fitter               ; 0         ;
; x_in[10][-10] ; AA10  ; 3        ; 34           ; 0            ; 0            ; 1                     ; 0                  ; no     ; no             ; no            ; yes             ; no       ; Off          ; 2.5 V        ; --                        ; Fitter               ; 0         ;
; x_in[10][-11] ; P11   ; 3        ; 34           ; 0            ; 28           ; 1                     ; 0                  ; no     ; no             ; no            ; yes             ; no       ; Off          ; 2.5 V        ; --                        ; Fitter               ; 0         ;
; x_in[10][-1]  ; R12   ; 4        ; 38           ; 0            ; 0            ; 1                     ; 0                  ; no     ; no             ; no            ; yes             ; no       ; Off          ; 2.5 V        ; --                        ; Fitter               ; 0         ;
; x_in[10][-2]  ; V9    ; 3        ; 31           ; 0            ; 28           ; 1                     ; 0                  ; no     ; no             ; no            ; yes             ; no       ; Off          ; 2.5 V        ; --                        ; Fitter               ; 0         ;
; x_in[10][-3]  ; Y10   ; 3        ; 34           ; 0            ; 7            ; 1                     ; 0                  ; no     ; no             ; no            ; yes             ; no       ; Off          ; 2.5 V        ; --                        ; Fitter               ; 0         ;
; x_in[10][-4]  ; AB10  ; 4        ; 38           ; 0            ; 14           ; 1                     ; 0                  ; no     ; no             ; no            ; yes             ; no       ; Off          ; 2.5 V        ; --                        ; Fitter               ; 0         ;
; x_in[10][-5]  ; AB12  ; 4        ; 40           ; 0            ; 21           ; 1                     ; 0                  ; no     ; no             ; no            ; yes             ; no       ; Off          ; 2.5 V        ; --                        ; Fitter               ; 0         ;
; x_in[10][-6]  ; V12   ; 4        ; 38           ; 0            ; 21           ; 1                     ; 0                  ; no     ; no             ; no            ; yes             ; no       ; Off          ; 2.5 V        ; --                        ; Fitter               ; 0         ;
; x_in[10][-7]  ; Y11   ; 4        ; 36           ; 0            ; 0            ; 1                     ; 0                  ; no     ; no             ; no            ; yes             ; no       ; Off          ; 2.5 V        ; --                        ; Fitter               ; 0         ;
; x_in[10][-8]  ; Y1    ; 3        ; 16           ; 0            ; 21           ; 1                     ; 0                  ; no     ; no             ; no            ; yes             ; no       ; Off          ; 2.5 V        ; --                        ; Fitter               ; 0         ;
; x_in[10][-9]  ; P12   ; 4        ; 40           ; 0            ; 28           ; 1                     ; 0                  ; no     ; no             ; no            ; yes             ; no       ; Off          ; 2.5 V        ; --                        ; Fitter               ; 0         ;
; x_in[10][0]   ; AB3   ; 3        ; 22           ; 0            ; 7            ; 1                     ; 0                  ; no     ; no             ; no            ; yes             ; no       ; Off          ; 2.5 V        ; --                        ; Fitter               ; 0         ;
; x_in[11][-10] ; M18   ; 6        ; 78           ; 37           ; 21           ; 1                     ; 0                  ; no     ; no             ; no            ; yes             ; no       ; Off          ; 2.5 V        ; --                        ; Fitter               ; 0         ;
; x_in[11][-11] ; P19   ; 5        ; 78           ; 24           ; 7            ; 1                     ; 0                  ; no     ; no             ; no            ; yes             ; no       ; Off          ; 2.5 V        ; --                        ; Fitter               ; 0         ;
; x_in[11][-1]  ; U21   ; 5        ; 78           ; 21           ; 21           ; 1                     ; 0                  ; no     ; no             ; no            ; yes             ; no       ; Off          ; 2.5 V        ; --                        ; Fitter               ; 0         ;
; x_in[11][-2]  ; M14   ; 6        ; 78           ; 33           ; 14           ; 1                     ; 0                  ; no     ; no             ; no            ; yes             ; no       ; Off          ; 2.5 V        ; --                        ; Fitter               ; 0         ;
; x_in[11][-3]  ; J22   ; 6        ; 78           ; 30           ; 7            ; 1                     ; 0                  ; no     ; no             ; no            ; yes             ; no       ; Off          ; 2.5 V        ; --                        ; Fitter               ; 0         ;
; x_in[11][-4]  ; R18   ; 5        ; 78           ; 24           ; 22           ; 1                     ; 0                  ; no     ; no             ; no            ; yes             ; no       ; Off          ; 2.5 V        ; --                        ; Fitter               ; 0         ;
; x_in[11][-5]  ; C22   ; 6        ; 78           ; 35           ; 0            ; 1                     ; 0                  ; no     ; no             ; no            ; yes             ; no       ; Off          ; 2.5 V        ; --                        ; Fitter               ; 0         ;
; x_in[11][-6]  ; R22   ; 5        ; 78           ; 21           ; 7            ; 1                     ; 0                  ; no     ; no             ; no            ; yes             ; no       ; Off          ; 2.5 V        ; --                        ; Fitter               ; 0         ;
; x_in[11][-7]  ; R14   ; 5        ; 78           ; 18           ; 14           ; 1                     ; 0                  ; no     ; no             ; no            ; yes             ; no       ; Off          ; 2.5 V        ; --                        ; Fitter               ; 0         ;
; x_in[11][-8]  ; N14   ; 6        ; 78           ; 29           ; 21           ; 1                     ; 0                  ; no     ; no             ; no            ; yes             ; no       ; Off          ; 2.5 V        ; --                        ; Fitter               ; 0         ;
; x_in[11][-9]  ; D21   ; 6        ; 78           ; 36           ; 7            ; 1                     ; 0                  ; no     ; no             ; no            ; yes             ; no       ; Off          ; 2.5 V        ; --                        ; Fitter               ; 0         ;
; x_in[11][0]   ; C21   ; 6        ; 78           ; 36           ; 0            ; 1                     ; 0                  ; no     ; no             ; no            ; yes             ; no       ; Off          ; 2.5 V        ; --                        ; Fitter               ; 0         ;
; x_in[12][-10] ; N4    ; 2        ; 0            ; 23           ; 14           ; 1                     ; 0                  ; no     ; no             ; no            ; yes             ; no       ; Off          ; 2.5 V        ; --                        ; Fitter               ; 0         ;
; x_in[12][-11] ; M4    ; 1B       ; 0            ; 25           ; 14           ; 1                     ; 0                  ; no     ; no             ; no            ; yes             ; no       ; Off          ; 2.5 V        ; --                        ; Fitter               ; 0         ;
; x_in[12][-1]  ; A4    ; 8        ; 31           ; 39           ; 21           ; 1                     ; 0                  ; no     ; no             ; no            ; yes             ; no       ; Off          ; 2.5 V        ; --                        ; Fitter               ; 0         ;
; x_in[12][-2]  ; E11   ; 8        ; 36           ; 39           ; 14           ; 1                     ; 0                  ; no     ; no             ; no            ; yes             ; no       ; Off          ; 2.5 V        ; --                        ; Fitter               ; 0         ;
; x_in[12][-3]  ; D8    ; 8        ; 31           ; 39           ; 0            ; 1                     ; 0                  ; no     ; no             ; no            ; yes             ; no       ; Off          ; 2.5 V        ; --                        ; Fitter               ; 0         ;
; x_in[12][-4]  ; D6    ; 8        ; 22           ; 39           ; 28           ; 1                     ; 0                  ; no     ; no             ; no            ; yes             ; no       ; Off          ; 2.5 V        ; --                        ; Fitter               ; 0         ;
; x_in[12][-5]  ; B5    ; 8        ; 26           ; 39           ; 28           ; 1                     ; 0                  ; no     ; no             ; no            ; yes             ; no       ; Off          ; 2.5 V        ; --                        ; Fitter               ; 0         ;
; x_in[12][-6]  ; B2    ; 8        ; 22           ; 39           ; 14           ; 1                     ; 0                  ; no     ; no             ; no            ; yes             ; no       ; Off          ; 2.5 V        ; --                        ; Fitter               ; 0         ;
; x_in[12][-7]  ; K2    ; 1B       ; 0            ; 28           ; 0            ; 1                     ; 0                  ; no     ; no             ; no            ; yes             ; no       ; Off          ; 2.5 V        ; --                        ; Fitter               ; 0         ;
; x_in[12][-8]  ; F7    ; 8        ; 24           ; 39           ; 14           ; 1                     ; 0                  ; no     ; no             ; no            ; yes             ; no       ; Off          ; 2.5 V        ; --                        ; Fitter               ; 0         ;
; x_in[12][-9]  ; N5    ; 2        ; 0            ; 23           ; 21           ; 1                     ; 0                  ; no     ; no             ; no            ; yes             ; no       ; Off          ; 2.5 V        ; --                        ; Fitter               ; 0         ;
; x_in[12][0]   ; R4    ; 2        ; 0            ; 15           ; 14           ; 1                     ; 0                  ; no     ; no             ; no            ; yes             ; no       ; Off          ; 2.5 V        ; --                        ; Fitter               ; 0         ;
; x_in[13][-10] ; F20   ; 6        ; 78           ; 35           ; 14           ; 1                     ; 0                  ; no     ; no             ; no            ; yes             ; no       ; Off          ; 2.5 V        ; --                        ; Fitter               ; 0         ;
; x_in[13][-11] ; H13   ; 7        ; 54           ; 54           ; 0            ; 1                     ; 0                  ; no     ; no             ; no            ; yes             ; no       ; Off          ; 2.5 V        ; --                        ; Fitter               ; 0         ;
; x_in[13][-1]  ; A10   ; 7        ; 51           ; 54           ; 14           ; 1                     ; 0                  ; no     ; no             ; no            ; yes             ; no       ; Off          ; 2.5 V        ; --                        ; Fitter               ; 0         ;
; x_in[13][-2]  ; B8    ; 7        ; 46           ; 54           ; 28           ; 1                     ; 0                  ; no     ; no             ; no            ; yes             ; no       ; Off          ; 2.5 V        ; --                        ; Fitter               ; 0         ;
; x_in[13][-3]  ; A16   ; 7        ; 60           ; 54           ; 14           ; 1                     ; 0                  ; no     ; no             ; no            ; yes             ; no       ; Off          ; 2.5 V        ; --                        ; Fitter               ; 0         ;
; x_in[13][-4]  ; C10   ; 7        ; 51           ; 54           ; 28           ; 1                     ; 0                  ; no     ; no             ; no            ; yes             ; no       ; Off          ; 2.5 V        ; --                        ; Fitter               ; 0         ;
; x_in[13][-5]  ; J12   ; 7        ; 54           ; 54           ; 7            ; 1                     ; 0                  ; no     ; no             ; no            ; yes             ; no       ; Off          ; 2.5 V        ; --                        ; Fitter               ; 0         ;
; x_in[13][-6]  ; B11   ; 7        ; 49           ; 54           ; 7            ; 1                     ; 0                  ; no     ; no             ; no            ; yes             ; no       ; Off          ; 2.5 V        ; --                        ; Fitter               ; 0         ;
; x_in[13][-7]  ; D12   ; 7        ; 51           ; 54           ; 0            ; 1                     ; 0                  ; no     ; no             ; no            ; yes             ; no       ; Off          ; 2.5 V        ; --                        ; Fitter               ; 0         ;
; x_in[13][-8]  ; C15   ; 7        ; 60           ; 54           ; 0            ; 1                     ; 0                  ; no     ; no             ; no            ; yes             ; no       ; Off          ; 2.5 V        ; --                        ; Fitter               ; 0         ;
; x_in[13][-9]  ; B15   ; 7        ; 58           ; 54           ; 7            ; 1                     ; 0                  ; no     ; no             ; no            ; yes             ; no       ; Off          ; 2.5 V        ; --                        ; Fitter               ; 0         ;
; x_in[13][0]   ; E12   ; 7        ; 56           ; 54           ; 21           ; 1                     ; 0                  ; no     ; no             ; no            ; yes             ; no       ; Off          ; 2.5 V        ; --                        ; Fitter               ; 0         ;
; x_in[14][-10] ; V14   ; 4        ; 54           ; 0            ; 14           ; 1                     ; 0                  ; no     ; no             ; no            ; yes             ; no       ; Off          ; 2.5 V        ; --                        ; Fitter               ; 0         ;
; x_in[14][-11] ; AA15  ; 4        ; 54           ; 0            ; 28           ; 1                     ; 0                  ; no     ; no             ; no            ; yes             ; no       ; Off          ; 2.5 V        ; --                        ; Fitter               ; 0         ;
; x_in[14][-1]  ; AB19  ; 4        ; 56           ; 0            ; 7            ; 1                     ; 0                  ; no     ; no             ; no            ; yes             ; no       ; Off          ; 2.5 V        ; --                        ; Fitter               ; 0         ;
; x_in[14][-2]  ; R13   ; 4        ; 49           ; 0            ; 0            ; 1                     ; 0                  ; no     ; no             ; no            ; yes             ; no       ; Off          ; 2.5 V        ; --                        ; Fitter               ; 0         ;
; x_in[14][-3]  ; W13   ; 4        ; 46           ; 0            ; 0            ; 1                     ; 0                  ; no     ; no             ; no            ; yes             ; no       ; Off          ; 2.5 V        ; --                        ; Fitter               ; 0         ;
; x_in[14][-4]  ; AA17  ; 4        ; 58           ; 0            ; 28           ; 1                     ; 0                  ; no     ; no             ; no            ; yes             ; no       ; Off          ; 2.5 V        ; --                        ; Fitter               ; 0         ;
; x_in[14][-5]  ; AB16  ; 4        ; 54           ; 0            ; 0            ; 1                     ; 0                  ; no     ; no             ; no            ; yes             ; no       ; Off          ; 2.5 V        ; --                        ; Fitter               ; 0         ;
; x_in[14][-6]  ; P13   ; 4        ; 51           ; 0            ; 28           ; 1                     ; 0                  ; no     ; no             ; no            ; yes             ; no       ; Off          ; 2.5 V        ; --                        ; Fitter               ; 0         ;
; x_in[14][-7]  ; W15   ; 4        ; 54           ; 0            ; 7            ; 1                     ; 0                  ; no     ; no             ; no            ; yes             ; no       ; Off          ; 2.5 V        ; --                        ; Fitter               ; 0         ;
; x_in[14][-8]  ; W14   ; 4        ; 49           ; 0            ; 21           ; 1                     ; 0                  ; no     ; no             ; no            ; yes             ; no       ; Off          ; 2.5 V        ; --                        ; Fitter               ; 0         ;
; x_in[14][-9]  ; AB17  ; 4        ; 69           ; 0            ; 21           ; 1                     ; 0                  ; no     ; no             ; no            ; yes             ; no       ; Off          ; 2.5 V        ; --                        ; Fitter               ; 0         ;
; x_in[14][0]   ; AB18  ; 4        ; 69           ; 0            ; 14           ; 1                     ; 0                  ; no     ; no             ; no            ; yes             ; no       ; Off          ; 2.5 V        ; --                        ; Fitter               ; 0         ;
; x_in[15][-10] ; Y22   ; 5        ; 78           ; 15           ; 7            ; 1                     ; 0                  ; no     ; no             ; no            ; yes             ; no       ; Off          ; 2.5 V        ; --                        ; Fitter               ; 0         ;
; x_in[15][-11] ; P21   ; 5        ; 78           ; 23           ; 7            ; 1                     ; 0                  ; no     ; no             ; no            ; yes             ; no       ; Off          ; 2.5 V        ; --                        ; Fitter               ; 0         ;
; x_in[15][-1]  ; L19   ; 6        ; 78           ; 37           ; 7            ; 1                     ; 0                  ; no     ; no             ; no            ; yes             ; no       ; Off          ; 2.5 V        ; --                        ; Fitter               ; 0         ;
; x_in[15][-2]  ; V21   ; 5        ; 78           ; 17           ; 7            ; 1                     ; 0                  ; no     ; no             ; no            ; yes             ; no       ; Off          ; 2.5 V        ; --                        ; Fitter               ; 0         ;
; x_in[15][-3]  ; F22   ; 6        ; 78           ; 31           ; 0            ; 1                     ; 0                  ; no     ; no             ; no            ; yes             ; no       ; Off          ; 2.5 V        ; --                        ; Fitter               ; 0         ;
; x_in[15][-4]  ; P14   ; 5        ; 78           ; 23           ; 14           ; 1                     ; 0                  ; no     ; no             ; no            ; yes             ; no       ; Off          ; 2.5 V        ; --                        ; Fitter               ; 0         ;
; x_in[15][-5]  ; N19   ; 6        ; 78           ; 34           ; 14           ; 1                     ; 0                  ; no     ; no             ; no            ; yes             ; no       ; Off          ; 2.5 V        ; --                        ; Fitter               ; 0         ;
; x_in[15][-6]  ; J21   ; 6        ; 78           ; 30           ; 0            ; 1                     ; 0                  ; no     ; no             ; no            ; yes             ; no       ; Off          ; 2.5 V        ; --                        ; Fitter               ; 0         ;
; x_in[15][-7]  ; N21   ; 5        ; 78           ; 25           ; 7            ; 1                     ; 0                  ; no     ; no             ; no            ; yes             ; no       ; Off          ; 2.5 V        ; --                        ; Fitter               ; 0         ;
; x_in[15][-8]  ; C20   ; 6        ; 78           ; 41           ; 7            ; 1                     ; 0                  ; no     ; no             ; no            ; yes             ; no       ; Off          ; 2.5 V        ; --                        ; Fitter               ; 0         ;
; x_in[15][-9]  ; W22   ; 5        ; 78           ; 15           ; 0            ; 1                     ; 0                  ; no     ; no             ; no            ; yes             ; no       ; Off          ; 2.5 V        ; --                        ; Fitter               ; 0         ;
; x_in[15][0]   ; N22   ; 5        ; 78           ; 23           ; 0            ; 1                     ; 0                  ; no     ; no             ; no            ; yes             ; no       ; Off          ; 2.5 V        ; --                        ; Fitter               ; 0         ;
; x_in[1][-10]  ; K21   ; 6        ; 78           ; 30           ; 14           ; 1                     ; 0                  ; no     ; no             ; no            ; yes             ; no       ; Off          ; 2.5 V        ; --                        ; Fitter               ; 0         ;
; x_in[1][-11]  ; B10   ; 7        ; 46           ; 54           ; 7            ; 1                     ; 0                  ; no     ; no             ; no            ; yes             ; no       ; Off          ; 2.5 V        ; --                        ; Fitter               ; 0         ;
; x_in[1][-1]   ; H11   ; 8        ; 34           ; 39           ; 14           ; 1                     ; 0                  ; no     ; no             ; no            ; yes             ; no       ; Off          ; 2.5 V        ; --                        ; Fitter               ; 0         ;
; x_in[1][-2]   ; A15   ; 7        ; 58           ; 54           ; 0            ; 1                     ; 0                  ; no     ; no             ; no            ; yes             ; no       ; Off          ; 2.5 V        ; --                        ; Fitter               ; 0         ;
; x_in[1][-3]   ; E13   ; 7        ; 56           ; 54           ; 14           ; 1                     ; 0                  ; no     ; no             ; no            ; yes             ; no       ; Off          ; 2.5 V        ; --                        ; Fitter               ; 0         ;
; x_in[1][-4]   ; D22   ; 6        ; 78           ; 35           ; 7            ; 1                     ; 0                  ; no     ; no             ; no            ; yes             ; no       ; Off          ; 2.5 V        ; --                        ; Fitter               ; 0         ;
; x_in[1][-5]   ; K8    ; 1B       ; 0            ; 30           ; 14           ; 1                     ; 0                  ; no     ; no             ; no            ; yes             ; no       ; Off          ; 2.5 V        ; --                        ; Fitter               ; 0         ;
; x_in[1][-6]   ; B16   ; 7        ; 60           ; 54           ; 7            ; 1                     ; 0                  ; no     ; no             ; no            ; yes             ; no       ; Off          ; 2.5 V        ; --                        ; Fitter               ; 0         ;
; x_in[1][-7]   ; A3    ; 8        ; 26           ; 39           ; 7            ; 1                     ; 0                  ; no     ; no             ; no            ; yes             ; no       ; Off          ; 2.5 V        ; --                        ; Fitter               ; 0         ;
; x_in[1][-8]   ; D10   ; 8        ; 31           ; 39           ; 28           ; 1                     ; 0                  ; no     ; no             ; no            ; yes             ; no       ; Off          ; 2.5 V        ; --                        ; Fitter               ; 0         ;
; x_in[1][-9]   ; C6    ; 8        ; 29           ; 39           ; 7            ; 1                     ; 0                  ; no     ; no             ; no            ; yes             ; no       ; Off          ; 2.5 V        ; --                        ; Fitter               ; 0         ;
; x_in[1][0]    ; E10   ; 8        ; 36           ; 39           ; 21           ; 1                     ; 0                  ; no     ; no             ; no            ; yes             ; no       ; Off          ; 2.5 V        ; --                        ; Fitter               ; 0         ;
; x_in[2][-10]  ; Y6    ; 3        ; 20           ; 0            ; 28           ; 1                     ; 0                  ; no     ; no             ; no            ; yes             ; no       ; Off          ; 2.5 V        ; --                        ; Fitter               ; 0         ;
; x_in[2][-11]  ; W11   ; 4        ; 36           ; 0            ; 7            ; 1                     ; 0                  ; no     ; no             ; no            ; yes             ; no       ; Off          ; 2.5 V        ; --                        ; Fitter               ; 0         ;
; x_in[2][-1]   ; AA11  ; 4        ; 40           ; 0            ; 7            ; 1                     ; 0                  ; no     ; no             ; no            ; yes             ; no       ; Off          ; 2.5 V        ; --                        ; Fitter               ; 0         ;
; x_in[2][-2]   ; AB7   ; 3        ; 29           ; 0            ; 0            ; 1                     ; 0                  ; no     ; no             ; no            ; yes             ; no       ; Off          ; 2.5 V        ; --                        ; Fitter               ; 0         ;
; x_in[2][-3]   ; AB11  ; 4        ; 38           ; 0            ; 7            ; 1                     ; 0                  ; no     ; no             ; no            ; yes             ; no       ; Off          ; 2.5 V        ; --                        ; Fitter               ; 0         ;
; x_in[2][-4]   ; V11   ; 4        ; 38           ; 0            ; 28           ; 1                     ; 0                  ; no     ; no             ; no            ; yes             ; no       ; Off          ; 2.5 V        ; --                        ; Fitter               ; 0         ;
; x_in[2][-5]   ; AA9   ; 3        ; 34           ; 0            ; 21           ; 1                     ; 0                  ; no     ; no             ; no            ; yes             ; no       ; Off          ; 2.5 V        ; --                        ; Fitter               ; 0         ;
; x_in[2][-6]   ; V10   ; 3        ; 31           ; 0            ; 21           ; 1                     ; 0                  ; no     ; no             ; no            ; yes             ; no       ; Off          ; 2.5 V        ; --                        ; Fitter               ; 0         ;
; x_in[2][-7]   ; AB8   ; 3        ; 31           ; 0            ; 7            ; 1                     ; 0                  ; no     ; no             ; no            ; yes             ; no       ; Off          ; 2.5 V        ; --                        ; Fitter               ; 0         ;
; x_in[2][-8]   ; Y2    ; 3        ; 16           ; 0            ; 14           ; 1                     ; 0                  ; no     ; no             ; no            ; yes             ; no       ; Off          ; 2.5 V        ; --                        ; Fitter               ; 0         ;
; x_in[2][-9]   ; AA12  ; 4        ; 40           ; 0            ; 0            ; 1                     ; 0                  ; no     ; no             ; no            ; yes             ; no       ; Off          ; 2.5 V        ; --                        ; Fitter               ; 0         ;
; x_in[2][0]    ; AB13  ; 4        ; 40           ; 0            ; 14           ; 1                     ; 0                  ; no     ; no             ; no            ; yes             ; no       ; Off          ; 2.5 V        ; --                        ; Fitter               ; 0         ;
; x_in[3][-10]  ; M21   ; 5        ; 78           ; 25           ; 21           ; 1                     ; 0                  ; no     ; no             ; no            ; yes             ; no       ; Off          ; 2.5 V        ; --                        ; Fitter               ; 0         ;
; x_in[3][-11]  ; H21   ; 6        ; 78           ; 29           ; 0            ; 1                     ; 0                  ; no     ; no             ; no            ; yes             ; no       ; Off          ; 2.5 V        ; --                        ; Fitter               ; 0         ;
; x_in[3][-1]   ; N15   ; 6        ; 78           ; 29           ; 14           ; 1                     ; 0                  ; no     ; no             ; no            ; yes             ; no       ; Off          ; 2.5 V        ; --                        ; Fitter               ; 0         ;
; x_in[3][-2]   ; M22   ; 5        ; 78           ; 25           ; 0            ; 1                     ; 0                  ; no     ; no             ; no            ; yes             ; no       ; Off          ; 2.5 V        ; --                        ; Fitter               ; 0         ;
; x_in[3][-3]   ; E22   ; 6        ; 78           ; 33           ; 7            ; 1                     ; 0                  ; no     ; no             ; no            ; yes             ; no       ; Off          ; 2.5 V        ; --                        ; Fitter               ; 0         ;
; x_in[3][-4]   ; G20   ; 6        ; 78           ; 31           ; 21           ; 1                     ; 0                  ; no     ; no             ; no            ; yes             ; no       ; Off          ; 2.5 V        ; --                        ; Fitter               ; 0         ;
; x_in[3][-5]   ; L14   ; 6        ; 78           ; 36           ; 22           ; 1                     ; 0                  ; no     ; no             ; no            ; yes             ; no       ; Off          ; 2.5 V        ; --                        ; Fitter               ; 0         ;
; x_in[3][-6]   ; L22   ; 5        ; 78           ; 25           ; 14           ; 1                     ; 0                  ; no     ; no             ; no            ; yes             ; no       ; Off          ; 2.5 V        ; --                        ; Fitter               ; 0         ;
; x_in[3][-7]   ; K22   ; 6        ; 78           ; 30           ; 21           ; 1                     ; 0                  ; no     ; no             ; no            ; yes             ; no       ; Off          ; 2.5 V        ; --                        ; Fitter               ; 0         ;
; x_in[3][-8]   ; H22   ; 6        ; 78           ; 29           ; 7            ; 1                     ; 0                  ; no     ; no             ; no            ; yes             ; no       ; Off          ; 2.5 V        ; --                        ; Fitter               ; 0         ;
; x_in[3][-9]   ; G22   ; 6        ; 78           ; 31           ; 7            ; 1                     ; 0                  ; no     ; no             ; no            ; yes             ; no       ; Off          ; 2.5 V        ; --                        ; Fitter               ; 0         ;
; x_in[3][0]    ; K18   ; 6        ; 78           ; 42           ; 21           ; 1                     ; 0                  ; no     ; no             ; no            ; yes             ; no       ; Off          ; 2.5 V        ; --                        ; Fitter               ; 0         ;
; x_in[4][-10]  ; P4    ; 2        ; 0            ; 23           ; 0            ; 1                     ; 0                  ; no     ; no             ; no            ; yes             ; no       ; Off          ; 2.5 V        ; --                        ; Fitter               ; 0         ;
; x_in[4][-11]  ; A6    ; 8        ; 34           ; 39           ; 28           ; 1                     ; 0                  ; no     ; no             ; no            ; yes             ; no       ; Off          ; 2.5 V        ; --                        ; Fitter               ; 0         ;
; x_in[4][-1]   ; D5    ; 8        ; 24           ; 39           ; 28           ; 1                     ; 0                  ; no     ; no             ; no            ; yes             ; no       ; Off          ; 2.5 V        ; --                        ; Fitter               ; 0         ;
; x_in[4][-2]   ; A2    ; 8        ; 26           ; 39           ; 0            ; 1                     ; 0                  ; no     ; no             ; no            ; yes             ; no       ; Off          ; 2.5 V        ; --                        ; Fitter               ; 0         ;
; x_in[4][-3]   ; E9    ; 8        ; 29           ; 39           ; 0            ; 1                     ; 0                  ; no     ; no             ; no            ; yes             ; no       ; Off          ; 2.5 V        ; --                        ; Fitter               ; 0         ;
; x_in[4][-4]   ; W5    ; 3        ; 14           ; 0            ; 0            ; 1                     ; 0                  ; no     ; no             ; no            ; yes             ; no       ; Off          ; 2.5 V        ; --                        ; Fitter               ; 0         ;
; x_in[4][-5]   ; B1    ; 8        ; 22           ; 39           ; 21           ; 1                     ; 0                  ; no     ; no             ; no            ; yes             ; no       ; Off          ; 2.5 V        ; --                        ; Fitter               ; 0         ;
; x_in[4][-6]   ; T2    ; 2        ; 0            ; 15           ; 7            ; 1                     ; 0                  ; no     ; no             ; no            ; yes             ; no       ; Off          ; 2.5 V        ; --                        ; Fitter               ; 0         ;
; x_in[4][-7]   ; P5    ; 2        ; 0            ; 23           ; 7            ; 1                     ; 0                  ; no     ; no             ; no            ; yes             ; no       ; Off          ; 2.5 V        ; --                        ; Fitter               ; 0         ;
; x_in[4][-8]   ; V1    ; 2        ; 0            ; 12           ; 7            ; 1                     ; 0                  ; no     ; no             ; no            ; yes             ; no       ; Off          ; 2.5 V        ; --                        ; Fitter               ; 0         ;
; x_in[4][-9]   ; M3    ; 1B       ; 0            ; 25           ; 21           ; 1                     ; 0                  ; no     ; no             ; no            ; yes             ; no       ; Off          ; 2.5 V        ; --                        ; Fitter               ; 0         ;
; x_in[4][0]    ; C1    ; 1B       ; 0            ; 29           ; 0            ; 1                     ; 0                  ; no     ; no             ; no            ; yes             ; no       ; Off          ; 2.5 V        ; --                        ; Fitter               ; 0         ;
; x_in[5][-10]  ; A7    ; 7        ; 49           ; 54           ; 28           ; 1                     ; 0                  ; no     ; no             ; no            ; yes             ; no       ; Off          ; 2.5 V        ; --                        ; Fitter               ; 0         ;
; x_in[5][-11]  ; B12   ; 7        ; 49           ; 54           ; 0            ; 1                     ; 0                  ; no     ; no             ; no            ; yes             ; no       ; Off          ; 2.5 V        ; --                        ; Fitter               ; 0         ;
; x_in[5][-1]   ; K6    ; 1A       ; 0            ; 34           ; 21           ; 1                     ; 0                  ; no     ; no             ; no            ; yes             ; no       ; Off          ; 2.5 V        ; --                        ; Fitter               ; 0         ;
; x_in[5][-2]   ; J11   ; 7        ; 49           ; 54           ; 21           ; 1                     ; 0                  ; no     ; no             ; no            ; yes             ; no       ; Off          ; 2.5 V        ; --                        ; Fitter               ; 0         ;
; x_in[5][-3]   ; A13   ; 7        ; 54           ; 54           ; 14           ; 1                     ; 0                  ; no     ; no             ; no            ; yes             ; no       ; Off          ; 2.5 V        ; --                        ; Fitter               ; 0         ;
; x_in[5][-4]   ; F21   ; 6        ; 78           ; 35           ; 21           ; 1                     ; 0                  ; no     ; no             ; no            ; yes             ; no       ; Off          ; 2.5 V        ; --                        ; Fitter               ; 0         ;
; x_in[5][-5]   ; B14   ; 7        ; 56           ; 54           ; 0            ; 1                     ; 0                  ; no     ; no             ; no            ; yes             ; no       ; Off          ; 2.5 V        ; --                        ; Fitter               ; 0         ;
; x_in[5][-6]   ; H12   ; 7        ; 49           ; 54           ; 14           ; 1                     ; 0                  ; no     ; no             ; no            ; yes             ; no       ; Off          ; 2.5 V        ; --                        ; Fitter               ; 0         ;
; x_in[5][-7]   ; K14   ; 6        ; 78           ; 41           ; 22           ; 1                     ; 0                  ; no     ; no             ; no            ; yes             ; no       ; Off          ; 2.5 V        ; --                        ; Fitter               ; 0         ;
; x_in[5][-8]   ; N18   ; 6        ; 78           ; 34           ; 22           ; 1                     ; 0                  ; no     ; no             ; no            ; yes             ; no       ; Off          ; 2.5 V        ; --                        ; Fitter               ; 0         ;
; x_in[5][-9]   ; J10   ; 8        ; 34           ; 39           ; 7            ; 1                     ; 0                  ; no     ; no             ; no            ; yes             ; no       ; Off          ; 2.5 V        ; --                        ; Fitter               ; 0         ;
; x_in[5][0]    ; C9    ; 7        ; 46           ; 54           ; 14           ; 1                     ; 0                  ; no     ; no             ; no            ; yes             ; no       ; Off          ; 2.5 V        ; --                        ; Fitter               ; 0         ;
; x_in[6][-10]  ; W17   ; 4        ; 69           ; 0            ; 7            ; 1                     ; 0                  ; no     ; no             ; no            ; yes             ; no       ; Off          ; 2.5 V        ; --                        ; Fitter               ; 0         ;
; x_in[6][-11]  ; AA2   ; 3        ; 18           ; 0            ; 21           ; 1                     ; 0                  ; no     ; no             ; no            ; yes             ; no       ; Off          ; 2.5 V        ; --                        ; Fitter               ; 0         ;
; x_in[6][-1]   ; AA13  ; 4        ; 49           ; 0            ; 14           ; 1                     ; 0                  ; no     ; no             ; no            ; yes             ; no       ; Off          ; 2.5 V        ; --                        ; Fitter               ; 0         ;
; x_in[6][-2]   ; V16   ; 4        ; 56           ; 0            ; 14           ; 1                     ; 0                  ; no     ; no             ; no            ; yes             ; no       ; Off          ; 2.5 V        ; --                        ; Fitter               ; 0         ;
; x_in[6][-3]   ; Y18   ; 4        ; 58           ; 0            ; 7            ; 1                     ; 0                  ; no     ; no             ; no            ; yes             ; no       ; Off          ; 2.5 V        ; --                        ; Fitter               ; 0         ;
; x_in[6][-4]   ; Y13   ; 4        ; 51           ; 0            ; 7            ; 1                     ; 0                  ; no     ; no             ; no            ; yes             ; no       ; Off          ; 2.5 V        ; --                        ; Fitter               ; 0         ;
; x_in[6][-5]   ; V17   ; 4        ; 69           ; 0            ; 0            ; 1                     ; 0                  ; no     ; no             ; no            ; yes             ; no       ; Off          ; 2.5 V        ; --                        ; Fitter               ; 0         ;
; x_in[6][-6]   ; W18   ; 4        ; 62           ; 0            ; 7            ; 1                     ; 0                  ; no     ; no             ; no            ; yes             ; no       ; Off          ; 2.5 V        ; --                        ; Fitter               ; 0         ;
; x_in[6][-7]   ; AB15  ; 4        ; 51           ; 0            ; 14           ; 1                     ; 0                  ; no     ; no             ; no            ; yes             ; no       ; Off          ; 2.5 V        ; --                        ; Fitter               ; 0         ;
; x_in[6][-8]   ; AA14  ; 4        ; 51           ; 0            ; 21           ; 1                     ; 0                  ; no     ; no             ; no            ; yes             ; no       ; Off          ; 2.5 V        ; --                        ; Fitter               ; 0         ;
; x_in[6][-9]   ; Y14   ; 4        ; 51           ; 0            ; 0            ; 1                     ; 0                  ; no     ; no             ; no            ; yes             ; no       ; Off          ; 2.5 V        ; --                        ; Fitter               ; 0         ;
; x_in[6][0]    ; V15   ; 4        ; 58           ; 0            ; 0            ; 1                     ; 0                  ; no     ; no             ; no            ; yes             ; no       ; Off          ; 2.5 V        ; --                        ; Fitter               ; 0         ;
; x_in[7][-10]  ; G19   ; 6        ; 78           ; 31           ; 14           ; 1                     ; 0                  ; no     ; no             ; no            ; yes             ; no       ; Off          ; 2.5 V        ; --                        ; Fitter               ; 0         ;
; x_in[7][-11]  ; T21   ; 5        ; 78           ; 18           ; 7            ; 1                     ; 0                  ; no     ; no             ; no            ; yes             ; no       ; Off          ; 2.5 V        ; --                        ; Fitter               ; 0         ;
; x_in[7][-1]   ; E20   ; 6        ; 78           ; 40           ; 0            ; 1                     ; 0                  ; no     ; no             ; no            ; yes             ; no       ; Off          ; 2.5 V        ; --                        ; Fitter               ; 0         ;
; x_in[7][-2]   ; M20   ; 6        ; 78           ; 34           ; 7            ; 1                     ; 0                  ; no     ; no             ; no            ; yes             ; no       ; Off          ; 2.5 V        ; --                        ; Fitter               ; 0         ;
; x_in[7][-3]   ; W20   ; 5        ; 78           ; 16           ; 14           ; 1                     ; 0                  ; no     ; no             ; no            ; yes             ; no       ; Off          ; 2.5 V        ; --                        ; Fitter               ; 0         ;
; x_in[7][-4]   ; E21   ; 6        ; 78           ; 33           ; 0            ; 1                     ; 0                  ; no     ; no             ; no            ; yes             ; no       ; Off          ; 2.5 V        ; --                        ; Fitter               ; 0         ;
; x_in[7][-5]   ; U22   ; 5        ; 78           ; 21           ; 14           ; 1                     ; 0                  ; no     ; no             ; no            ; yes             ; no       ; Off          ; 2.5 V        ; --                        ; Fitter               ; 0         ;
; x_in[7][-6]   ; K15   ; 6        ; 78           ; 41           ; 14           ; 1                     ; 0                  ; no     ; no             ; no            ; yes             ; no       ; Off          ; 2.5 V        ; --                        ; Fitter               ; 0         ;
; x_in[7][-7]   ; P20   ; 5        ; 78           ; 24           ; 0            ; 1                     ; 0                  ; no     ; no             ; no            ; yes             ; no       ; Off          ; 2.5 V        ; --                        ; Fitter               ; 0         ;
; x_in[7][-8]   ; P15   ; 5        ; 78           ; 23           ; 21           ; 1                     ; 0                  ; no     ; no             ; no            ; yes             ; no       ; Off          ; 2.5 V        ; --                        ; Fitter               ; 0         ;
; x_in[7][-9]   ; B21   ; 6        ; 78           ; 43           ; 0            ; 1                     ; 0                  ; no     ; no             ; no            ; yes             ; no       ; Off          ; 2.5 V        ; --                        ; Fitter               ; 0         ;
; x_in[7][0]    ; P18   ; 5        ; 78           ; 24           ; 14           ; 1                     ; 0                  ; no     ; no             ; no            ; yes             ; no       ; Off          ; 2.5 V        ; --                        ; Fitter               ; 0         ;
; x_in[8][-10]  ; F1    ; 1B       ; 0            ; 26           ; 7            ; 1                     ; 0                  ; no     ; no             ; no            ; yes             ; no       ; Off          ; 2.5 V        ; --                        ; Fitter               ; 0         ;
; x_in[8][-11]  ; A5    ; 8        ; 31           ; 39           ; 14           ; 1                     ; 0                  ; no     ; no             ; no            ; yes             ; no       ; Off          ; 2.5 V        ; --                        ; Fitter               ; 0         ;
; x_in[8][-1]   ; AB2   ; 3        ; 22           ; 0            ; 14           ; 1                     ; 0                  ; no     ; no             ; no            ; yes             ; no       ; Off          ; 2.5 V        ; --                        ; Fitter               ; 0         ;
; x_in[8][-2]   ; D1    ; 1B       ; 0            ; 29           ; 7            ; 1                     ; 0                  ; no     ; no             ; no            ; yes             ; no       ; Off          ; 2.5 V        ; --                        ; Fitter               ; 0         ;
; x_in[8][-3]   ; D9    ; 8        ; 31           ; 39           ; 7            ; 1                     ; 0                  ; no     ; no             ; no            ; yes             ; no       ; Off          ; 2.5 V        ; --                        ; Fitter               ; 0         ;
; x_in[8][-4]   ; H1    ; 1B       ; 0            ; 26           ; 14           ; 1                     ; 0                  ; no     ; no             ; no            ; yes             ; no       ; Off          ; 2.5 V        ; --                        ; Fitter               ; 0         ;
; x_in[8][-5]   ; C4    ; 8        ; 24           ; 39           ; 0            ; 1                     ; 0                  ; no     ; no             ; no            ; yes             ; no       ; Off          ; 2.5 V        ; --                        ; Fitter               ; 0         ;
; x_in[8][-6]   ; J1    ; 1B       ; 0            ; 26           ; 21           ; 1                     ; 0                  ; no     ; no             ; no            ; yes             ; no       ; Off          ; 2.5 V        ; --                        ; Fitter               ; 0         ;
; x_in[8][-7]   ; E8    ; 8        ; 24           ; 39           ; 7            ; 1                     ; 0                  ; no     ; no             ; no            ; yes             ; no       ; Off          ; 2.5 V        ; --                        ; Fitter               ; 0         ;
; x_in[8][-8]   ; D3    ; 1B       ; 0            ; 30           ; 0            ; 1                     ; 0                  ; no     ; no             ; no            ; yes             ; no       ; Off          ; 2.5 V        ; --                        ; Fitter               ; 0         ;
; x_in[8][-9]   ; G1    ; 1B       ; 0            ; 26           ; 0            ; 1                     ; 0                  ; no     ; no             ; no            ; yes             ; no       ; Off          ; 2.5 V        ; --                        ; Fitter               ; 0         ;
; x_in[8][0]    ; R5    ; 2        ; 0            ; 15           ; 21           ; 1                     ; 0                  ; no     ; no             ; no            ; yes             ; no       ; Off          ; 2.5 V        ; --                        ; Fitter               ; 0         ;
; x_in[9][-10]  ; A8    ; 7        ; 46           ; 54           ; 0            ; 1                     ; 0                  ; no     ; no             ; no            ; yes             ; no       ; Off          ; 2.5 V        ; --                        ; Fitter               ; 0         ;
; x_in[9][-11]  ; H14   ; 7        ; 60           ; 54           ; 21           ; 1                     ; 0                  ; no     ; no             ; no            ; yes             ; no       ; Off          ; 2.5 V        ; --                        ; Fitter               ; 0         ;
; x_in[9][-1]   ; C8    ; 8        ; 36           ; 39           ; 28           ; 1                     ; 0                  ; no     ; no             ; no            ; yes             ; no       ; Off          ; 2.5 V        ; --                        ; Fitter               ; 0         ;
; x_in[9][-2]   ; B7    ; 8        ; 34           ; 39           ; 21           ; 1                     ; 0                  ; no     ; no             ; no            ; yes             ; no       ; Off          ; 2.5 V        ; --                        ; Fitter               ; 0         ;
; x_in[9][-3]   ; J3    ; 1A       ; 0            ; 34           ; 7            ; 1                     ; 0                  ; no     ; no             ; no            ; yes             ; no       ; Off          ; 2.5 V        ; --                        ; Fitter               ; 0         ;
; x_in[9][-4]   ; C12   ; 7        ; 54           ; 54           ; 28           ; 1                     ; 0                  ; no     ; no             ; no            ; yes             ; no       ; Off          ; 2.5 V        ; --                        ; Fitter               ; 0         ;
; x_in[9][-5]   ; C14   ; 7        ; 58           ; 54           ; 14           ; 1                     ; 0                  ; no     ; no             ; no            ; yes             ; no       ; Off          ; 2.5 V        ; --                        ; Fitter               ; 0         ;
; x_in[9][-6]   ; C5    ; 8        ; 24           ; 39           ; 21           ; 1                     ; 0                  ; no     ; no             ; no            ; yes             ; no       ; Off          ; 2.5 V        ; --                        ; Fitter               ; 0         ;
; x_in[9][-7]   ; N20   ; 6        ; 78           ; 34           ; 0            ; 1                     ; 0                  ; no     ; no             ; no            ; yes             ; no       ; Off          ; 2.5 V        ; --                        ; Fitter               ; 0         ;
; x_in[9][-8]   ; C7    ; 8        ; 34           ; 39           ; 0            ; 1                     ; 0                  ; no     ; no             ; no            ; yes             ; no       ; Off          ; 2.5 V        ; --                        ; Fitter               ; 0         ;
; x_in[9][-9]   ; A11   ; 7        ; 51           ; 54           ; 7            ; 1                     ; 0                  ; no     ; no             ; no            ; yes             ; no       ; Off          ; 2.5 V        ; --                        ; Fitter               ; 0         ;
; x_in[9][0]    ; A9    ; 7        ; 46           ; 54           ; 21           ; 1                     ; 0                  ; no     ; no             ; no            ; yes             ; no       ; Off          ; 2.5 V        ; --                        ; Fitter               ; 0         ;
+---------------+-------+----------+--------------+--------------+--------------+-----------------------+--------------------+--------+----------------+---------------+-----------------+----------+--------------+--------------+---------------------------+----------------------+-----------+


+----------------------------------------------------------------------------------------------------------------------------------------------------------------------------------------------------------------------------------------------------------------------------------------------------------------------------------------------------------------------------------------------------------------------------------------------------------------+
; Output Pins                                                                                                                                                                                                                                                                                                                                                                                                                                                    ;
+---------------+-------+----------+--------------+--------------+--------------+-----------------+------------------------+---------------+-----------+-----------------+------------+---------------+----------+--------------+--------------+------------------+-----------------------------------+---------------------------+----------------------------+-----------------------------+----------------------+----------------------+---------------------+
; Name          ; Pin # ; I/O Bank ; X coordinate ; Y coordinate ; Z coordinate ; Output Register ; Output Enable Register ; Power Up High ; Slew Rate ; PCI I/O Enabled ; Open Drain ; TRI Primitive ; Bus Hold ; Weak Pull Up ; I/O Standard ; Current Strength ; Termination                       ; Termination Control Block ; Output Buffer Pre-emphasis ; Voltage Output Differential ; Location assigned by ; Output Enable Source ; Output Enable Group ;
+---------------+-------+----------+--------------+--------------+--------------+-----------------+------------------------+---------------+-----------+-----------------+------------+---------------+----------+--------------+--------------+------------------+-----------------------------------+---------------------------+----------------------------+-----------------------------+----------------------+----------------------+---------------------+
; z_out[0][-10] ; P9    ; 3        ; 22           ; 0            ; 21           ; no              ; no                     ; no            ; 2         ; no              ; no         ; no            ; no       ; Off          ; 2.5 V        ; Default          ; Series 50 Ohm without Calibration ; --                        ; no                         ; no                          ; Fitter               ; -                    ; -                   ;
; z_out[0][-11] ; AA8   ; 3        ; 31           ; 0            ; 14           ; no              ; no                     ; no            ; 2         ; no              ; no         ; no            ; no       ; Off          ; 2.5 V        ; Default          ; Series 50 Ohm without Calibration ; --                        ; no                         ; no                          ; Fitter               ; -                    ; -                   ;
; z_out[0][-1]  ; AB6   ; 3        ; 29           ; 0            ; 7            ; no              ; no                     ; no            ; 2         ; no              ; no         ; no            ; no       ; Off          ; 2.5 V        ; Default          ; Series 50 Ohm without Calibration ; --                        ; no                         ; no                          ; Fitter               ; -                    ; -                   ;
; z_out[0][-2]  ; R9    ; 3        ; 22           ; 0            ; 28           ; no              ; no                     ; no            ; 2         ; no              ; no         ; no            ; no       ; Off          ; 2.5 V        ; Default          ; Series 50 Ohm without Calibration ; --                        ; no                         ; no                          ; Fitter               ; -                    ; -                   ;
; z_out[0][-3]  ; Y3    ; 3        ; 24           ; 0            ; 21           ; no              ; no                     ; no            ; 2         ; no              ; no         ; no            ; no       ; Off          ; 2.5 V        ; Default          ; Series 50 Ohm without Calibration ; --                        ; no                         ; no                          ; Fitter               ; -                    ; -                   ;
; z_out[0][-4]  ; P10   ; 3        ; 26           ; 0            ; 7            ; no              ; no                     ; no            ; 2         ; no              ; no         ; no            ; no       ; Off          ; 2.5 V        ; Default          ; Series 50 Ohm without Calibration ; --                        ; no                         ; no                          ; Fitter               ; -                    ; -                   ;
; z_out[0][-5]  ; W4    ; 3        ; 18           ; 0            ; 14           ; no              ; no                     ; no            ; 2         ; no              ; no         ; no            ; no       ; Off          ; 2.5 V        ; Default          ; Series 50 Ohm without Calibration ; --                        ; no                         ; no                          ; Fitter               ; -                    ; -                   ;
; z_out[0][-6]  ; Y8    ; 3        ; 20           ; 0            ; 0            ; no              ; no                     ; no            ; 2         ; no              ; no         ; no            ; no       ; Off          ; 2.5 V        ; Default          ; Series 50 Ohm without Calibration ; --                        ; no                         ; no                          ; Fitter               ; -                    ; -                   ;
; z_out[0][-7]  ; AA6   ; 3        ; 29           ; 0            ; 21           ; no              ; no                     ; no            ; 2         ; no              ; no         ; no            ; no       ; Off          ; 2.5 V        ; Default          ; Series 50 Ohm without Calibration ; --                        ; no                         ; no                          ; Fitter               ; -                    ; -                   ;
; z_out[0][-8]  ; V8    ; 3        ; 20           ; 0            ; 14           ; no              ; no                     ; no            ; 2         ; no              ; no         ; no            ; no       ; Off          ; 2.5 V        ; Default          ; Series 50 Ohm without Calibration ; --                        ; no                         ; no                          ; Fitter               ; -                    ; -                   ;
; z_out[0][-9]  ; W9    ; 3        ; 22           ; 0            ; 0            ; no              ; no                     ; no            ; 2         ; no              ; no         ; no            ; no       ; Off          ; 2.5 V        ; Default          ; Series 50 Ohm without Calibration ; --                        ; no                         ; no                          ; Fitter               ; -                    ; -                   ;
; z_out[0][0]   ; AA5   ; 3        ; 26           ; 0            ; 0            ; no              ; no                     ; no            ; 2         ; no              ; no         ; no            ; no       ; Off          ; 2.5 V        ; Default          ; Series 50 Ohm without Calibration ; --                        ; no                         ; no                          ; Fitter               ; -                    ; -                   ;
; z_out[1][-10] ; V22   ; 5        ; 78           ; 17           ; 0            ; no              ; no                     ; no            ; 2         ; no              ; no         ; no            ; no       ; Off          ; 2.5 V        ; Default          ; Series 50 Ohm without Calibration ; --                        ; no                         ; no                          ; Fitter               ; -                    ; -                   ;
; z_out[1][-11] ; R15   ; 5        ; 78           ; 18           ; 21           ; no              ; no                     ; no            ; 2         ; no              ; no         ; no            ; no       ; Off          ; 2.5 V        ; Default          ; Series 50 Ohm without Calibration ; --                        ; no                         ; no                          ; Fitter               ; -                    ; -                   ;
; z_out[1][-1]  ; T22   ; 5        ; 78           ; 18           ; 0            ; no              ; no                     ; no            ; 2         ; no              ; no         ; no            ; no       ; Off          ; 2.5 V        ; Default          ; Series 50 Ohm without Calibration ; --                        ; no                         ; no                          ; Fitter               ; -                    ; -                   ;
; z_out[1][-2]  ; T20   ; 5        ; 78           ; 20           ; 7            ; no              ; no                     ; no            ; 2         ; no              ; no         ; no            ; no       ; Off          ; 2.5 V        ; Default          ; Series 50 Ohm without Calibration ; --                        ; no                         ; no                          ; Fitter               ; -                    ; -                   ;
; z_out[1][-3]  ; W19   ; 5        ; 78           ; 16           ; 22           ; no              ; no                     ; no            ; 2         ; no              ; no         ; no            ; no       ; Off          ; 2.5 V        ; Default          ; Series 50 Ohm without Calibration ; --                        ; no                         ; no                          ; Fitter               ; -                    ; -                   ;
; z_out[1][-4]  ; T19   ; 5        ; 78           ; 20           ; 22           ; no              ; no                     ; no            ; 2         ; no              ; no         ; no            ; no       ; Off          ; 2.5 V        ; Default          ; Series 50 Ohm without Calibration ; --                        ; no                         ; no                          ; Fitter               ; -                    ; -                   ;
; z_out[1][-5]  ; Y21   ; 5        ; 78           ; 16           ; 0            ; no              ; no                     ; no            ; 2         ; no              ; no         ; no            ; no       ; Off          ; 2.5 V        ; Default          ; Series 50 Ohm without Calibration ; --                        ; no                         ; no                          ; Fitter               ; -                    ; -                   ;
; z_out[1][-6]  ; V20   ; 5        ; 78           ; 17           ; 21           ; no              ; no                     ; no            ; 2         ; no              ; no         ; no            ; no       ; Off          ; 2.5 V        ; Default          ; Series 50 Ohm without Calibration ; --                        ; no                         ; no                          ; Fitter               ; -                    ; -                   ;
; z_out[1][-7]  ; F19   ; 6        ; 78           ; 40           ; 7            ; no              ; no                     ; no            ; 2         ; no              ; no         ; no            ; no       ; Off          ; 2.5 V        ; Default          ; Series 50 Ohm without Calibration ; --                        ; no                         ; no                          ; Fitter               ; -                    ; -                   ;
; z_out[1][-8]  ; U20   ; 5        ; 78           ; 17           ; 14           ; no              ; no                     ; no            ; 2         ; no              ; no         ; no            ; no       ; Off          ; 2.5 V        ; Default          ; Series 50 Ohm without Calibration ; --                        ; no                         ; no                          ; Fitter               ; -                    ; -                   ;
; z_out[1][-9]  ; R20   ; 5        ; 78           ; 20           ; 0            ; no              ; no                     ; no            ; 2         ; no              ; no         ; no            ; no       ; Off          ; 2.5 V        ; Default          ; Series 50 Ohm without Calibration ; --                        ; no                         ; no                          ; Fitter               ; -                    ; -                   ;
; z_out[1][0]   ; T18   ; 5        ; 78           ; 20           ; 14           ; no              ; no                     ; no            ; 2         ; no              ; no         ; no            ; no       ; Off          ; 2.5 V        ; Default          ; Series 50 Ohm without Calibration ; --                        ; no                         ; no                          ; Fitter               ; -                    ; -                   ;
; z_out[2][-10] ; M1    ; 2        ; 0            ; 16           ; 7            ; no              ; no                     ; no            ; 2         ; no              ; no         ; no            ; no       ; Off          ; 2.5 V        ; Default          ; Series 50 Ohm without Calibration ; --                        ; no                         ; no                          ; Fitter               ; -                    ; -                   ;
; z_out[2][-11] ; J4    ; 1A       ; 0            ; 35           ; 14           ; no              ; no                     ; no            ; 2         ; no              ; no         ; no            ; no       ; Off          ; 2.5 V        ; Default          ; Series 50 Ohm without Calibration ; --                        ; no                         ; no                          ; Fitter               ; -                    ; -                   ;
; z_out[2][-1]  ; M2    ; 2        ; 0            ; 16           ; 0            ; no              ; no                     ; no            ; 2         ; no              ; no         ; no            ; no       ; Off          ; 2.5 V        ; Default          ; Series 50 Ohm without Calibration ; --                        ; no                         ; no                          ; Fitter               ; -                    ; -                   ;
; z_out[2][-2]  ; N1    ; 2        ; 0            ; 13           ; 7            ; no              ; no                     ; no            ; 2         ; no              ; no         ; no            ; no       ; Off          ; 2.5 V        ; Default          ; Series 50 Ohm without Calibration ; --                        ; no                         ; no                          ; Fitter               ; -                    ; -                   ;
; z_out[2][-3]  ; P1    ; 2        ; 0            ; 13           ; 0            ; no              ; no                     ; no            ; 2         ; no              ; no         ; no            ; no       ; Off          ; 2.5 V        ; Default          ; Series 50 Ohm without Calibration ; --                        ; no                         ; no                          ; Fitter               ; -                    ; -                   ;
; z_out[2][-4]  ; N9    ; 2        ; 0            ; 13           ; 21           ; no              ; no                     ; no            ; 2         ; no              ; no         ; no            ; no       ; Off          ; 2.5 V        ; Default          ; Series 50 Ohm without Calibration ; --                        ; no                         ; no                          ; Fitter               ; -                    ; -                   ;
; z_out[2][-5]  ; T1    ; 2        ; 0            ; 15           ; 0            ; no              ; no                     ; no            ; 2         ; no              ; no         ; no            ; no       ; Off          ; 2.5 V        ; Default          ; Series 50 Ohm without Calibration ; --                        ; no                         ; no                          ; Fitter               ; -                    ; -                   ;
; z_out[2][-6]  ; U2    ; 2        ; 0            ; 12           ; 21           ; no              ; no                     ; no            ; 2         ; no              ; no         ; no            ; no       ; Off          ; 2.5 V        ; Default          ; Series 50 Ohm without Calibration ; --                        ; no                         ; no                          ; Fitter               ; -                    ; -                   ;
; z_out[2][-7]  ; L2    ; 1B       ; 0            ; 28           ; 7            ; no              ; no                     ; no            ; 2         ; no              ; no         ; no            ; no       ; Off          ; 2.5 V        ; Default          ; Series 50 Ohm without Calibration ; --                        ; no                         ; no                          ; Fitter               ; -                    ; -                   ;
; z_out[2][-8]  ; R3    ; 2        ; 0            ; 16           ; 21           ; no              ; no                     ; no            ; 2         ; no              ; no         ; no            ; no       ; Off          ; 2.5 V        ; Default          ; Series 50 Ohm without Calibration ; --                        ; no                         ; no                          ; Fitter               ; -                    ; -                   ;
; z_out[2][-9]  ; W6    ; 3        ; 16           ; 0            ; 28           ; no              ; no                     ; no            ; 2         ; no              ; no         ; no            ; no       ; Off          ; 2.5 V        ; Default          ; Series 50 Ohm without Calibration ; --                        ; no                         ; no                          ; Fitter               ; -                    ; -                   ;
; z_out[2][0]   ; P3    ; 2        ; 0            ; 16           ; 14           ; no              ; no                     ; no            ; 2         ; no              ; no         ; no            ; no       ; Off          ; 2.5 V        ; Default          ; Series 50 Ohm without Calibration ; --                        ; no                         ; no                          ; Fitter               ; -                    ; -                   ;
; z_out[3][-10] ; V7    ; 3        ; 20           ; 0            ; 21           ; no              ; no                     ; no            ; 2         ; no              ; no         ; no            ; no       ; Off          ; 2.5 V        ; Default          ; Series 50 Ohm without Calibration ; --                        ; no                         ; no                          ; Fitter               ; -                    ; -                   ;
; z_out[3][-11] ; L1    ; 1B       ; 0            ; 25           ; 7            ; no              ; no                     ; no            ; 2         ; no              ; no         ; no            ; no       ; Off          ; 2.5 V        ; Default          ; Series 50 Ohm without Calibration ; --                        ; no                         ; no                          ; Fitter               ; -                    ; -                   ;
; z_out[3][-1]  ; W7    ; 3        ; 24           ; 0            ; 7            ; no              ; no                     ; no            ; 2         ; no              ; no         ; no            ; no       ; Off          ; 2.5 V        ; Default          ; Series 50 Ohm without Calibration ; --                        ; no                         ; no                          ; Fitter               ; -                    ; -                   ;
; z_out[3][-2]  ; AA1   ; 3        ; 18           ; 0            ; 28           ; no              ; no                     ; no            ; 2         ; no              ; no         ; no            ; no       ; Off          ; 2.5 V        ; Default          ; Series 50 Ohm without Calibration ; --                        ; no                         ; no                          ; Fitter               ; -                    ; -                   ;
; z_out[3][-3]  ; U7    ; 3        ; 16           ; 0            ; 0            ; no              ; no                     ; no            ; 2         ; no              ; no         ; no            ; no       ; Off          ; 2.5 V        ; Default          ; Series 50 Ohm without Calibration ; --                        ; no                         ; no                          ; Fitter               ; -                    ; -                   ;
; z_out[3][-4]  ; V5    ; 3        ; 14           ; 0            ; 7            ; no              ; no                     ; no            ; 2         ; no              ; no         ; no            ; no       ; Off          ; 2.5 V        ; Default          ; Series 50 Ohm without Calibration ; --                        ; no                         ; no                          ; Fitter               ; -                    ; -                   ;
; z_out[3][-5]  ; N3    ; 2        ; 0            ; 18           ; 0            ; no              ; no                     ; no            ; 2         ; no              ; no         ; no            ; no       ; Off          ; 2.5 V        ; Default          ; Series 50 Ohm without Calibration ; --                        ; no                         ; no                          ; Fitter               ; -                    ; -                   ;
; z_out[3][-6]  ; U3    ; 2        ; 0            ; 10           ; 0            ; no              ; no                     ; no            ; 2         ; no              ; no         ; no            ; no       ; Off          ; 2.5 V        ; Default          ; Series 50 Ohm without Calibration ; --                        ; no                         ; no                          ; Fitter               ; -                    ; -                   ;
; z_out[3][-7]  ; U6    ; 3        ; 16           ; 0            ; 7            ; no              ; no                     ; no            ; 2         ; no              ; no         ; no            ; no       ; Off          ; 2.5 V        ; Default          ; Series 50 Ohm without Calibration ; --                        ; no                         ; no                          ; Fitter               ; -                    ; -                   ;
; z_out[3][-8]  ; M9    ; 2        ; 0            ; 18           ; 21           ; no              ; no                     ; no            ; 2         ; no              ; no         ; no            ; no       ; Off          ; 2.5 V        ; Default          ; Series 50 Ohm without Calibration ; --                        ; no                         ; no                          ; Fitter               ; -                    ; -                   ;
; z_out[3][-9]  ; N2    ; 2        ; 0            ; 18           ; 7            ; no              ; no                     ; no            ; 2         ; no              ; no         ; no            ; no       ; Off          ; 2.5 V        ; Default          ; Series 50 Ohm without Calibration ; --                        ; no                         ; no                          ; Fitter               ; -                    ; -                   ;
; z_out[3][0]   ; V3    ; 2        ; 0            ; 10           ; 7            ; no              ; no                     ; no            ; 2         ; no              ; no         ; no            ; no       ; Off          ; 2.5 V        ; Default          ; Series 50 Ohm without Calibration ; --                        ; no                         ; no                          ; Fitter               ; -                    ; -                   ;
; z_out[4][-10] ; A12   ; 7        ; 54           ; 54           ; 21           ; no              ; no                     ; no            ; 2         ; no              ; no         ; no            ; no       ; Off          ; 2.5 V        ; Default          ; Series 50 Ohm without Calibration ; --                        ; no                         ; no                          ; Fitter               ; -                    ; -                   ;
; z_out[4][-11] ; A14   ; 7        ; 58           ; 54           ; 28           ; no              ; no                     ; no            ; 2         ; no              ; no         ; no            ; no       ; Off          ; 2.5 V        ; Default          ; Series 50 Ohm without Calibration ; --                        ; no                         ; no                          ; Fitter               ; -                    ; -                   ;
; z_out[4][-1]  ; L20   ; 6        ; 78           ; 37           ; 0            ; no              ; no                     ; no            ; 2         ; no              ; no         ; no            ; no       ; Off          ; 2.5 V        ; Default          ; Series 50 Ohm without Calibration ; --                        ; no                         ; no                          ; Fitter               ; -                    ; -                   ;
; z_out[4][-2]  ; J13   ; 7        ; 60           ; 54           ; 28           ; no              ; no                     ; no            ; 2         ; no              ; no         ; no            ; no       ; Off          ; 2.5 V        ; Default          ; Series 50 Ohm without Calibration ; --                        ; no                         ; no                          ; Fitter               ; -                    ; -                   ;
; z_out[4][-3]  ; M15   ; 6        ; 78           ; 33           ; 21           ; no              ; no                     ; no            ; 2         ; no              ; no         ; no            ; no       ; Off          ; 2.5 V        ; Default          ; Series 50 Ohm without Calibration ; --                        ; no                         ; no                          ; Fitter               ; -                    ; -                   ;
; z_out[4][-4]  ; C11   ; 7        ; 51           ; 54           ; 21           ; no              ; no                     ; no            ; 2         ; no              ; no         ; no            ; no       ; Off          ; 2.5 V        ; Default          ; Series 50 Ohm without Calibration ; --                        ; no                         ; no                          ; Fitter               ; -                    ; -                   ;
; z_out[4][-5]  ; C13   ; 7        ; 58           ; 54           ; 21           ; no              ; no                     ; no            ; 2         ; no              ; no         ; no            ; no       ; Off          ; 2.5 V        ; Default          ; Series 50 Ohm without Calibration ; --                        ; no                         ; no                          ; Fitter               ; -                    ; -                   ;
; z_out[4][-6]  ; D14   ; 7        ; 56           ; 54           ; 7            ; no              ; no                     ; no            ; 2         ; no              ; no         ; no            ; no       ; Off          ; 2.5 V        ; Default          ; Series 50 Ohm without Calibration ; --                        ; no                         ; no                          ; Fitter               ; -                    ; -                   ;
; z_out[4][-7]  ; K20   ; 6        ; 78           ; 42           ; 0            ; no              ; no                     ; no            ; 2         ; no              ; no         ; no            ; no       ; Off          ; 2.5 V        ; Default          ; Series 50 Ohm without Calibration ; --                        ; no                         ; no                          ; Fitter               ; -                    ; -                   ;
; z_out[4][-8]  ; L18   ; 6        ; 78           ; 37           ; 14           ; no              ; no                     ; no            ; 2         ; no              ; no         ; no            ; no       ; Off          ; 2.5 V        ; Default          ; Series 50 Ohm without Calibration ; --                        ; no                         ; no                          ; Fitter               ; -                    ; -                   ;
; z_out[4][-9]  ; F18   ; 6        ; 78           ; 40           ; 14           ; no              ; no                     ; no            ; 2         ; no              ; no         ; no            ; no       ; Off          ; 2.5 V        ; Default          ; Series 50 Ohm without Calibration ; --                        ; no                         ; no                          ; Fitter               ; -                    ; -                   ;
; z_out[4][0]   ; D19   ; 6        ; 78           ; 41           ; 0            ; no              ; no                     ; no            ; 2         ; no              ; no         ; no            ; no       ; Off          ; 2.5 V        ; Default          ; Series 50 Ohm without Calibration ; --                        ; no                         ; no                          ; Fitter               ; -                    ; -                   ;
; z_out[5][-10] ; P22   ; 5        ; 78           ; 21           ; 0            ; no              ; no                     ; no            ; 2         ; no              ; no         ; no            ; no       ; Off          ; 2.5 V        ; Default          ; Series 50 Ohm without Calibration ; --                        ; no                         ; no                          ; Fitter               ; -                    ; -                   ;
; z_out[5][-11] ; N8    ; 2        ; 0            ; 13           ; 14           ; no              ; no                     ; no            ; 2         ; no              ; no         ; no            ; no       ; Off          ; 2.5 V        ; Default          ; Series 50 Ohm without Calibration ; --                        ; no                         ; no                          ; Fitter               ; -                    ; -                   ;
; z_out[5][-1]  ; D13   ; 7        ; 56           ; 54           ; 28           ; no              ; no                     ; no            ; 2         ; no              ; no         ; no            ; no       ; Off          ; 2.5 V        ; Default          ; Series 50 Ohm without Calibration ; --                        ; no                         ; no                          ; Fitter               ; -                    ; -                   ;
; z_out[5][-2]  ; W12   ; 4        ; 46           ; 0            ; 7            ; no              ; no                     ; no            ; 2         ; no              ; no         ; no            ; no       ; Off          ; 2.5 V        ; Default          ; Series 50 Ohm without Calibration ; --                        ; no                         ; no                          ; Fitter               ; -                    ; -                   ;
; z_out[5][-3]  ; E19   ; 6        ; 78           ; 40           ; 21           ; no              ; no                     ; no            ; 2         ; no              ; no         ; no            ; no       ; Off          ; 2.5 V        ; Default          ; Series 50 Ohm without Calibration ; --                        ; no                         ; no                          ; Fitter               ; -                    ; -                   ;
; z_out[5][-4]  ; AA20  ; 4        ; 62           ; 0            ; 21           ; no              ; no                     ; no            ; 2         ; no              ; no         ; no            ; no       ; Off          ; 2.5 V        ; Default          ; Series 50 Ohm without Calibration ; --                        ; no                         ; no                          ; Fitter               ; -                    ; -                   ;
; z_out[5][-5]  ; Y16   ; 4        ; 54           ; 0            ; 21           ; no              ; no                     ; no            ; 2         ; no              ; no         ; no            ; no       ; Off          ; 2.5 V        ; Default          ; Series 50 Ohm without Calibration ; --                        ; no                         ; no                          ; Fitter               ; -                    ; -                   ;
; z_out[5][-6]  ; Y20   ; 5        ; 78           ; 16           ; 7            ; no              ; no                     ; no            ; 2         ; no              ; no         ; no            ; no       ; Off          ; 2.5 V        ; Default          ; Series 50 Ohm without Calibration ; --                        ; no                         ; no                          ; Fitter               ; -                    ; -                   ;
; z_out[5][-7]  ; AB14  ; 4        ; 49           ; 0            ; 7            ; no              ; no                     ; no            ; 2         ; no              ; no         ; no            ; no       ; Off          ; 2.5 V        ; Default          ; Series 50 Ohm without Calibration ; --                        ; no                         ; no                          ; Fitter               ; -                    ; -                   ;
; z_out[5][-8]  ; V13   ; 4        ; 49           ; 0            ; 28           ; no              ; no                     ; no            ; 2         ; no              ; no         ; no            ; no       ; Off          ; 2.5 V        ; Default          ; Series 50 Ohm without Calibration ; --                        ; no                         ; no                          ; Fitter               ; -                    ; -                   ;
; z_out[5][-9]  ; Y17   ; 4        ; 58           ; 0            ; 21           ; no              ; no                     ; no            ; 2         ; no              ; no         ; no            ; no       ; Off          ; 2.5 V        ; Default          ; Series 50 Ohm without Calibration ; --                        ; no                         ; no                          ; Fitter               ; -                    ; -                   ;
; z_out[5][0]   ; AA21  ; 5        ; 78           ; 3            ; 7            ; no              ; no                     ; no            ; 2         ; no              ; no         ; no            ; no       ; Off          ; 2.5 V        ; Default          ; Series 50 Ohm without Calibration ; --                        ; no                         ; no                          ; Fitter               ; -                    ; -                   ;
; z_out[6][-10] ; L9    ; 1B       ; 0            ; 27           ; 21           ; no              ; no                     ; no            ; 2         ; no              ; no         ; no            ; no       ; Off          ; 2.5 V        ; Default          ; Series 50 Ohm without Calibration ; --                        ; no                         ; no                          ; Fitter               ; -                    ; -                   ;
; z_out[6][-11] ; L15   ; 6        ; 78           ; 36           ; 14           ; no              ; no                     ; no            ; 2         ; no              ; no         ; no            ; no       ; Off          ; 2.5 V        ; Default          ; Series 50 Ohm without Calibration ; --                        ; no                         ; no                          ; Fitter               ; -                    ; -                   ;
; z_out[6][-1]  ; L8    ; 1B       ; 0            ; 27           ; 14           ; no              ; no                     ; no            ; 2         ; no              ; no         ; no            ; no       ; Off          ; 2.5 V        ; Default          ; Series 50 Ohm without Calibration ; --                        ; no                         ; no                          ; Fitter               ; -                    ; -                   ;
; z_out[6][-2]  ; E6    ; 8        ; 20           ; 39           ; 0            ; no              ; no                     ; no            ; 2         ; no              ; no         ; no            ; no       ; Off          ; 2.5 V        ; Default          ; Series 50 Ohm without Calibration ; --                        ; no                         ; no                          ; Fitter               ; -                    ; -                   ;
; z_out[6][-3]  ; C2    ; 8        ; 20           ; 39           ; 14           ; no              ; no                     ; no            ; 2         ; no              ; no         ; no            ; no       ; Off          ; 2.5 V        ; Default          ; Series 50 Ohm without Calibration ; --                        ; no                         ; no                          ; Fitter               ; -                    ; -                   ;
; z_out[6][-4]  ; C3    ; 8        ; 20           ; 39           ; 7            ; no              ; no                     ; no            ; 2         ; no              ; no         ; no            ; no       ; Off          ; 2.5 V        ; Default          ; Series 50 Ohm without Calibration ; --                        ; no                         ; no                          ; Fitter               ; -                    ; -                   ;
; z_out[6][-5]  ; H4    ; 1A       ; 0            ; 35           ; 0            ; no              ; no                     ; no            ; 2         ; no              ; no         ; no            ; no       ; Off          ; 2.5 V        ; Default          ; Series 50 Ohm without Calibration ; --                        ; no                         ; no                          ; Fitter               ; -                    ; -                   ;
; z_out[6][-6]  ; F2    ; 1B       ; 0            ; 27           ; 7            ; no              ; no                     ; no            ; 2         ; no              ; no         ; no            ; no       ; Off          ; 2.5 V        ; Default          ; Series 50 Ohm without Calibration ; --                        ; no                         ; no                          ; Fitter               ; -                    ; -                   ;
; z_out[6][-7]  ; E1    ; 1B       ; 0            ; 27           ; 0            ; no              ; no                     ; no            ; 2         ; no              ; no         ; no            ; no       ; Off          ; 2.5 V        ; Default          ; Series 50 Ohm without Calibration ; --                        ; no                         ; no                          ; Fitter               ; -                    ; -                   ;
; z_out[6][-8]  ; H3    ; 1A       ; 0            ; 35           ; 21           ; no              ; no                     ; no            ; 2         ; no              ; no         ; no            ; no       ; Off          ; 2.5 V        ; Default          ; Series 50 Ohm without Calibration ; --                        ; no                         ; no                          ; Fitter               ; -                    ; -                   ;
; z_out[6][-9]  ; G3    ; 1A       ; 0            ; 35           ; 7            ; no              ; no                     ; no            ; 2         ; no              ; no         ; no            ; no       ; Off          ; 2.5 V        ; Default          ; Series 50 Ohm without Calibration ; --                        ; no                         ; no                          ; Fitter               ; -                    ; -                   ;
; z_out[6][0]   ; U1    ; 2        ; 0            ; 12           ; 0            ; no              ; no                     ; no            ; 2         ; no              ; no         ; no            ; no       ; Off          ; 2.5 V        ; Default          ; Series 50 Ohm without Calibration ; --                        ; no                         ; no                          ; Fitter               ; -                    ; -                   ;
; z_out[7][-10] ; AA19  ; 4        ; 58           ; 0            ; 14           ; no              ; no                     ; no            ; 2         ; no              ; no         ; no            ; no       ; Off          ; 2.5 V        ; Default          ; Series 50 Ohm without Calibration ; --                        ; no                         ; no                          ; Fitter               ; -                    ; -                   ;
; z_out[7][-11] ; U18   ; 5        ; 78           ; 3            ; 21           ; no              ; no                     ; no            ; 2         ; no              ; no         ; no            ; no       ; Off          ; 2.5 V        ; Default          ; Series 50 Ohm without Calibration ; --                        ; no                         ; no                          ; Fitter               ; -                    ; -                   ;
; z_out[7][-1]  ; AA16  ; 4        ; 56           ; 0            ; 28           ; no              ; no                     ; no            ; 2         ; no              ; no         ; no            ; no       ; Off          ; 2.5 V        ; Default          ; Series 50 Ohm without Calibration ; --                        ; no                         ; no                          ; Fitter               ; -                    ; -                   ;
; z_out[7][-2]  ; Y19   ; 4        ; 62           ; 0            ; 14           ; no              ; no                     ; no            ; 2         ; no              ; no         ; no            ; no       ; Off          ; 2.5 V        ; Default          ; Series 50 Ohm without Calibration ; --                        ; no                         ; no                          ; Fitter               ; -                    ; -                   ;
; z_out[7][-3]  ; AB9   ; 3        ; 34           ; 0            ; 14           ; no              ; no                     ; no            ; 2         ; no              ; no         ; no            ; no       ; Off          ; 2.5 V        ; Default          ; Series 50 Ohm without Calibration ; --                        ; no                         ; no                          ; Fitter               ; -                    ; -                   ;
; z_out[7][-4]  ; U19   ; 5        ; 78           ; 15           ; 14           ; no              ; no                     ; no            ; 2         ; no              ; no         ; no            ; no       ; Off          ; 2.5 V        ; Default          ; Series 50 Ohm without Calibration ; --                        ; no                         ; no                          ; Fitter               ; -                    ; -                   ;
; z_out[7][-5]  ; V18   ; 5        ; 78           ; 15           ; 21           ; no              ; no                     ; no            ; 2         ; no              ; no         ; no            ; no       ; Off          ; 2.5 V        ; Default          ; Series 50 Ohm without Calibration ; --                        ; no                         ; no                          ; Fitter               ; -                    ; -                   ;
; z_out[7][-6]  ; U17   ; 5        ; 78           ; 3            ; 14           ; no              ; no                     ; no            ; 2         ; no              ; no         ; no            ; no       ; Off          ; 2.5 V        ; Default          ; Series 50 Ohm without Calibration ; --                        ; no                         ; no                          ; Fitter               ; -                    ; -                   ;
; z_out[7][-7]  ; W16   ; 4        ; 60           ; 0            ; 28           ; no              ; no                     ; no            ; 2         ; no              ; no         ; no            ; no       ; Off          ; 2.5 V        ; Default          ; Series 50 Ohm without Calibration ; --                        ; no                         ; no                          ; Fitter               ; -                    ; -                   ;
; z_out[7][-8]  ; AB21  ; 4        ; 62           ; 0            ; 28           ; no              ; no                     ; no            ; 2         ; no              ; no         ; no            ; no       ; Off          ; 2.5 V        ; Default          ; Series 50 Ohm without Calibration ; --                        ; no                         ; no                          ; Fitter               ; -                    ; -                   ;
; z_out[7][-9]  ; AB20  ; 4        ; 56           ; 0            ; 0            ; no              ; no                     ; no            ; 2         ; no              ; no         ; no            ; no       ; Off          ; 2.5 V        ; Default          ; Series 50 Ohm without Calibration ; --                        ; no                         ; no                          ; Fitter               ; -                    ; -                   ;
; z_out[7][0]   ; U15   ; 4        ; 56           ; 0            ; 21           ; no              ; no                     ; no            ; 2         ; no              ; no         ; no            ; no       ; Off          ; 2.5 V        ; Default          ; Series 50 Ohm without Calibration ; --                        ; no                         ; no                          ; Fitter               ; -                    ; -                   ;
; z_out[8][-10] ; AB5   ; 3        ; 29           ; 0            ; 28           ; no              ; no                     ; no            ; 2         ; no              ; no         ; no            ; no       ; Off          ; 2.5 V        ; Default          ; Series 50 Ohm without Calibration ; --                        ; no                         ; no                          ; Fitter               ; -                    ; -                   ;
; z_out[8][-11] ; W3    ; 3        ; 18           ; 0            ; 7            ; no              ; no                     ; no            ; 2         ; no              ; no         ; no            ; no       ; Off          ; 2.5 V        ; Default          ; Series 50 Ohm without Calibration ; --                        ; no                         ; no                          ; Fitter               ; -                    ; -                   ;
; z_out[8][-1]  ; V4    ; 3        ; 14           ; 0            ; 14           ; no              ; no                     ; no            ; 2         ; no              ; no         ; no            ; no       ; Off          ; 2.5 V        ; Default          ; Series 50 Ohm without Calibration ; --                        ; no                         ; no                          ; Fitter               ; -                    ; -                   ;
; z_out[8][-2]  ; Y7    ; 3        ; 20           ; 0            ; 7            ; no              ; no                     ; no            ; 2         ; no              ; no         ; no            ; no       ; Off          ; 2.5 V        ; Default          ; Series 50 Ohm without Calibration ; --                        ; no                         ; no                          ; Fitter               ; -                    ; -                   ;
; z_out[8][-3]  ; AB4   ; 3        ; 26           ; 0            ; 21           ; no              ; no                     ; no            ; 2         ; no              ; no         ; no            ; no       ; Off          ; 2.5 V        ; Default          ; Series 50 Ohm without Calibration ; --                        ; no                         ; no                          ; Fitter               ; -                    ; -                   ;
; z_out[8][-4]  ; Y4    ; 3        ; 24           ; 0            ; 14           ; no              ; no                     ; no            ; 2         ; no              ; no         ; no            ; no       ; Off          ; 2.5 V        ; Default          ; Series 50 Ohm without Calibration ; --                        ; no                         ; no                          ; Fitter               ; -                    ; -                   ;
; z_out[8][-5]  ; AA3   ; 3        ; 26           ; 0            ; 28           ; no              ; no                     ; no            ; 2         ; no              ; no         ; no            ; no       ; Off          ; 2.5 V        ; Default          ; Series 50 Ohm without Calibration ; --                        ; no                         ; no                          ; Fitter               ; -                    ; -                   ;
; z_out[8][-6]  ; W8    ; 3        ; 24           ; 0            ; 0            ; no              ; no                     ; no            ; 2         ; no              ; no         ; no            ; no       ; Off          ; 2.5 V        ; Default          ; Series 50 Ohm without Calibration ; --                        ; no                         ; no                          ; Fitter               ; -                    ; -                   ;
; z_out[8][-7]  ; W10   ; 3        ; 24           ; 0            ; 28           ; no              ; no                     ; no            ; 2         ; no              ; no         ; no            ; no       ; Off          ; 2.5 V        ; Default          ; Series 50 Ohm without Calibration ; --                        ; no                         ; no                          ; Fitter               ; -                    ; -                   ;
; z_out[8][-8]  ; R10   ; 3        ; 26           ; 0            ; 14           ; no              ; no                     ; no            ; 2         ; no              ; no         ; no            ; no       ; Off          ; 2.5 V        ; Default          ; Series 50 Ohm without Calibration ; --                        ; no                         ; no                          ; Fitter               ; -                    ; -                   ;
; z_out[8][-9]  ; AA7   ; 3        ; 29           ; 0            ; 14           ; no              ; no                     ; no            ; 2         ; no              ; no         ; no            ; no       ; Off          ; 2.5 V        ; Default          ; Series 50 Ohm without Calibration ; --                        ; no                         ; no                          ; Fitter               ; -                    ; -                   ;
; z_out[8][0]   ; R11   ; 3        ; 31           ; 0            ; 0            ; no              ; no                     ; no            ; 2         ; no              ; no         ; no            ; no       ; Off          ; 2.5 V        ; Default          ; Series 50 Ohm without Calibration ; --                        ; no                         ; no                          ; Fitter               ; -                    ; -                   ;
+---------------+-------+----------+--------------+--------------+--------------+-----------------+------------------------+---------------+-----------+-----------------+------------+---------------+----------+--------------+--------------+------------------+-----------------------------------+---------------------------+----------------------------+-----------------------------+----------------------+----------------------+---------------------+


+-----------------------------------------------------------------------------------------------------------------------------------------+
; Dual Purpose and Dedicated Pins                                                                                                         ;
+----------+----------------------------------------------------+--------------------------------+---------------------+------------------+
; Location ; Pin Name                                           ; Reserved As                    ; User Signal Name    ; Pin Type         ;
+----------+----------------------------------------------------+--------------------------------+---------------------+------------------+
; K9       ; DIFFIO_RX_L15p, DIFFOUT_L15p, JTAGEN, Low_Speed    ; Use as regular IO              ; x_in[0][-9]         ; Dual Purpose Pin ;
; H2       ; DIFFIO_RX_L17n, DIFFOUT_L17n, TMS, Low_Speed       ; Reserved as secondary function ; ~ALTERA_TMS~        ; Dual Purpose Pin ;
; G2       ; DIFFIO_RX_L17p, DIFFOUT_L17p, TCK, Low_Speed       ; Reserved as secondary function ; ~ALTERA_TCK~        ; Dual Purpose Pin ;
; L4       ; DIFFIO_RX_L18n, DIFFOUT_L18n, TDI, Low_Speed       ; Reserved as secondary function ; ~ALTERA_TDI~        ; Dual Purpose Pin ;
; M5       ; DIFFIO_RX_L18p, DIFFOUT_L18p, TDO, Low_Speed       ; Reserved as secondary function ; ~ALTERA_TDO~        ; Dual Purpose Pin ;
; D9       ; DIFFIO_RX_T42n, DIFFOUT_T42n, DEV_CLRn, Low_Speed  ; Use as regular IO              ; x_in[8][-3]         ; Dual Purpose Pin ;
; D10      ; DIFFIO_RX_T44p, DIFFOUT_T44p, DEV_OE, Low_Speed    ; Use as regular IO              ; x_in[1][-8]         ; Dual Purpose Pin ;
; H10      ; CONFIG_SEL, Low_Speed                              ; Reserved as secondary function ; ~ALTERA_CONFIG_SEL~ ; Dual Purpose Pin ;
; H9       ; nCONFIG, Low_Speed                                 ; Reserved as secondary function ; ~ALTERA_nCONFIG~    ; Dual Purpose Pin ;
; F7       ; DIFFIO_RX_T48n, DIFFOUT_T48n, CRC_ERROR, Low_Speed ; Use as regular IO              ; x_in[12][-8]        ; Dual Purpose Pin ;
; G9       ; DIFFIO_RX_T50p, DIFFOUT_T50p, nSTATUS, Low_Speed   ; Reserved as secondary function ; ~ALTERA_nSTATUS~    ; Dual Purpose Pin ;
; F8       ; DIFFIO_RX_T50n, DIFFOUT_T50n, CONF_DONE, Low_Speed ; Reserved as secondary function ; ~ALTERA_CONF_DONE~  ; Dual Purpose Pin ;
+----------+----------------------------------------------------+--------------------------------+---------------------+------------------+


+-------------------------------------------------------------+
; I/O Bank Usage                                              ;
+----------+-------------------+---------------+--------------+
; I/O Bank ; Usage             ; VCCIO Voltage ; VREF Voltage ;
+----------+-------------------+---------------+--------------+
; 1A       ; 11 / 16 ( 69 % )  ; 2.5V          ; --           ;
; 1B       ; 24 / 24 ( 100 % ) ; 2.5V          ; --           ;
; 2        ; 26 / 36 ( 72 % )  ; 2.5V          ; --           ;
; 3        ; 48 / 48 ( 100 % ) ; 2.5V          ; --           ;
; 4        ; 48 / 48 ( 100 % ) ; 2.5V          ; --           ;
; 5        ; 39 / 40 ( 98 % )  ; 2.5V          ; --           ;
; 6        ; 43 / 60 ( 72 % )  ; 2.5V          ; --           ;
; 7        ; 35 / 52 ( 67 % )  ; 2.5V          ; --           ;
; 8        ; 36 / 36 ( 100 % ) ; 2.5V          ; --           ;
+----------+-------------------+---------------+--------------+


+---------------------------------------------------------------------------------------------------------------------------------------------------------------------------------------+
; All Package Pins                                                                                                                                                                      ;
+----------+------------+----------+------------------------------------------------+--------+-----------------------+---------+------------+-----------------+----------+--------------+
; Location ; Pad Number ; I/O Bank ; Pin Name/Usage                                 ; Dir.   ; I/O Standard          ; Voltage ; I/O Type   ; User Assignment ; Bus Hold ; Weak Pull Up ;
+----------+------------+----------+------------------------------------------------+--------+-----------------------+---------+------------+-----------------+----------+--------------+
; A1       ;            ;          ; GND                                            ; gnd    ;                       ;         ; --         ;                 ; --       ; --           ;
; A2       ; 481        ; 8        ; x_in[4][-2]                                    ; input  ; 2.5 V                 ;         ; Column I/O ; N               ; no       ; Off          ;
; A3       ; 483        ; 8        ; x_in[1][-7]                                    ; input  ; 2.5 V                 ;         ; Column I/O ; N               ; no       ; Off          ;
; A4       ; 475        ; 8        ; x_in[12][-1]                                   ; input  ; 2.5 V                 ;         ; Column I/O ; N               ; no       ; Off          ;
; A5       ; 473        ; 8        ; x_in[8][-11]                                   ; input  ; 2.5 V                 ;         ; Column I/O ; N               ; no       ; Off          ;
; A6       ; 471        ; 8        ; x_in[4][-11]                                   ; input  ; 2.5 V                 ;         ; Column I/O ; N               ; no       ; Off          ;
; A7       ; 445        ; 7        ; x_in[5][-10]                                   ; input  ; 2.5 V                 ;         ; Column I/O ; N               ; no       ; Off          ;
; A8       ; 447        ; 7        ; x_in[9][-10]                                   ; input  ; 2.5 V                 ;         ; Column I/O ; N               ; no       ; Off          ;
; A9       ; 449        ; 7        ; x_in[9][0]                                     ; input  ; 2.5 V                 ;         ; Column I/O ; N               ; no       ; Off          ;
; A10      ; 439        ; 7        ; x_in[13][-1]                                   ; input  ; 2.5 V                 ;         ; Column I/O ; N               ; no       ; Off          ;
; A11      ; 437        ; 7        ; x_in[9][-9]                                    ; input  ; 2.5 V                 ;         ; Column I/O ; N               ; no       ; Off          ;
; A12      ; 435        ; 7        ; z_out[4][-10]                                  ; output ; 2.5 V                 ;         ; Column I/O ; N               ; no       ; Off          ;
; A13      ; 433        ; 7        ; x_in[5][-3]                                    ; input  ; 2.5 V                 ;         ; Column I/O ; N               ; no       ; Off          ;
; A14      ; 425        ; 7        ; z_out[4][-11]                                  ; output ; 2.5 V                 ;         ; Column I/O ; N               ; no       ; Off          ;
; A15      ; 421        ; 7        ; x_in[1][-2]                                    ; input  ; 2.5 V                 ;         ; Column I/O ; N               ; no       ; Off          ;
; A16      ; 419        ; 7        ; x_in[13][-3]                                   ; input  ; 2.5 V                 ;         ; Column I/O ; N               ; no       ; Off          ;
; A17      ; 407        ; 7        ; RESERVED_INPUT_WITH_WEAK_PULLUP                ;        ;                       ;         ; Column I/O ;                 ; no       ; On           ;
; A18      ; 405        ; 7        ; RESERVED_INPUT_WITH_WEAK_PULLUP                ;        ;                       ;         ; Column I/O ;                 ; no       ; On           ;
; A19      ; 403        ; 7        ; RESERVED_INPUT_WITH_WEAK_PULLUP                ;        ;                       ;         ; Column I/O ;                 ; no       ; On           ;
; A20      ; 401        ; 7        ; RESERVED_INPUT_WITH_WEAK_PULLUP                ;        ;                       ;         ; Column I/O ;                 ; no       ; On           ;
; A21      ; 371        ; 6        ; RESERVED_INPUT_WITH_WEAK_PULLUP                ;        ;                       ;         ; Row I/O    ;                 ; no       ; On           ;
; A22      ;            ;          ; GND                                            ; gnd    ;                       ;         ; --         ;                 ; --       ; --           ;
; AA1      ; 133        ; 3        ; z_out[3][-2]                                   ; output ; 2.5 V                 ;         ; Column I/O ; N               ; no       ; Off          ;
; AA2      ; 135        ; 3        ; x_in[6][-11]                                   ; input  ; 2.5 V                 ;         ; Column I/O ; N               ; no       ; Off          ;
; AA3      ; 153        ; 3        ; z_out[8][-5]                                   ; output ; 2.5 V                 ;         ; Column I/O ; N               ; no       ; Off          ;
; AA4      ;            ;          ; GND                                            ; gnd    ;                       ;         ; --         ;                 ; --       ; --           ;
; AA5      ; 157        ; 3        ; z_out[0][0]                                    ; output ; 2.5 V                 ;         ; Column I/O ; N               ; no       ; Off          ;
; AA6      ; 156        ; 3        ; z_out[0][-7]                                   ; output ; 2.5 V                 ;         ; Column I/O ; N               ; no       ; Off          ;
; AA7      ; 158        ; 3        ; z_out[8][-9]                                   ; output ; 2.5 V                 ;         ; Column I/O ; N               ; no       ; Off          ;
; AA8      ; 165        ; 3        ; z_out[0][-11]                                  ; output ; 2.5 V                 ;         ; Column I/O ; N               ; no       ; Off          ;
; AA9      ; 169        ; 3        ; x_in[2][-5]                                    ; input  ; 2.5 V                 ;         ; Column I/O ; N               ; no       ; Off          ;
; AA10     ; 170        ; 3        ; x_in[10][-10]                                  ; input  ; 2.5 V                 ;         ; Column I/O ; N               ; no       ; Off          ;
; AA11     ; 180        ; 4        ; x_in[2][-1]                                    ; input  ; 2.5 V                 ;         ; Column I/O ; N               ; no       ; Off          ;
; AA12     ; 182        ; 4        ; x_in[2][-9]                                    ; input  ; 2.5 V                 ;         ; Column I/O ; N               ; no       ; Off          ;
; AA13     ; 197        ; 4        ; x_in[6][-1]                                    ; input  ; 2.5 V                 ;         ; Column I/O ; N               ; no       ; Off          ;
; AA14     ; 201        ; 4        ; x_in[6][-8]                                    ; input  ; 2.5 V                 ;         ; Column I/O ; N               ; no       ; Off          ;
; AA15     ; 205        ; 4        ; x_in[14][-11]                                  ; input  ; 2.5 V                 ;         ; Column I/O ; N               ; no       ; Off          ;
; AA16     ; 211        ; 4        ; z_out[7][-1]                                   ; output ; 2.5 V                 ;         ; Column I/O ; N               ; no       ; Off          ;
; AA17     ; 212        ; 4        ; x_in[14][-4]                                   ; input  ; 2.5 V                 ;         ; Column I/O ; N               ; no       ; Off          ;
; AA18     ;            ;          ; GND                                            ; gnd    ;                       ;         ; --         ;                 ; --       ; --           ;
; AA19     ; 217        ; 4        ; z_out[7][-10]                                  ; output ; 2.5 V                 ;         ; Column I/O ; N               ; no       ; Off          ;
; AA20     ; 227        ; 4        ; z_out[5][-4]                                   ; output ; 2.5 V                 ;         ; Column I/O ; N               ; no       ; Off          ;
; AA21     ; 245        ; 5        ; z_out[5][0]                                    ; output ; 2.5 V                 ;         ; Row I/O    ; N               ; no       ; Off          ;
; AA22     ; 247        ; 5        ; RESERVED_INPUT_WITH_WEAK_PULLUP                ;        ;                       ;         ; Row I/O    ;                 ; no       ; On           ;
; AB1      ;            ;          ; GND                                            ; gnd    ;                       ;         ; --         ;                 ; --       ; --           ;
; AB2      ; 145        ; 3        ; x_in[8][-1]                                    ; input  ; 2.5 V                 ;         ; Column I/O ; N               ; no       ; Off          ;
; AB3      ; 147        ; 3        ; x_in[10][0]                                    ; input  ; 2.5 V                 ;         ; Column I/O ; N               ; no       ; Off          ;
; AB4      ; 155        ; 3        ; z_out[8][-3]                                   ; output ; 2.5 V                 ;         ; Column I/O ; N               ; no       ; Off          ;
; AB5      ; 159        ; 3        ; z_out[8][-10]                                  ; output ; 2.5 V                 ;         ; Column I/O ; N               ; no       ; Off          ;
; AB6      ; 161        ; 3        ; z_out[0][-1]                                   ; output ; 2.5 V                 ;         ; Column I/O ; N               ; no       ; Off          ;
; AB7      ; 163        ; 3        ; x_in[2][-2]                                    ; input  ; 2.5 V                 ;         ; Column I/O ; N               ; no       ; Off          ;
; AB8      ; 167        ; 3        ; x_in[2][-7]                                    ; input  ; 2.5 V                 ;         ; Column I/O ; N               ; no       ; Off          ;
; AB9      ; 171        ; 3        ; z_out[7][-3]                                   ; output ; 2.5 V                 ;         ; Column I/O ; N               ; no       ; Off          ;
; AB10     ; 177        ; 4        ; x_in[10][-4]                                   ; input  ; 2.5 V                 ;         ; Column I/O ; N               ; no       ; Off          ;
; AB11     ; 179        ; 4        ; x_in[2][-3]                                    ; input  ; 2.5 V                 ;         ; Column I/O ; N               ; no       ; Off          ;
; AB12     ; 181        ; 4        ; x_in[10][-5]                                   ; input  ; 2.5 V                 ;         ; Column I/O ; N               ; no       ; Off          ;
; AB13     ; 183        ; 4        ; x_in[2][0]                                     ; input  ; 2.5 V                 ;         ; Column I/O ; N               ; no       ; Off          ;
; AB14     ; 199        ; 4        ; z_out[5][-7]                                   ; output ; 2.5 V                 ;         ; Column I/O ; N               ; no       ; Off          ;
; AB15     ; 203        ; 4        ; x_in[6][-7]                                    ; input  ; 2.5 V                 ;         ; Column I/O ; N               ; no       ; Off          ;
; AB16     ; 209        ; 4        ; x_in[14][-5]                                   ; input  ; 2.5 V                 ;         ; Column I/O ; N               ; no       ; Off          ;
; AB17     ; 241        ; 4        ; x_in[14][-9]                                   ; input  ; 2.5 V                 ;         ; Column I/O ; N               ; no       ; Off          ;
; AB18     ; 243        ; 4        ; x_in[14][0]                                    ; input  ; 2.5 V                 ;         ; Column I/O ; N               ; no       ; Off          ;
; AB19     ; 213        ; 4        ; x_in[14][-1]                                   ; input  ; 2.5 V                 ;         ; Column I/O ; N               ; no       ; Off          ;
; AB20     ; 215        ; 4        ; z_out[7][-9]                                   ; output ; 2.5 V                 ;         ; Column I/O ; N               ; no       ; Off          ;
; AB21     ; 225        ; 4        ; z_out[7][-8]                                   ; output ; 2.5 V                 ;         ; Column I/O ; N               ; no       ; Off          ;
; AB22     ;            ;          ; GND                                            ; gnd    ;                       ;         ; --         ;                 ; --       ; --           ;
; B1       ; 495        ; 8        ; x_in[4][-5]                                    ; input  ; 2.5 V                 ;         ; Column I/O ; N               ; no       ; Off          ;
; B2       ; 493        ; 8        ; x_in[12][-6]                                   ; input  ; 2.5 V                 ;         ; Column I/O ; N               ; no       ; Off          ;
; B3       ; 484        ; 8        ; x_in[0][-4]                                    ; input  ; 2.5 V                 ;         ; Column I/O ; N               ; no       ; Off          ;
; B4       ; 486        ; 8        ; x_in[0][0]                                     ; input  ; 2.5 V                 ;         ; Column I/O ; N               ; no       ; Off          ;
; B5       ; 485        ; 8        ; x_in[12][-5]                                   ; input  ; 2.5 V                 ;         ; Column I/O ; N               ; no       ; Off          ;
; B6       ;            ;          ; GND                                            ; gnd    ;                       ;         ; --         ;                 ; --       ; --           ;
; B7       ; 469        ; 8        ; x_in[9][-2]                                    ; input  ; 2.5 V                 ;         ; Column I/O ; N               ; no       ; Off          ;
; B8       ; 451        ; 7        ; x_in[13][-2]                                   ; input  ; 2.5 V                 ;         ; Column I/O ; N               ; no       ; Off          ;
; B9       ;            ;          ; GND                                            ; gnd    ;                       ;         ; --         ;                 ; --       ; --           ;
; B10      ; 448        ; 7        ; x_in[1][-11]                                   ; input  ; 2.5 V                 ;         ; Column I/O ; N               ; no       ; Off          ;
; B11      ; 443        ; 7        ; x_in[13][-6]                                   ; input  ; 2.5 V                 ;         ; Column I/O ; N               ; no       ; Off          ;
; B12      ; 441        ; 7        ; x_in[5][-11]                                   ; input  ; 2.5 V                 ;         ; Column I/O ; N               ; no       ; Off          ;
; B13      ;            ;          ; GND                                            ; gnd    ;                       ;         ; --         ;                 ; --       ; --           ;
; B14      ; 427        ; 7        ; x_in[5][-5]                                    ; input  ; 2.5 V                 ;         ; Column I/O ; N               ; no       ; Off          ;
; B15      ; 423        ; 7        ; x_in[13][-9]                                   ; input  ; 2.5 V                 ;         ; Column I/O ; N               ; no       ; Off          ;
; B16      ; 417        ; 7        ; x_in[1][-6]                                    ; input  ; 2.5 V                 ;         ; Column I/O ; N               ; no       ; Off          ;
; B17      ; 402        ; 7        ; RESERVED_INPUT_WITH_WEAK_PULLUP                ;        ;                       ;         ; Column I/O ;                 ; no       ; On           ;
; B18      ;            ;          ; GND                                            ; gnd    ;                       ;         ; --         ;                 ; --       ; --           ;
; B19      ; 399        ; 7        ; RESERVED_INPUT_WITH_WEAK_PULLUP                ;        ;                       ;         ; Column I/O ;                 ; no       ; On           ;
; B20      ; 369        ; 6        ; RESERVED_INPUT_WITH_WEAK_PULLUP                ;        ;                       ;         ; Row I/O    ;                 ; no       ; On           ;
; B21      ; 367        ; 6        ; x_in[7][-9]                                    ; input  ; 2.5 V                 ;         ; Row I/O    ; N               ; no       ; Off          ;
; B22      ; 365        ; 6        ; RESERVED_INPUT_WITH_WEAK_PULLUP                ;        ;                       ;         ; Row I/O    ;                 ; no       ; On           ;
; C1       ; 33         ; 1B       ; x_in[4][0]                                     ; input  ; 2.5 V                 ;         ; Row I/O    ; N               ; no       ; Off          ;
; C2       ; 499        ; 8        ; z_out[6][-3]                                   ; output ; 2.5 V                 ;         ; Column I/O ; N               ; no       ; Off          ;
; C3       ; 497        ; 8        ; z_out[6][-4]                                   ; output ; 2.5 V                 ;         ; Column I/O ; N               ; no       ; Off          ;
; C4       ; 487        ; 8        ; x_in[8][-5]                                    ; input  ; 2.5 V                 ;         ; Column I/O ; N               ; no       ; Off          ;
; C5       ; 489        ; 8        ; x_in[9][-6]                                    ; input  ; 2.5 V                 ;         ; Column I/O ; N               ; no       ; Off          ;
; C6       ; 477        ; 8        ; x_in[1][-9]                                    ; input  ; 2.5 V                 ;         ; Column I/O ; N               ; no       ; Off          ;
; C7       ; 467        ; 8        ; x_in[9][-8]                                    ; input  ; 2.5 V                 ;         ; Column I/O ; N               ; no       ; Off          ;
; C8       ; 465        ; 8        ; x_in[9][-1]                                    ; input  ; 2.5 V                 ;         ; Column I/O ; N               ; no       ; Off          ;
; C9       ; 450        ; 7        ; x_in[5][0]                                     ; input  ; 2.5 V                 ;         ; Column I/O ; N               ; no       ; Off          ;
; C10      ; 442        ; 7        ; x_in[13][-4]                                   ; input  ; 2.5 V                 ;         ; Column I/O ; N               ; no       ; Off          ;
; C11      ; 440        ; 7        ; z_out[4][-4]                                   ; output ; 2.5 V                 ;         ; Column I/O ; N               ; no       ; Off          ;
; C12      ; 436        ; 7        ; x_in[9][-4]                                    ; input  ; 2.5 V                 ;         ; Column I/O ; N               ; no       ; Off          ;
; C13      ; 426        ; 7        ; z_out[4][-5]                                   ; output ; 2.5 V                 ;         ; Column I/O ; N               ; no       ; Off          ;
; C14      ; 424        ; 7        ; x_in[9][-5]                                    ; input  ; 2.5 V                 ;         ; Column I/O ; N               ; no       ; Off          ;
; C15      ; 418        ; 7        ; x_in[13][-8]                                   ; input  ; 2.5 V                 ;         ; Column I/O ; N               ; no       ; Off          ;
; C16      ; 416        ; 7        ; RESERVED_INPUT_WITH_WEAK_PULLUP                ;        ;                       ;         ; Column I/O ;                 ; no       ; On           ;
; C17      ; 391        ; 7        ; RESERVED_INPUT_WITH_WEAK_PULLUP                ;        ;                       ;         ; Column I/O ;                 ; no       ; On           ;
; C18      ; 400        ; 7        ; RESERVED_INPUT_WITH_WEAK_PULLUP                ;        ;                       ;         ; Column I/O ;                 ; no       ; On           ;
; C19      ; 397        ; 7        ; RESERVED_INPUT_WITH_WEAK_PULLUP                ;        ;                       ;         ; Column I/O ;                 ; no       ; On           ;
; C20      ; 357        ; 6        ; x_in[15][-8]                                   ; input  ; 2.5 V                 ;         ; Row I/O    ; N               ; no       ; Off          ;
; C21      ; 347        ; 6        ; x_in[11][0]                                    ; input  ; 2.5 V                 ;         ; Row I/O    ; N               ; no       ; Off          ;
; C22      ; 343        ; 6        ; x_in[11][-5]                                   ; input  ; 2.5 V                 ;         ; Row I/O    ; N               ; no       ; Off          ;
; D1       ; 35         ; 1B       ; x_in[8][-2]                                    ; input  ; 2.5 V                 ;         ; Row I/O    ; N               ; no       ; Off          ;
; D2       ; 31         ; 1B       ; x_in[0][-1]                                    ; input  ; 2.5 V                 ;         ; Row I/O    ; N               ; no       ; Off          ;
; D3       ; 29         ; 1B       ; x_in[8][-8]                                    ; input  ; 2.5 V                 ;         ; Row I/O    ; N               ; no       ; Off          ;
; D4       ;            ;          ; GND                                            ; gnd    ;                       ;         ; --         ;                 ; --       ; --           ;
; D5       ; 491        ; 8        ; x_in[4][-1]                                    ; input  ; 2.5 V                 ;         ; Column I/O ; N               ; no       ; Off          ;
; D6       ; 496        ; 8        ; x_in[12][-4]                                   ; input  ; 2.5 V                 ;         ; Column I/O ; N               ; no       ; Off          ;
; D7       ; 479        ; 8        ; x_in[0][-7]                                    ; input  ; 2.5 V                 ;         ; Column I/O ; N               ; no       ; Off          ;
; D8       ; 472        ; 8        ; x_in[12][-3]                                   ; input  ; 2.5 V                 ;         ; Column I/O ; N               ; no       ; Off          ;
; D9       ; 474        ; 8        ; x_in[8][-3]                                    ; input  ; 2.5 V                 ;         ; Column I/O ; N               ; no       ; Off          ;
; D10      ; 476        ; 8        ; x_in[1][-8]                                    ; input  ; 2.5 V                 ;         ; Column I/O ; N               ; no       ; Off          ;
; D11      ;            ;          ; GND                                            ; gnd    ;                       ;         ; --         ;                 ; --       ; --           ;
; D12      ; 438        ; 7        ; x_in[13][-7]                                   ; input  ; 2.5 V                 ;         ; Column I/O ; N               ; no       ; Off          ;
; D13      ; 431        ; 7        ; z_out[5][-1]                                   ; output ; 2.5 V                 ;         ; Column I/O ; N               ; no       ; Off          ;
; D14      ; 428        ; 7        ; z_out[4][-6]                                   ; output ; 2.5 V                 ;         ; Column I/O ; N               ; no       ; Off          ;
; D15      ; 404        ; 7        ; RESERVED_INPUT_WITH_WEAK_PULLUP                ;        ;                       ;         ; Column I/O ;                 ; no       ; On           ;
; D16      ;            ;          ; GND                                            ; gnd    ;                       ;         ; --         ;                 ; --       ; --           ;
; D17      ; 389        ; 7        ; RESERVED_INPUT_WITH_WEAK_PULLUP                ;        ;                       ;         ; Column I/O ;                 ; no       ; On           ;
; D18      ; 385        ; 6        ; RESERVED_INPUT_WITH_WEAK_PULLUP                ;        ;                       ;         ; Row I/O    ;                 ; no       ; On           ;
; D19      ; 359        ; 6        ; z_out[4][0]                                    ; output ; 2.5 V                 ;         ; Row I/O    ; N               ; no       ; Off          ;
; D20      ;            ;          ; GND                                            ; gnd    ;                       ;         ; --         ;                 ; --       ; --           ;
; D21      ; 345        ; 6        ; x_in[11][-9]                                   ; input  ; 2.5 V                 ;         ; Row I/O    ; N               ; no       ; Off          ;
; D22      ; 341        ; 6        ; x_in[1][-4]                                    ; input  ; 2.5 V                 ;         ; Row I/O    ; N               ; no       ; Off          ;
; E1       ; 41         ; 1B       ; z_out[6][-7]                                   ; output ; 2.5 V                 ;         ; Row I/O    ; N               ; no       ; Off          ;
; E2       ;            ;          ; GND                                            ; gnd    ;                       ;         ; --         ;                 ; --       ; --           ;
; E3       ; 3          ; 1A       ; RESERVED_INPUT_WITH_WEAK_PULLUP                ;        ;                       ;         ; Row I/O    ;                 ; no       ; On           ;
; E4       ; 1          ; 1A       ; RESERVED_INPUT_WITH_WEAK_PULLUP                ;        ;                       ;         ; Row I/O    ;                 ; no       ; On           ;
; E5       ;            ;          ; NC                                             ;        ;                       ;         ; --         ;                 ; --       ; --           ;
; E6       ; 498        ; 8        ; z_out[6][-2]                                   ; output ; 2.5 V                 ;         ; Column I/O ; N               ; no       ; Off          ;
; E7       ;            ;          ; GND                                            ; gnd    ;                       ;         ; --         ;                 ; --       ; --           ;
; E8       ; 488        ; 8        ; x_in[8][-7]                                    ; input  ; 2.5 V                 ;         ; Column I/O ; N               ; no       ; Off          ;
; E9       ; 478        ; 8        ; x_in[4][-3]                                    ; input  ; 2.5 V                 ;         ; Column I/O ; N               ; no       ; Off          ;
; E10      ; 466        ; 8        ; x_in[1][0]                                     ; input  ; 2.5 V                 ;         ; Column I/O ; N               ; no       ; Off          ;
; E11      ; 464        ; 8        ; x_in[12][-2]                                   ; input  ; 2.5 V                 ;         ; Column I/O ; N               ; no       ; Off          ;
; E12      ; 429        ; 7        ; x_in[13][0]                                    ; input  ; 2.5 V                 ;         ; Column I/O ; N               ; no       ; Off          ;
; E13      ; 430        ; 7        ; x_in[1][-3]                                    ; input  ; 2.5 V                 ;         ; Column I/O ; N               ; no       ; Off          ;
; E14      ; 406        ; 7        ; RESERVED_INPUT_WITH_WEAK_PULLUP                ;        ;                       ;         ; Column I/O ;                 ; no       ; On           ;
; E15      ; 390        ; 7        ; RESERVED_INPUT_WITH_WEAK_PULLUP                ;        ;                       ;         ; Column I/O ;                 ; no       ; On           ;
; E16      ; 388        ; 7        ; RESERVED_INPUT_WITH_WEAK_PULLUP                ;        ;                       ;         ; Column I/O ;                 ; no       ; On           ;
; E17      ; 366        ; 6        ; RESERVED_INPUT_WITH_WEAK_PULLUP                ;        ;                       ;         ; Row I/O    ;                 ; no       ; On           ;
; E18      ; 387        ; 6        ; RESERVED_INPUT_WITH_WEAK_PULLUP                ;        ;                       ;         ; Row I/O    ;                 ; no       ; On           ;
; E19      ; 352        ; 6        ; z_out[5][-3]                                   ; output ; 2.5 V                 ;         ; Row I/O    ; N               ; no       ; Off          ;
; E20      ; 355        ; 6        ; x_in[7][-1]                                    ; input  ; 2.5 V                 ;         ; Row I/O    ; N               ; no       ; Off          ;
; E21      ; 335        ; 6        ; x_in[7][-4]                                    ; input  ; 2.5 V                 ;         ; Row I/O    ; N               ; no       ; Off          ;
; E22      ; 333        ; 6        ; x_in[3][-3]                                    ; input  ; 2.5 V                 ;         ; Row I/O    ; N               ; no       ; Off          ;
; F1       ; 47         ; 1B       ; x_in[8][-10]                                   ; input  ; 2.5 V                 ;         ; Row I/O    ; N               ; no       ; Off          ;
; F2       ; 43         ; 1B       ; z_out[6][-6]                                   ; output ; 2.5 V                 ;         ; Row I/O    ; N               ; no       ; Off          ;
; F3       ; 7          ; 1A       ; rst                                            ; input  ; 2.5 V                 ;         ; Row I/O    ; N               ; no       ; Off          ;
; F4       ; 2          ; 1A       ; RESERVED_INPUT_WITH_WEAK_PULLUP                ;        ;                       ;         ; Row I/O    ;                 ; no       ; On           ;
; F5       ; 0          ; 1A       ; x_in[0][-2]                                    ; input  ; 2.5 V                 ;         ; Row I/O    ; N               ; no       ; Off          ;
; F6       ;            ;          ; NC                                             ;        ;                       ;         ; --         ;                 ; --       ; --           ;
; F7       ; 490        ; 8        ; x_in[12][-8]                                   ; input  ; 2.5 V                 ;         ; Column I/O ; N               ; no       ; Off          ;
; F8       ; 494        ; 8        ; ~ALTERA_CONF_DONE~ / RESERVED_INPUT            ; input  ; 2.5 V Schmitt Trigger ;         ; Column I/O ; N               ; no       ; Off          ;
; F9       ;            ; 8        ; VCCIO8                                         ; power  ;                       ; 2.5V    ; --         ;                 ; --       ; --           ;
; F10      ;            ;          ; GND                                            ; gnd    ;                       ;         ; --         ;                 ; --       ; --           ;
; F11      ;            ; 8        ; VCCIO8                                         ; power  ;                       ; 2.5V    ; --         ;                 ; --       ; --           ;
; F12      ;            ; 7        ; VCCIO7                                         ; power  ;                       ; 2.5V    ; --         ;                 ; --       ; --           ;
; F13      ;            ;          ; GND                                            ; gnd    ;                       ;         ; --         ;                 ; --       ; --           ;
; F14      ;            ; 7        ; VCCIO7                                         ; power  ;                       ; 2.5V    ; --         ;                 ; --       ; --           ;
; F15      ; 398        ; 7        ; RESERVED_INPUT_WITH_WEAK_PULLUP                ;        ;                       ;         ; Column I/O ;                 ; no       ; On           ;
; F16      ; 396        ; 7        ; RESERVED_INPUT_WITH_WEAK_PULLUP                ;        ;                       ;         ; Column I/O ;                 ; no       ; On           ;
; F17      ; 364        ; 6        ; RESERVED_INPUT_WITH_WEAK_PULLUP                ;        ;                       ;         ; Row I/O    ;                 ; no       ; On           ;
; F18      ; 354        ; 6        ; z_out[4][-9]                                   ; output ; 2.5 V                 ;         ; Row I/O    ; N               ; no       ; Off          ;
; F19      ; 353        ; 6        ; z_out[1][-7]                                   ; output ; 2.5 V                 ;         ; Row I/O    ; N               ; no       ; Off          ;
; F20      ; 342        ; 6        ; x_in[13][-10]                                  ; input  ; 2.5 V                 ;         ; Row I/O    ; N               ; no       ; Off          ;
; F21      ; 340        ; 6        ; x_in[5][-4]                                    ; input  ; 2.5 V                 ;         ; Row I/O    ; N               ; no       ; Off          ;
; F22      ; 331        ; 6        ; x_in[15][-3]                                   ; input  ; 2.5 V                 ;         ; Row I/O    ; N               ; no       ; Off          ;
; G1       ; 45         ; 1B       ; x_in[8][-9]                                    ; input  ; 2.5 V                 ;         ; Row I/O    ; N               ; no       ; Off          ;
; G2       ; 34         ; 1B       ; ~ALTERA_TCK~ / RESERVED_INPUT                  ; input  ; 2.5 V Schmitt Trigger ;         ; Row I/O    ; N               ; no       ; Off          ;
; G3       ; 11         ; 1A       ; z_out[6][-9]                                   ; output ; 2.5 V                 ;         ; Row I/O    ; N               ; no       ; Off          ;
; G4       ; 5          ; 1A       ; RESERVED_INPUT_WITH_WEAK_PULLUP                ;        ;                       ;         ; Row I/O    ;                 ; no       ; On           ;
; G5       ;            ;          ; ANAIN1                                         ;        ;                       ;         ; --         ;                 ; --       ; --           ;
; G6       ;            ;          ; GND                                            ; gnd    ;                       ;         ; --         ;                 ; --       ; --           ;
; G7       ;            ;          ; VCCD_PLL3                                      ; power  ;                       ; 1.2V    ; --         ;                 ; --       ; --           ;
; G8       ;            ;          ; GND                                            ; gnd    ;                       ;         ; --         ;                 ; --       ; --           ;
; G9       ; 492        ; 8        ; ~ALTERA_nSTATUS~ / RESERVED_INPUT              ; input  ; 2.5 V Schmitt Trigger ;         ; Column I/O ; N               ; no       ; Off          ;
; G10      ;            ; 8        ; VCCIO8                                         ; power  ;                       ; 2.5V    ; --         ;                 ; --       ; --           ;
; G11      ;            ; 8        ; VCCIO8                                         ; power  ;                       ; 2.5V    ; --         ;                 ; --       ; --           ;
; G12      ;            ; 7        ; VCCIO7                                         ; power  ;                       ; 2.5V    ; --         ;                 ; --       ; --           ;
; G13      ;            ; 7        ; VCCIO7                                         ; power  ;                       ; 2.5V    ; --         ;                 ; --       ; --           ;
; G14      ;            ; 7        ; VCCIO7                                         ; power  ;                       ; 2.5V    ; --         ;                 ; --       ; --           ;
; G15      ;            ;          ; GND                                            ; gnd    ;                       ;         ; --         ;                 ; --       ; --           ;
; G16      ;            ;          ; VCCD_PLL2                                      ; power  ;                       ; 1.2V    ; --         ;                 ; --       ; --           ;
; G17      ; 386        ; 6        ; RESERVED_INPUT_WITH_WEAK_PULLUP                ;        ;                       ;         ; Row I/O    ;                 ; no       ; On           ;
; G18      ;            ;          ; GND                                            ; gnd    ;                       ;         ; --         ;                 ; --       ; --           ;
; G19      ; 330        ; 6        ; x_in[7][-10]                                   ; input  ; 2.5 V                 ;         ; Row I/O    ; N               ; no       ; Off          ;
; G20      ; 328        ; 6        ; x_in[3][-4]                                    ; input  ; 2.5 V                 ;         ; Row I/O    ; N               ; no       ; Off          ;
; G21      ;            ;          ; GND                                            ; gnd    ;                       ;         ; --         ;                 ; --       ; --           ;
; G22      ; 329        ; 6        ; x_in[3][-9]                                    ; input  ; 2.5 V                 ;         ; Row I/O    ; N               ; no       ; Off          ;
; H1       ; 44         ; 1B       ; x_in[8][-4]                                    ; input  ; 2.5 V                 ;         ; Row I/O    ; N               ; no       ; Off          ;
; H2       ; 32         ; 1B       ; ~ALTERA_TMS~ / RESERVED_INPUT_WITH_WEAK_PULLUP ; input  ; 2.5 V Schmitt Trigger ;         ; Row I/O    ; N               ; no       ; On           ;
; H3       ; 10         ; 1A       ; z_out[6][-8]                                   ; output ; 2.5 V                 ;         ; Row I/O    ; N               ; no       ; Off          ;
; H4       ; 9          ; 1A       ; z_out[6][-5]                                   ; output ; 2.5 V                 ;         ; Row I/O    ; N               ; no       ; Off          ;
; H5       ;            ;          ; REFGND                                         ;        ;                       ;         ; --         ;                 ; --       ; --           ;
; H6       ;            ;          ; ADC_VREF                                       ;        ;                       ;         ; --         ;                 ; --       ; --           ;
; H7       ;            ; --       ; VCCA_ADC                                       ; power  ;                       ; 2.5V    ; --         ;                 ; --       ; --           ;
; H8       ;            ; --       ; VCCA3                                          ; power  ;                       ; 2.5V    ; --         ;                 ; --       ; --           ;
; H9       ; 482        ; 8        ; ~ALTERA_nCONFIG~ / RESERVED_INPUT              ; input  ; 2.5 V Schmitt Trigger ;         ; Column I/O ; N               ; no       ; Off          ;
; H10      ; 480        ; 8        ; ~ALTERA_CONFIG_SEL~ / RESERVED_INPUT           ; input  ; 2.5 V                 ;         ; Column I/O ; N               ; no       ; Off          ;
; H11      ; 470        ; 8        ; x_in[1][-1]                                    ; input  ; 2.5 V                 ;         ; Column I/O ; N               ; no       ; Off          ;
; H12      ; 444        ; 7        ; x_in[5][-6]                                    ; input  ; 2.5 V                 ;         ; Column I/O ; N               ; no       ; Off          ;
; H13      ; 432        ; 7        ; x_in[13][-11]                                  ; input  ; 2.5 V                 ;         ; Column I/O ; N               ; no       ; Off          ;
; H14      ; 420        ; 7        ; x_in[9][-11]                                   ; input  ; 2.5 V                 ;         ; Column I/O ; N               ; no       ; Off          ;
; H15      ;            ; --       ; VCCA2                                          ; power  ;                       ; 2.5V    ; --         ;                 ; --       ; --           ;
; H16      ;            ; 6        ; VCCIO6                                         ; power  ;                       ; 2.5V    ; --         ;                 ; --       ; --           ;
; H17      ; 384        ; 6        ; RESERVED_INPUT_WITH_WEAK_PULLUP                ;        ;                       ;         ; Row I/O    ;                 ; no       ; On           ;
; H18      ; 374        ; 6        ; RESERVED_INPUT_WITH_WEAK_PULLUP                ;        ;                       ;         ; Row I/O    ;                 ; no       ; On           ;
; H19      ; 372        ; 6        ; RESERVED_INPUT_WITH_WEAK_PULLUP                ;        ;                       ;         ; Row I/O    ;                 ; no       ; On           ;
; H20      ; 375        ; 6        ; RESERVED_INPUT_WITH_WEAK_PULLUP                ;        ;                       ;         ; Row I/O    ;                 ; no       ; On           ;
; H21      ; 323        ; 6        ; x_in[3][-11]                                   ; input  ; 2.5 V                 ;         ; Row I/O    ; N               ; no       ; Off          ;
; H22      ; 321        ; 6        ; x_in[3][-8]                                    ; input  ; 2.5 V                 ;         ; Row I/O    ; N               ; no       ; Off          ;
; J1       ; 46         ; 1B       ; x_in[8][-6]                                    ; input  ; 2.5 V                 ;         ; Row I/O    ; N               ; no       ; Off          ;
; J2       ;            ;          ; GND                                            ; gnd    ;                       ;         ; --         ;                 ; --       ; --           ;
; J3       ; 15         ; 1A       ; x_in[9][-3]                                    ; input  ; 2.5 V                 ;         ; Row I/O    ; N               ; no       ; Off          ;
; J4       ; 8          ; 1A       ; z_out[2][-11]                                  ; output ; 2.5 V                 ;         ; Row I/O    ; N               ; no       ; Off          ;
; J5       ;            ;          ; ANAIN2                                         ;        ;                       ;         ; --         ;                 ; --       ; --           ;
; J6       ;            ;          ; GND                                            ; gnd    ;                       ;         ; --         ;                 ; --       ; --           ;
; J7       ;            ;          ; VCCINT                                         ; power  ;                       ; 1.2V    ; --         ;                 ; --       ; --           ;
; J8       ; 4          ; 1A       ; x_in[0][-10]                                   ; input  ; 2.5 V                 ;         ; Row I/O    ; N               ; no       ; Off          ;
; J9       ; 6          ; 1A       ; RESERVED_INPUT_WITH_WEAK_PULLUP                ;        ;                       ;         ; Row I/O    ;                 ; no       ; On           ;
; J10      ; 468        ; 8        ; x_in[5][-9]                                    ; input  ; 2.5 V                 ;         ; Column I/O ; N               ; no       ; Off          ;
; J11      ; 446        ; 7        ; x_in[5][-2]                                    ; input  ; 2.5 V                 ;         ; Column I/O ; N               ; no       ; Off          ;
; J12      ; 434        ; 7        ; x_in[13][-5]                                   ; input  ; 2.5 V                 ;         ; Column I/O ; N               ; no       ; Off          ;
; J13      ; 422        ; 7        ; z_out[4][-2]                                   ; output ; 2.5 V                 ;         ; Column I/O ; N               ; no       ; Off          ;
; J14      ; 368        ; 6        ; RESERVED_INPUT_WITH_WEAK_PULLUP                ;        ;                       ;         ; Row I/O    ;                 ; no       ; On           ;
; J15      ; 370        ; 6        ; RESERVED_INPUT_WITH_WEAK_PULLUP                ;        ;                       ;         ; Row I/O    ;                 ; no       ; On           ;
; J16      ;            ;          ; GND                                            ; gnd    ;                       ;         ; --         ;                 ; --       ; --           ;
; J17      ;            ; 6        ; VCCIO6                                         ; power  ;                       ; 2.5V    ; --         ;                 ; --       ; --           ;
; J18      ; 362        ; 6        ; RESERVED_INPUT_WITH_WEAK_PULLUP                ;        ;                       ;         ; Row I/O    ;                 ; no       ; On           ;
; J19      ;            ;          ; GND                                            ; gnd    ;                       ;         ; --         ;                 ; --       ; --           ;
; J20      ; 373        ; 6        ; RESERVED_INPUT_WITH_WEAK_PULLUP                ;        ;                       ;         ; Row I/O    ;                 ; no       ; On           ;
; J21      ; 327        ; 6        ; x_in[15][-6]                                   ; input  ; 2.5 V                 ;         ; Row I/O    ; N               ; no       ; Off          ;
; J22      ; 325        ; 6        ; x_in[11][-3]                                   ; input  ; 2.5 V                 ;         ; Row I/O    ; N               ; no       ; Off          ;
; K1       ; 49         ; 1B       ; x_in[0][-8]                                    ; input  ; 2.5 V                 ;         ; Row I/O    ; N               ; no       ; Off          ;
; K2       ; 37         ; 1B       ; x_in[12][-7]                                   ; input  ; 2.5 V                 ;         ; Row I/O    ; N               ; no       ; Off          ;
; K3       ;            ;          ; GND                                            ; gnd    ;                       ;         ; --         ;                 ; --       ; --           ;
; K4       ; 13         ; 1A       ; x_in[0][-11]                                   ; input  ; 2.5 V                 ;         ; Row I/O    ; N               ; no       ; Off          ;
; K5       ; 12         ; 1A       ; x_in[0][-6]                                    ; input  ; 2.5 V                 ;         ; Row I/O    ; N               ; no       ; Off          ;
; K6       ; 14         ; 1A       ; x_in[5][-1]                                    ; input  ; 2.5 V                 ;         ; Row I/O    ; N               ; no       ; Off          ;
; K7       ;            ; 1A       ; VCCIO1A                                        ; power  ;                       ; 2.5V    ; --         ;                 ; --       ; --           ;
; K8       ; 28         ; 1B       ; x_in[1][-5]                                    ; input  ; 2.5 V                 ;         ; Row I/O    ; N               ; no       ; Off          ;
; K9       ; 30         ; 1B       ; x_in[0][-9]                                    ; input  ; 2.5 V                 ;         ; Row I/O    ; N               ; no       ; Off          ;
; K10      ;            ;          ; GND                                            ; gnd    ;                       ;         ; --         ;                 ; --       ; --           ;
; K11      ;            ; --       ; VCC                                            ; power  ;                       ; 1.2V    ; --         ;                 ; --       ; --           ;
; K12      ;            ;          ; GND                                            ; gnd    ;                       ;         ; --         ;                 ; --       ; --           ;
; K13      ;            ; --       ; VCC                                            ; power  ;                       ; 1.2V    ; --         ;                 ; --       ; --           ;
; K14      ; 356        ; 6        ; x_in[5][-7]                                    ; input  ; 2.5 V                 ;         ; Row I/O    ; N               ; no       ; Off          ;
; K15      ; 358        ; 6        ; x_in[7][-6]                                    ; input  ; 2.5 V                 ;         ; Row I/O    ; N               ; no       ; Off          ;
; K16      ;            ; 6        ; VCCIO6                                         ; power  ;                       ; 2.5V    ; --         ;                 ; --       ; --           ;
; K17      ;            ; 6        ; VCCIO6                                         ; power  ;                       ; 2.5V    ; --         ;                 ; --       ; --           ;
; K18      ; 360        ; 6        ; x_in[3][0]                                     ; input  ; 2.5 V                 ;         ; Row I/O    ; N               ; no       ; Off          ;
; K19      ; 361        ; 6        ; RESERVED_INPUT_WITH_WEAK_PULLUP                ;        ;                       ;         ; Row I/O    ;                 ; no       ; On           ;
; K20      ; 363        ; 6        ; z_out[4][-7]                                   ; output ; 2.5 V                 ;         ; Row I/O    ; N               ; no       ; Off          ;
; K21      ; 326        ; 6        ; x_in[1][-10]                                   ; input  ; 2.5 V                 ;         ; Row I/O    ; N               ; no       ; Off          ;
; K22      ; 324        ; 6        ; x_in[3][-7]                                    ; input  ; 2.5 V                 ;         ; Row I/O    ; N               ; no       ; Off          ;
; L1       ; 51         ; 1B       ; z_out[3][-11]                                  ; output ; 2.5 V                 ;         ; Row I/O    ; N               ; no       ; Off          ;
; L2       ; 39         ; 1B       ; z_out[2][-7]                                   ; output ; 2.5 V                 ;         ; Row I/O    ; N               ; no       ; Off          ;
; L3       ;            ;          ; DNU                                            ;        ;                       ;         ; --         ;                 ; --       ; --           ;
; L4       ; 36         ; 1B       ; ~ALTERA_TDI~ / RESERVED_INPUT_WITH_WEAK_PULLUP ; input  ; 2.5 V Schmitt Trigger ;         ; Row I/O    ; N               ; no       ; On           ;
; L5       ;            ;          ; GND                                            ; gnd    ;                       ;         ; --         ;                 ; --       ; --           ;
; L6       ;            ; 1A       ; VCCIO1A                                        ; power  ;                       ; 2.5V    ; --         ;                 ; --       ; --           ;
; L7       ;            ; 1B       ; VCCIO1B                                        ; power  ;                       ; 2.5V    ; --         ;                 ; --       ; --           ;
; L8       ; 40         ; 1B       ; z_out[6][-1]                                   ; output ; 2.5 V                 ;         ; Row I/O    ; N               ; no       ; Off          ;
; L9       ; 42         ; 1B       ; z_out[6][-10]                                  ; output ; 2.5 V                 ;         ; Row I/O    ; N               ; no       ; Off          ;
; L10      ;            ; --       ; VCC                                            ; power  ;                       ; 1.2V    ; --         ;                 ; --       ; --           ;
; L11      ;            ; --       ; VCC                                            ; power  ;                       ; 1.2V    ; --         ;                 ; --       ; --           ;
; L12      ;            ; --       ; VCC                                            ; power  ;                       ; 1.2V    ; --         ;                 ; --       ; --           ;
; L13      ;            ;          ; GND                                            ; gnd    ;                       ;         ; --         ;                 ; --       ; --           ;
; L14      ; 344        ; 6        ; x_in[3][-5]                                    ; input  ; 2.5 V                 ;         ; Row I/O    ; N               ; no       ; Off          ;
; L15      ; 346        ; 6        ; z_out[6][-11]                                  ; output ; 2.5 V                 ;         ; Row I/O    ; N               ; no       ; Off          ;
; L16      ;            ; 6        ; VCCIO6                                         ; power  ;                       ; 2.5V    ; --         ;                 ; --       ; --           ;
; L17      ;            ;          ; GND                                            ; gnd    ;                       ;         ; --         ;                 ; --       ; --           ;
; L18      ; 350        ; 6        ; z_out[4][-8]                                   ; output ; 2.5 V                 ;         ; Row I/O    ; N               ; no       ; Off          ;
; L19      ; 349        ; 6        ; x_in[15][-1]                                   ; input  ; 2.5 V                 ;         ; Row I/O    ; N               ; no       ; Off          ;
; L20      ; 351        ; 6        ; z_out[4][-1]                                   ; output ; 2.5 V                 ;         ; Row I/O    ; N               ; no       ; Off          ;
; L21      ;            ;          ; GND                                            ; gnd    ;                       ;         ; --         ;                 ; --       ; --           ;
; L22      ; 314        ; 5        ; x_in[3][-6]                                    ; input  ; 2.5 V                 ;         ; Row I/O    ; N               ; no       ; Off          ;
; M1       ; 79         ; 2        ; z_out[2][-10]                                  ; output ; 2.5 V                 ;         ; Row I/O    ; N               ; no       ; Off          ;
; M2       ; 77         ; 2        ; z_out[2][-1]                                   ; output ; 2.5 V                 ;         ; Row I/O    ; N               ; no       ; Off          ;
; M3       ; 50         ; 1B       ; x_in[4][-9]                                    ; input  ; 2.5 V                 ;         ; Row I/O    ; N               ; no       ; Off          ;
; M4       ; 48         ; 1B       ; x_in[12][-11]                                  ; input  ; 2.5 V                 ;         ; Row I/O    ; N               ; no       ; Off          ;
; M5       ; 38         ; 1B       ; ~ALTERA_TDO~                                   ; output ; 2.5 V                 ;         ; Row I/O    ; N               ; no       ; Off          ;
; M6       ;            ; 1B       ; VCCIO1B                                        ; power  ;                       ; 2.5V    ; --         ;                 ; --       ; --           ;
; M7       ;            ;          ; GND                                            ; gnd    ;                       ;         ; --         ;                 ; --       ; --           ;
; M8       ; 72         ; 2        ; clk                                            ; input  ; 2.5 V                 ;         ; Row I/O    ; N               ; no       ; Off          ;
; M9       ; 74         ; 2        ; z_out[3][-8]                                   ; output ; 2.5 V                 ;         ; Row I/O    ; N               ; no       ; Off          ;
; M10      ;            ;          ; GND                                            ; gnd    ;                       ;         ; --         ;                 ; --       ; --           ;
; M11      ;            ; --       ; VCC                                            ; power  ;                       ; 1.2V    ; --         ;                 ; --       ; --           ;
; M12      ;            ; --       ; VCC                                            ; power  ;                       ; 1.2V    ; --         ;                 ; --       ; --           ;
; M13      ;            ; --       ; VCC                                            ; power  ;                       ; 1.2V    ; --         ;                 ; --       ; --           ;
; M14      ; 334        ; 6        ; x_in[11][-2]                                   ; input  ; 2.5 V                 ;         ; Row I/O    ; N               ; no       ; Off          ;
; M15      ; 332        ; 6        ; z_out[4][-3]                                   ; output ; 2.5 V                 ;         ; Row I/O    ; N               ; no       ; Off          ;
; M16      ;            ;          ; GND                                            ; gnd    ;                       ;         ; --         ;                 ; --       ; --           ;
; M17      ;            ; 6        ; VCCIO6                                         ; power  ;                       ; 2.5V    ; --         ;                 ; --       ; --           ;
; M18      ; 348        ; 6        ; x_in[11][-10]                                  ; input  ; 2.5 V                 ;         ; Row I/O    ; N               ; no       ; Off          ;
; M19      ;            ;          ; GND                                            ; gnd    ;                       ;         ; --         ;                 ; --       ; --           ;
; M20      ; 337        ; 6        ; x_in[7][-2]                                    ; input  ; 2.5 V                 ;         ; Row I/O    ; N               ; no       ; Off          ;
; M21      ; 312        ; 5        ; x_in[3][-10]                                   ; input  ; 2.5 V                 ;         ; Row I/O    ; N               ; no       ; Off          ;
; M22      ; 315        ; 5        ; x_in[3][-2]                                    ; input  ; 2.5 V                 ;         ; Row I/O    ; N               ; no       ; Off          ;
; N1       ; 87         ; 2        ; z_out[2][-2]                                   ; output ; 2.5 V                 ;         ; Row I/O    ; N               ; no       ; Off          ;
; N2       ; 75         ; 2        ; z_out[3][-9]                                   ; output ; 2.5 V                 ;         ; Row I/O    ; N               ; no       ; Off          ;
; N3       ; 73         ; 2        ; z_out[3][-5]                                   ; output ; 2.5 V                 ;         ; Row I/O    ; N               ; no       ; Off          ;
; N4       ; 56         ; 2        ; x_in[12][-10]                                  ; input  ; 2.5 V                 ;         ; Row I/O    ; N               ; no       ; Off          ;
; N5       ; 58         ; 2        ; x_in[12][-9]                                   ; input  ; 2.5 V                 ;         ; Row I/O    ; N               ; no       ; Off          ;
; N6       ;            ; 2        ; VCCIO2                                         ; power  ;                       ; 2.5V    ; --         ;                 ; --       ; --           ;
; N7       ;            ; 2        ; VCCIO2                                         ; power  ;                       ; 2.5V    ; --         ;                 ; --       ; --           ;
; N8       ; 84         ; 2        ; z_out[5][-11]                                  ; output ; 2.5 V                 ;         ; Row I/O    ; N               ; no       ; Off          ;
; N9       ; 86         ; 2        ; z_out[2][-4]                                   ; output ; 2.5 V                 ;         ; Row I/O    ; N               ; no       ; Off          ;
; N10      ;            ; --       ; VCC                                            ; power  ;                       ; 1.2V    ; --         ;                 ; --       ; --           ;
; N11      ;            ;          ; GND                                            ; gnd    ;                       ;         ; --         ;                 ; --       ; --           ;
; N12      ;            ; --       ; VCC                                            ; power  ;                       ; 1.2V    ; --         ;                 ; --       ; --           ;
; N13      ;            ;          ; GND                                            ; gnd    ;                       ;         ; --         ;                 ; --       ; --           ;
; N14      ; 320        ; 6        ; x_in[11][-8]                                   ; input  ; 2.5 V                 ;         ; Row I/O    ; N               ; no       ; Off          ;
; N15      ; 322        ; 6        ; x_in[3][-1]                                    ; input  ; 2.5 V                 ;         ; Row I/O    ; N               ; no       ; Off          ;
; N16      ;            ; 5        ; VCCIO5                                         ; power  ;                       ; 2.5V    ; --         ;                 ; --       ; --           ;
; N17      ;            ; 6        ; VCCIO6                                         ; power  ;                       ; 2.5V    ; --         ;                 ; --       ; --           ;
; N18      ; 336        ; 6        ; x_in[5][-8]                                    ; input  ; 2.5 V                 ;         ; Row I/O    ; N               ; no       ; Off          ;
; N19      ; 338        ; 6        ; x_in[15][-5]                                   ; input  ; 2.5 V                 ;         ; Row I/O    ; N               ; no       ; Off          ;
; N20      ; 339        ; 6        ; x_in[9][-7]                                    ; input  ; 2.5 V                 ;         ; Row I/O    ; N               ; no       ; Off          ;
; N21      ; 313        ; 5        ; x_in[15][-7]                                   ; input  ; 2.5 V                 ;         ; Row I/O    ; N               ; no       ; Off          ;
; N22      ; 307        ; 5        ; x_in[15][0]                                    ; input  ; 2.5 V                 ;         ; Row I/O    ; N               ; no       ; Off          ;
; P1       ; 85         ; 2        ; z_out[2][-3]                                   ; output ; 2.5 V                 ;         ; Row I/O    ; N               ; no       ; Off          ;
; P2       ;            ;          ; GND                                            ; gnd    ;                       ;         ; --         ;                 ; --       ; --           ;
; P3       ; 76         ; 2        ; z_out[2][0]                                    ; output ; 2.5 V                 ;         ; Row I/O    ; N               ; no       ; Off          ;
; P4       ; 57         ; 2        ; x_in[4][-10]                                   ; input  ; 2.5 V                 ;         ; Row I/O    ; N               ; no       ; Off          ;
; P5       ; 59         ; 2        ; x_in[4][-7]                                    ; input  ; 2.5 V                 ;         ; Row I/O    ; N               ; no       ; Off          ;
; P6       ;            ;          ; GND                                            ; gnd    ;                       ;         ; --         ;                 ; --       ; --           ;
; P7       ;            ; 2        ; VCCIO2                                         ; power  ;                       ; 2.5V    ; --         ;                 ; --       ; --           ;
; P8       ; 96         ; 2        ; x_in[0][-5]                                    ; input  ; 2.5 V                 ;         ; Row I/O    ; N               ; no       ; Off          ;
; P9       ; 142        ; 3        ; z_out[0][-10]                                  ; output ; 2.5 V                 ;         ; Column I/O ; N               ; no       ; Off          ;
; P10      ; 154        ; 3        ; z_out[0][-4]                                   ; output ; 2.5 V                 ;         ; Column I/O ; N               ; no       ; Off          ;
; P11      ; 166        ; 3        ; x_in[10][-11]                                  ; input  ; 2.5 V                 ;         ; Column I/O ; N               ; no       ; Off          ;
; P12      ; 178        ; 4        ; x_in[10][-9]                                   ; input  ; 2.5 V                 ;         ; Column I/O ; N               ; no       ; Off          ;
; P13      ; 198        ; 4        ; x_in[14][-6]                                   ; input  ; 2.5 V                 ;         ; Column I/O ; N               ; no       ; Off          ;
; P14      ; 306        ; 5        ; x_in[15][-4]                                   ; input  ; 2.5 V                 ;         ; Row I/O    ; N               ; no       ; Off          ;
; P15      ; 304        ; 5        ; x_in[7][-8]                                    ; input  ; 2.5 V                 ;         ; Row I/O    ; N               ; no       ; Off          ;
; P16      ;            ; 5        ; VCCIO5                                         ; power  ;                       ; 2.5V    ; --         ;                 ; --       ; --           ;
; P17      ;            ;          ; GND                                            ; gnd    ;                       ;         ; --         ;                 ; --       ; --           ;
; P18      ; 310        ; 5        ; x_in[7][0]                                     ; input  ; 2.5 V                 ;         ; Row I/O    ; N               ; no       ; Off          ;
; P19      ; 309        ; 5        ; x_in[11][-11]                                  ; input  ; 2.5 V                 ;         ; Row I/O    ; N               ; no       ; Off          ;
; P20      ; 311        ; 5        ; x_in[7][-7]                                    ; input  ; 2.5 V                 ;         ; Row I/O    ; N               ; no       ; Off          ;
; P21      ; 305        ; 5        ; x_in[15][-11]                                  ; input  ; 2.5 V                 ;         ; Row I/O    ; N               ; no       ; Off          ;
; P22      ; 303        ; 5        ; z_out[5][-10]                                  ; output ; 2.5 V                 ;         ; Row I/O    ; N               ; no       ; Off          ;
; R1       ; 121        ; 2        ; RESERVED_INPUT_WITH_WEAK_PULLUP                ;        ;                       ;         ; Row I/O    ;                 ; no       ; On           ;
; R2       ; 123        ; 2        ; RESERVED_INPUT_WITH_WEAK_PULLUP                ;        ;                       ;         ; Row I/O    ;                 ; no       ; On           ;
; R3       ; 78         ; 2        ; z_out[2][-8]                                   ; output ; 2.5 V                 ;         ; Row I/O    ; N               ; no       ; Off          ;
; R4       ; 80         ; 2        ; x_in[12][0]                                    ; input  ; 2.5 V                 ;         ; Row I/O    ; N               ; no       ; Off          ;
; R5       ; 82         ; 2        ; x_in[8][0]                                     ; input  ; 2.5 V                 ;         ; Row I/O    ; N               ; no       ; Off          ;
; R6       ;            ; 2        ; VCCIO2                                         ; power  ;                       ; 2.5V    ; --         ;                 ; --       ; --           ;
; R7       ; 98         ; 2        ; RESERVED_INPUT_WITH_WEAK_PULLUP                ;        ;                       ;         ; Row I/O    ;                 ; no       ; On           ;
; R8       ;            ; --       ; VCCA1                                          ; power  ;                       ; 2.5V    ; --         ;                 ; --       ; --           ;
; R9       ; 140        ; 3        ; z_out[0][-2]                                   ; output ; 2.5 V                 ;         ; Column I/O ; N               ; no       ; Off          ;
; R10      ; 152        ; 3        ; z_out[8][-8]                                   ; output ; 2.5 V                 ;         ; Column I/O ; N               ; no       ; Off          ;
; R11      ; 164        ; 3        ; z_out[8][0]                                    ; output ; 2.5 V                 ;         ; Column I/O ; N               ; no       ; Off          ;
; R12      ; 176        ; 4        ; x_in[10][-1]                                   ; input  ; 2.5 V                 ;         ; Column I/O ; N               ; no       ; Off          ;
; R13      ; 196        ; 4        ; x_in[14][-2]                                   ; input  ; 2.5 V                 ;         ; Column I/O ; N               ; no       ; Off          ;
; R14      ; 294        ; 5        ; x_in[11][-7]                                   ; input  ; 2.5 V                 ;         ; Row I/O    ; N               ; no       ; Off          ;
; R15      ; 292        ; 5        ; z_out[1][-11]                                  ; output ; 2.5 V                 ;         ; Row I/O    ; N               ; no       ; Off          ;
; R16      ;            ; 5        ; VCCIO5                                         ; power  ;                       ; 2.5V    ; --         ;                 ; --       ; --           ;
; R17      ;            ; 5        ; VCCIO5                                         ; power  ;                       ; 2.5V    ; --         ;                 ; --       ; --           ;
; R18      ; 308        ; 5        ; x_in[11][-4]                                   ; input  ; 2.5 V                 ;         ; Row I/O    ; N               ; no       ; Off          ;
; R19      ;            ;          ; GND                                            ; gnd    ;                       ;         ; --         ;                 ; --       ; --           ;
; R20      ; 299        ; 5        ; z_out[1][-9]                                   ; output ; 2.5 V                 ;         ; Row I/O    ; N               ; no       ; Off          ;
; R21      ;            ;          ; GND                                            ; gnd    ;                       ;         ; --         ;                 ; --       ; --           ;
; R22      ; 301        ; 5        ; x_in[11][-6]                                   ; input  ; 2.5 V                 ;         ; Row I/O    ; N               ; no       ; Off          ;
; T1       ; 81         ; 2        ; z_out[2][-5]                                   ; output ; 2.5 V                 ;         ; Row I/O    ; N               ; no       ; Off          ;
; T2       ; 83         ; 2        ; x_in[4][-6]                                    ; input  ; 2.5 V                 ;         ; Row I/O    ; N               ; no       ; Off          ;
; T3       ; 88         ; 2        ; RESERVED_INPUT_WITH_WEAK_PULLUP                ;        ;                       ;         ; Row I/O    ;                 ; no       ; On           ;
; T4       ;            ;          ; GND                                            ; gnd    ;                       ;         ; --         ;                 ; --       ; --           ;
; T5       ; 120        ; 2        ; RESERVED_INPUT_WITH_WEAK_PULLUP                ;        ;                       ;         ; Row I/O    ;                 ; no       ; On           ;
; T6       ; 122        ; 2        ; RESERVED_INPUT_WITH_WEAK_PULLUP                ;        ;                       ;         ; Row I/O    ;                 ; no       ; On           ;
; T7       ;            ;          ; VCCD_PLL1                                      ; power  ;                       ; 1.2V    ; --         ;                 ; --       ; --           ;
; T8       ;            ;          ; GND                                            ; gnd    ;                       ;         ; --         ;                 ; --       ; --           ;
; T9       ;            ; 3        ; VCCIO3                                         ; power  ;                       ; 2.5V    ; --         ;                 ; --       ; --           ;
; T10      ;            ; 3        ; VCCIO3                                         ; power  ;                       ; 2.5V    ; --         ;                 ; --       ; --           ;
; T11      ;            ; 3        ; VCCIO3                                         ; power  ;                       ; 2.5V    ; --         ;                 ; --       ; --           ;
; T12      ;            ; 4        ; VCCIO4                                         ; power  ;                       ; 2.5V    ; --         ;                 ; --       ; --           ;
; T13      ;            ; 4        ; VCCIO4                                         ; power  ;                       ; 2.5V    ; --         ;                 ; --       ; --           ;
; T14      ;            ;          ; GND                                            ; gnd    ;                       ;         ; --         ;                 ; --       ; --           ;
; T15      ;            ; --       ; VCCA4                                          ; power  ;                       ; 2.5V    ; --         ;                 ; --       ; --           ;
; T16      ;            ;          ; GND                                            ; gnd    ;                       ;         ; --         ;                 ; --       ; --           ;
; T17      ;            ; 5        ; VCCIO5                                         ; power  ;                       ; 2.5V    ; --         ;                 ; --       ; --           ;
; T18      ; 298        ; 5        ; z_out[1][0]                                    ; output ; 2.5 V                 ;         ; Row I/O    ; N               ; no       ; Off          ;
; T19      ; 296        ; 5        ; z_out[1][-4]                                   ; output ; 2.5 V                 ;         ; Row I/O    ; N               ; no       ; Off          ;
; T20      ; 297        ; 5        ; z_out[1][-2]                                   ; output ; 2.5 V                 ;         ; Row I/O    ; N               ; no       ; Off          ;
; T21      ; 293        ; 5        ; x_in[7][-11]                                   ; input  ; 2.5 V                 ;         ; Row I/O    ; N               ; no       ; Off          ;
; T22      ; 295        ; 5        ; z_out[1][-1]                                   ; output ; 2.5 V                 ;         ; Row I/O    ; N               ; no       ; Off          ;
; U1       ; 89         ; 2        ; z_out[6][0]                                    ; output ; 2.5 V                 ;         ; Row I/O    ; N               ; no       ; Off          ;
; U2       ; 90         ; 2        ; z_out[2][-6]                                   ; output ; 2.5 V                 ;         ; Row I/O    ; N               ; no       ; Off          ;
; U3       ; 93         ; 2        ; z_out[3][-6]                                   ; output ; 2.5 V                 ;         ; Row I/O    ; N               ; no       ; Off          ;
; U4       ; 92         ; 2        ; RESERVED_INPUT_WITH_WEAK_PULLUP                ;        ;                       ;         ; Row I/O    ;                 ; no       ; On           ;
; U5       ; 94         ; 2        ; RESERVED_INPUT_WITH_WEAK_PULLUP                ;        ;                       ;         ; Row I/O    ;                 ; no       ; On           ;
; U6       ; 128        ; 3        ; z_out[3][-7]                                   ; output ; 2.5 V                 ;         ; Column I/O ; N               ; no       ; Off          ;
; U7       ; 130        ; 3        ; z_out[3][-3]                                   ; output ; 2.5 V                 ;         ; Column I/O ; N               ; no       ; Off          ;
; U8       ;            ; 3        ; VCCIO3                                         ; power  ;                       ; 2.5V    ; --         ;                 ; --       ; --           ;
; U9       ;            ; 3        ; VCCIO3                                         ; power  ;                       ; 2.5V    ; --         ;                 ; --       ; --           ;
; U10      ;            ;          ; GND                                            ; gnd    ;                       ;         ; --         ;                 ; --       ; --           ;
; U11      ;            ; 4        ; VCCIO4                                         ; power  ;                       ; 2.5V    ; --         ;                 ; --       ; --           ;
; U12      ;            ; 4        ; VCCIO4                                         ; power  ;                       ; 2.5V    ; --         ;                 ; --       ; --           ;
; U13      ;            ;          ; GND                                            ; gnd    ;                       ;         ; --         ;                 ; --       ; --           ;
; U14      ;            ; 4        ; VCCIO4                                         ; power  ;                       ; 2.5V    ; --         ;                 ; --       ; --           ;
; U15      ; 208        ; 4        ; z_out[7][0]                                    ; output ; 2.5 V                 ;         ; Column I/O ; N               ; no       ; Off          ;
; U16      ;            ;          ; VCCD_PLL4                                      ; power  ;                       ; 1.2V    ; --         ;                 ; --       ; --           ;
; U17      ; 246        ; 5        ; z_out[7][-6]                                   ; output ; 2.5 V                 ;         ; Row I/O    ; N               ; no       ; Off          ;
; U18      ; 244        ; 5        ; z_out[7][-11]                                  ; output ; 2.5 V                 ;         ; Row I/O    ; N               ; no       ; Off          ;
; U19      ; 282        ; 5        ; z_out[7][-4]                                   ; output ; 2.5 V                 ;         ; Row I/O    ; N               ; no       ; Off          ;
; U20      ; 290        ; 5        ; z_out[1][-8]                                   ; output ; 2.5 V                 ;         ; Row I/O    ; N               ; no       ; Off          ;
; U21      ; 300        ; 5        ; x_in[11][-1]                                   ; input  ; 2.5 V                 ;         ; Row I/O    ; N               ; no       ; Off          ;
; U22      ; 302        ; 5        ; x_in[7][-5]                                    ; input  ; 2.5 V                 ;         ; Row I/O    ; N               ; no       ; Off          ;
; V1       ; 91         ; 2        ; x_in[4][-8]                                    ; input  ; 2.5 V                 ;         ; Row I/O    ; N               ; no       ; Off          ;
; V2       ;            ;          ; GND                                            ; gnd    ;                       ;         ; --         ;                 ; --       ; --           ;
; V3       ; 95         ; 2        ; z_out[3][0]                                    ; output ; 2.5 V                 ;         ; Row I/O    ; N               ; no       ; Off          ;
; V4       ; 125        ; 3        ; z_out[8][-1]                                   ; output ; 2.5 V                 ;         ; Column I/O ; N               ; no       ; Off          ;
; V5       ; 127        ; 3        ; z_out[3][-4]                                   ; output ; 2.5 V                 ;         ; Column I/O ; N               ; no       ; Off          ;
; V6       ;            ;          ; GND                                            ; gnd    ;                       ;         ; --         ;                 ; --       ; --           ;
; V7       ; 136        ; 3        ; z_out[3][-10]                                  ; output ; 2.5 V                 ;         ; Column I/O ; N               ; no       ; Off          ;
; V8       ; 138        ; 3        ; z_out[0][-8]                                   ; output ; 2.5 V                 ;         ; Column I/O ; N               ; no       ; Off          ;
; V9       ; 160        ; 3        ; x_in[10][-2]                                   ; input  ; 2.5 V                 ;         ; Column I/O ; N               ; no       ; Off          ;
; V10      ; 162        ; 3        ; x_in[2][-6]                                    ; input  ; 2.5 V                 ;         ; Column I/O ; N               ; no       ; Off          ;
; V11      ; 172        ; 4        ; x_in[2][-4]                                    ; input  ; 2.5 V                 ;         ; Column I/O ; N               ; no       ; Off          ;
; V12      ; 174        ; 4        ; x_in[10][-6]                                   ; input  ; 2.5 V                 ;         ; Column I/O ; N               ; no       ; Off          ;
; V13      ; 192        ; 4        ; z_out[5][-8]                                   ; output ; 2.5 V                 ;         ; Column I/O ; N               ; no       ; Off          ;
; V14      ; 204        ; 4        ; x_in[14][-10]                                  ; input  ; 2.5 V                 ;         ; Column I/O ; N               ; no       ; Off          ;
; V15      ; 216        ; 4        ; x_in[6][0]                                     ; input  ; 2.5 V                 ;         ; Column I/O ; N               ; no       ; Off          ;
; V16      ; 210        ; 4        ; x_in[6][-2]                                    ; input  ; 2.5 V                 ;         ; Column I/O ; N               ; no       ; Off          ;
; V17      ; 242        ; 4        ; x_in[6][-5]                                    ; input  ; 2.5 V                 ;         ; Column I/O ; N               ; no       ; Off          ;
; V18      ; 280        ; 5        ; z_out[7][-5]                                   ; output ; 2.5 V                 ;         ; Row I/O    ; N               ; no       ; Off          ;
; V19      ;            ;          ; GND                                            ; gnd    ;                       ;         ; --         ;                 ; --       ; --           ;
; V20      ; 288        ; 5        ; z_out[1][-6]                                   ; output ; 2.5 V                 ;         ; Row I/O    ; N               ; no       ; Off          ;
; V21      ; 289        ; 5        ; x_in[15][-2]                                   ; input  ; 2.5 V                 ;         ; Row I/O    ; N               ; no       ; Off          ;
; V22      ; 291        ; 5        ; z_out[1][-10]                                  ; output ; 2.5 V                 ;         ; Row I/O    ; N               ; no       ; Off          ;
; W1       ; 97         ; 2        ; RESERVED_INPUT_WITH_WEAK_PULLUP                ;        ;                       ;         ; Row I/O    ;                 ; no       ; On           ;
; W2       ; 99         ; 2        ; RESERVED_INPUT_WITH_WEAK_PULLUP                ;        ;                       ;         ; Row I/O    ;                 ; no       ; On           ;
; W3       ; 134        ; 3        ; z_out[8][-11]                                  ; output ; 2.5 V                 ;         ; Column I/O ; N               ; no       ; Off          ;
; W4       ; 132        ; 3        ; z_out[0][-5]                                   ; output ; 2.5 V                 ;         ; Column I/O ; N               ; no       ; Off          ;
; W5       ; 124        ; 3        ; x_in[4][-4]                                    ; input  ; 2.5 V                 ;         ; Column I/O ; N               ; no       ; Off          ;
; W6       ; 126        ; 3        ; z_out[2][-9]                                   ; output ; 2.5 V                 ;         ; Column I/O ; N               ; no       ; Off          ;
; W7       ; 148        ; 3        ; z_out[3][-1]                                   ; output ; 2.5 V                 ;         ; Column I/O ; N               ; no       ; Off          ;
; W8       ; 150        ; 3        ; z_out[8][-6]                                   ; output ; 2.5 V                 ;         ; Column I/O ; N               ; no       ; Off          ;
; W9       ; 144        ; 3        ; z_out[0][-9]                                   ; output ; 2.5 V                 ;         ; Column I/O ; N               ; no       ; Off          ;
; W10      ; 146        ; 3        ; z_out[8][-7]                                   ; output ; 2.5 V                 ;         ; Column I/O ; N               ; no       ; Off          ;
; W11      ; 173        ; 4        ; x_in[2][-11]                                   ; input  ; 2.5 V                 ;         ; Column I/O ; N               ; no       ; Off          ;
; W12      ; 193        ; 4        ; z_out[5][-2]                                   ; output ; 2.5 V                 ;         ; Column I/O ; N               ; no       ; Off          ;
; W13      ; 195        ; 4        ; x_in[14][-3]                                   ; input  ; 2.5 V                 ;         ; Column I/O ; N               ; no       ; Off          ;
; W14      ; 194        ; 4        ; x_in[14][-8]                                   ; input  ; 2.5 V                 ;         ; Column I/O ; N               ; no       ; Off          ;
; W15      ; 206        ; 4        ; x_in[14][-7]                                   ; input  ; 2.5 V                 ;         ; Column I/O ; N               ; no       ; Off          ;
; W16      ; 218        ; 4        ; z_out[7][-7]                                   ; output ; 2.5 V                 ;         ; Column I/O ; N               ; no       ; Off          ;
; W17      ; 240        ; 4        ; x_in[6][-10]                                   ; input  ; 2.5 V                 ;         ; Column I/O ; N               ; no       ; Off          ;
; W18      ; 226        ; 4        ; x_in[6][-6]                                    ; input  ; 2.5 V                 ;         ; Column I/O ; N               ; no       ; Off          ;
; W19      ; 284        ; 5        ; z_out[1][-3]                                   ; output ; 2.5 V                 ;         ; Row I/O    ; N               ; no       ; Off          ;
; W20      ; 286        ; 5        ; x_in[7][-3]                                    ; input  ; 2.5 V                 ;         ; Row I/O    ; N               ; no       ; Off          ;
; W21      ;            ;          ; GND                                            ; gnd    ;                       ;         ; --         ;                 ; --       ; --           ;
; W22      ; 283        ; 5        ; x_in[15][-9]                                   ; input  ; 2.5 V                 ;         ; Row I/O    ; N               ; no       ; Off          ;
; Y1       ; 129        ; 3        ; x_in[10][-8]                                   ; input  ; 2.5 V                 ;         ; Column I/O ; N               ; no       ; Off          ;
; Y2       ; 131        ; 3        ; x_in[2][-8]                                    ; input  ; 2.5 V                 ;         ; Column I/O ; N               ; no       ; Off          ;
; Y3       ; 149        ; 3        ; z_out[0][-3]                                   ; output ; 2.5 V                 ;         ; Column I/O ; N               ; no       ; Off          ;
; Y4       ; 151        ; 3        ; z_out[8][-4]                                   ; output ; 2.5 V                 ;         ; Column I/O ; N               ; no       ; Off          ;
; Y5       ; 137        ; 3        ; x_in[0][-3]                                    ; input  ; 2.5 V                 ;         ; Column I/O ; N               ; no       ; Off          ;
; Y6       ; 139        ; 3        ; x_in[2][-10]                                   ; input  ; 2.5 V                 ;         ; Column I/O ; N               ; no       ; Off          ;
; Y7       ; 141        ; 3        ; z_out[8][-2]                                   ; output ; 2.5 V                 ;         ; Column I/O ; N               ; no       ; Off          ;
; Y8       ; 143        ; 3        ; z_out[0][-6]                                   ; output ; 2.5 V                 ;         ; Column I/O ; N               ; no       ; Off          ;
; Y9       ;            ;          ; GND                                            ; gnd    ;                       ;         ; --         ;                 ; --       ; --           ;
; Y10      ; 168        ; 3        ; x_in[10][-3]                                   ; input  ; 2.5 V                 ;         ; Column I/O ; N               ; no       ; Off          ;
; Y11      ; 175        ; 4        ; x_in[10][-7]                                   ; input  ; 2.5 V                 ;         ; Column I/O ; N               ; no       ; Off          ;
; Y12      ;            ;          ; GND                                            ; gnd    ;                       ;         ; --         ;                 ; --       ; --           ;
; Y13      ; 200        ; 4        ; x_in[6][-4]                                    ; input  ; 2.5 V                 ;         ; Column I/O ; N               ; no       ; Off          ;
; Y14      ; 202        ; 4        ; x_in[6][-9]                                    ; input  ; 2.5 V                 ;         ; Column I/O ; N               ; no       ; Off          ;
; Y15      ;            ;          ; GND                                            ; gnd    ;                       ;         ; --         ;                 ; --       ; --           ;
; Y16      ; 207        ; 4        ; z_out[5][-5]                                   ; output ; 2.5 V                 ;         ; Column I/O ; N               ; no       ; Off          ;
; Y17      ; 214        ; 4        ; z_out[5][-9]                                   ; output ; 2.5 V                 ;         ; Column I/O ; N               ; no       ; Off          ;
; Y18      ; 219        ; 4        ; x_in[6][-3]                                    ; input  ; 2.5 V                 ;         ; Column I/O ; N               ; no       ; Off          ;
; Y19      ; 224        ; 4        ; z_out[7][-2]                                   ; output ; 2.5 V                 ;         ; Column I/O ; N               ; no       ; Off          ;
; Y20      ; 285        ; 5        ; z_out[5][-6]                                   ; output ; 2.5 V                 ;         ; Row I/O    ; N               ; no       ; Off          ;
; Y21      ; 287        ; 5        ; z_out[1][-5]                                   ; output ; 2.5 V                 ;         ; Row I/O    ; N               ; no       ; Off          ;
; Y22      ; 281        ; 5        ; x_in[15][-10]                                  ; input  ; 2.5 V                 ;         ; Row I/O    ; N               ; no       ; Off          ;
+----------+------------+----------+------------------------------------------------+--------+-----------------------+---------+------------+-----------------+----------+--------------+
Note: Pin directions (input, output or bidir) are based on device operating in user mode.


+-----------------------------------------------+
; I/O Assignment Warnings                       ;
+---------------+-------------------------------+
; Pin Name      ; Reason                        ;
+---------------+-------------------------------+
; rst           ; Incomplete set of assignments ;
; z_out[8][-11] ; Incomplete set of assignments ;
; z_out[8][-10] ; Incomplete set of assignments ;
; z_out[8][-9]  ; Incomplete set of assignments ;
; z_out[8][-8]  ; Incomplete set of assignments ;
; z_out[8][-7]  ; Incomplete set of assignments ;
; z_out[8][-6]  ; Incomplete set of assignments ;
; z_out[8][-5]  ; Incomplete set of assignments ;
; z_out[8][-4]  ; Incomplete set of assignments ;
; z_out[8][-3]  ; Incomplete set of assignments ;
; z_out[8][-2]  ; Incomplete set of assignments ;
; z_out[8][-1]  ; Incomplete set of assignments ;
; z_out[8][0]   ; Incomplete set of assignments ;
; z_out[7][-11] ; Incomplete set of assignments ;
; z_out[7][-10] ; Incomplete set of assignments ;
; z_out[7][-9]  ; Incomplete set of assignments ;
; z_out[7][-8]  ; Incomplete set of assignments ;
; z_out[7][-7]  ; Incomplete set of assignments ;
; z_out[7][-6]  ; Incomplete set of assignments ;
; z_out[7][-5]  ; Incomplete set of assignments ;
; z_out[7][-4]  ; Incomplete set of assignments ;
; z_out[7][-3]  ; Incomplete set of assignments ;
; z_out[7][-2]  ; Incomplete set of assignments ;
; z_out[7][-1]  ; Incomplete set of assignments ;
; z_out[7][0]   ; Incomplete set of assignments ;
; z_out[6][-11] ; Incomplete set of assignments ;
; z_out[6][-10] ; Incomplete set of assignments ;
; z_out[6][-9]  ; Incomplete set of assignments ;
; z_out[6][-8]  ; Incomplete set of assignments ;
; z_out[6][-7]  ; Incomplete set of assignments ;
; z_out[6][-6]  ; Incomplete set of assignments ;
; z_out[6][-5]  ; Incomplete set of assignments ;
; z_out[6][-4]  ; Incomplete set of assignments ;
; z_out[6][-3]  ; Incomplete set of assignments ;
; z_out[6][-2]  ; Incomplete set of assignments ;
; z_out[6][-1]  ; Incomplete set of assignments ;
; z_out[6][0]   ; Incomplete set of assignments ;
; z_out[5][-11] ; Incomplete set of assignments ;
; z_out[5][-10] ; Incomplete set of assignments ;
; z_out[5][-9]  ; Incomplete set of assignments ;
; z_out[5][-8]  ; Incomplete set of assignments ;
; z_out[5][-7]  ; Incomplete set of assignments ;
; z_out[5][-6]  ; Incomplete set of assignments ;
; z_out[5][-5]  ; Incomplete set of assignments ;
; z_out[5][-4]  ; Incomplete set of assignments ;
; z_out[5][-3]  ; Incomplete set of assignments ;
; z_out[5][-2]  ; Incomplete set of assignments ;
; z_out[5][-1]  ; Incomplete set of assignments ;
; z_out[5][0]   ; Incomplete set of assignments ;
; z_out[4][-11] ; Incomplete set of assignments ;
; z_out[4][-10] ; Incomplete set of assignments ;
; z_out[4][-9]  ; Incomplete set of assignments ;
; z_out[4][-8]  ; Incomplete set of assignments ;
; z_out[4][-7]  ; Incomplete set of assignments ;
; z_out[4][-6]  ; Incomplete set of assignments ;
; z_out[4][-5]  ; Incomplete set of assignments ;
; z_out[4][-4]  ; Incomplete set of assignments ;
; z_out[4][-3]  ; Incomplete set of assignments ;
; z_out[4][-2]  ; Incomplete set of assignments ;
; z_out[4][-1]  ; Incomplete set of assignments ;
; z_out[4][0]   ; Incomplete set of assignments ;
; z_out[3][-11] ; Incomplete set of assignments ;
; z_out[3][-10] ; Incomplete set of assignments ;
; z_out[3][-9]  ; Incomplete set of assignments ;
; z_out[3][-8]  ; Incomplete set of assignments ;
; z_out[3][-7]  ; Incomplete set of assignments ;
; z_out[3][-6]  ; Incomplete set of assignments ;
; z_out[3][-5]  ; Incomplete set of assignments ;
; z_out[3][-4]  ; Incomplete set of assignments ;
; z_out[3][-3]  ; Incomplete set of assignments ;
; z_out[3][-2]  ; Incomplete set of assignments ;
; z_out[3][-1]  ; Incomplete set of assignments ;
; z_out[3][0]   ; Incomplete set of assignments ;
; z_out[2][-11] ; Incomplete set of assignments ;
; z_out[2][-10] ; Incomplete set of assignments ;
; z_out[2][-9]  ; Incomplete set of assignments ;
; z_out[2][-8]  ; Incomplete set of assignments ;
; z_out[2][-7]  ; Incomplete set of assignments ;
; z_out[2][-6]  ; Incomplete set of assignments ;
; z_out[2][-5]  ; Incomplete set of assignments ;
; z_out[2][-4]  ; Incomplete set of assignments ;
; z_out[2][-3]  ; Incomplete set of assignments ;
; z_out[2][-2]  ; Incomplete set of assignments ;
; z_out[2][-1]  ; Incomplete set of assignments ;
; z_out[2][0]   ; Incomplete set of assignments ;
; z_out[1][-11] ; Incomplete set of assignments ;
; z_out[1][-10] ; Incomplete set of assignments ;
; z_out[1][-9]  ; Incomplete set of assignments ;
; z_out[1][-8]  ; Incomplete set of assignments ;
; z_out[1][-7]  ; Incomplete set of assignments ;
; z_out[1][-6]  ; Incomplete set of assignments ;
; z_out[1][-5]  ; Incomplete set of assignments ;
; z_out[1][-4]  ; Incomplete set of assignments ;
; z_out[1][-3]  ; Incomplete set of assignments ;
; z_out[1][-2]  ; Incomplete set of assignments ;
; z_out[1][-1]  ; Incomplete set of assignments ;
; z_out[1][0]   ; Incomplete set of assignments ;
; z_out[0][-11] ; Incomplete set of assignments ;
; z_out[0][-10] ; Incomplete set of assignments ;
; z_out[0][-9]  ; Incomplete set of assignments ;
; z_out[0][-8]  ; Incomplete set of assignments ;
; z_out[0][-7]  ; Incomplete set of assignments ;
; z_out[0][-6]  ; Incomplete set of assignments ;
; z_out[0][-5]  ; Incomplete set of assignments ;
; z_out[0][-4]  ; Incomplete set of assignments ;
; z_out[0][-3]  ; Incomplete set of assignments ;
; z_out[0][-2]  ; Incomplete set of assignments ;
; z_out[0][-1]  ; Incomplete set of assignments ;
; z_out[0][0]   ; Incomplete set of assignments ;
; clk           ; Incomplete set of assignments ;
; x_in[0][-7]   ; Incomplete set of assignments ;
; x_in[8][-7]   ; Incomplete set of assignments ;
; x_in[0][-8]   ; Incomplete set of assignments ;
; x_in[8][-8]   ; Incomplete set of assignments ;
; x_in[0][-9]   ; Incomplete set of assignments ;
; x_in[8][-9]   ; Incomplete set of assignments ;
; x_in[0][-10]  ; Incomplete set of assignments ;
; x_in[8][-10]  ; Incomplete set of assignments ;
; x_in[0][-11]  ; Incomplete set of assignments ;
; x_in[8][-11]  ; Incomplete set of assignments ;
; x_in[4][-7]   ; Incomplete set of assignments ;
; x_in[12][-7]  ; Incomplete set of assignments ;
; x_in[4][-8]   ; Incomplete set of assignments ;
; x_in[12][-8]  ; Incomplete set of assignments ;
; x_in[4][-9]   ; Incomplete set of assignments ;
; x_in[12][-9]  ; Incomplete set of assignments ;
; x_in[4][-10]  ; Incomplete set of assignments ;
; x_in[12][-10] ; Incomplete set of assignments ;
; x_in[4][-11]  ; Incomplete set of assignments ;
; x_in[12][-11] ; Incomplete set of assignments ;
; x_in[2][-7]   ; Incomplete set of assignments ;
; x_in[10][-7]  ; Incomplete set of assignments ;
; x_in[2][-8]   ; Incomplete set of assignments ;
; x_in[10][-8]  ; Incomplete set of assignments ;
; x_in[2][-9]   ; Incomplete set of assignments ;
; x_in[10][-9]  ; Incomplete set of assignments ;
; x_in[2][-10]  ; Incomplete set of assignments ;
; x_in[10][-10] ; Incomplete set of assignments ;
; x_in[2][-11]  ; Incomplete set of assignments ;
; x_in[10][-11] ; Incomplete set of assignments ;
; x_in[6][-7]   ; Incomplete set of assignments ;
; x_in[14][-7]  ; Incomplete set of assignments ;
; x_in[6][-8]   ; Incomplete set of assignments ;
; x_in[14][-8]  ; Incomplete set of assignments ;
; x_in[6][-9]   ; Incomplete set of assignments ;
; x_in[14][-9]  ; Incomplete set of assignments ;
; x_in[6][-10]  ; Incomplete set of assignments ;
; x_in[14][-10] ; Incomplete set of assignments ;
; x_in[6][-11]  ; Incomplete set of assignments ;
; x_in[14][-11] ; Incomplete set of assignments ;
; x_in[1][-7]   ; Incomplete set of assignments ;
; x_in[9][-7]   ; Incomplete set of assignments ;
; x_in[1][-8]   ; Incomplete set of assignments ;
; x_in[9][-8]   ; Incomplete set of assignments ;
; x_in[1][-9]   ; Incomplete set of assignments ;
; x_in[9][-9]   ; Incomplete set of assignments ;
; x_in[1][-10]  ; Incomplete set of assignments ;
; x_in[9][-10]  ; Incomplete set of assignments ;
; x_in[1][-11]  ; Incomplete set of assignments ;
; x_in[9][-11]  ; Incomplete set of assignments ;
; x_in[5][-7]   ; Incomplete set of assignments ;
; x_in[13][-7]  ; Incomplete set of assignments ;
; x_in[5][-8]   ; Incomplete set of assignments ;
; x_in[13][-8]  ; Incomplete set of assignments ;
; x_in[5][-9]   ; Incomplete set of assignments ;
; x_in[13][-9]  ; Incomplete set of assignments ;
; x_in[5][-10]  ; Incomplete set of assignments ;
; x_in[13][-10] ; Incomplete set of assignments ;
; x_in[5][-11]  ; Incomplete set of assignments ;
; x_in[13][-11] ; Incomplete set of assignments ;
; x_in[3][-7]   ; Incomplete set of assignments ;
; x_in[11][-7]  ; Incomplete set of assignments ;
; x_in[3][-8]   ; Incomplete set of assignments ;
; x_in[11][-8]  ; Incomplete set of assignments ;
; x_in[3][-9]   ; Incomplete set of assignments ;
; x_in[11][-9]  ; Incomplete set of assignments ;
; x_in[3][-10]  ; Incomplete set of assignments ;
; x_in[11][-10] ; Incomplete set of assignments ;
; x_in[3][-11]  ; Incomplete set of assignments ;
; x_in[11][-11] ; Incomplete set of assignments ;
; x_in[7][-7]   ; Incomplete set of assignments ;
; x_in[15][-7]  ; Incomplete set of assignments ;
; x_in[7][-8]   ; Incomplete set of assignments ;
; x_in[15][-8]  ; Incomplete set of assignments ;
; x_in[7][-9]   ; Incomplete set of assignments ;
; x_in[15][-9]  ; Incomplete set of assignments ;
; x_in[7][-10]  ; Incomplete set of assignments ;
; x_in[15][-10] ; Incomplete set of assignments ;
; x_in[7][-11]  ; Incomplete set of assignments ;
; x_in[15][-11] ; Incomplete set of assignments ;
; x_in[0][-6]   ; Incomplete set of assignments ;
; x_in[8][-6]   ; Incomplete set of assignments ;
; x_in[4][-6]   ; Incomplete set of assignments ;
; x_in[12][-6]  ; Incomplete set of assignments ;
; x_in[2][-6]   ; Incomplete set of assignments ;
; x_in[10][-6]  ; Incomplete set of assignments ;
; x_in[6][-6]   ; Incomplete set of assignments ;
; x_in[14][-6]  ; Incomplete set of assignments ;
; x_in[1][-6]   ; Incomplete set of assignments ;
; x_in[9][-6]   ; Incomplete set of assignments ;
; x_in[5][-6]   ; Incomplete set of assignments ;
; x_in[13][-6]  ; Incomplete set of assignments ;
; x_in[3][-6]   ; Incomplete set of assignments ;
; x_in[11][-6]  ; Incomplete set of assignments ;
; x_in[7][-6]   ; Incomplete set of assignments ;
; x_in[15][-6]  ; Incomplete set of assignments ;
; x_in[0][-5]   ; Incomplete set of assignments ;
; x_in[8][-5]   ; Incomplete set of assignments ;
; x_in[4][-5]   ; Incomplete set of assignments ;
; x_in[12][-5]  ; Incomplete set of assignments ;
; x_in[2][-5]   ; Incomplete set of assignments ;
; x_in[10][-5]  ; Incomplete set of assignments ;
; x_in[6][-5]   ; Incomplete set of assignments ;
; x_in[14][-5]  ; Incomplete set of assignments ;
; x_in[1][-5]   ; Incomplete set of assignments ;
; x_in[9][-5]   ; Incomplete set of assignments ;
; x_in[5][-5]   ; Incomplete set of assignments ;
; x_in[13][-5]  ; Incomplete set of assignments ;
; x_in[3][-5]   ; Incomplete set of assignments ;
; x_in[11][-5]  ; Incomplete set of assignments ;
; x_in[7][-5]   ; Incomplete set of assignments ;
; x_in[15][-5]  ; Incomplete set of assignments ;
; x_in[0][-4]   ; Incomplete set of assignments ;
; x_in[8][-4]   ; Incomplete set of assignments ;
; x_in[4][-4]   ; Incomplete set of assignments ;
; x_in[12][-4]  ; Incomplete set of assignments ;
; x_in[2][-4]   ; Incomplete set of assignments ;
; x_in[10][-4]  ; Incomplete set of assignments ;
; x_in[6][-4]   ; Incomplete set of assignments ;
; x_in[14][-4]  ; Incomplete set of assignments ;
; x_in[1][-4]   ; Incomplete set of assignments ;
; x_in[9][-4]   ; Incomplete set of assignments ;
; x_in[5][-4]   ; Incomplete set of assignments ;
; x_in[13][-4]  ; Incomplete set of assignments ;
; x_in[3][-4]   ; Incomplete set of assignments ;
; x_in[11][-4]  ; Incomplete set of assignments ;
; x_in[7][-4]   ; Incomplete set of assignments ;
; x_in[15][-4]  ; Incomplete set of assignments ;
; x_in[0][-3]   ; Incomplete set of assignments ;
; x_in[8][-3]   ; Incomplete set of assignments ;
; x_in[4][-3]   ; Incomplete set of assignments ;
; x_in[12][-3]  ; Incomplete set of assignments ;
; x_in[2][-3]   ; Incomplete set of assignments ;
; x_in[10][-3]  ; Incomplete set of assignments ;
; x_in[6][-3]   ; Incomplete set of assignments ;
; x_in[14][-3]  ; Incomplete set of assignments ;
; x_in[1][-3]   ; Incomplete set of assignments ;
; x_in[9][-3]   ; Incomplete set of assignments ;
; x_in[5][-3]   ; Incomplete set of assignments ;
; x_in[13][-3]  ; Incomplete set of assignments ;
; x_in[3][-3]   ; Incomplete set of assignments ;
; x_in[11][-3]  ; Incomplete set of assignments ;
; x_in[7][-3]   ; Incomplete set of assignments ;
; x_in[15][-3]  ; Incomplete set of assignments ;
; x_in[0][-2]   ; Incomplete set of assignments ;
; x_in[8][-2]   ; Incomplete set of assignments ;
; x_in[4][-2]   ; Incomplete set of assignments ;
; x_in[12][-2]  ; Incomplete set of assignments ;
; x_in[2][-2]   ; Incomplete set of assignments ;
; x_in[10][-2]  ; Incomplete set of assignments ;
; x_in[6][-2]   ; Incomplete set of assignments ;
; x_in[14][-2]  ; Incomplete set of assignments ;
; x_in[1][-2]   ; Incomplete set of assignments ;
; x_in[9][-2]   ; Incomplete set of assignments ;
; x_in[5][-2]   ; Incomplete set of assignments ;
; x_in[13][-2]  ; Incomplete set of assignments ;
; x_in[3][-2]   ; Incomplete set of assignments ;
; x_in[11][-2]  ; Incomplete set of assignments ;
; x_in[7][-2]   ; Incomplete set of assignments ;
; x_in[15][-2]  ; Incomplete set of assignments ;
; x_in[0][-1]   ; Incomplete set of assignments ;
; x_in[8][-1]   ; Incomplete set of assignments ;
; x_in[4][-1]   ; Incomplete set of assignments ;
; x_in[12][-1]  ; Incomplete set of assignments ;
; x_in[2][-1]   ; Incomplete set of assignments ;
; x_in[10][-1]  ; Incomplete set of assignments ;
; x_in[6][-1]   ; Incomplete set of assignments ;
; x_in[14][-1]  ; Incomplete set of assignments ;
; x_in[1][-1]   ; Incomplete set of assignments ;
; x_in[9][-1]   ; Incomplete set of assignments ;
; x_in[5][-1]   ; Incomplete set of assignments ;
; x_in[13][-1]  ; Incomplete set of assignments ;
; x_in[3][-1]   ; Incomplete set of assignments ;
; x_in[11][-1]  ; Incomplete set of assignments ;
; x_in[7][-1]   ; Incomplete set of assignments ;
; x_in[15][-1]  ; Incomplete set of assignments ;
; x_in[0][0]    ; Incomplete set of assignments ;
; x_in[8][0]    ; Incomplete set of assignments ;
; x_in[4][0]    ; Incomplete set of assignments ;
; x_in[12][0]   ; Incomplete set of assignments ;
; x_in[2][0]    ; Incomplete set of assignments ;
; x_in[10][0]   ; Incomplete set of assignments ;
; x_in[6][0]    ; Incomplete set of assignments ;
; x_in[14][0]   ; Incomplete set of assignments ;
; x_in[1][0]    ; Incomplete set of assignments ;
; x_in[9][0]    ; Incomplete set of assignments ;
; x_in[5][0]    ; Incomplete set of assignments ;
; x_in[13][0]   ; Incomplete set of assignments ;
; x_in[3][0]    ; Incomplete set of assignments ;
; x_in[11][0]   ; Incomplete set of assignments ;
; x_in[7][0]    ; Incomplete set of assignments ;
; x_in[15][0]   ; Incomplete set of assignments ;
; rst           ; Missing location assignment   ;
; z_out[8][-11] ; Missing location assignment   ;
; z_out[8][-10] ; Missing location assignment   ;
; z_out[8][-9]  ; Missing location assignment   ;
; z_out[8][-8]  ; Missing location assignment   ;
; z_out[8][-7]  ; Missing location assignment   ;
; z_out[8][-6]  ; Missing location assignment   ;
; z_out[8][-5]  ; Missing location assignment   ;
; z_out[8][-4]  ; Missing location assignment   ;
; z_out[8][-3]  ; Missing location assignment   ;
; z_out[8][-2]  ; Missing location assignment   ;
; z_out[8][-1]  ; Missing location assignment   ;
; z_out[8][0]   ; Missing location assignment   ;
; z_out[7][-11] ; Missing location assignment   ;
; z_out[7][-10] ; Missing location assignment   ;
; z_out[7][-9]  ; Missing location assignment   ;
; z_out[7][-8]  ; Missing location assignment   ;
; z_out[7][-7]  ; Missing location assignment   ;
; z_out[7][-6]  ; Missing location assignment   ;
; z_out[7][-5]  ; Missing location assignment   ;
; z_out[7][-4]  ; Missing location assignment   ;
; z_out[7][-3]  ; Missing location assignment   ;
; z_out[7][-2]  ; Missing location assignment   ;
; z_out[7][-1]  ; Missing location assignment   ;
; z_out[7][0]   ; Missing location assignment   ;
; z_out[6][-11] ; Missing location assignment   ;
; z_out[6][-10] ; Missing location assignment   ;
; z_out[6][-9]  ; Missing location assignment   ;
; z_out[6][-8]  ; Missing location assignment   ;
; z_out[6][-7]  ; Missing location assignment   ;
; z_out[6][-6]  ; Missing location assignment   ;
; z_out[6][-5]  ; Missing location assignment   ;
; z_out[6][-4]  ; Missing location assignment   ;
; z_out[6][-3]  ; Missing location assignment   ;
; z_out[6][-2]  ; Missing location assignment   ;
; z_out[6][-1]  ; Missing location assignment   ;
; z_out[6][0]   ; Missing location assignment   ;
; z_out[5][-11] ; Missing location assignment   ;
; z_out[5][-10] ; Missing location assignment   ;
; z_out[5][-9]  ; Missing location assignment   ;
; z_out[5][-8]  ; Missing location assignment   ;
; z_out[5][-7]  ; Missing location assignment   ;
; z_out[5][-6]  ; Missing location assignment   ;
; z_out[5][-5]  ; Missing location assignment   ;
; z_out[5][-4]  ; Missing location assignment   ;
; z_out[5][-3]  ; Missing location assignment   ;
; z_out[5][-2]  ; Missing location assignment   ;
; z_out[5][-1]  ; Missing location assignment   ;
; z_out[5][0]   ; Missing location assignment   ;
; z_out[4][-11] ; Missing location assignment   ;
; z_out[4][-10] ; Missing location assignment   ;
; z_out[4][-9]  ; Missing location assignment   ;
; z_out[4][-8]  ; Missing location assignment   ;
; z_out[4][-7]  ; Missing location assignment   ;
; z_out[4][-6]  ; Missing location assignment   ;
; z_out[4][-5]  ; Missing location assignment   ;
; z_out[4][-4]  ; Missing location assignment   ;
; z_out[4][-3]  ; Missing location assignment   ;
; z_out[4][-2]  ; Missing location assignment   ;
; z_out[4][-1]  ; Missing location assignment   ;
; z_out[4][0]   ; Missing location assignment   ;
; z_out[3][-11] ; Missing location assignment   ;
; z_out[3][-10] ; Missing location assignment   ;
; z_out[3][-9]  ; Missing location assignment   ;
; z_out[3][-8]  ; Missing location assignment   ;
; z_out[3][-7]  ; Missing location assignment   ;
; z_out[3][-6]  ; Missing location assignment   ;
; z_out[3][-5]  ; Missing location assignment   ;
; z_out[3][-4]  ; Missing location assignment   ;
; z_out[3][-3]  ; Missing location assignment   ;
; z_out[3][-2]  ; Missing location assignment   ;
; z_out[3][-1]  ; Missing location assignment   ;
; z_out[3][0]   ; Missing location assignment   ;
; z_out[2][-11] ; Missing location assignment   ;
; z_out[2][-10] ; Missing location assignment   ;
; z_out[2][-9]  ; Missing location assignment   ;
; z_out[2][-8]  ; Missing location assignment   ;
; z_out[2][-7]  ; Missing location assignment   ;
; z_out[2][-6]  ; Missing location assignment   ;
; z_out[2][-5]  ; Missing location assignment   ;
; z_out[2][-4]  ; Missing location assignment   ;
; z_out[2][-3]  ; Missing location assignment   ;
; z_out[2][-2]  ; Missing location assignment   ;
; z_out[2][-1]  ; Missing location assignment   ;
; z_out[2][0]   ; Missing location assignment   ;
; z_out[1][-11] ; Missing location assignment   ;
; z_out[1][-10] ; Missing location assignment   ;
; z_out[1][-9]  ; Missing location assignment   ;
; z_out[1][-8]  ; Missing location assignment   ;
; z_out[1][-7]  ; Missing location assignment   ;
; z_out[1][-6]  ; Missing location assignment   ;
; z_out[1][-5]  ; Missing location assignment   ;
; z_out[1][-4]  ; Missing location assignment   ;
; z_out[1][-3]  ; Missing location assignment   ;
; z_out[1][-2]  ; Missing location assignment   ;
; z_out[1][-1]  ; Missing location assignment   ;
; z_out[1][0]   ; Missing location assignment   ;
; z_out[0][-11] ; Missing location assignment   ;
; z_out[0][-10] ; Missing location assignment   ;
; z_out[0][-9]  ; Missing location assignment   ;
; z_out[0][-8]  ; Missing location assignment   ;
; z_out[0][-7]  ; Missing location assignment   ;
; z_out[0][-6]  ; Missing location assignment   ;
; z_out[0][-5]  ; Missing location assignment   ;
; z_out[0][-4]  ; Missing location assignment   ;
; z_out[0][-3]  ; Missing location assignment   ;
; z_out[0][-2]  ; Missing location assignment   ;
; z_out[0][-1]  ; Missing location assignment   ;
; z_out[0][0]   ; Missing location assignment   ;
; clk           ; Missing location assignment   ;
; x_in[0][-7]   ; Missing location assignment   ;
; x_in[8][-7]   ; Missing location assignment   ;
; x_in[0][-8]   ; Missing location assignment   ;
; x_in[8][-8]   ; Missing location assignment   ;
; x_in[0][-9]   ; Missing location assignment   ;
; x_in[8][-9]   ; Missing location assignment   ;
; x_in[0][-10]  ; Missing location assignment   ;
; x_in[8][-10]  ; Missing location assignment   ;
; x_in[0][-11]  ; Missing location assignment   ;
; x_in[8][-11]  ; Missing location assignment   ;
; x_in[4][-7]   ; Missing location assignment   ;
; x_in[12][-7]  ; Missing location assignment   ;
; x_in[4][-8]   ; Missing location assignment   ;
; x_in[12][-8]  ; Missing location assignment   ;
; x_in[4][-9]   ; Missing location assignment   ;
; x_in[12][-9]  ; Missing location assignment   ;
; x_in[4][-10]  ; Missing location assignment   ;
; x_in[12][-10] ; Missing location assignment   ;
; x_in[4][-11]  ; Missing location assignment   ;
; x_in[12][-11] ; Missing location assignment   ;
; x_in[2][-7]   ; Missing location assignment   ;
; x_in[10][-7]  ; Missing location assignment   ;
; x_in[2][-8]   ; Missing location assignment   ;
; x_in[10][-8]  ; Missing location assignment   ;
; x_in[2][-9]   ; Missing location assignment   ;
; x_in[10][-9]  ; Missing location assignment   ;
; x_in[2][-10]  ; Missing location assignment   ;
; x_in[10][-10] ; Missing location assignment   ;
; x_in[2][-11]  ; Missing location assignment   ;
; x_in[10][-11] ; Missing location assignment   ;
; x_in[6][-7]   ; Missing location assignment   ;
; x_in[14][-7]  ; Missing location assignment   ;
; x_in[6][-8]   ; Missing location assignment   ;
; x_in[14][-8]  ; Missing location assignment   ;
; x_in[6][-9]   ; Missing location assignment   ;
; x_in[14][-9]  ; Missing location assignment   ;
; x_in[6][-10]  ; Missing location assignment   ;
; x_in[14][-10] ; Missing location assignment   ;
; x_in[6][-11]  ; Missing location assignment   ;
; x_in[14][-11] ; Missing location assignment   ;
; x_in[1][-7]   ; Missing location assignment   ;
; x_in[9][-7]   ; Missing location assignment   ;
; x_in[1][-8]   ; Missing location assignment   ;
; x_in[9][-8]   ; Missing location assignment   ;
; x_in[1][-9]   ; Missing location assignment   ;
; x_in[9][-9]   ; Missing location assignment   ;
; x_in[1][-10]  ; Missing location assignment   ;
; x_in[9][-10]  ; Missing location assignment   ;
; x_in[1][-11]  ; Missing location assignment   ;
; x_in[9][-11]  ; Missing location assignment   ;
; x_in[5][-7]   ; Missing location assignment   ;
; x_in[13][-7]  ; Missing location assignment   ;
; x_in[5][-8]   ; Missing location assignment   ;
; x_in[13][-8]  ; Missing location assignment   ;
; x_in[5][-9]   ; Missing location assignment   ;
; x_in[13][-9]  ; Missing location assignment   ;
; x_in[5][-10]  ; Missing location assignment   ;
; x_in[13][-10] ; Missing location assignment   ;
; x_in[5][-11]  ; Missing location assignment   ;
; x_in[13][-11] ; Missing location assignment   ;
; x_in[3][-7]   ; Missing location assignment   ;
; x_in[11][-7]  ; Missing location assignment   ;
; x_in[3][-8]   ; Missing location assignment   ;
; x_in[11][-8]  ; Missing location assignment   ;
; x_in[3][-9]   ; Missing location assignment   ;
; x_in[11][-9]  ; Missing location assignment   ;
; x_in[3][-10]  ; Missing location assignment   ;
; x_in[11][-10] ; Missing location assignment   ;
; x_in[3][-11]  ; Missing location assignment   ;
; x_in[11][-11] ; Missing location assignment   ;
; x_in[7][-7]   ; Missing location assignment   ;
; x_in[15][-7]  ; Missing location assignment   ;
; x_in[7][-8]   ; Missing location assignment   ;
; x_in[15][-8]  ; Missing location assignment   ;
; x_in[7][-9]   ; Missing location assignment   ;
; x_in[15][-9]  ; Missing location assignment   ;
; x_in[7][-10]  ; Missing location assignment   ;
; x_in[15][-10] ; Missing location assignment   ;
; x_in[7][-11]  ; Missing location assignment   ;
; x_in[15][-11] ; Missing location assignment   ;
; x_in[0][-6]   ; Missing location assignment   ;
; x_in[8][-6]   ; Missing location assignment   ;
; x_in[4][-6]   ; Missing location assignment   ;
; x_in[12][-6]  ; Missing location assignment   ;
; x_in[2][-6]   ; Missing location assignment   ;
; x_in[10][-6]  ; Missing location assignment   ;
; x_in[6][-6]   ; Missing location assignment   ;
; x_in[14][-6]  ; Missing location assignment   ;
; x_in[1][-6]   ; Missing location assignment   ;
; x_in[9][-6]   ; Missing location assignment   ;
; x_in[5][-6]   ; Missing location assignment   ;
; x_in[13][-6]  ; Missing location assignment   ;
; x_in[3][-6]   ; Missing location assignment   ;
; x_in[11][-6]  ; Missing location assignment   ;
; x_in[7][-6]   ; Missing location assignment   ;
; x_in[15][-6]  ; Missing location assignment   ;
; x_in[0][-5]   ; Missing location assignment   ;
; x_in[8][-5]   ; Missing location assignment   ;
; x_in[4][-5]   ; Missing location assignment   ;
; x_in[12][-5]  ; Missing location assignment   ;
; x_in[2][-5]   ; Missing location assignment   ;
; x_in[10][-5]  ; Missing location assignment   ;
; x_in[6][-5]   ; Missing location assignment   ;
; x_in[14][-5]  ; Missing location assignment   ;
; x_in[1][-5]   ; Missing location assignment   ;
; x_in[9][-5]   ; Missing location assignment   ;
; x_in[5][-5]   ; Missing location assignment   ;
; x_in[13][-5]  ; Missing location assignment   ;
; x_in[3][-5]   ; Missing location assignment   ;
; x_in[11][-5]  ; Missing location assignment   ;
; x_in[7][-5]   ; Missing location assignment   ;
; x_in[15][-5]  ; Missing location assignment   ;
; x_in[0][-4]   ; Missing location assignment   ;
; x_in[8][-4]   ; Missing location assignment   ;
; x_in[4][-4]   ; Missing location assignment   ;
; x_in[12][-4]  ; Missing location assignment   ;
; x_in[2][-4]   ; Missing location assignment   ;
; x_in[10][-4]  ; Missing location assignment   ;
; x_in[6][-4]   ; Missing location assignment   ;
; x_in[14][-4]  ; Missing location assignment   ;
; x_in[1][-4]   ; Missing location assignment   ;
; x_in[9][-4]   ; Missing location assignment   ;
; x_in[5][-4]   ; Missing location assignment   ;
; x_in[13][-4]  ; Missing location assignment   ;
; x_in[3][-4]   ; Missing location assignment   ;
; x_in[11][-4]  ; Missing location assignment   ;
; x_in[7][-4]   ; Missing location assignment   ;
; x_in[15][-4]  ; Missing location assignment   ;
; x_in[0][-3]   ; Missing location assignment   ;
; x_in[8][-3]   ; Missing location assignment   ;
; x_in[4][-3]   ; Missing location assignment   ;
; x_in[12][-3]  ; Missing location assignment   ;
; x_in[2][-3]   ; Missing location assignment   ;
; x_in[10][-3]  ; Missing location assignment   ;
; x_in[6][-3]   ; Missing location assignment   ;
; x_in[14][-3]  ; Missing location assignment   ;
; x_in[1][-3]   ; Missing location assignment   ;
; x_in[9][-3]   ; Missing location assignment   ;
; x_in[5][-3]   ; Missing location assignment   ;
; x_in[13][-3]  ; Missing location assignment   ;
; x_in[3][-3]   ; Missing location assignment   ;
; x_in[11][-3]  ; Missing location assignment   ;
; x_in[7][-3]   ; Missing location assignment   ;
; x_in[15][-3]  ; Missing location assignment   ;
; x_in[0][-2]   ; Missing location assignment   ;
; x_in[8][-2]   ; Missing location assignment   ;
; x_in[4][-2]   ; Missing location assignment   ;
; x_in[12][-2]  ; Missing location assignment   ;
; x_in[2][-2]   ; Missing location assignment   ;
; x_in[10][-2]  ; Missing location assignment   ;
; x_in[6][-2]   ; Missing location assignment   ;
; x_in[14][-2]  ; Missing location assignment   ;
; x_in[1][-2]   ; Missing location assignment   ;
; x_in[9][-2]   ; Missing location assignment   ;
; x_in[5][-2]   ; Missing location assignment   ;
; x_in[13][-2]  ; Missing location assignment   ;
; x_in[3][-2]   ; Missing location assignment   ;
; x_in[11][-2]  ; Missing location assignment   ;
; x_in[7][-2]   ; Missing location assignment   ;
; x_in[15][-2]  ; Missing location assignment   ;
; x_in[0][-1]   ; Missing location assignment   ;
; x_in[8][-1]   ; Missing location assignment   ;
; x_in[4][-1]   ; Missing location assignment   ;
; x_in[12][-1]  ; Missing location assignment   ;
; x_in[2][-1]   ; Missing location assignment   ;
; x_in[10][-1]  ; Missing location assignment   ;
; x_in[6][-1]   ; Missing location assignment   ;
; x_in[14][-1]  ; Missing location assignment   ;
; x_in[1][-1]   ; Missing location assignment   ;
; x_in[9][-1]   ; Missing location assignment   ;
; x_in[5][-1]   ; Missing location assignment   ;
; x_in[13][-1]  ; Missing location assignment   ;
; x_in[3][-1]   ; Missing location assignment   ;
; x_in[11][-1]  ; Missing location assignment   ;
; x_in[7][-1]   ; Missing location assignment   ;
; x_in[15][-1]  ; Missing location assignment   ;
; x_in[0][0]    ; Missing location assignment   ;
; x_in[8][0]    ; Missing location assignment   ;
; x_in[4][0]    ; Missing location assignment   ;
; x_in[12][0]   ; Missing location assignment   ;
; x_in[2][0]    ; Missing location assignment   ;
; x_in[10][0]   ; Missing location assignment   ;
; x_in[6][0]    ; Missing location assignment   ;
; x_in[14][0]   ; Missing location assignment   ;
; x_in[1][0]    ; Missing location assignment   ;
; x_in[9][0]    ; Missing location assignment   ;
; x_in[5][0]    ; Missing location assignment   ;
; x_in[13][0]   ; Missing location assignment   ;
; x_in[3][0]    ; Missing location assignment   ;
; x_in[11][0]   ; Missing location assignment   ;
; x_in[7][0]    ; Missing location assignment   ;
; x_in[15][0]   ; Missing location assignment   ;
+---------------+-------------------------------+


+-----------------------------------------------------------------------------------------------------------------------------------------------------------------------------------------------------------------------------------------------------------------------------------------------------------------------------------------------------------------------------------------------------------------------------------------------------------+
; Fitter Resource Utilization by Entity                                                                                                                                                                                                                                                                                                                                                                                                                     ;
+----------------------------------------------+-------------+---------------------------+---------------+-------------+------+------------+--------------+---------+-----------+------+--------------+--------------+-------------------+------------------+------------+--------------------------------------------------------------------------------------------------------------------------------------------+----------------------+--------------+
; Compilation Hierarchy Node                   ; Logic Cells ; Dedicated Logic Registers ; I/O Registers ; Memory Bits ; M9Ks ; UFM Blocks ; DSP Elements ; DSP 9x9 ; DSP 18x18 ; Pins ; Virtual Pins ; LUT-Only LCs ; Register-Only LCs ; LUT/Register LCs ; ADC blocks ; Full Hierarchy Name                                                                                                                        ; Entity Name          ; Library Name ;
+----------------------------------------------+-------------+---------------------------+---------------+-------------+------+------------+--------------+---------+-----------+------+--------------+--------------+-------------------+------------------+------------+--------------------------------------------------------------------------------------------------------------------------------------------+----------------------+--------------+
; |fft16OPT_sync                               ; 2448 (257)  ; 2096 (276)                ; 0 (0)         ; 327         ; 4    ; 1          ; 32           ; 0       ; 16        ; 302  ; 0            ; 352 (1)      ; 469 (256)         ; 1627 (0)         ; 0          ; |fft16OPT_sync                                                                                                                             ; fft16OPT_sync        ; work         ;
;    |fft16OPT:UUT|                            ; 2191 (0)    ; 1820 (0)                  ; 0 (0)         ; 327         ; 4    ; 0          ; 32           ; 0       ; 16        ; 0    ; 0            ; 351 (0)      ; 213 (0)           ; 1627 (0)         ; 0          ; |fft16OPT_sync|fft16OPT:UUT                                                                                                                ; fft16OPT             ; work         ;
;       |altshift_taps:y1r_d_rtl_0|            ; 1 (0)       ; 1 (0)                     ; 0 (0)         ; 120         ; 2    ; 0          ; 0            ; 0       ; 0         ; 0    ; 0            ; 0 (0)        ; 0 (0)             ; 1 (0)            ; 0          ; |fft16OPT_sync|fft16OPT:UUT|altshift_taps:y1r_d_rtl_0                                                                                      ; altshift_taps        ; work         ;
;          |shift_taps_2hl:auto_generated|     ; 1 (0)       ; 1 (0)                     ; 0 (0)         ; 120         ; 2    ; 0          ; 0            ; 0       ; 0         ; 0    ; 0            ; 0 (0)        ; 0 (0)             ; 1 (0)            ; 0          ; |fft16OPT_sync|fft16OPT:UUT|altshift_taps:y1r_d_rtl_0|shift_taps_2hl:auto_generated                                                        ; shift_taps_2hl       ; work         ;
;             |altsyncram_jo71:altsyncram2|    ; 0 (0)       ; 0 (0)                     ; 0 (0)         ; 120         ; 2    ; 0          ; 0            ; 0       ; 0         ; 0    ; 0            ; 0 (0)        ; 0 (0)             ; 0 (0)            ; 0          ; |fft16OPT_sync|fft16OPT:UUT|altshift_taps:y1r_d_rtl_0|shift_taps_2hl:auto_generated|altsyncram_jo71:altsyncram2                            ; altsyncram_jo71      ; work         ;
;             |cntr_q3f:cntr1|                 ; 1 (1)       ; 1 (1)                     ; 0 (0)         ; 0           ; 0    ; 0          ; 0            ; 0       ; 0         ; 0    ; 0            ; 0 (0)        ; 0 (0)             ; 1 (1)            ; 0          ; |fft16OPT_sync|fft16OPT:UUT|altshift_taps:y1r_d_rtl_0|shift_taps_2hl:auto_generated|cntr_q3f:cntr1                                         ; cntr_q3f             ; work         ;
;       |altshift_taps:y8r_d_rtl_0|            ; 5 (0)       ; 2 (0)                     ; 0 (0)         ; 99          ; 1    ; 0          ; 0            ; 0       ; 0         ; 0    ; 0            ; 3 (0)        ; 0 (0)             ; 2 (0)            ; 0          ; |fft16OPT_sync|fft16OPT:UUT|altshift_taps:y8r_d_rtl_0                                                                                      ; altshift_taps        ; work         ;
;          |shift_taps_3hl:auto_generated|     ; 5 (0)       ; 2 (0)                     ; 0 (0)         ; 99          ; 1    ; 0          ; 0            ; 0       ; 0         ; 0    ; 0            ; 3 (0)        ; 0 (0)             ; 2 (0)            ; 0          ; |fft16OPT_sync|fft16OPT:UUT|altshift_taps:y8r_d_rtl_0|shift_taps_3hl:auto_generated                                                        ; shift_taps_3hl       ; work         ;
;             |altsyncram_mo71:altsyncram2|    ; 0 (0)       ; 0 (0)                     ; 0 (0)         ; 99          ; 1    ; 0          ; 0            ; 0       ; 0         ; 0    ; 0            ; 0 (0)        ; 0 (0)             ; 0 (0)            ; 0          ; |fft16OPT_sync|fft16OPT:UUT|altshift_taps:y8r_d_rtl_0|shift_taps_3hl:auto_generated|altsyncram_mo71:altsyncram2                            ; altsyncram_mo71      ; work         ;
;             |cntr_s3f:cntr1|                 ; 5 (5)       ; 2 (2)                     ; 0 (0)         ; 0           ; 0    ; 0          ; 0            ; 0       ; 0         ; 0    ; 0            ; 3 (3)        ; 0 (0)             ; 2 (2)            ; 0          ; |fft16OPT_sync|fft16OPT:UUT|altshift_taps:y8r_d_rtl_0|shift_taps_3hl:auto_generated|cntr_s3f:cntr1                                         ; cntr_s3f             ; work         ;
;       |calc_pot:\gen_pot:0:calc_Z|           ; 0 (0)       ; 0 (0)                     ; 0 (0)         ; 0           ; 0    ; 0          ; 2            ; 0       ; 1         ; 0    ; 0            ; 0 (0)        ; 0 (0)             ; 0 (0)            ; 0          ; |fft16OPT_sync|fft16OPT:UUT|calc_pot:\gen_pot:0:calc_Z                                                                                     ; calc_pot             ; work         ;
;          |lpm_mult:Mult0|                    ; 0 (0)       ; 0 (0)                     ; 0 (0)         ; 0           ; 0    ; 0          ; 2            ; 0       ; 1         ; 0    ; 0            ; 0 (0)        ; 0 (0)             ; 0 (0)            ; 0          ; |fft16OPT_sync|fft16OPT:UUT|calc_pot:\gen_pot:0:calc_Z|lpm_mult:Mult0                                                                      ; lpm_mult             ; work         ;
;             |mult_jgs:auto_generated|        ; 0 (0)       ; 0 (0)                     ; 0 (0)         ; 0           ; 0    ; 0          ; 2            ; 0       ; 1         ; 0    ; 0            ; 0 (0)        ; 0 (0)             ; 0 (0)            ; 0          ; |fft16OPT_sync|fft16OPT:UUT|calc_pot:\gen_pot:0:calc_Z|lpm_mult:Mult0|mult_jgs:auto_generated                                              ; mult_jgs             ; work         ;
;       |calc_pot:\gen_pot:1:calc_Z|           ; 33 (33)     ; 24 (24)                   ; 0 (0)         ; 0           ; 0    ; 0          ; 4            ; 0       ; 2         ; 0    ; 0            ; 9 (9)        ; 12 (12)           ; 12 (12)          ; 0          ; |fft16OPT_sync|fft16OPT:UUT|calc_pot:\gen_pot:1:calc_Z                                                                                     ; calc_pot             ; work         ;
;          |lpm_mult:Mult0|                    ; 0 (0)       ; 0 (0)                     ; 0 (0)         ; 0           ; 0    ; 0          ; 2            ; 0       ; 1         ; 0    ; 0            ; 0 (0)        ; 0 (0)             ; 0 (0)            ; 0          ; |fft16OPT_sync|fft16OPT:UUT|calc_pot:\gen_pot:1:calc_Z|lpm_mult:Mult0                                                                      ; lpm_mult             ; work         ;
;             |mult_jgs:auto_generated|        ; 0 (0)       ; 0 (0)                     ; 0 (0)         ; 0           ; 0    ; 0          ; 2            ; 0       ; 1         ; 0    ; 0            ; 0 (0)        ; 0 (0)             ; 0 (0)            ; 0          ; |fft16OPT_sync|fft16OPT:UUT|calc_pot:\gen_pot:1:calc_Z|lpm_mult:Mult0|mult_jgs:auto_generated                                              ; mult_jgs             ; work         ;
;          |lpm_mult:Mult1|                    ; 0 (0)       ; 0 (0)                     ; 0 (0)         ; 0           ; 0    ; 0          ; 2            ; 0       ; 1         ; 0    ; 0            ; 0 (0)        ; 0 (0)             ; 0 (0)            ; 0          ; |fft16OPT_sync|fft16OPT:UUT|calc_pot:\gen_pot:1:calc_Z|lpm_mult:Mult1                                                                      ; lpm_mult             ; work         ;
;             |mult_jgs:auto_generated|        ; 0 (0)       ; 0 (0)                     ; 0 (0)         ; 0           ; 0    ; 0          ; 2            ; 0       ; 1         ; 0    ; 0            ; 0 (0)        ; 0 (0)             ; 0 (0)            ; 0          ; |fft16OPT_sync|fft16OPT:UUT|calc_pot:\gen_pot:1:calc_Z|lpm_mult:Mult1|mult_jgs:auto_generated                                              ; mult_jgs             ; work         ;
;       |calc_pot:\gen_pot:2:calc_Z|           ; 33 (33)     ; 24 (24)                   ; 0 (0)         ; 0           ; 0    ; 0          ; 4            ; 0       ; 2         ; 0    ; 0            ; 9 (9)        ; 12 (12)           ; 12 (12)          ; 0          ; |fft16OPT_sync|fft16OPT:UUT|calc_pot:\gen_pot:2:calc_Z                                                                                     ; calc_pot             ; work         ;
;          |lpm_mult:Mult0|                    ; 0 (0)       ; 0 (0)                     ; 0 (0)         ; 0           ; 0    ; 0          ; 2            ; 0       ; 1         ; 0    ; 0            ; 0 (0)        ; 0 (0)             ; 0 (0)            ; 0          ; |fft16OPT_sync|fft16OPT:UUT|calc_pot:\gen_pot:2:calc_Z|lpm_mult:Mult0                                                                      ; lpm_mult             ; work         ;
;             |mult_jgs:auto_generated|        ; 0 (0)       ; 0 (0)                     ; 0 (0)         ; 0           ; 0    ; 0          ; 2            ; 0       ; 1         ; 0    ; 0            ; 0 (0)        ; 0 (0)             ; 0 (0)            ; 0          ; |fft16OPT_sync|fft16OPT:UUT|calc_pot:\gen_pot:2:calc_Z|lpm_mult:Mult0|mult_jgs:auto_generated                                              ; mult_jgs             ; work         ;
;          |lpm_mult:Mult1|                    ; 0 (0)       ; 0 (0)                     ; 0 (0)         ; 0           ; 0    ; 0          ; 2            ; 0       ; 1         ; 0    ; 0            ; 0 (0)        ; 0 (0)             ; 0 (0)            ; 0          ; |fft16OPT_sync|fft16OPT:UUT|calc_pot:\gen_pot:2:calc_Z|lpm_mult:Mult1                                                                      ; lpm_mult             ; work         ;
;             |mult_jgs:auto_generated|        ; 0 (0)       ; 0 (0)                     ; 0 (0)         ; 0           ; 0    ; 0          ; 2            ; 0       ; 1         ; 0    ; 0            ; 0 (0)        ; 0 (0)             ; 0 (0)            ; 0          ; |fft16OPT_sync|fft16OPT:UUT|calc_pot:\gen_pot:2:calc_Z|lpm_mult:Mult1|mult_jgs:auto_generated                                              ; mult_jgs             ; work         ;
;       |calc_pot:\gen_pot:3:calc_Z|           ; 33 (33)     ; 24 (24)                   ; 0 (0)         ; 0           ; 0    ; 0          ; 4            ; 0       ; 2         ; 0    ; 0            ; 9 (9)        ; 12 (12)           ; 12 (12)          ; 0          ; |fft16OPT_sync|fft16OPT:UUT|calc_pot:\gen_pot:3:calc_Z                                                                                     ; calc_pot             ; work         ;
;          |lpm_mult:Mult0|                    ; 0 (0)       ; 0 (0)                     ; 0 (0)         ; 0           ; 0    ; 0          ; 2            ; 0       ; 1         ; 0    ; 0            ; 0 (0)        ; 0 (0)             ; 0 (0)            ; 0          ; |fft16OPT_sync|fft16OPT:UUT|calc_pot:\gen_pot:3:calc_Z|lpm_mult:Mult0                                                                      ; lpm_mult             ; work         ;
;             |mult_jgs:auto_generated|        ; 0 (0)       ; 0 (0)                     ; 0 (0)         ; 0           ; 0    ; 0          ; 2            ; 0       ; 1         ; 0    ; 0            ; 0 (0)        ; 0 (0)             ; 0 (0)            ; 0          ; |fft16OPT_sync|fft16OPT:UUT|calc_pot:\gen_pot:3:calc_Z|lpm_mult:Mult0|mult_jgs:auto_generated                                              ; mult_jgs             ; work         ;
;          |lpm_mult:Mult1|                    ; 0 (0)       ; 0 (0)                     ; 0 (0)         ; 0           ; 0    ; 0          ; 2            ; 0       ; 1         ; 0    ; 0            ; 0 (0)        ; 0 (0)             ; 0 (0)            ; 0          ; |fft16OPT_sync|fft16OPT:UUT|calc_pot:\gen_pot:3:calc_Z|lpm_mult:Mult1                                                                      ; lpm_mult             ; work         ;
;             |mult_jgs:auto_generated|        ; 0 (0)       ; 0 (0)                     ; 0 (0)         ; 0           ; 0    ; 0          ; 2            ; 0       ; 1         ; 0    ; 0            ; 0 (0)        ; 0 (0)             ; 0 (0)            ; 0          ; |fft16OPT_sync|fft16OPT:UUT|calc_pot:\gen_pot:3:calc_Z|lpm_mult:Mult1|mult_jgs:auto_generated                                              ; mult_jgs             ; work         ;
;       |calc_pot:\gen_pot:4:calc_Z|           ; 33 (33)     ; 24 (24)                   ; 0 (0)         ; 0           ; 0    ; 0          ; 4            ; 0       ; 2         ; 0    ; 0            ; 9 (9)        ; 12 (12)           ; 12 (12)          ; 0          ; |fft16OPT_sync|fft16OPT:UUT|calc_pot:\gen_pot:4:calc_Z                                                                                     ; calc_pot             ; work         ;
;          |lpm_mult:Mult0|                    ; 0 (0)       ; 0 (0)                     ; 0 (0)         ; 0           ; 0    ; 0          ; 2            ; 0       ; 1         ; 0    ; 0            ; 0 (0)        ; 0 (0)             ; 0 (0)            ; 0          ; |fft16OPT_sync|fft16OPT:UUT|calc_pot:\gen_pot:4:calc_Z|lpm_mult:Mult0                                                                      ; lpm_mult             ; work         ;
;             |mult_jgs:auto_generated|        ; 0 (0)       ; 0 (0)                     ; 0 (0)         ; 0           ; 0    ; 0          ; 2            ; 0       ; 1         ; 0    ; 0            ; 0 (0)        ; 0 (0)             ; 0 (0)            ; 0          ; |fft16OPT_sync|fft16OPT:UUT|calc_pot:\gen_pot:4:calc_Z|lpm_mult:Mult0|mult_jgs:auto_generated                                              ; mult_jgs             ; work         ;
;          |lpm_mult:Mult1|                    ; 0 (0)       ; 0 (0)                     ; 0 (0)         ; 0           ; 0    ; 0          ; 2            ; 0       ; 1         ; 0    ; 0            ; 0 (0)        ; 0 (0)             ; 0 (0)            ; 0          ; |fft16OPT_sync|fft16OPT:UUT|calc_pot:\gen_pot:4:calc_Z|lpm_mult:Mult1                                                                      ; lpm_mult             ; work         ;
;             |mult_jgs:auto_generated|        ; 0 (0)       ; 0 (0)                     ; 0 (0)         ; 0           ; 0    ; 0          ; 2            ; 0       ; 1         ; 0    ; 0            ; 0 (0)        ; 0 (0)             ; 0 (0)            ; 0          ; |fft16OPT_sync|fft16OPT:UUT|calc_pot:\gen_pot:4:calc_Z|lpm_mult:Mult1|mult_jgs:auto_generated                                              ; mult_jgs             ; work         ;
;       |calc_pot:\gen_pot:5:calc_Z|           ; 33 (33)     ; 24 (24)                   ; 0 (0)         ; 0           ; 0    ; 0          ; 4            ; 0       ; 2         ; 0    ; 0            ; 9 (9)        ; 12 (12)           ; 12 (12)          ; 0          ; |fft16OPT_sync|fft16OPT:UUT|calc_pot:\gen_pot:5:calc_Z                                                                                     ; calc_pot             ; work         ;
;          |lpm_mult:Mult0|                    ; 0 (0)       ; 0 (0)                     ; 0 (0)         ; 0           ; 0    ; 0          ; 2            ; 0       ; 1         ; 0    ; 0            ; 0 (0)        ; 0 (0)             ; 0 (0)            ; 0          ; |fft16OPT_sync|fft16OPT:UUT|calc_pot:\gen_pot:5:calc_Z|lpm_mult:Mult0                                                                      ; lpm_mult             ; work         ;
;             |mult_jgs:auto_generated|        ; 0 (0)       ; 0 (0)                     ; 0 (0)         ; 0           ; 0    ; 0          ; 2            ; 0       ; 1         ; 0    ; 0            ; 0 (0)        ; 0 (0)             ; 0 (0)            ; 0          ; |fft16OPT_sync|fft16OPT:UUT|calc_pot:\gen_pot:5:calc_Z|lpm_mult:Mult0|mult_jgs:auto_generated                                              ; mult_jgs             ; work         ;
;          |lpm_mult:Mult1|                    ; 0 (0)       ; 0 (0)                     ; 0 (0)         ; 0           ; 0    ; 0          ; 2            ; 0       ; 1         ; 0    ; 0            ; 0 (0)        ; 0 (0)             ; 0 (0)            ; 0          ; |fft16OPT_sync|fft16OPT:UUT|calc_pot:\gen_pot:5:calc_Z|lpm_mult:Mult1                                                                      ; lpm_mult             ; work         ;
;             |mult_jgs:auto_generated|        ; 0 (0)       ; 0 (0)                     ; 0 (0)         ; 0           ; 0    ; 0          ; 2            ; 0       ; 1         ; 0    ; 0            ; 0 (0)        ; 0 (0)             ; 0 (0)            ; 0          ; |fft16OPT_sync|fft16OPT:UUT|calc_pot:\gen_pot:5:calc_Z|lpm_mult:Mult1|mult_jgs:auto_generated                                              ; mult_jgs             ; work         ;
;       |calc_pot:\gen_pot:6:calc_Z|           ; 33 (33)     ; 24 (24)                   ; 0 (0)         ; 0           ; 0    ; 0          ; 4            ; 0       ; 2         ; 0    ; 0            ; 9 (9)        ; 12 (12)           ; 12 (12)          ; 0          ; |fft16OPT_sync|fft16OPT:UUT|calc_pot:\gen_pot:6:calc_Z                                                                                     ; calc_pot             ; work         ;
;          |lpm_mult:Mult0|                    ; 0 (0)       ; 0 (0)                     ; 0 (0)         ; 0           ; 0    ; 0          ; 2            ; 0       ; 1         ; 0    ; 0            ; 0 (0)        ; 0 (0)             ; 0 (0)            ; 0          ; |fft16OPT_sync|fft16OPT:UUT|calc_pot:\gen_pot:6:calc_Z|lpm_mult:Mult0                                                                      ; lpm_mult             ; work         ;
;             |mult_jgs:auto_generated|        ; 0 (0)       ; 0 (0)                     ; 0 (0)         ; 0           ; 0    ; 0          ; 2            ; 0       ; 1         ; 0    ; 0            ; 0 (0)        ; 0 (0)             ; 0 (0)            ; 0          ; |fft16OPT_sync|fft16OPT:UUT|calc_pot:\gen_pot:6:calc_Z|lpm_mult:Mult0|mult_jgs:auto_generated                                              ; mult_jgs             ; work         ;
;          |lpm_mult:Mult1|                    ; 0 (0)       ; 0 (0)                     ; 0 (0)         ; 0           ; 0    ; 0          ; 2            ; 0       ; 1         ; 0    ; 0            ; 0 (0)        ; 0 (0)             ; 0 (0)            ; 0          ; |fft16OPT_sync|fft16OPT:UUT|calc_pot:\gen_pot:6:calc_Z|lpm_mult:Mult1                                                                      ; lpm_mult             ; work         ;
;             |mult_jgs:auto_generated|        ; 0 (0)       ; 0 (0)                     ; 0 (0)         ; 0           ; 0    ; 0          ; 2            ; 0       ; 1         ; 0    ; 0            ; 0 (0)        ; 0 (0)             ; 0 (0)            ; 0          ; |fft16OPT_sync|fft16OPT:UUT|calc_pot:\gen_pot:6:calc_Z|lpm_mult:Mult1|mult_jgs:auto_generated                                              ; mult_jgs             ; work         ;
;       |calc_pot:\gen_pot:7:calc_Z|           ; 33 (33)     ; 24 (24)                   ; 0 (0)         ; 0           ; 0    ; 0          ; 4            ; 0       ; 2         ; 0    ; 0            ; 9 (9)        ; 12 (12)           ; 12 (12)          ; 0          ; |fft16OPT_sync|fft16OPT:UUT|calc_pot:\gen_pot:7:calc_Z                                                                                     ; calc_pot             ; work         ;
;          |lpm_mult:Mult0|                    ; 0 (0)       ; 0 (0)                     ; 0 (0)         ; 0           ; 0    ; 0          ; 2            ; 0       ; 1         ; 0    ; 0            ; 0 (0)        ; 0 (0)             ; 0 (0)            ; 0          ; |fft16OPT_sync|fft16OPT:UUT|calc_pot:\gen_pot:7:calc_Z|lpm_mult:Mult0                                                                      ; lpm_mult             ; work         ;
;             |mult_jgs:auto_generated|        ; 0 (0)       ; 0 (0)                     ; 0 (0)         ; 0           ; 0    ; 0          ; 2            ; 0       ; 1         ; 0    ; 0            ; 0 (0)        ; 0 (0)             ; 0 (0)            ; 0          ; |fft16OPT_sync|fft16OPT:UUT|calc_pot:\gen_pot:7:calc_Z|lpm_mult:Mult0|mult_jgs:auto_generated                                              ; mult_jgs             ; work         ;
;          |lpm_mult:Mult1|                    ; 0 (0)       ; 0 (0)                     ; 0 (0)         ; 0           ; 0    ; 0          ; 2            ; 0       ; 1         ; 0    ; 0            ; 0 (0)        ; 0 (0)             ; 0 (0)            ; 0          ; |fft16OPT_sync|fft16OPT:UUT|calc_pot:\gen_pot:7:calc_Z|lpm_mult:Mult1                                                                      ; lpm_mult             ; work         ;
;             |mult_jgs:auto_generated|        ; 0 (0)       ; 0 (0)                     ; 0 (0)         ; 0           ; 0    ; 0          ; 2            ; 0       ; 1         ; 0    ; 0            ; 0 (0)        ; 0 (0)             ; 0 (0)            ; 0          ; |fft16OPT_sync|fft16OPT:UUT|calc_pot:\gen_pot:7:calc_Z|lpm_mult:Mult1|mult_jgs:auto_generated                                              ; mult_jgs             ; work         ;
;       |calc_pot:\gen_pot:8:calc_Z|           ; 8 (0)       ; 4 (0)                     ; 0 (0)         ; 108         ; 1    ; 0          ; 2            ; 0       ; 1         ; 0    ; 0            ; 4 (0)        ; 1 (0)             ; 3 (0)            ; 0          ; |fft16OPT_sync|fft16OPT:UUT|calc_pot:\gen_pot:8:calc_Z                                                                                     ; calc_pot             ; work         ;
;          |altshift_taps:sum_u_rtl_0|         ; 8 (0)       ; 4 (0)                     ; 0 (0)         ; 108         ; 1    ; 0          ; 0            ; 0       ; 0         ; 0    ; 0            ; 4 (0)        ; 1 (0)             ; 3 (0)            ; 0          ; |fft16OPT_sync|fft16OPT:UUT|calc_pot:\gen_pot:8:calc_Z|altshift_taps:sum_u_rtl_0                                                           ; altshift_taps        ; work         ;
;             |shift_taps_4hl:auto_generated|  ; 8 (3)       ; 4 (2)                     ; 0 (0)         ; 108         ; 1    ; 0          ; 0            ; 0       ; 0         ; 0    ; 0            ; 4 (1)        ; 1 (1)             ; 3 (1)            ; 0          ; |fft16OPT_sync|fft16OPT:UUT|calc_pot:\gen_pot:8:calc_Z|altshift_taps:sum_u_rtl_0|shift_taps_4hl:auto_generated                             ; shift_taps_4hl       ; work         ;
;                |altsyncram_tv21:altsyncram4| ; 0 (0)       ; 0 (0)                     ; 0 (0)         ; 108         ; 1    ; 0          ; 0            ; 0       ; 0         ; 0    ; 0            ; 0 (0)        ; 0 (0)             ; 0 (0)            ; 0          ; |fft16OPT_sync|fft16OPT:UUT|calc_pot:\gen_pot:8:calc_Z|altshift_taps:sum_u_rtl_0|shift_taps_4hl:auto_generated|altsyncram_tv21:altsyncram4 ; altsyncram_tv21      ; work         ;
;                |cntr_s3f:cntr1|              ; 5 (5)       ; 2 (2)                     ; 0 (0)         ; 0           ; 0    ; 0          ; 0            ; 0       ; 0         ; 0    ; 0            ; 3 (3)        ; 0 (0)             ; 2 (2)            ; 0          ; |fft16OPT_sync|fft16OPT:UUT|calc_pot:\gen_pot:8:calc_Z|altshift_taps:sum_u_rtl_0|shift_taps_4hl:auto_generated|cntr_s3f:cntr1              ; cntr_s3f             ; work         ;
;          |lpm_mult:Mult0|                    ; 0 (0)       ; 0 (0)                     ; 0 (0)         ; 0           ; 0    ; 0          ; 2            ; 0       ; 1         ; 0    ; 0            ; 0 (0)        ; 0 (0)             ; 0 (0)            ; 0          ; |fft16OPT_sync|fft16OPT:UUT|calc_pot:\gen_pot:8:calc_Z|lpm_mult:Mult0                                                                      ; lpm_mult             ; work         ;
;             |mult_jgs:auto_generated|        ; 0 (0)       ; 0 (0)                     ; 0 (0)         ; 0           ; 0    ; 0          ; 2            ; 0       ; 1         ; 0    ; 0            ; 0 (0)        ; 0 (0)             ; 0 (0)            ; 0          ; |fft16OPT_sync|fft16OPT:UUT|calc_pot:\gen_pot:8:calc_Z|lpm_mult:Mult0|mult_jgs:auto_generated                                              ; mult_jgs             ; work         ;
;       |complex_mult_twiddle:UUT10|           ; 150 (150)   ; 120 (120)                 ; 0 (0)         ; 0           ; 0    ; 0          ; 0            ; 0       ; 0         ; 0    ; 0            ; 28 (28)      ; 12 (12)           ; 110 (110)        ; 0          ; |fft16OPT_sync|fft16OPT:UUT|complex_mult_twiddle:UUT10                                                                                     ; complex_mult_twiddle ; work         ;
;       |complex_mult_twiddle:UUT11|           ; 168 (168)   ; 168 (168)                 ; 0 (0)         ; 0           ; 0    ; 0          ; 0            ; 0       ; 0         ; 0    ; 0            ; 0 (0)        ; 0 (0)             ; 168 (168)        ; 0          ; |fft16OPT_sync|fft16OPT:UUT|complex_mult_twiddle:UUT11                                                                                     ; complex_mult_twiddle ; work         ;
;       |complex_mult_twiddle:UUT12|           ; 97 (97)     ; 84 (84)                   ; 0 (0)         ; 0           ; 0    ; 0          ; 0            ; 0       ; 0         ; 0    ; 0            ; 13 (13)      ; 17 (17)           ; 67 (67)          ; 0          ; |fft16OPT_sync|fft16OPT:UUT|complex_mult_twiddle:UUT12                                                                                     ; complex_mult_twiddle ; work         ;
;       |complex_mult_twiddle:UUT13|           ; 110 (110)   ; 110 (110)                 ; 0 (0)         ; 0           ; 0    ; 0          ; 0            ; 0       ; 0         ; 0    ; 0            ; 0 (0)        ; 2 (2)             ; 108 (108)        ; 0          ; |fft16OPT_sync|fft16OPT:UUT|complex_mult_twiddle:UUT13                                                                                     ; complex_mult_twiddle ; work         ;
;       |complex_mult_twiddle:UUT5|            ; 173 (173)   ; 168 (168)                 ; 0 (0)         ; 0           ; 0    ; 0          ; 0            ; 0       ; 0         ; 0    ; 0            ; 5 (5)        ; 3 (3)             ; 165 (165)        ; 0          ; |fft16OPT_sync|fft16OPT:UUT|complex_mult_twiddle:UUT5                                                                                      ; complex_mult_twiddle ; work         ;
;       |complex_mult_twiddle:UUT6|            ; 98 (98)     ; 83 (83)                   ; 0 (0)         ; 0           ; 0    ; 0          ; 0            ; 0       ; 0         ; 0    ; 0            ; 15 (15)      ; 19 (19)           ; 64 (64)          ; 0          ; |fft16OPT_sync|fft16OPT:UUT|complex_mult_twiddle:UUT6                                                                                      ; complex_mult_twiddle ; work         ;
;       |complex_mult_twiddle:UUT7|            ; 109 (109)   ; 107 (107)                 ; 0 (0)         ; 0           ; 0    ; 0          ; 0            ; 0       ; 0         ; 0    ; 0            ; 2 (2)        ; 1 (1)             ; 106 (106)        ; 0          ; |fft16OPT_sync|fft16OPT:UUT|complex_mult_twiddle:UUT7                                                                                      ; complex_mult_twiddle ; work         ;
;       |complex_mult_twiddle:UUT8|            ; 102 (102)   ; 85 (85)                   ; 0 (0)         ; 0           ; 0    ; 0          ; 0            ; 0       ; 0         ; 0    ; 0            ; 17 (17)      ; 8 (8)             ; 77 (77)          ; 0          ; |fft16OPT_sync|fft16OPT:UUT|complex_mult_twiddle:UUT8                                                                                      ; complex_mult_twiddle ; work         ;
;       |complex_mult_twiddle:UUT9|            ; 12 (12)     ; 12 (12)                   ; 0 (0)         ; 0           ; 0    ; 0          ; 0            ; 0       ; 0         ; 0    ; 0            ; 0 (0)        ; 0 (0)             ; 12 (12)          ; 0          ; |fft16OPT_sync|fft16OPT:UUT|complex_mult_twiddle:UUT9                                                                                      ; complex_mult_twiddle ; work         ;
;       |radix4:UUT14|                         ; 89 (89)     ; 48 (48)                   ; 0 (0)         ; 0           ; 0    ; 0          ; 0            ; 0       ; 0         ; 0    ; 0            ; 41 (41)      ; 0 (0)             ; 48 (48)          ; 0          ; |fft16OPT_sync|fft16OPT:UUT|radix4:UUT14                                                                                                   ; radix4               ; work         ;
;       |radix4:UUT15|                         ; 152 (152)   ; 96 (96)                   ; 0 (0)         ; 0           ; 0    ; 0          ; 0            ; 0       ; 0         ; 0    ; 0            ; 53 (53)      ; 0 (0)             ; 99 (99)          ; 0          ; |fft16OPT_sync|fft16OPT:UUT|radix4:UUT15                                                                                                   ; radix4               ; work         ;
;       |radix4:UUT16|                         ; 114 (114)   ; 71 (71)                   ; 0 (0)         ; 0           ; 0    ; 0          ; 0            ; 0       ; 0         ; 0    ; 0            ; 41 (41)      ; 2 (2)             ; 71 (71)          ; 0          ; |fft16OPT_sync|fft16OPT:UUT|radix4:UUT16                                                                                                   ; radix4               ; work         ;
;       |radix4:UUT17|                         ; 152 (152)   ; 96 (96)                   ; 0 (0)         ; 0           ; 0    ; 0          ; 0            ; 0       ; 0         ; 0    ; 0            ; 55 (55)      ; 0 (0)             ; 97 (97)          ; 0          ; |fft16OPT_sync|fft16OPT:UUT|radix4:UUT17                                                                                                   ; radix4               ; work         ;
;       |radix4:UUT1|                          ; 90 (90)     ; 82 (82)                   ; 0 (0)         ; 0           ; 0    ; 0          ; 0            ; 0       ; 0         ; 0    ; 0            ; 3 (3)        ; 0 (0)             ; 87 (87)          ; 0          ; |fft16OPT_sync|fft16OPT:UUT|radix4:UUT1                                                                                                    ; radix4               ; work         ;
;       |radix4:UUT2|                          ; 112 (112)   ; 105 (105)                 ; 0 (0)         ; 0           ; 0    ; 0          ; 0            ; 0       ; 0         ; 0    ; 0            ; 4 (4)        ; 22 (22)           ; 86 (86)          ; 0          ; |fft16OPT_sync|fft16OPT:UUT|radix4:UUT2                                                                                                    ; radix4               ; work         ;
;       |radix4:UUT3|                          ; 112 (112)   ; 105 (105)                 ; 0 (0)         ; 0           ; 0    ; 0          ; 0            ; 0       ; 0         ; 0    ; 0            ; 2 (2)        ; 20 (20)           ; 90 (90)          ; 0          ; |fft16OPT_sync|fft16OPT:UUT|radix4:UUT3                                                                                                    ; radix4               ; work         ;
;       |radix4:UUT4|                          ; 112 (112)   ; 105 (105)                 ; 0 (0)         ; 0           ; 0    ; 0          ; 0            ; 0       ; 0         ; 0    ; 0            ; 2 (2)        ; 22 (22)           ; 88 (88)          ; 0          ; |fft16OPT_sync|fft16OPT:UUT|radix4:UUT4                                                                                                    ; radix4               ; work         ;
+----------------------------------------------+-------------+---------------------------+---------------+-------------+------+------------+--------------+---------+-----------+------+--------------+--------------+-------------------+------------------+------------+--------------------------------------------------------------------------------------------------------------------------------------------+----------------------+--------------+
Note: For table entries with two numbers listed, the numbers in parentheses indicate the number of resources of the given type used by the specific entity alone. The numbers listed outside of parentheses indicate the total resources of the given type used by the specific entity and all of its sub-entities in the hierarchy.


+-----------------------------------------------------------------------------------------------+
; Delay Chain Summary                                                                           ;
+---------------+----------+---------------+---------------+-----------------------+-----+------+
; Name          ; Pin Type ; Pad to Core 0 ; Pad to Core 1 ; Pad to Input Register ; TCO ; TCOE ;
+---------------+----------+---------------+---------------+-----------------------+-----+------+
; rst           ; Input    ; --            ; --            ; --                    ; --  ; --   ;
; z_out[8][-11] ; Output   ; --            ; --            ; --                    ; --  ; --   ;
; z_out[8][-10] ; Output   ; --            ; --            ; --                    ; --  ; --   ;
; z_out[8][-9]  ; Output   ; --            ; --            ; --                    ; --  ; --   ;
; z_out[8][-8]  ; Output   ; --            ; --            ; --                    ; --  ; --   ;
; z_out[8][-7]  ; Output   ; --            ; --            ; --                    ; --  ; --   ;
; z_out[8][-6]  ; Output   ; --            ; --            ; --                    ; --  ; --   ;
; z_out[8][-5]  ; Output   ; --            ; --            ; --                    ; --  ; --   ;
; z_out[8][-4]  ; Output   ; --            ; --            ; --                    ; --  ; --   ;
; z_out[8][-3]  ; Output   ; --            ; --            ; --                    ; --  ; --   ;
; z_out[8][-2]  ; Output   ; --            ; --            ; --                    ; --  ; --   ;
; z_out[8][-1]  ; Output   ; --            ; --            ; --                    ; --  ; --   ;
; z_out[8][0]   ; Output   ; --            ; --            ; --                    ; --  ; --   ;
; z_out[7][-11] ; Output   ; --            ; --            ; --                    ; --  ; --   ;
; z_out[7][-10] ; Output   ; --            ; --            ; --                    ; --  ; --   ;
; z_out[7][-9]  ; Output   ; --            ; --            ; --                    ; --  ; --   ;
; z_out[7][-8]  ; Output   ; --            ; --            ; --                    ; --  ; --   ;
; z_out[7][-7]  ; Output   ; --            ; --            ; --                    ; --  ; --   ;
; z_out[7][-6]  ; Output   ; --            ; --            ; --                    ; --  ; --   ;
; z_out[7][-5]  ; Output   ; --            ; --            ; --                    ; --  ; --   ;
; z_out[7][-4]  ; Output   ; --            ; --            ; --                    ; --  ; --   ;
; z_out[7][-3]  ; Output   ; --            ; --            ; --                    ; --  ; --   ;
; z_out[7][-2]  ; Output   ; --            ; --            ; --                    ; --  ; --   ;
; z_out[7][-1]  ; Output   ; --            ; --            ; --                    ; --  ; --   ;
; z_out[7][0]   ; Output   ; --            ; --            ; --                    ; --  ; --   ;
; z_out[6][-11] ; Output   ; --            ; --            ; --                    ; --  ; --   ;
; z_out[6][-10] ; Output   ; --            ; --            ; --                    ; --  ; --   ;
; z_out[6][-9]  ; Output   ; --            ; --            ; --                    ; --  ; --   ;
; z_out[6][-8]  ; Output   ; --            ; --            ; --                    ; --  ; --   ;
; z_out[6][-7]  ; Output   ; --            ; --            ; --                    ; --  ; --   ;
; z_out[6][-6]  ; Output   ; --            ; --            ; --                    ; --  ; --   ;
; z_out[6][-5]  ; Output   ; --            ; --            ; --                    ; --  ; --   ;
; z_out[6][-4]  ; Output   ; --            ; --            ; --                    ; --  ; --   ;
; z_out[6][-3]  ; Output   ; --            ; --            ; --                    ; --  ; --   ;
; z_out[6][-2]  ; Output   ; --            ; --            ; --                    ; --  ; --   ;
; z_out[6][-1]  ; Output   ; --            ; --            ; --                    ; --  ; --   ;
; z_out[6][0]   ; Output   ; --            ; --            ; --                    ; --  ; --   ;
; z_out[5][-11] ; Output   ; --            ; --            ; --                    ; --  ; --   ;
; z_out[5][-10] ; Output   ; --            ; --            ; --                    ; --  ; --   ;
; z_out[5][-9]  ; Output   ; --            ; --            ; --                    ; --  ; --   ;
; z_out[5][-8]  ; Output   ; --            ; --            ; --                    ; --  ; --   ;
; z_out[5][-7]  ; Output   ; --            ; --            ; --                    ; --  ; --   ;
; z_out[5][-6]  ; Output   ; --            ; --            ; --                    ; --  ; --   ;
; z_out[5][-5]  ; Output   ; --            ; --            ; --                    ; --  ; --   ;
; z_out[5][-4]  ; Output   ; --            ; --            ; --                    ; --  ; --   ;
; z_out[5][-3]  ; Output   ; --            ; --            ; --                    ; --  ; --   ;
; z_out[5][-2]  ; Output   ; --            ; --            ; --                    ; --  ; --   ;
; z_out[5][-1]  ; Output   ; --            ; --            ; --                    ; --  ; --   ;
; z_out[5][0]   ; Output   ; --            ; --            ; --                    ; --  ; --   ;
; z_out[4][-11] ; Output   ; --            ; --            ; --                    ; --  ; --   ;
; z_out[4][-10] ; Output   ; --            ; --            ; --                    ; --  ; --   ;
; z_out[4][-9]  ; Output   ; --            ; --            ; --                    ; --  ; --   ;
; z_out[4][-8]  ; Output   ; --            ; --            ; --                    ; --  ; --   ;
; z_out[4][-7]  ; Output   ; --            ; --            ; --                    ; --  ; --   ;
; z_out[4][-6]  ; Output   ; --            ; --            ; --                    ; --  ; --   ;
; z_out[4][-5]  ; Output   ; --            ; --            ; --                    ; --  ; --   ;
; z_out[4][-4]  ; Output   ; --            ; --            ; --                    ; --  ; --   ;
; z_out[4][-3]  ; Output   ; --            ; --            ; --                    ; --  ; --   ;
; z_out[4][-2]  ; Output   ; --            ; --            ; --                    ; --  ; --   ;
; z_out[4][-1]  ; Output   ; --            ; --            ; --                    ; --  ; --   ;
; z_out[4][0]   ; Output   ; --            ; --            ; --                    ; --  ; --   ;
; z_out[3][-11] ; Output   ; --            ; --            ; --                    ; --  ; --   ;
; z_out[3][-10] ; Output   ; --            ; --            ; --                    ; --  ; --   ;
; z_out[3][-9]  ; Output   ; --            ; --            ; --                    ; --  ; --   ;
; z_out[3][-8]  ; Output   ; --            ; --            ; --                    ; --  ; --   ;
; z_out[3][-7]  ; Output   ; --            ; --            ; --                    ; --  ; --   ;
; z_out[3][-6]  ; Output   ; --            ; --            ; --                    ; --  ; --   ;
; z_out[3][-5]  ; Output   ; --            ; --            ; --                    ; --  ; --   ;
; z_out[3][-4]  ; Output   ; --            ; --            ; --                    ; --  ; --   ;
; z_out[3][-3]  ; Output   ; --            ; --            ; --                    ; --  ; --   ;
; z_out[3][-2]  ; Output   ; --            ; --            ; --                    ; --  ; --   ;
; z_out[3][-1]  ; Output   ; --            ; --            ; --                    ; --  ; --   ;
; z_out[3][0]   ; Output   ; --            ; --            ; --                    ; --  ; --   ;
; z_out[2][-11] ; Output   ; --            ; --            ; --                    ; --  ; --   ;
; z_out[2][-10] ; Output   ; --            ; --            ; --                    ; --  ; --   ;
; z_out[2][-9]  ; Output   ; --            ; --            ; --                    ; --  ; --   ;
; z_out[2][-8]  ; Output   ; --            ; --            ; --                    ; --  ; --   ;
; z_out[2][-7]  ; Output   ; --            ; --            ; --                    ; --  ; --   ;
; z_out[2][-6]  ; Output   ; --            ; --            ; --                    ; --  ; --   ;
; z_out[2][-5]  ; Output   ; --            ; --            ; --                    ; --  ; --   ;
; z_out[2][-4]  ; Output   ; --            ; --            ; --                    ; --  ; --   ;
; z_out[2][-3]  ; Output   ; --            ; --            ; --                    ; --  ; --   ;
; z_out[2][-2]  ; Output   ; --            ; --            ; --                    ; --  ; --   ;
; z_out[2][-1]  ; Output   ; --            ; --            ; --                    ; --  ; --   ;
; z_out[2][0]   ; Output   ; --            ; --            ; --                    ; --  ; --   ;
; z_out[1][-11] ; Output   ; --            ; --            ; --                    ; --  ; --   ;
; z_out[1][-10] ; Output   ; --            ; --            ; --                    ; --  ; --   ;
; z_out[1][-9]  ; Output   ; --            ; --            ; --                    ; --  ; --   ;
; z_out[1][-8]  ; Output   ; --            ; --            ; --                    ; --  ; --   ;
; z_out[1][-7]  ; Output   ; --            ; --            ; --                    ; --  ; --   ;
; z_out[1][-6]  ; Output   ; --            ; --            ; --                    ; --  ; --   ;
; z_out[1][-5]  ; Output   ; --            ; --            ; --                    ; --  ; --   ;
; z_out[1][-4]  ; Output   ; --            ; --            ; --                    ; --  ; --   ;
; z_out[1][-3]  ; Output   ; --            ; --            ; --                    ; --  ; --   ;
; z_out[1][-2]  ; Output   ; --            ; --            ; --                    ; --  ; --   ;
; z_out[1][-1]  ; Output   ; --            ; --            ; --                    ; --  ; --   ;
; z_out[1][0]   ; Output   ; --            ; --            ; --                    ; --  ; --   ;
; z_out[0][-11] ; Output   ; --            ; --            ; --                    ; --  ; --   ;
; z_out[0][-10] ; Output   ; --            ; --            ; --                    ; --  ; --   ;
; z_out[0][-9]  ; Output   ; --            ; --            ; --                    ; --  ; --   ;
; z_out[0][-8]  ; Output   ; --            ; --            ; --                    ; --  ; --   ;
; z_out[0][-7]  ; Output   ; --            ; --            ; --                    ; --  ; --   ;
; z_out[0][-6]  ; Output   ; --            ; --            ; --                    ; --  ; --   ;
; z_out[0][-5]  ; Output   ; --            ; --            ; --                    ; --  ; --   ;
; z_out[0][-4]  ; Output   ; --            ; --            ; --                    ; --  ; --   ;
; z_out[0][-3]  ; Output   ; --            ; --            ; --                    ; --  ; --   ;
; z_out[0][-2]  ; Output   ; --            ; --            ; --                    ; --  ; --   ;
; z_out[0][-1]  ; Output   ; --            ; --            ; --                    ; --  ; --   ;
; z_out[0][0]   ; Output   ; --            ; --            ; --                    ; --  ; --   ;
; clk           ; Input    ; (0) 0 ps      ; --            ; --                    ; --  ; --   ;
; x_in[0][-7]   ; Input    ; (6) 868 ps    ; --            ; --                    ; --  ; --   ;
; x_in[8][-7]   ; Input    ; (6) 868 ps    ; --            ; --                    ; --  ; --   ;
; x_in[0][-8]   ; Input    ; (6) 873 ps    ; --            ; --                    ; --  ; --   ;
; x_in[8][-8]   ; Input    ; (6) 873 ps    ; --            ; --                    ; --  ; --   ;
; x_in[0][-9]   ; Input    ; (6) 873 ps    ; --            ; --                    ; --  ; --   ;
; x_in[8][-9]   ; Input    ; (6) 873 ps    ; --            ; --                    ; --  ; --   ;
; x_in[0][-10]  ; Input    ; --            ; (6) 873 ps    ; --                    ; --  ; --   ;
; x_in[8][-10]  ; Input    ; (6) 873 ps    ; --            ; --                    ; --  ; --   ;
; x_in[0][-11]  ; Input    ; (6) 873 ps    ; --            ; --                    ; --  ; --   ;
; x_in[8][-11]  ; Input    ; --            ; (6) 868 ps    ; --                    ; --  ; --   ;
; x_in[4][-7]   ; Input    ; --            ; (6) 873 ps    ; --                    ; --  ; --   ;
; x_in[12][-7]  ; Input    ; (6) 873 ps    ; --            ; --                    ; --  ; --   ;
; x_in[4][-8]   ; Input    ; (6) 873 ps    ; --            ; --                    ; --  ; --   ;
; x_in[12][-8]  ; Input    ; --            ; (6) 868 ps    ; --                    ; --  ; --   ;
; x_in[4][-9]   ; Input    ; --            ; (6) 873 ps    ; --                    ; --  ; --   ;
; x_in[12][-9]  ; Input    ; (6) 873 ps    ; --            ; --                    ; --  ; --   ;
; x_in[4][-10]  ; Input    ; (6) 873 ps    ; --            ; --                    ; --  ; --   ;
; x_in[12][-10] ; Input    ; (6) 873 ps    ; --            ; --                    ; --  ; --   ;
; x_in[4][-11]  ; Input    ; (6) 868 ps    ; --            ; --                    ; --  ; --   ;
; x_in[12][-11] ; Input    ; --            ; (6) 873 ps    ; --                    ; --  ; --   ;
; x_in[2][-7]   ; Input    ; (6) 868 ps    ; --            ; --                    ; --  ; --   ;
; x_in[10][-7]  ; Input    ; (6) 868 ps    ; --            ; --                    ; --  ; --   ;
; x_in[2][-8]   ; Input    ; --            ; (6) 868 ps    ; --                    ; --  ; --   ;
; x_in[10][-8]  ; Input    ; (6) 868 ps    ; --            ; --                    ; --  ; --   ;
; x_in[2][-9]   ; Input    ; --            ; (6) 868 ps    ; --                    ; --  ; --   ;
; x_in[10][-9]  ; Input    ; (6) 868 ps    ; --            ; --                    ; --  ; --   ;
; x_in[2][-10]  ; Input    ; (6) 868 ps    ; --            ; --                    ; --  ; --   ;
; x_in[10][-10] ; Input    ; --            ; (6) 868 ps    ; --                    ; --  ; --   ;
; x_in[2][-11]  ; Input    ; --            ; (6) 868 ps    ; --                    ; --  ; --   ;
; x_in[10][-11] ; Input    ; (0) 0 ps      ; --            ; --                    ; --  ; --   ;
; x_in[6][-7]   ; Input    ; --            ; (6) 868 ps    ; --                    ; --  ; --   ;
; x_in[14][-7]  ; Input    ; --            ; (6) 868 ps    ; --                    ; --  ; --   ;
; x_in[6][-8]   ; Input    ; (6) 868 ps    ; --            ; --                    ; --  ; --   ;
; x_in[14][-8]  ; Input    ; (6) 868 ps    ; --            ; --                    ; --  ; --   ;
; x_in[6][-9]   ; Input    ; --            ; (6) 868 ps    ; --                    ; --  ; --   ;
; x_in[14][-9]  ; Input    ; (6) 868 ps    ; --            ; --                    ; --  ; --   ;
; x_in[6][-10]  ; Input    ; (6) 868 ps    ; --            ; --                    ; --  ; --   ;
; x_in[14][-10] ; Input    ; (6) 868 ps    ; --            ; --                    ; --  ; --   ;
; x_in[6][-11]  ; Input    ; --            ; (6) 868 ps    ; --                    ; --  ; --   ;
; x_in[14][-11] ; Input    ; (6) 868 ps    ; --            ; --                    ; --  ; --   ;
; x_in[1][-7]   ; Input    ; (6) 868 ps    ; --            ; --                    ; --  ; --   ;
; x_in[9][-7]   ; Input    ; (6) 873 ps    ; --            ; --                    ; --  ; --   ;
; x_in[1][-8]   ; Input    ; (6) 868 ps    ; --            ; --                    ; --  ; --   ;
; x_in[9][-8]   ; Input    ; (6) 868 ps    ; --            ; --                    ; --  ; --   ;
; x_in[1][-9]   ; Input    ; (6) 868 ps    ; --            ; --                    ; --  ; --   ;
; x_in[9][-9]   ; Input    ; --            ; (6) 868 ps    ; --                    ; --  ; --   ;
; x_in[1][-10]  ; Input    ; (6) 873 ps    ; --            ; --                    ; --  ; --   ;
; x_in[9][-10]  ; Input    ; --            ; (6) 868 ps    ; --                    ; --  ; --   ;
; x_in[1][-11]  ; Input    ; --            ; (6) 868 ps    ; --                    ; --  ; --   ;
; x_in[9][-11]  ; Input    ; (6) 868 ps    ; --            ; --                    ; --  ; --   ;
; x_in[5][-7]   ; Input    ; (6) 873 ps    ; --            ; --                    ; --  ; --   ;
; x_in[13][-7]  ; Input    ; (6) 868 ps    ; --            ; --                    ; --  ; --   ;
; x_in[5][-8]   ; Input    ; (6) 873 ps    ; --            ; --                    ; --  ; --   ;
; x_in[13][-8]  ; Input    ; (6) 868 ps    ; --            ; --                    ; --  ; --   ;
; x_in[5][-9]   ; Input    ; (6) 868 ps    ; --            ; --                    ; --  ; --   ;
; x_in[13][-9]  ; Input    ; --            ; (6) 868 ps    ; --                    ; --  ; --   ;
; x_in[5][-10]  ; Input    ; (6) 868 ps    ; --            ; --                    ; --  ; --   ;
; x_in[13][-10] ; Input    ; (6) 873 ps    ; --            ; --                    ; --  ; --   ;
; x_in[5][-11]  ; Input    ; (6) 868 ps    ; --            ; --                    ; --  ; --   ;
; x_in[13][-11] ; Input    ; --            ; (6) 868 ps    ; --                    ; --  ; --   ;
; x_in[3][-7]   ; Input    ; (6) 873 ps    ; --            ; --                    ; --  ; --   ;
; x_in[11][-7]  ; Input    ; (6) 873 ps    ; --            ; --                    ; --  ; --   ;
; x_in[3][-8]   ; Input    ; (6) 873 ps    ; --            ; --                    ; --  ; --   ;
; x_in[11][-8]  ; Input    ; (6) 873 ps    ; --            ; --                    ; --  ; --   ;
; x_in[3][-9]   ; Input    ; --            ; (6) 873 ps    ; --                    ; --  ; --   ;
; x_in[11][-9]  ; Input    ; --            ; (6) 873 ps    ; --                    ; --  ; --   ;
; x_in[3][-10]  ; Input    ; --            ; (6) 873 ps    ; --                    ; --  ; --   ;
; x_in[11][-10] ; Input    ; (6) 873 ps    ; --            ; --                    ; --  ; --   ;
; x_in[3][-11]  ; Input    ; (6) 873 ps    ; --            ; --                    ; --  ; --   ;
; x_in[11][-11] ; Input    ; --            ; (6) 873 ps    ; --                    ; --  ; --   ;
; x_in[7][-7]   ; Input    ; (6) 873 ps    ; --            ; --                    ; --  ; --   ;
; x_in[15][-7]  ; Input    ; (6) 873 ps    ; --            ; --                    ; --  ; --   ;
; x_in[7][-8]   ; Input    ; (6) 873 ps    ; --            ; --                    ; --  ; --   ;
; x_in[15][-8]  ; Input    ; --            ; (6) 873 ps    ; --                    ; --  ; --   ;
; x_in[7][-9]   ; Input    ; (6) 873 ps    ; --            ; --                    ; --  ; --   ;
; x_in[15][-9]  ; Input    ; (6) 873 ps    ; --            ; --                    ; --  ; --   ;
; x_in[7][-10]  ; Input    ; (6) 873 ps    ; --            ; --                    ; --  ; --   ;
; x_in[15][-10] ; Input    ; --            ; (6) 873 ps    ; --                    ; --  ; --   ;
; x_in[7][-11]  ; Input    ; (6) 873 ps    ; --            ; --                    ; --  ; --   ;
; x_in[15][-11] ; Input    ; --            ; (6) 873 ps    ; --                    ; --  ; --   ;
; x_in[0][-6]   ; Input    ; (6) 873 ps    ; --            ; --                    ; --  ; --   ;
; x_in[8][-6]   ; Input    ; --            ; (6) 873 ps    ; --                    ; --  ; --   ;
; x_in[4][-6]   ; Input    ; --            ; (6) 873 ps    ; --                    ; --  ; --   ;
; x_in[12][-6]  ; Input    ; --            ; (6) 868 ps    ; --                    ; --  ; --   ;
; x_in[2][-6]   ; Input    ; --            ; (6) 868 ps    ; --                    ; --  ; --   ;
; x_in[10][-6]  ; Input    ; (6) 868 ps    ; --            ; --                    ; --  ; --   ;
; x_in[6][-6]   ; Input    ; --            ; (6) 868 ps    ; --                    ; --  ; --   ;
; x_in[14][-6]  ; Input    ; (6) 868 ps    ; --            ; --                    ; --  ; --   ;
; x_in[1][-6]   ; Input    ; (6) 868 ps    ; --            ; --                    ; --  ; --   ;
; x_in[9][-6]   ; Input    ; (6) 868 ps    ; --            ; --                    ; --  ; --   ;
; x_in[5][-6]   ; Input    ; --            ; (6) 868 ps    ; --                    ; --  ; --   ;
; x_in[13][-6]  ; Input    ; (6) 868 ps    ; --            ; --                    ; --  ; --   ;
; x_in[3][-6]   ; Input    ; --            ; (6) 873 ps    ; --                    ; --  ; --   ;
; x_in[11][-6]  ; Input    ; (6) 873 ps    ; --            ; --                    ; --  ; --   ;
; x_in[7][-6]   ; Input    ; (6) 873 ps    ; --            ; --                    ; --  ; --   ;
; x_in[15][-6]  ; Input    ; (6) 873 ps    ; --            ; --                    ; --  ; --   ;
; x_in[0][-5]   ; Input    ; (6) 873 ps    ; --            ; --                    ; --  ; --   ;
; x_in[8][-5]   ; Input    ; (6) 868 ps    ; --            ; --                    ; --  ; --   ;
; x_in[4][-5]   ; Input    ; --            ; (6) 868 ps    ; --                    ; --  ; --   ;
; x_in[12][-5]  ; Input    ; --            ; (6) 868 ps    ; --                    ; --  ; --   ;
; x_in[2][-5]   ; Input    ; --            ; (6) 868 ps    ; --                    ; --  ; --   ;
; x_in[10][-5]  ; Input    ; --            ; (6) 868 ps    ; --                    ; --  ; --   ;
; x_in[6][-5]   ; Input    ; --            ; (6) 868 ps    ; --                    ; --  ; --   ;
; x_in[14][-5]  ; Input    ; --            ; (6) 868 ps    ; --                    ; --  ; --   ;
; x_in[1][-5]   ; Input    ; (6) 873 ps    ; --            ; --                    ; --  ; --   ;
; x_in[9][-5]   ; Input    ; --            ; (6) 868 ps    ; --                    ; --  ; --   ;
; x_in[5][-5]   ; Input    ; --            ; (6) 868 ps    ; --                    ; --  ; --   ;
; x_in[13][-5]  ; Input    ; --            ; (6) 868 ps    ; --                    ; --  ; --   ;
; x_in[3][-5]   ; Input    ; (6) 873 ps    ; --            ; --                    ; --  ; --   ;
; x_in[11][-5]  ; Input    ; (6) 873 ps    ; --            ; --                    ; --  ; --   ;
; x_in[7][-5]   ; Input    ; (6) 873 ps    ; --            ; --                    ; --  ; --   ;
; x_in[15][-5]  ; Input    ; (6) 873 ps    ; --            ; --                    ; --  ; --   ;
; x_in[0][-4]   ; Input    ; --            ; (6) 868 ps    ; --                    ; --  ; --   ;
; x_in[8][-4]   ; Input    ; --            ; (6) 873 ps    ; --                    ; --  ; --   ;
; x_in[4][-4]   ; Input    ; --            ; (6) 868 ps    ; --                    ; --  ; --   ;
; x_in[12][-4]  ; Input    ; (6) 868 ps    ; --            ; --                    ; --  ; --   ;
; x_in[2][-4]   ; Input    ; --            ; (6) 868 ps    ; --                    ; --  ; --   ;
; x_in[10][-4]  ; Input    ; --            ; (6) 868 ps    ; --                    ; --  ; --   ;
; x_in[6][-4]   ; Input    ; --            ; (6) 868 ps    ; --                    ; --  ; --   ;
; x_in[14][-4]  ; Input    ; (6) 868 ps    ; --            ; --                    ; --  ; --   ;
; x_in[1][-4]   ; Input    ; (6) 873 ps    ; --            ; --                    ; --  ; --   ;
; x_in[9][-4]   ; Input    ; (6) 868 ps    ; --            ; --                    ; --  ; --   ;
; x_in[5][-4]   ; Input    ; (6) 873 ps    ; --            ; --                    ; --  ; --   ;
; x_in[13][-4]  ; Input    ; (6) 868 ps    ; --            ; --                    ; --  ; --   ;
; x_in[3][-4]   ; Input    ; (6) 873 ps    ; --            ; --                    ; --  ; --   ;
; x_in[11][-4]  ; Input    ; --            ; (6) 873 ps    ; --                    ; --  ; --   ;
; x_in[7][-4]   ; Input    ; (6) 873 ps    ; --            ; --                    ; --  ; --   ;
; x_in[15][-4]  ; Input    ; (6) 873 ps    ; --            ; --                    ; --  ; --   ;
; x_in[0][-3]   ; Input    ; (6) 868 ps    ; --            ; --                    ; --  ; --   ;
; x_in[8][-3]   ; Input    ; --            ; (6) 868 ps    ; --                    ; --  ; --   ;
; x_in[4][-3]   ; Input    ; (6) 868 ps    ; --            ; --                    ; --  ; --   ;
; x_in[12][-3]  ; Input    ; (6) 868 ps    ; --            ; --                    ; --  ; --   ;
; x_in[2][-3]   ; Input    ; --            ; (6) 868 ps    ; --                    ; --  ; --   ;
; x_in[10][-3]  ; Input    ; (6) 868 ps    ; --            ; --                    ; --  ; --   ;
; x_in[6][-3]   ; Input    ; (6) 868 ps    ; --            ; --                    ; --  ; --   ;
; x_in[14][-3]  ; Input    ; (6) 868 ps    ; --            ; --                    ; --  ; --   ;
; x_in[1][-3]   ; Input    ; --            ; (6) 868 ps    ; --                    ; --  ; --   ;
; x_in[9][-3]   ; Input    ; (6) 873 ps    ; --            ; --                    ; --  ; --   ;
; x_in[5][-3]   ; Input    ; (6) 868 ps    ; --            ; --                    ; --  ; --   ;
; x_in[13][-3]  ; Input    ; (6) 868 ps    ; --            ; --                    ; --  ; --   ;
; x_in[3][-3]   ; Input    ; (6) 873 ps    ; --            ; --                    ; --  ; --   ;
; x_in[11][-3]  ; Input    ; --            ; (6) 873 ps    ; --                    ; --  ; --   ;
; x_in[7][-3]   ; Input    ; (6) 873 ps    ; --            ; --                    ; --  ; --   ;
; x_in[15][-3]  ; Input    ; (6) 873 ps    ; --            ; --                    ; --  ; --   ;
; x_in[0][-2]   ; Input    ; (6) 873 ps    ; --            ; --                    ; --  ; --   ;
; x_in[8][-2]   ; Input    ; --            ; (6) 873 ps    ; --                    ; --  ; --   ;
; x_in[4][-2]   ; Input    ; --            ; (6) 868 ps    ; --                    ; --  ; --   ;
; x_in[12][-2]  ; Input    ; --            ; (6) 868 ps    ; --                    ; --  ; --   ;
; x_in[2][-2]   ; Input    ; (6) 868 ps    ; --            ; --                    ; --  ; --   ;
; x_in[10][-2]  ; Input    ; --            ; (6) 868 ps    ; --                    ; --  ; --   ;
; x_in[6][-2]   ; Input    ; --            ; (6) 868 ps    ; --                    ; --  ; --   ;
; x_in[14][-2]  ; Input    ; --            ; (6) 868 ps    ; --                    ; --  ; --   ;
; x_in[1][-2]   ; Input    ; --            ; (6) 868 ps    ; --                    ; --  ; --   ;
; x_in[9][-2]   ; Input    ; --            ; (6) 868 ps    ; --                    ; --  ; --   ;
; x_in[5][-2]   ; Input    ; (6) 868 ps    ; --            ; --                    ; --  ; --   ;
; x_in[13][-2]  ; Input    ; (6) 868 ps    ; --            ; --                    ; --  ; --   ;
; x_in[3][-2]   ; Input    ; --            ; (6) 873 ps    ; --                    ; --  ; --   ;
; x_in[11][-2]  ; Input    ; --            ; (6) 873 ps    ; --                    ; --  ; --   ;
; x_in[7][-2]   ; Input    ; --            ; (6) 873 ps    ; --                    ; --  ; --   ;
; x_in[15][-2]  ; Input    ; (6) 873 ps    ; --            ; --                    ; --  ; --   ;
; x_in[0][-1]   ; Input    ; (6) 873 ps    ; --            ; --                    ; --  ; --   ;
; x_in[8][-1]   ; Input    ; (6) 868 ps    ; --            ; --                    ; --  ; --   ;
; x_in[4][-1]   ; Input    ; (6) 868 ps    ; --            ; --                    ; --  ; --   ;
; x_in[12][-1]  ; Input    ; (6) 868 ps    ; --            ; --                    ; --  ; --   ;
; x_in[2][-1]   ; Input    ; --            ; (6) 868 ps    ; --                    ; --  ; --   ;
; x_in[10][-1]  ; Input    ; (6) 868 ps    ; --            ; --                    ; --  ; --   ;
; x_in[6][-1]   ; Input    ; (6) 868 ps    ; --            ; --                    ; --  ; --   ;
; x_in[14][-1]  ; Input    ; --            ; (6) 868 ps    ; --                    ; --  ; --   ;
; x_in[1][-1]   ; Input    ; (6) 868 ps    ; --            ; --                    ; --  ; --   ;
; x_in[9][-1]   ; Input    ; (6) 868 ps    ; --            ; --                    ; --  ; --   ;
; x_in[5][-1]   ; Input    ; (6) 873 ps    ; --            ; --                    ; --  ; --   ;
; x_in[13][-1]  ; Input    ; --            ; (6) 868 ps    ; --                    ; --  ; --   ;
; x_in[3][-1]   ; Input    ; --            ; (6) 873 ps    ; --                    ; --  ; --   ;
; x_in[11][-1]  ; Input    ; --            ; (6) 873 ps    ; --                    ; --  ; --   ;
; x_in[7][-1]   ; Input    ; (6) 873 ps    ; --            ; --                    ; --  ; --   ;
; x_in[15][-1]  ; Input    ; (6) 873 ps    ; --            ; --                    ; --  ; --   ;
; x_in[0][0]    ; Input    ; (6) 868 ps    ; --            ; --                    ; --  ; --   ;
; x_in[8][0]    ; Input    ; --            ; (6) 873 ps    ; --                    ; --  ; --   ;
; x_in[4][0]    ; Input    ; (6) 873 ps    ; --            ; --                    ; --  ; --   ;
; x_in[12][0]   ; Input    ; (6) 873 ps    ; --            ; --                    ; --  ; --   ;
; x_in[2][0]    ; Input    ; (6) 868 ps    ; --            ; --                    ; --  ; --   ;
; x_in[10][0]   ; Input    ; --            ; (6) 868 ps    ; --                    ; --  ; --   ;
; x_in[6][0]    ; Input    ; --            ; (6) 868 ps    ; --                    ; --  ; --   ;
; x_in[14][0]   ; Input    ; (6) 868 ps    ; --            ; --                    ; --  ; --   ;
; x_in[1][0]    ; Input    ; (6) 868 ps    ; --            ; --                    ; --  ; --   ;
; x_in[9][0]    ; Input    ; (6) 868 ps    ; --            ; --                    ; --  ; --   ;
; x_in[5][0]    ; Input    ; --            ; (6) 868 ps    ; --                    ; --  ; --   ;
; x_in[13][0]   ; Input    ; (6) 868 ps    ; --            ; --                    ; --  ; --   ;
; x_in[3][0]    ; Input    ; (6) 873 ps    ; --            ; --                    ; --  ; --   ;
; x_in[11][0]   ; Input    ; (6) 873 ps    ; --            ; --                    ; --  ; --   ;
; x_in[7][0]    ; Input    ; (6) 873 ps    ; --            ; --                    ; --  ; --   ;
; x_in[15][0]   ; Input    ; (6) 873 ps    ; --            ; --                    ; --  ; --   ;
+---------------+----------+---------------+---------------+-----------------------+-----+------+


+------------------------------------------------------------+
; Pad To Core Delay Chain Fanout                             ;
+------------------------------+-------------------+---------+
; Source Pin / Fanout          ; Pad To Core Index ; Setting ;
+------------------------------+-------------------+---------+
; rst                          ;                   ;         ;
; clk                          ;                   ;         ;
; x_in[0][-7]                  ;                   ;         ;
;      - x_reg[0][-7]~feeder   ; 0                 ; 6       ;
; x_in[8][-7]                  ;                   ;         ;
;      - x_reg[8][-7]          ; 0                 ; 6       ;
; x_in[0][-8]                  ;                   ;         ;
;      - x_reg[0][-8]          ; 0                 ; 6       ;
; x_in[8][-8]                  ;                   ;         ;
;      - x_reg[8][-8]~feeder   ; 0                 ; 6       ;
; x_in[0][-9]                  ;                   ;         ;
;      - x_reg[0][-9]~feeder   ; 0                 ; 6       ;
; x_in[8][-9]                  ;                   ;         ;
;      - x_reg[8][-9]~feeder   ; 0                 ; 6       ;
; x_in[0][-10]                 ;                   ;         ;
;      - x_reg[0][-10]         ; 1                 ; 6       ;
; x_in[8][-10]                 ;                   ;         ;
;      - x_reg[8][-10]~feeder  ; 0                 ; 6       ;
; x_in[0][-11]                 ;                   ;         ;
;      - x_reg[0][-11]~feeder  ; 0                 ; 6       ;
; x_in[8][-11]                 ;                   ;         ;
;      - x_reg[8][-11]~feeder  ; 1                 ; 6       ;
; x_in[4][-7]                  ;                   ;         ;
;      - x_reg[4][-7]          ; 1                 ; 6       ;
; x_in[12][-7]                 ;                   ;         ;
;      - x_reg[12][-7]         ; 0                 ; 6       ;
; x_in[4][-8]                  ;                   ;         ;
;      - x_reg[4][-8]~feeder   ; 0                 ; 6       ;
; x_in[12][-8]                 ;                   ;         ;
;      - x_reg[12][-8]~feeder  ; 1                 ; 6       ;
; x_in[4][-9]                  ;                   ;         ;
;      - x_reg[4][-9]~feeder   ; 1                 ; 6       ;
; x_in[12][-9]                 ;                   ;         ;
;      - x_reg[12][-9]~feeder  ; 0                 ; 6       ;
; x_in[4][-10]                 ;                   ;         ;
;      - x_reg[4][-10]~feeder  ; 0                 ; 6       ;
; x_in[12][-10]                ;                   ;         ;
;      - x_reg[12][-10]~feeder ; 0                 ; 6       ;
; x_in[4][-11]                 ;                   ;         ;
;      - x_reg[4][-11]~feeder  ; 0                 ; 6       ;
; x_in[12][-11]                ;                   ;         ;
;      - x_reg[12][-11]        ; 1                 ; 6       ;
; x_in[2][-7]                  ;                   ;         ;
;      - x_reg[2][-7]~feeder   ; 0                 ; 6       ;
; x_in[10][-7]                 ;                   ;         ;
;      - x_reg[10][-7]~feeder  ; 0                 ; 6       ;
; x_in[2][-8]                  ;                   ;         ;
;      - x_reg[2][-8]          ; 1                 ; 6       ;
; x_in[10][-8]                 ;                   ;         ;
;      - x_reg[10][-8]~feeder  ; 0                 ; 6       ;
; x_in[2][-9]                  ;                   ;         ;
;      - x_reg[2][-9]~feeder   ; 1                 ; 6       ;
; x_in[10][-9]                 ;                   ;         ;
;      - x_reg[10][-9]~feeder  ; 0                 ; 6       ;
; x_in[2][-10]                 ;                   ;         ;
;      - x_reg[2][-10]~feeder  ; 0                 ; 6       ;
; x_in[10][-10]                ;                   ;         ;
;      - x_reg[10][-10]~feeder ; 1                 ; 6       ;
; x_in[2][-11]                 ;                   ;         ;
;      - x_reg[2][-11]~feeder  ; 1                 ; 6       ;
; x_in[10][-11]                ;                   ;         ;
;      - x_reg[10][-11]~feeder ; 0                 ; 0       ;
; x_in[6][-7]                  ;                   ;         ;
;      - x_reg[6][-7]~feeder   ; 1                 ; 6       ;
; x_in[14][-7]                 ;                   ;         ;
;      - x_reg[14][-7]~feeder  ; 1                 ; 6       ;
; x_in[6][-8]                  ;                   ;         ;
;      - x_reg[6][-8]~feeder   ; 0                 ; 6       ;
; x_in[14][-8]                 ;                   ;         ;
;      - x_reg[14][-8]         ; 0                 ; 6       ;
; x_in[6][-9]                  ;                   ;         ;
;      - x_reg[6][-9]~feeder   ; 1                 ; 6       ;
; x_in[14][-9]                 ;                   ;         ;
;      - x_reg[14][-9]~feeder  ; 0                 ; 6       ;
; x_in[6][-10]                 ;                   ;         ;
;      - x_reg[6][-10]~feeder  ; 0                 ; 6       ;
; x_in[14][-10]                ;                   ;         ;
;      - x_reg[14][-10]~feeder ; 0                 ; 6       ;
; x_in[6][-11]                 ;                   ;         ;
;      - x_reg[6][-11]~feeder  ; 1                 ; 6       ;
; x_in[14][-11]                ;                   ;         ;
;      - x_reg[14][-11]~feeder ; 0                 ; 6       ;
; x_in[1][-7]                  ;                   ;         ;
;      - x_reg[1][-7]~feeder   ; 0                 ; 6       ;
; x_in[9][-7]                  ;                   ;         ;
;      - x_reg[9][-7]~feeder   ; 0                 ; 6       ;
; x_in[1][-8]                  ;                   ;         ;
;      - x_reg[1][-8]~feeder   ; 0                 ; 6       ;
; x_in[9][-8]                  ;                   ;         ;
;      - x_reg[9][-8]~feeder   ; 0                 ; 6       ;
; x_in[1][-9]                  ;                   ;         ;
;      - x_reg[1][-9]~feeder   ; 0                 ; 6       ;
; x_in[9][-9]                  ;                   ;         ;
;      - x_reg[9][-9]~feeder   ; 1                 ; 6       ;
; x_in[1][-10]                 ;                   ;         ;
;      - x_reg[1][-10]~feeder  ; 0                 ; 6       ;
; x_in[9][-10]                 ;                   ;         ;
;      - x_reg[9][-10]~feeder  ; 1                 ; 6       ;
; x_in[1][-11]                 ;                   ;         ;
;      - x_reg[1][-11]~feeder  ; 1                 ; 6       ;
; x_in[9][-11]                 ;                   ;         ;
;      - x_reg[9][-11]~feeder  ; 0                 ; 6       ;
; x_in[5][-7]                  ;                   ;         ;
;      - x_reg[5][-7]~feeder   ; 0                 ; 6       ;
; x_in[13][-7]                 ;                   ;         ;
;      - x_reg[13][-7]~feeder  ; 0                 ; 6       ;
; x_in[5][-8]                  ;                   ;         ;
;      - x_reg[5][-8]~feeder   ; 0                 ; 6       ;
; x_in[13][-8]                 ;                   ;         ;
;      - x_reg[13][-8]         ; 0                 ; 6       ;
; x_in[5][-9]                  ;                   ;         ;
;      - x_reg[5][-9]~feeder   ; 0                 ; 6       ;
; x_in[13][-9]                 ;                   ;         ;
;      - x_reg[13][-9]~feeder  ; 1                 ; 6       ;
; x_in[5][-10]                 ;                   ;         ;
;      - x_reg[5][-10]~feeder  ; 0                 ; 6       ;
; x_in[13][-10]                ;                   ;         ;
;      - x_reg[13][-10]~feeder ; 0                 ; 6       ;
; x_in[5][-11]                 ;                   ;         ;
;      - x_reg[5][-11]~feeder  ; 0                 ; 6       ;
; x_in[13][-11]                ;                   ;         ;
;      - x_reg[13][-11]~feeder ; 1                 ; 6       ;
; x_in[3][-7]                  ;                   ;         ;
;      - x_reg[3][-7]~feeder   ; 0                 ; 6       ;
; x_in[11][-7]                 ;                   ;         ;
;      - x_reg[11][-7]~feeder  ; 0                 ; 6       ;
; x_in[3][-8]                  ;                   ;         ;
;      - x_reg[3][-8]          ; 0                 ; 6       ;
; x_in[11][-8]                 ;                   ;         ;
;      - x_reg[11][-8]~feeder  ; 0                 ; 6       ;
; x_in[3][-9]                  ;                   ;         ;
;      - x_reg[3][-9]~feeder   ; 1                 ; 6       ;
; x_in[11][-9]                 ;                   ;         ;
;      - x_reg[11][-9]~feeder  ; 1                 ; 6       ;
; x_in[3][-10]                 ;                   ;         ;
;      - x_reg[3][-10]         ; 1                 ; 6       ;
; x_in[11][-10]                ;                   ;         ;
;      - x_reg[11][-10]~feeder ; 0                 ; 6       ;
; x_in[3][-11]                 ;                   ;         ;
;      - x_reg[3][-11]~feeder  ; 0                 ; 6       ;
; x_in[11][-11]                ;                   ;         ;
;      - x_reg[11][-11]~feeder ; 1                 ; 6       ;
; x_in[7][-7]                  ;                   ;         ;
;      - x_reg[7][-7]~feeder   ; 0                 ; 6       ;
; x_in[15][-7]                 ;                   ;         ;
;      - x_reg[15][-7]~feeder  ; 0                 ; 6       ;
; x_in[7][-8]                  ;                   ;         ;
;      - x_reg[7][-8]~feeder   ; 0                 ; 6       ;
; x_in[15][-8]                 ;                   ;         ;
;      - x_reg[15][-8]         ; 1                 ; 6       ;
; x_in[7][-9]                  ;                   ;         ;
;      - x_reg[7][-9]~feeder   ; 0                 ; 6       ;
; x_in[15][-9]                 ;                   ;         ;
;      - x_reg[15][-9]~feeder  ; 0                 ; 6       ;
; x_in[7][-10]                 ;                   ;         ;
;      - x_reg[7][-10]~feeder  ; 0                 ; 6       ;
; x_in[15][-10]                ;                   ;         ;
;      - x_reg[15][-10]~feeder ; 1                 ; 6       ;
; x_in[7][-11]                 ;                   ;         ;
;      - x_reg[7][-11]~feeder  ; 0                 ; 6       ;
; x_in[15][-11]                ;                   ;         ;
;      - x_reg[15][-11]~feeder ; 1                 ; 6       ;
; x_in[0][-6]                  ;                   ;         ;
;      - x_reg[0][-6]          ; 0                 ; 6       ;
; x_in[8][-6]                  ;                   ;         ;
;      - x_reg[8][-6]~feeder   ; 1                 ; 6       ;
; x_in[4][-6]                  ;                   ;         ;
;      - x_reg[4][-6]~feeder   ; 1                 ; 6       ;
; x_in[12][-6]                 ;                   ;         ;
;      - x_reg[12][-6]~feeder  ; 1                 ; 6       ;
; x_in[2][-6]                  ;                   ;         ;
;      - x_reg[2][-6]~feeder   ; 1                 ; 6       ;
; x_in[10][-6]                 ;                   ;         ;
;      - x_reg[10][-6]~feeder  ; 0                 ; 6       ;
; x_in[6][-6]                  ;                   ;         ;
;      - x_reg[6][-6]~feeder   ; 1                 ; 6       ;
; x_in[14][-6]                 ;                   ;         ;
;      - x_reg[14][-6]~feeder  ; 0                 ; 6       ;
; x_in[1][-6]                  ;                   ;         ;
;      - x_reg[1][-6]~feeder   ; 0                 ; 6       ;
; x_in[9][-6]                  ;                   ;         ;
;      - x_reg[9][-6]~feeder   ; 0                 ; 6       ;
; x_in[5][-6]                  ;                   ;         ;
;      - x_reg[5][-6]~feeder   ; 1                 ; 6       ;
; x_in[13][-6]                 ;                   ;         ;
;      - x_reg[13][-6]~feeder  ; 0                 ; 6       ;
; x_in[3][-6]                  ;                   ;         ;
;      - x_reg[3][-6]~feeder   ; 1                 ; 6       ;
; x_in[11][-6]                 ;                   ;         ;
;      - x_reg[11][-6]~feeder  ; 0                 ; 6       ;
; x_in[7][-6]                  ;                   ;         ;
;      - x_reg[7][-6]~feeder   ; 0                 ; 6       ;
; x_in[15][-6]                 ;                   ;         ;
;      - x_reg[15][-6]~feeder  ; 0                 ; 6       ;
; x_in[0][-5]                  ;                   ;         ;
;      - x_reg[0][-5]~feeder   ; 0                 ; 6       ;
; x_in[8][-5]                  ;                   ;         ;
;      - x_reg[8][-5]~feeder   ; 0                 ; 6       ;
; x_in[4][-5]                  ;                   ;         ;
;      - x_reg[4][-5]~feeder   ; 1                 ; 6       ;
; x_in[12][-5]                 ;                   ;         ;
;      - x_reg[12][-5]~feeder  ; 1                 ; 6       ;
; x_in[2][-5]                  ;                   ;         ;
;      - x_reg[2][-5]          ; 1                 ; 6       ;
; x_in[10][-5]                 ;                   ;         ;
;      - x_reg[10][-5]~feeder  ; 1                 ; 6       ;
; x_in[6][-5]                  ;                   ;         ;
;      - x_reg[6][-5]          ; 1                 ; 6       ;
; x_in[14][-5]                 ;                   ;         ;
;      - x_reg[14][-5]~feeder  ; 1                 ; 6       ;
; x_in[1][-5]                  ;                   ;         ;
;      - x_reg[1][-5]~feeder   ; 0                 ; 6       ;
; x_in[9][-5]                  ;                   ;         ;
;      - x_reg[9][-5]~feeder   ; 1                 ; 6       ;
; x_in[5][-5]                  ;                   ;         ;
;      - x_reg[5][-5]~feeder   ; 1                 ; 6       ;
; x_in[13][-5]                 ;                   ;         ;
;      - x_reg[13][-5]~feeder  ; 1                 ; 6       ;
; x_in[3][-5]                  ;                   ;         ;
;      - x_reg[3][-5]~feeder   ; 0                 ; 6       ;
; x_in[11][-5]                 ;                   ;         ;
;      - x_reg[11][-5]~feeder  ; 0                 ; 6       ;
; x_in[7][-5]                  ;                   ;         ;
;      - x_reg[7][-5]~feeder   ; 0                 ; 6       ;
; x_in[15][-5]                 ;                   ;         ;
;      - x_reg[15][-5]~feeder  ; 0                 ; 6       ;
; x_in[0][-4]                  ;                   ;         ;
;      - x_reg[0][-4]~feeder   ; 1                 ; 6       ;
; x_in[8][-4]                  ;                   ;         ;
;      - x_reg[8][-4]~feeder   ; 1                 ; 6       ;
; x_in[4][-4]                  ;                   ;         ;
;      - x_reg[4][-4]~feeder   ; 1                 ; 6       ;
; x_in[12][-4]                 ;                   ;         ;
;      - x_reg[12][-4]~feeder  ; 0                 ; 6       ;
; x_in[2][-4]                  ;                   ;         ;
;      - x_reg[2][-4]~feeder   ; 1                 ; 6       ;
; x_in[10][-4]                 ;                   ;         ;
;      - x_reg[10][-4]~feeder  ; 1                 ; 6       ;
; x_in[6][-4]                  ;                   ;         ;
;      - x_reg[6][-4]~feeder   ; 1                 ; 6       ;
; x_in[14][-4]                 ;                   ;         ;
;      - x_reg[14][-4]~feeder  ; 0                 ; 6       ;
; x_in[1][-4]                  ;                   ;         ;
;      - x_reg[1][-4]~feeder   ; 0                 ; 6       ;
; x_in[9][-4]                  ;                   ;         ;
;      - x_reg[9][-4]~feeder   ; 0                 ; 6       ;
; x_in[5][-4]                  ;                   ;         ;
;      - x_reg[5][-4]~feeder   ; 0                 ; 6       ;
; x_in[13][-4]                 ;                   ;         ;
;      - x_reg[13][-4]~feeder  ; 0                 ; 6       ;
; x_in[3][-4]                  ;                   ;         ;
;      - x_reg[3][-4]~feeder   ; 0                 ; 6       ;
; x_in[11][-4]                 ;                   ;         ;
;      - x_reg[11][-4]~feeder  ; 1                 ; 6       ;
; x_in[7][-4]                  ;                   ;         ;
;      - x_reg[7][-4]~feeder   ; 0                 ; 6       ;
; x_in[15][-4]                 ;                   ;         ;
;      - x_reg[15][-4]         ; 0                 ; 6       ;
; x_in[0][-3]                  ;                   ;         ;
;      - x_reg[0][-3]~feeder   ; 0                 ; 6       ;
; x_in[8][-3]                  ;                   ;         ;
;      - x_reg[8][-3]~feeder   ; 1                 ; 6       ;
; x_in[4][-3]                  ;                   ;         ;
;      - x_reg[4][-3]~feeder   ; 0                 ; 6       ;
; x_in[12][-3]                 ;                   ;         ;
;      - x_reg[12][-3]~feeder  ; 0                 ; 6       ;
; x_in[2][-3]                  ;                   ;         ;
;      - x_reg[2][-3]          ; 1                 ; 6       ;
; x_in[10][-3]                 ;                   ;         ;
;      - x_reg[10][-3]~feeder  ; 0                 ; 6       ;
; x_in[6][-3]                  ;                   ;         ;
;      - x_reg[6][-3]~feeder   ; 0                 ; 6       ;
; x_in[14][-3]                 ;                   ;         ;
;      - x_reg[14][-3]~feeder  ; 0                 ; 6       ;
; x_in[1][-3]                  ;                   ;         ;
;      - x_reg[1][-3]~feeder   ; 1                 ; 6       ;
; x_in[9][-3]                  ;                   ;         ;
;      - x_reg[9][-3]~feeder   ; 0                 ; 6       ;
; x_in[5][-3]                  ;                   ;         ;
;      - x_reg[5][-3]~feeder   ; 0                 ; 6       ;
; x_in[13][-3]                 ;                   ;         ;
;      - x_reg[13][-3]~feeder  ; 0                 ; 6       ;
; x_in[3][-3]                  ;                   ;         ;
;      - x_reg[3][-3]~feeder   ; 0                 ; 6       ;
; x_in[11][-3]                 ;                   ;         ;
;      - x_reg[11][-3]~feeder  ; 1                 ; 6       ;
; x_in[7][-3]                  ;                   ;         ;
;      - x_reg[7][-3]~feeder   ; 0                 ; 6       ;
; x_in[15][-3]                 ;                   ;         ;
;      - x_reg[15][-3]~feeder  ; 0                 ; 6       ;
; x_in[0][-2]                  ;                   ;         ;
;      - x_reg[0][-2]~feeder   ; 0                 ; 6       ;
; x_in[8][-2]                  ;                   ;         ;
;      - x_reg[8][-2]~feeder   ; 1                 ; 6       ;
; x_in[4][-2]                  ;                   ;         ;
;      - x_reg[4][-2]~feeder   ; 1                 ; 6       ;
; x_in[12][-2]                 ;                   ;         ;
;      - x_reg[12][-2]~feeder  ; 1                 ; 6       ;
; x_in[2][-2]                  ;                   ;         ;
;      - x_reg[2][-2]~feeder   ; 0                 ; 6       ;
; x_in[10][-2]                 ;                   ;         ;
;      - x_reg[10][-2]~feeder  ; 1                 ; 6       ;
; x_in[6][-2]                  ;                   ;         ;
;      - x_reg[6][-2]~feeder   ; 1                 ; 6       ;
; x_in[14][-2]                 ;                   ;         ;
;      - x_reg[14][-2]~feeder  ; 1                 ; 6       ;
; x_in[1][-2]                  ;                   ;         ;
;      - x_reg[1][-2]~feeder   ; 1                 ; 6       ;
; x_in[9][-2]                  ;                   ;         ;
;      - x_reg[9][-2]~feeder   ; 1                 ; 6       ;
; x_in[5][-2]                  ;                   ;         ;
;      - x_reg[5][-2]          ; 0                 ; 6       ;
; x_in[13][-2]                 ;                   ;         ;
;      - x_reg[13][-2]~feeder  ; 0                 ; 6       ;
; x_in[3][-2]                  ;                   ;         ;
;      - x_reg[3][-2]          ; 1                 ; 6       ;
; x_in[11][-2]                 ;                   ;         ;
;      - x_reg[11][-2]~feeder  ; 1                 ; 6       ;
; x_in[7][-2]                  ;                   ;         ;
;      - x_reg[7][-2]~feeder   ; 1                 ; 6       ;
; x_in[15][-2]                 ;                   ;         ;
;      - x_reg[15][-2]~feeder  ; 0                 ; 6       ;
; x_in[0][-1]                  ;                   ;         ;
;      - x_reg[0][-1]~feeder   ; 0                 ; 6       ;
; x_in[8][-1]                  ;                   ;         ;
;      - x_reg[8][-1]~feeder   ; 0                 ; 6       ;
; x_in[4][-1]                  ;                   ;         ;
;      - x_reg[4][-1]~feeder   ; 0                 ; 6       ;
; x_in[12][-1]                 ;                   ;         ;
;      - x_reg[12][-1]~feeder  ; 0                 ; 6       ;
; x_in[2][-1]                  ;                   ;         ;
;      - x_reg[2][-1]~feeder   ; 1                 ; 6       ;
; x_in[10][-1]                 ;                   ;         ;
;      - x_reg[10][-1]~feeder  ; 0                 ; 6       ;
; x_in[6][-1]                  ;                   ;         ;
;      - x_reg[6][-1]~feeder   ; 0                 ; 6       ;
; x_in[14][-1]                 ;                   ;         ;
;      - x_reg[14][-1]~feeder  ; 1                 ; 6       ;
; x_in[1][-1]                  ;                   ;         ;
;      - x_reg[1][-1]~feeder   ; 0                 ; 6       ;
; x_in[9][-1]                  ;                   ;         ;
;      - x_reg[9][-1]~feeder   ; 0                 ; 6       ;
; x_in[5][-1]                  ;                   ;         ;
;      - x_reg[5][-1]~feeder   ; 0                 ; 6       ;
; x_in[13][-1]                 ;                   ;         ;
;      - x_reg[13][-1]~feeder  ; 1                 ; 6       ;
; x_in[3][-1]                  ;                   ;         ;
;      - x_reg[3][-1]~feeder   ; 1                 ; 6       ;
; x_in[11][-1]                 ;                   ;         ;
;      - x_reg[11][-1]~feeder  ; 1                 ; 6       ;
; x_in[7][-1]                  ;                   ;         ;
;      - x_reg[7][-1]~feeder   ; 0                 ; 6       ;
; x_in[15][-1]                 ;                   ;         ;
;      - x_reg[15][-1]~feeder  ; 0                 ; 6       ;
; x_in[0][0]                   ;                   ;         ;
;      - x_reg[0][0]~feeder    ; 0                 ; 6       ;
; x_in[8][0]                   ;                   ;         ;
;      - x_reg[8][0]~feeder    ; 1                 ; 6       ;
; x_in[4][0]                   ;                   ;         ;
;      - x_reg[4][0]~feeder    ; 0                 ; 6       ;
; x_in[12][0]                  ;                   ;         ;
;      - x_reg[12][0]~feeder   ; 0                 ; 6       ;
; x_in[2][0]                   ;                   ;         ;
;      - x_reg[2][0]~feeder    ; 0                 ; 6       ;
; x_in[10][0]                  ;                   ;         ;
;      - x_reg[10][0]~feeder   ; 1                 ; 6       ;
; x_in[6][0]                   ;                   ;         ;
;      - x_reg[6][0]~feeder    ; 1                 ; 6       ;
; x_in[14][0]                  ;                   ;         ;
;      - x_reg[14][0]~feeder   ; 0                 ; 6       ;
; x_in[1][0]                   ;                   ;         ;
;      - x_reg[1][0]~feeder    ; 0                 ; 6       ;
; x_in[9][0]                   ;                   ;         ;
;      - x_reg[9][0]           ; 0                 ; 6       ;
; x_in[5][0]                   ;                   ;         ;
;      - x_reg[5][0]~feeder    ; 1                 ; 6       ;
; x_in[13][0]                  ;                   ;         ;
;      - x_reg[13][0]~feeder   ; 0                 ; 6       ;
; x_in[3][0]                   ;                   ;         ;
;      - x_reg[3][0]~feeder    ; 0                 ; 6       ;
; x_in[11][0]                  ;                   ;         ;
;      - x_reg[11][0]~feeder   ; 0                 ; 6       ;
; x_in[7][0]                   ;                   ;         ;
;      - x_reg[7][0]~feeder    ; 0                 ; 6       ;
; x_in[15][0]                  ;                   ;         ;
;      - x_reg[15][0]~feeder   ; 0                 ; 6       ;
+------------------------------+-------------------+---------+


+------------------------------------------------------------------------------------------------------------------------------------------------------------------------+
; Control Signals                                                                                                                                                        ;
+-------------------------------------------------+---------------+---------+-------------+--------+----------------------+------------------+---------------------------+
; Name                                            ; Location      ; Fan-Out ; Usage       ; Global ; Global Resource Used ; Global Line Name ; Enable Signal Source Name ;
+-------------------------------------------------+---------------+---------+-------------+--------+----------------------+------------------+---------------------------+
; clk                                             ; PIN_M8        ; 2132    ; Clock       ; yes    ; Global Clock         ; GCLK3            ; --                        ;
; fft16OPT:UUT|complex_mult_twiddle:UUT13|k_s2[3] ; FF_X44_Y21_N9 ; 203     ; Sync. clear ; no     ; --                   ; --               ; --                        ;
+-------------------------------------------------+---------------+---------+-------------+--------+----------------------+------------------+---------------------------+


+----------------------------------------------------------------------------------------------------------------------------------------+
; Global & Other Fast Signals                                                                                                            ;
+------+----------+---------+--------------------------------------+----------------------+------------------+---------------------------+
; Name ; Location ; Fan-Out ; Fan-Out Using Intentional Clock Skew ; Global Resource Used ; Global Line Name ; Enable Signal Source Name ;
+------+----------+---------+--------------------------------------+----------------------+------------------+---------------------------+
; clk  ; PIN_M8   ; 2132    ; 48                                   ; Global Clock         ; GCLK3            ; --                        ;
+------+----------+---------+--------------------------------------+----------------------+------------------+---------------------------+


+------------------------------------------------------------------------------------------------------------------------------------------------------------------------------------------------------------------------------------------------------------------------------------------------------------------------------------------------------------------------------------------------------------------------------------------------------------------------------------------------------------------------------------------------------------------------------------------------------------------------------------------------------------------------------------+
; Fitter RAM Summary                                                                                                                                                                                                                                                                                                                                                                                                                                                                                                                                                                                                                                                                 ;
+----------------------------------------------------------------------------------------------------------------------------------------+------+------------------+--------------+--------------+--------------+--------------+--------------+------------------------+-------------------------+------------------------+-------------------------+------+-----------------------------+-----------------------------+-----------------------------+-----------------------------+---------------------+------+------+--------------------------------+----------------------+------------------------+------------------------+----------+------------------------+---------------+
; Name                                                                                                                                   ; Type ; Mode             ; Clock Mode   ; Port A Depth ; Port A Width ; Port B Depth ; Port B Width ; Port A Input Registers ; Port A Output Registers ; Port B Input Registers ; Port B Output Registers ; Size ; Implementation Port A Depth ; Implementation Port A Width ; Implementation Port B Depth ; Implementation Port B Width ; Implementation Bits ; M9Ks ; MIF  ; Location                       ; Mixed Width RDW Mode ; Port A RDW Mode        ; Port B RDW Mode        ; ECC Mode ; ECC Pipeline Registers ; Fits in MLABs ;
+----------------------------------------------------------------------------------------------------------------------------------------+------+------------------+--------------+--------------+--------------+--------------+--------------+------------------------+-------------------------+------------------------+-------------------------+------+-----------------------------+-----------------------------+-----------------------------+-----------------------------+---------------------+------+------+--------------------------------+----------------------+------------------------+------------------------+----------+------------------------+---------------+
; fft16OPT:UUT|altshift_taps:y1r_d_rtl_0|shift_taps_2hl:auto_generated|altsyncram_jo71:altsyncram2|ALTSYNCRAM                            ; AUTO ; Simple Dual Port ; Single Clock ; 2            ; 60           ; 2            ; 60           ; yes                    ; no                      ; yes                    ; yes                     ; 120  ; 2                           ; 60                          ; 2                           ; 60                          ; 120                 ; 2    ; None ; M9K_X33_Y19_N0, M9K_X33_Y21_N0 ; Old data             ; New data with NBE Read ; New data with NBE Read ; Off      ; No                     ; No - Unknown  ;
; fft16OPT:UUT|altshift_taps:y8r_d_rtl_0|shift_taps_3hl:auto_generated|altsyncram_mo71:altsyncram2|ALTSYNCRAM                            ; AUTO ; Simple Dual Port ; Single Clock ; 3            ; 33           ; 3            ; 33           ; yes                    ; no                      ; yes                    ; yes                     ; 99   ; 3                           ; 33                          ; 3                           ; 33                          ; 99                  ; 1    ; None ; M9K_X33_Y20_N0                 ; Old data             ; New data with NBE Read ; New data with NBE Read ; Off      ; No                     ; No - Unknown  ;
; fft16OPT:UUT|calc_pot:\gen_pot:8:calc_Z|altshift_taps:sum_u_rtl_0|shift_taps_4hl:auto_generated|altsyncram_tv21:altsyncram4|ALTSYNCRAM ; AUTO ; Simple Dual Port ; Single Clock ; 3            ; 36           ; 3            ; 36           ; yes                    ; no                      ; yes                    ; yes                     ; 108  ; 3                           ; 36                          ; 3                           ; 36                          ; 108                 ; 1    ; None ; M9K_X33_Y11_N0                 ; Don't care           ; New data with NBE Read ; New data with NBE Read ; Off      ; No                     ; No - Unknown  ;
+----------------------------------------------------------------------------------------------------------------------------------------+------+------------------+--------------+--------------+--------------+--------------+--------------+------------------------+-------------------------+------------------------+-------------------------+------+-----------------------------+-----------------------------+-----------------------------+-----------------------------+---------------------+------+------+--------------------------------+----------------------+------------------------+------------------------+----------+------------------------+---------------+
Note: Fitter may spread logical memories into multiple blocks to improve timing. The actual required RAM blocks can be found in the Fitter Resource Usage section.


+-----------------------------------------------------------------------------------------------+
; Fitter DSP Block Usage Summary                                                                ;
+---------------------------------------+-------------+---------------------+-------------------+
; Statistic                             ; Number Used ; Available per Block ; Maximum Available ;
+---------------------------------------+-------------+---------------------+-------------------+
; Simple Multipliers (9-bit)            ; 0           ; 2                   ; 288               ;
; Simple Multipliers (18-bit)           ; 16          ; 1                   ; 144               ;
; Embedded Multiplier Blocks            ; 16          ; --                  ; 144               ;
; Embedded Multiplier 9-bit elements    ; 32          ; 2                   ; 288               ;
; Signed Embedded Multipliers           ; 16          ; --                  ; --                ;
; Unsigned Embedded Multipliers         ; 0           ; --                  ; --                ;
; Mixed Sign Embedded Multipliers       ; 0           ; --                  ; --                ;
; Variable Sign Embedded Multipliers    ; 0           ; --                  ; --                ;
; Dedicated Input Shift Register Chains ; 0           ; --                  ; --                ;
+---------------------------------------+-------------+---------------------+-------------------+


+--------------------------------------------------------------------------------------------------------------------------------------------------------------------------------------------------------------------------------------------------------------------------------------------+
; DSP Block Details                                                                                                                                                                                                                                                                          ;
+---------------------------------------------------------------------------------------------+----------------------------+--------------------+---------------------+--------------------------------+-----------------------+-----------------------+-------------------+-----------------+
; Name                                                                                        ; Mode                       ; Location           ; Sign Representation ; Has Input Shift Register Chain ; Data A Input Register ; Data B Input Register ; Pipeline Register ; Output Register ;
+---------------------------------------------------------------------------------------------+----------------------------+--------------------+---------------------+--------------------------------+-----------------------+-----------------------+-------------------+-----------------+
; fft16OPT:UUT|calc_pot:\gen_pot:8:calc_Z|lpm_mult:Mult0|mult_jgs:auto_generated|mac_out2     ; Simple Multiplier (18-bit) ; DSPOUT_X28_Y17_N2  ;                     ; No                             ;                       ;                       ;                   ; yes             ;
;    fft16OPT:UUT|calc_pot:\gen_pot:8:calc_Z|lpm_mult:Mult0|mult_jgs:auto_generated|mac_mult1 ;                            ; DSPMULT_X28_Y17_N0 ; Signed              ;                                ; yes                   ; yes                   ; no                ;                 ;
; fft16OPT:UUT|calc_pot:\gen_pot:0:calc_Z|lpm_mult:Mult0|mult_jgs:auto_generated|mac_out2     ; Simple Multiplier (18-bit) ; DSPOUT_X28_Y15_N2  ;                     ; No                             ;                       ;                       ;                   ; yes             ;
;    fft16OPT:UUT|calc_pot:\gen_pot:0:calc_Z|lpm_mult:Mult0|mult_jgs:auto_generated|mac_mult1 ;                            ; DSPMULT_X28_Y15_N0 ; Signed              ;                                ; yes                   ; yes                   ; no                ;                 ;
; fft16OPT:UUT|calc_pot:\gen_pot:7:calc_Z|lpm_mult:Mult0|mult_jgs:auto_generated|mac_out2     ; Simple Multiplier (18-bit) ; DSPOUT_X48_Y19_N2  ;                     ; No                             ;                       ;                       ;                   ; yes             ;
;    fft16OPT:UUT|calc_pot:\gen_pot:7:calc_Z|lpm_mult:Mult0|mult_jgs:auto_generated|mac_mult1 ;                            ; DSPMULT_X48_Y19_N0 ; Signed              ;                                ; yes                   ; yes                   ; no                ;                 ;
; fft16OPT:UUT|calc_pot:\gen_pot:7:calc_Z|lpm_mult:Mult1|mult_jgs:auto_generated|mac_out2     ; Simple Multiplier (18-bit) ; DSPOUT_X48_Y18_N2  ;                     ; No                             ;                       ;                       ;                   ; yes             ;
;    fft16OPT:UUT|calc_pot:\gen_pot:7:calc_Z|lpm_mult:Mult1|mult_jgs:auto_generated|mac_mult1 ;                            ; DSPMULT_X48_Y18_N0 ; Signed              ;                                ; yes                   ; yes                   ; no                ;                 ;
; fft16OPT:UUT|calc_pot:\gen_pot:6:calc_Z|lpm_mult:Mult0|mult_jgs:auto_generated|mac_out2     ; Simple Multiplier (18-bit) ; DSPOUT_X28_Y23_N2  ;                     ; No                             ;                       ;                       ;                   ; yes             ;
;    fft16OPT:UUT|calc_pot:\gen_pot:6:calc_Z|lpm_mult:Mult0|mult_jgs:auto_generated|mac_mult1 ;                            ; DSPMULT_X28_Y23_N0 ; Signed              ;                                ; yes                   ; yes                   ; no                ;                 ;
; fft16OPT:UUT|calc_pot:\gen_pot:6:calc_Z|lpm_mult:Mult1|mult_jgs:auto_generated|mac_out2     ; Simple Multiplier (18-bit) ; DSPOUT_X28_Y25_N2  ;                     ; No                             ;                       ;                       ;                   ; yes             ;
;    fft16OPT:UUT|calc_pot:\gen_pot:6:calc_Z|lpm_mult:Mult1|mult_jgs:auto_generated|mac_mult1 ;                            ; DSPMULT_X28_Y25_N0 ; Signed              ;                                ; yes                   ; yes                   ; no                ;                 ;
; fft16OPT:UUT|calc_pot:\gen_pot:5:calc_Z|lpm_mult:Mult0|mult_jgs:auto_generated|mac_out2     ; Simple Multiplier (18-bit) ; DSPOUT_X48_Y20_N2  ;                     ; No                             ;                       ;                       ;                   ; yes             ;
;    fft16OPT:UUT|calc_pot:\gen_pot:5:calc_Z|lpm_mult:Mult0|mult_jgs:auto_generated|mac_mult1 ;                            ; DSPMULT_X48_Y20_N0 ; Signed              ;                                ; yes                   ; yes                   ; no                ;                 ;
; fft16OPT:UUT|calc_pot:\gen_pot:5:calc_Z|lpm_mult:Mult1|mult_jgs:auto_generated|mac_out2     ; Simple Multiplier (18-bit) ; DSPOUT_X48_Y21_N2  ;                     ; No                             ;                       ;                       ;                   ; yes             ;
;    fft16OPT:UUT|calc_pot:\gen_pot:5:calc_Z|lpm_mult:Mult1|mult_jgs:auto_generated|mac_mult1 ;                            ; DSPMULT_X48_Y21_N0 ; Signed              ;                                ; yes                   ; yes                   ; no                ;                 ;
; fft16OPT:UUT|calc_pot:\gen_pot:4:calc_Z|lpm_mult:Mult0|mult_jgs:auto_generated|mac_out2     ; Simple Multiplier (18-bit) ; DSPOUT_X48_Y23_N2  ;                     ; No                             ;                       ;                       ;                   ; yes             ;
;    fft16OPT:UUT|calc_pot:\gen_pot:4:calc_Z|lpm_mult:Mult0|mult_jgs:auto_generated|mac_mult1 ;                            ; DSPMULT_X48_Y23_N0 ; Signed              ;                                ; yes                   ; yes                   ; no                ;                 ;
; fft16OPT:UUT|calc_pot:\gen_pot:4:calc_Z|lpm_mult:Mult1|mult_jgs:auto_generated|mac_out2     ; Simple Multiplier (18-bit) ; DSPOUT_X48_Y22_N2  ;                     ; No                             ;                       ;                       ;                   ; yes             ;
;    fft16OPT:UUT|calc_pot:\gen_pot:4:calc_Z|lpm_mult:Mult1|mult_jgs:auto_generated|mac_mult1 ;                            ; DSPMULT_X48_Y22_N0 ; Signed              ;                                ; yes                   ; yes                   ; no                ;                 ;
; fft16OPT:UUT|calc_pot:\gen_pot:3:calc_Z|lpm_mult:Mult0|mult_jgs:auto_generated|mac_out2     ; Simple Multiplier (18-bit) ; DSPOUT_X28_Y18_N2  ;                     ; No                             ;                       ;                       ;                   ; yes             ;
;    fft16OPT:UUT|calc_pot:\gen_pot:3:calc_Z|lpm_mult:Mult0|mult_jgs:auto_generated|mac_mult1 ;                            ; DSPMULT_X28_Y18_N0 ; Signed              ;                                ; yes                   ; yes                   ; no                ;                 ;
; fft16OPT:UUT|calc_pot:\gen_pot:3:calc_Z|lpm_mult:Mult1|mult_jgs:auto_generated|mac_out2     ; Simple Multiplier (18-bit) ; DSPOUT_X28_Y19_N2  ;                     ; No                             ;                       ;                       ;                   ; yes             ;
;    fft16OPT:UUT|calc_pot:\gen_pot:3:calc_Z|lpm_mult:Mult1|mult_jgs:auto_generated|mac_mult1 ;                            ; DSPMULT_X28_Y19_N0 ; Signed              ;                                ; yes                   ; yes                   ; no                ;                 ;
; fft16OPT:UUT|calc_pot:\gen_pot:2:calc_Z|lpm_mult:Mult0|mult_jgs:auto_generated|mac_out2     ; Simple Multiplier (18-bit) ; DSPOUT_X28_Y20_N2  ;                     ; No                             ;                       ;                       ;                   ; yes             ;
;    fft16OPT:UUT|calc_pot:\gen_pot:2:calc_Z|lpm_mult:Mult0|mult_jgs:auto_generated|mac_mult1 ;                            ; DSPMULT_X28_Y20_N0 ; Signed              ;                                ; yes                   ; yes                   ; no                ;                 ;
; fft16OPT:UUT|calc_pot:\gen_pot:2:calc_Z|lpm_mult:Mult1|mult_jgs:auto_generated|mac_out2     ; Simple Multiplier (18-bit) ; DSPOUT_X28_Y24_N2  ;                     ; No                             ;                       ;                       ;                   ; yes             ;
;    fft16OPT:UUT|calc_pot:\gen_pot:2:calc_Z|lpm_mult:Mult1|mult_jgs:auto_generated|mac_mult1 ;                            ; DSPMULT_X28_Y24_N0 ; Signed              ;                                ; yes                   ; yes                   ; no                ;                 ;
; fft16OPT:UUT|calc_pot:\gen_pot:1:calc_Z|lpm_mult:Mult0|mult_jgs:auto_generated|mac_out2     ; Simple Multiplier (18-bit) ; DSPOUT_X68_Y20_N2  ;                     ; No                             ;                       ;                       ;                   ; yes             ;
;    fft16OPT:UUT|calc_pot:\gen_pot:1:calc_Z|lpm_mult:Mult0|mult_jgs:auto_generated|mac_mult1 ;                            ; DSPMULT_X68_Y20_N0 ; Signed              ;                                ; yes                   ; yes                   ; no                ;                 ;
; fft16OPT:UUT|calc_pot:\gen_pot:1:calc_Z|lpm_mult:Mult1|mult_jgs:auto_generated|mac_out2     ; Simple Multiplier (18-bit) ; DSPOUT_X68_Y21_N2  ;                     ; No                             ;                       ;                       ;                   ; yes             ;
;    fft16OPT:UUT|calc_pot:\gen_pot:1:calc_Z|lpm_mult:Mult1|mult_jgs:auto_generated|mac_mult1 ;                            ; DSPMULT_X68_Y21_N0 ; Signed              ;                                ; yes                   ; yes                   ; no                ;                 ;
+---------------------------------------------------------------------------------------------+----------------------------+--------------------+---------------------+--------------------------------+-----------------------+-----------------------+-------------------+-----------------+


+-------------------------------------------------+
; Routing Usage Summary                           ;
+-----------------------+-------------------------+
; Routing Resource Type ; Usage                   ;
+-----------------------+-------------------------+
; Block interconnects   ; 3,868 / 148,641 ( 3 % ) ;
; C16 interconnects     ; 160 / 5,382 ( 3 % )     ;
; C4 interconnects      ; 2,145 / 106,704 ( 2 % ) ;
; Direct links          ; 547 / 148,641 ( < 1 % ) ;
; Global clocks         ; 1 / 20 ( 5 % )          ;
; Local interconnects   ; 246 / 49,760 ( < 1 % )  ;
; NSLEEPs               ; 0 / 500 ( 0 % )         ;
; R24 interconnects     ; 235 / 5,406 ( 4 % )     ;
; R4 interconnects      ; 3,163 / 147,764 ( 2 % ) ;
+-----------------------+-------------------------+


+----------------------------------------------------------------------------+
; LAB Logic Elements                                                         ;
+--------------------------------------------+-------------------------------+
; Number of Logic Elements  (Average = 7.40) ; Number of LABs  (Total = 331) ;
+--------------------------------------------+-------------------------------+
; 1                                          ; 107                           ;
; 2                                          ; 25                            ;
; 3                                          ; 13                            ;
; 4                                          ; 9                             ;
; 5                                          ; 7                             ;
; 6                                          ; 8                             ;
; 7                                          ; 8                             ;
; 8                                          ; 2                             ;
; 9                                          ; 6                             ;
; 10                                         ; 2                             ;
; 11                                         ; 8                             ;
; 12                                         ; 37                            ;
; 13                                         ; 32                            ;
; 14                                         ; 12                            ;
; 15                                         ; 9                             ;
; 16                                         ; 46                            ;
+--------------------------------------------+-------------------------------+


+--------------------------------------------------------------------+
; LAB-wide Signals                                                   ;
+------------------------------------+-------------------------------+
; LAB-wide Signals  (Average = 0.97) ; Number of LABs  (Total = 331) ;
+------------------------------------+-------------------------------+
; 1 Clock                            ; 316                           ;
; 1 Sync. clear                      ; 4                             ;
+------------------------------------+-------------------------------+


+------------------------------------------------------------------------------+
; LAB Signals Sourced                                                          ;
+----------------------------------------------+-------------------------------+
; Number of Signals Sourced  (Average = 13.37) ; Number of LABs  (Total = 331) ;
+----------------------------------------------+-------------------------------+
; 0                                            ; 0                             ;
; 1                                            ; 3                             ;
; 2                                            ; 105                           ;
; 3                                            ; 2                             ;
; 4                                            ; 27                            ;
; 5                                            ; 1                             ;
; 6                                            ; 14                            ;
; 7                                            ; 2                             ;
; 8                                            ; 8                             ;
; 9                                            ; 0                             ;
; 10                                           ; 6                             ;
; 11                                           ; 1                             ;
; 12                                           ; 20                            ;
; 13                                           ; 1                             ;
; 14                                           ; 9                             ;
; 15                                           ; 0                             ;
; 16                                           ; 4                             ;
; 17                                           ; 4                             ;
; 18                                           ; 3                             ;
; 19                                           ; 0                             ;
; 20                                           ; 1                             ;
; 21                                           ; 2                             ;
; 22                                           ; 2                             ;
; 23                                           ; 3                             ;
; 24                                           ; 43                            ;
; 25                                           ; 1                             ;
; 26                                           ; 10                            ;
; 27                                           ; 1                             ;
; 28                                           ; 8                             ;
; 29                                           ; 1                             ;
; 30                                           ; 13                            ;
; 31                                           ; 18                            ;
; 32                                           ; 18                            ;
+----------------------------------------------+-------------------------------+


+---------------------------------------------------------------------------------+
; LAB Signals Sourced Out                                                         ;
+-------------------------------------------------+-------------------------------+
; Number of Signals Sourced Out  (Average = 6.69) ; Number of LABs  (Total = 331) ;
+-------------------------------------------------+-------------------------------+
; 0                                               ; 0                             ;
; 1                                               ; 116                           ;
; 2                                               ; 27                            ;
; 3                                               ; 11                            ;
; 4                                               ; 10                            ;
; 5                                               ; 7                             ;
; 6                                               ; 10                            ;
; 7                                               ; 6                             ;
; 8                                               ; 2                             ;
; 9                                               ; 5                             ;
; 10                                              ; 1                             ;
; 11                                              ; 11                            ;
; 12                                              ; 74                            ;
; 13                                              ; 13                            ;
; 14                                              ; 8                             ;
; 15                                              ; 6                             ;
; 16                                              ; 23                            ;
; 17                                              ; 1                             ;
+-------------------------------------------------+-------------------------------+


+------------------------------------------------------------------------------+
; LAB Distinct Inputs                                                          ;
+----------------------------------------------+-------------------------------+
; Number of Distinct Inputs  (Average = 11.02) ; Number of LABs  (Total = 331) ;
+----------------------------------------------+-------------------------------+
; 0                                            ; 0                             ;
; 1                                            ; 3                             ;
; 2                                            ; 105                           ;
; 3                                            ; 22                            ;
; 4                                            ; 16                            ;
; 5                                            ; 8                             ;
; 6                                            ; 12                            ;
; 7                                            ; 10                            ;
; 8                                            ; 5                             ;
; 9                                            ; 4                             ;
; 10                                           ; 1                             ;
; 11                                           ; 5                             ;
; 12                                           ; 9                             ;
; 13                                           ; 11                            ;
; 14                                           ; 7                             ;
; 15                                           ; 1                             ;
; 16                                           ; 1                             ;
; 17                                           ; 9                             ;
; 18                                           ; 0                             ;
; 19                                           ; 2                             ;
; 20                                           ; 5                             ;
; 21                                           ; 7                             ;
; 22                                           ; 4                             ;
; 23                                           ; 3                             ;
; 24                                           ; 22                            ;
; 25                                           ; 35                            ;
; 26                                           ; 19                            ;
; 27                                           ; 3                             ;
; 28                                           ; 1                             ;
+----------------------------------------------+-------------------------------+


+------------------------------------------+
; I/O Rules Summary                        ;
+----------------------------------+-------+
; I/O Rules Statistic              ; Total ;
+----------------------------------+-------+
; Total I/O Rules                  ; 30    ;
; Number of I/O Rules Passed       ; 9     ;
; Number of I/O Rules Failed       ; 0     ;
; Number of I/O Rules Unchecked    ; 0     ;
; Number of I/O Rules Inapplicable ; 21    ;
+----------------------------------+-------+


+-----------------------------------------------------------------------------------------------------------------------------------------------------------------------------------------------------------------------------------------------------------------------------------------------------+
; I/O Rules Details                                                                                                                                                                                                                                                                                   ;
+--------------+-----------+-----------------------------------+------------------------------------------------------------------------------------------------------+----------+--------------------------------------------------------------------------+---------------------+-------------------+
; Status       ; ID        ; Category                          ; Rule Description                                                                                     ; Severity ; Information                                                              ; Area                ; Extra Information ;
+--------------+-----------+-----------------------------------+------------------------------------------------------------------------------------------------------+----------+--------------------------------------------------------------------------+---------------------+-------------------+
; Inapplicable ; IO_000001 ; Capacity Checks                   ; Number of pins in an I/O bank should not exceed the number of locations available.                   ; Critical ; No Location assignments found.                                           ; I/O                 ;                   ;
; Inapplicable ; IO_000002 ; Capacity Checks                   ; Number of clocks in an I/O bank should not exceed the number of clocks available.                    ; Critical ; No Global Signal assignments found.                                      ; I/O                 ;                   ;
; Inapplicable ; IO_000003 ; Capacity Checks                   ; Number of pins in a Vrefgroup should not exceed the number of locations available.                   ; Critical ; No Location assignments found.                                           ; I/O                 ;                   ;
; Inapplicable ; IO_000004 ; Voltage Compatibility Checks      ; The I/O bank should support the requested VCCIO.                                                     ; Critical ; No IOBANK_VCCIO assignments found.                                       ; I/O                 ;                   ;
; Inapplicable ; IO_000005 ; Voltage Compatibility Checks      ; The I/O bank should not have competing VREF values.                                                  ; Critical ; No VREF I/O Standard assignments found.                                  ; I/O                 ;                   ;
; Pass         ; IO_000006 ; Voltage Compatibility Checks      ; The I/O bank should not have competing VCCIO values.                                                 ; Critical ; 0 such failures found.                                                   ; I/O                 ;                   ;
; Inapplicable ; IO_000007 ; Valid Location Checks             ; Checks for unavailable locations.                                                                    ; Critical ; No Location assignments found.                                           ; I/O                 ;                   ;
; Inapplicable ; IO_000008 ; Valid Location Checks             ; Checks for reserved locations.                                                                       ; Critical ; No reserved LogicLock region found.                                      ; I/O                 ;                   ;
; Pass         ; IO_000009 ; I/O Properties Checks for One I/O ; The location should support the requested I/O standard.                                              ; Critical ; 0 such failures found.                                                   ; I/O                 ;                   ;
; Pass         ; IO_000010 ; I/O Properties Checks for One I/O ; The location should support the requested I/O direction.                                             ; Critical ; 0 such failures found.                                                   ; I/O                 ;                   ;
; Inapplicable ; IO_000011 ; I/O Properties Checks for One I/O ; The location should support the requested Current Strength.                                          ; Critical ; No Current Strength assignments found.                                   ; I/O                 ;                   ;
; Pass         ; IO_000012 ; I/O Properties Checks for One I/O ; The location should support the requested On Chip Termination value.                                 ; Critical ; 0 such failures found.                                                   ; I/O                 ;                   ;
; Inapplicable ; IO_000013 ; I/O Properties Checks for One I/O ; The location should support the requested Bus Hold value.                                            ; Critical ; No Enable Bus-Hold Circuitry assignments found.                          ; I/O                 ;                   ;
; Inapplicable ; IO_000014 ; I/O Properties Checks for One I/O ; The location should support the requested Weak Pull Up value.                                        ; Critical ; No Weak Pull-Up Resistor assignments found.                              ; I/O                 ;                   ;
; Pass         ; IO_000015 ; I/O Properties Checks for One I/O ; The location should support the requested PCI Clamp Diode.                                           ; Critical ; 0 such failures found.                                                   ; I/O                 ;                   ;
; Inapplicable ; IO_000018 ; I/O Properties Checks for One I/O ; The I/O standard should support the requested Current Strength.                                      ; Critical ; No Current Strength assignments found.                                   ; I/O                 ;                   ;
; Pass         ; IO_000019 ; I/O Properties Checks for One I/O ; The I/O standard should support the requested On Chip Termination value.                             ; Critical ; 0 such failures found.                                                   ; I/O                 ;                   ;
; Pass         ; IO_000020 ; I/O Properties Checks for One I/O ; The I/O standard should support the requested PCI Clamp Diode.                                       ; Critical ; 0 such failures found.                                                   ; I/O                 ;                   ;
; Inapplicable ; IO_000021 ; I/O Properties Checks for One I/O ; The I/O standard should support the requested Weak Pull Up value.                                    ; Critical ; No Weak Pull-Up Resistor assignments found.                              ; I/O                 ;                   ;
; Inapplicable ; IO_000022 ; I/O Properties Checks for One I/O ; The I/O standard should support the requested Bus Hold value.                                        ; Critical ; No Enable Bus-Hold Circuitry assignments found.                          ; I/O                 ;                   ;
; Inapplicable ; IO_000023 ; I/O Properties Checks for One I/O ; The I/O standard should support the Open Drain value.                                                ; Critical ; No open drain assignments found.                                         ; I/O                 ;                   ;
; Pass         ; IO_000024 ; I/O Properties Checks for One I/O ; The I/O direction should support the On Chip Termination value.                                      ; Critical ; 0 such failures found.                                                   ; I/O                 ;                   ;
; Inapplicable ; IO_000026 ; I/O Properties Checks for One I/O ; On Chip Termination and Current Strength should not be used at the same time.                        ; Critical ; No Current Strength assignments found.                                   ; I/O                 ;                   ;
; Inapplicable ; IO_000027 ; I/O Properties Checks for One I/O ; Weak Pull Up and Bus Hold should not be used at the same time.                                       ; Critical ; No Enable Bus-Hold Circuitry or Weak Pull-Up Resistor assignments found. ; I/O                 ;                   ;
; Inapplicable ; IO_000045 ; I/O Properties Checks for One I/O ; The I/O standard should support the requested Slew Rate value.                                       ; Critical ; No Slew Rate assignments found.                                          ; I/O                 ;                   ;
; Inapplicable ; IO_000046 ; I/O Properties Checks for One I/O ; The location should support the requested Slew Rate value.                                           ; Critical ; No Slew Rate assignments found.                                          ; I/O                 ;                   ;
; Inapplicable ; IO_000047 ; I/O Properties Checks for One I/O ; On Chip Termination and Slew Rate should not be used at the same time.                               ; Critical ; No Slew Rate assignments found.                                          ; I/O                 ;                   ;
; Pass         ; IO_000033 ; Electromigration Checks           ; Current density for consecutive I/Os should not exceed 160mA for row I/Os and 160mA for column I/Os. ; Critical ; 0 such failures found.                                                   ; I/O                 ;                   ;
; Inapplicable ; IO_000034 ; SI Related Distance Checks        ; Single-ended outputs should be 5 LAB row(s) away from a differential I/O.                            ; High     ; No Differential I/O Standard assignments found.                          ; I/O                 ;                   ;
; Inapplicable ; IO_000042 ; SI Related SSO Limit Checks       ; No more than 20 outputs are allowed in a VREF group when VREF is being read from.                    ; High     ; No VREF I/O Standard assignments found.                                  ; I/O                 ;                   ;
; ----         ; ----      ; Disclaimer                        ; OCT rules are checked but not reported.                                                              ; None     ; ----                                                                     ; On Chip Termination ;                   ;
+--------------+-----------+-----------------------------------+------------------------------------------------------------------------------------------------------+----------+--------------------------------------------------------------------------+---------------------+-------------------+


+--------------------------------------------------------------------------------------------------------------------------------------------------------------------------------------------------------------------------------------------------------------------------------------------------------------------------------------------------------------------------------------------------------------------------------------------------------------------------+
; I/O Rules Matrix                                                                                                                                                                                                                                                                                                                                                                                                                                                         ;
+--------------------+--------------+--------------+--------------+--------------+--------------+-----------+--------------+--------------+-----------+-----------+--------------+--------------+--------------+--------------+--------------+--------------+--------------+--------------+--------------+--------------+--------------+--------------+--------------+--------------+--------------+--------------+--------------+-----------+--------------+--------------+
; Pin/Rules          ; IO_000001    ; IO_000002    ; IO_000003    ; IO_000004    ; IO_000005    ; IO_000006 ; IO_000007    ; IO_000008    ; IO_000009 ; IO_000010 ; IO_000011    ; IO_000012    ; IO_000013    ; IO_000014    ; IO_000015    ; IO_000018    ; IO_000019    ; IO_000020    ; IO_000021    ; IO_000022    ; IO_000023    ; IO_000024    ; IO_000026    ; IO_000027    ; IO_000045    ; IO_000046    ; IO_000047    ; IO_000033 ; IO_000034    ; IO_000042    ;
+--------------------+--------------+--------------+--------------+--------------+--------------+-----------+--------------+--------------+-----------+-----------+--------------+--------------+--------------+--------------+--------------+--------------+--------------+--------------+--------------+--------------+--------------+--------------+--------------+--------------+--------------+--------------+--------------+-----------+--------------+--------------+
; Total Pass         ; 0            ; 0            ; 0            ; 0            ; 0            ; 302       ; 0            ; 0            ; 302       ; 302       ; 0            ; 108          ; 0            ; 0            ; 194          ; 0            ; 108          ; 194          ; 0            ; 0            ; 0            ; 108          ; 0            ; 0            ; 0            ; 0            ; 0            ; 302       ; 0            ; 0            ;
; Total Unchecked    ; 0            ; 0            ; 0            ; 0            ; 0            ; 0         ; 0            ; 0            ; 0         ; 0         ; 0            ; 0            ; 0            ; 0            ; 0            ; 0            ; 0            ; 0            ; 0            ; 0            ; 0            ; 0            ; 0            ; 0            ; 0            ; 0            ; 0            ; 0         ; 0            ; 0            ;
; Total Inapplicable ; 302          ; 302          ; 302          ; 302          ; 302          ; 0         ; 302          ; 302          ; 0         ; 0         ; 302          ; 194          ; 302          ; 302          ; 108          ; 302          ; 194          ; 108          ; 302          ; 302          ; 302          ; 194          ; 302          ; 302          ; 302          ; 302          ; 302          ; 0         ; 302          ; 302          ;
; Total Fail         ; 0            ; 0            ; 0            ; 0            ; 0            ; 0         ; 0            ; 0            ; 0         ; 0         ; 0            ; 0            ; 0            ; 0            ; 0            ; 0            ; 0            ; 0            ; 0            ; 0            ; 0            ; 0            ; 0            ; 0            ; 0            ; 0            ; 0            ; 0         ; 0            ; 0            ;
; rst                ; Inapplicable ; Inapplicable ; Inapplicable ; Inapplicable ; Inapplicable ; Pass      ; Inapplicable ; Inapplicable ; Pass      ; Pass      ; Inapplicable ; Inapplicable ; Inapplicable ; Inapplicable ; Pass         ; Inapplicable ; Inapplicable ; Pass         ; Inapplicable ; Inapplicable ; Inapplicable ; Inapplicable ; Inapplicable ; Inapplicable ; Inapplicable ; Inapplicable ; Inapplicable ; Pass      ; Inapplicable ; Inapplicable ;
; z_out[8][-11]      ; Inapplicable ; Inapplicable ; Inapplicable ; Inapplicable ; Inapplicable ; Pass      ; Inapplicable ; Inapplicable ; Pass      ; Pass      ; Inapplicable ; Pass         ; Inapplicable ; Inapplicable ; Inapplicable ; Inapplicable ; Pass         ; Inapplicable ; Inapplicable ; Inapplicable ; Inapplicable ; Pass         ; Inapplicable ; Inapplicable ; Inapplicable ; Inapplicable ; Inapplicable ; Pass      ; Inapplicable ; Inapplicable ;
; z_out[8][-10]      ; Inapplicable ; Inapplicable ; Inapplicable ; Inapplicable ; Inapplicable ; Pass      ; Inapplicable ; Inapplicable ; Pass      ; Pass      ; Inapplicable ; Pass         ; Inapplicable ; Inapplicable ; Inapplicable ; Inapplicable ; Pass         ; Inapplicable ; Inapplicable ; Inapplicable ; Inapplicable ; Pass         ; Inapplicable ; Inapplicable ; Inapplicable ; Inapplicable ; Inapplicable ; Pass      ; Inapplicable ; Inapplicable ;
; z_out[8][-9]       ; Inapplicable ; Inapplicable ; Inapplicable ; Inapplicable ; Inapplicable ; Pass      ; Inapplicable ; Inapplicable ; Pass      ; Pass      ; Inapplicable ; Pass         ; Inapplicable ; Inapplicable ; Inapplicable ; Inapplicable ; Pass         ; Inapplicable ; Inapplicable ; Inapplicable ; Inapplicable ; Pass         ; Inapplicable ; Inapplicable ; Inapplicable ; Inapplicable ; Inapplicable ; Pass      ; Inapplicable ; Inapplicable ;
; z_out[8][-8]       ; Inapplicable ; Inapplicable ; Inapplicable ; Inapplicable ; Inapplicable ; Pass      ; Inapplicable ; Inapplicable ; Pass      ; Pass      ; Inapplicable ; Pass         ; Inapplicable ; Inapplicable ; Inapplicable ; Inapplicable ; Pass         ; Inapplicable ; Inapplicable ; Inapplicable ; Inapplicable ; Pass         ; Inapplicable ; Inapplicable ; Inapplicable ; Inapplicable ; Inapplicable ; Pass      ; Inapplicable ; Inapplicable ;
; z_out[8][-7]       ; Inapplicable ; Inapplicable ; Inapplicable ; Inapplicable ; Inapplicable ; Pass      ; Inapplicable ; Inapplicable ; Pass      ; Pass      ; Inapplicable ; Pass         ; Inapplicable ; Inapplicable ; Inapplicable ; Inapplicable ; Pass         ; Inapplicable ; Inapplicable ; Inapplicable ; Inapplicable ; Pass         ; Inapplicable ; Inapplicable ; Inapplicable ; Inapplicable ; Inapplicable ; Pass      ; Inapplicable ; Inapplicable ;
; z_out[8][-6]       ; Inapplicable ; Inapplicable ; Inapplicable ; Inapplicable ; Inapplicable ; Pass      ; Inapplicable ; Inapplicable ; Pass      ; Pass      ; Inapplicable ; Pass         ; Inapplicable ; Inapplicable ; Inapplicable ; Inapplicable ; Pass         ; Inapplicable ; Inapplicable ; Inapplicable ; Inapplicable ; Pass         ; Inapplicable ; Inapplicable ; Inapplicable ; Inapplicable ; Inapplicable ; Pass      ; Inapplicable ; Inapplicable ;
; z_out[8][-5]       ; Inapplicable ; Inapplicable ; Inapplicable ; Inapplicable ; Inapplicable ; Pass      ; Inapplicable ; Inapplicable ; Pass      ; Pass      ; Inapplicable ; Pass         ; Inapplicable ; Inapplicable ; Inapplicable ; Inapplicable ; Pass         ; Inapplicable ; Inapplicable ; Inapplicable ; Inapplicable ; Pass         ; Inapplicable ; Inapplicable ; Inapplicable ; Inapplicable ; Inapplicable ; Pass      ; Inapplicable ; Inapplicable ;
; z_out[8][-4]       ; Inapplicable ; Inapplicable ; Inapplicable ; Inapplicable ; Inapplicable ; Pass      ; Inapplicable ; Inapplicable ; Pass      ; Pass      ; Inapplicable ; Pass         ; Inapplicable ; Inapplicable ; Inapplicable ; Inapplicable ; Pass         ; Inapplicable ; Inapplicable ; Inapplicable ; Inapplicable ; Pass         ; Inapplicable ; Inapplicable ; Inapplicable ; Inapplicable ; Inapplicable ; Pass      ; Inapplicable ; Inapplicable ;
; z_out[8][-3]       ; Inapplicable ; Inapplicable ; Inapplicable ; Inapplicable ; Inapplicable ; Pass      ; Inapplicable ; Inapplicable ; Pass      ; Pass      ; Inapplicable ; Pass         ; Inapplicable ; Inapplicable ; Inapplicable ; Inapplicable ; Pass         ; Inapplicable ; Inapplicable ; Inapplicable ; Inapplicable ; Pass         ; Inapplicable ; Inapplicable ; Inapplicable ; Inapplicable ; Inapplicable ; Pass      ; Inapplicable ; Inapplicable ;
; z_out[8][-2]       ; Inapplicable ; Inapplicable ; Inapplicable ; Inapplicable ; Inapplicable ; Pass      ; Inapplicable ; Inapplicable ; Pass      ; Pass      ; Inapplicable ; Pass         ; Inapplicable ; Inapplicable ; Inapplicable ; Inapplicable ; Pass         ; Inapplicable ; Inapplicable ; Inapplicable ; Inapplicable ; Pass         ; Inapplicable ; Inapplicable ; Inapplicable ; Inapplicable ; Inapplicable ; Pass      ; Inapplicable ; Inapplicable ;
; z_out[8][-1]       ; Inapplicable ; Inapplicable ; Inapplicable ; Inapplicable ; Inapplicable ; Pass      ; Inapplicable ; Inapplicable ; Pass      ; Pass      ; Inapplicable ; Pass         ; Inapplicable ; Inapplicable ; Inapplicable ; Inapplicable ; Pass         ; Inapplicable ; Inapplicable ; Inapplicable ; Inapplicable ; Pass         ; Inapplicable ; Inapplicable ; Inapplicable ; Inapplicable ; Inapplicable ; Pass      ; Inapplicable ; Inapplicable ;
; z_out[8][0]        ; Inapplicable ; Inapplicable ; Inapplicable ; Inapplicable ; Inapplicable ; Pass      ; Inapplicable ; Inapplicable ; Pass      ; Pass      ; Inapplicable ; Pass         ; Inapplicable ; Inapplicable ; Inapplicable ; Inapplicable ; Pass         ; Inapplicable ; Inapplicable ; Inapplicable ; Inapplicable ; Pass         ; Inapplicable ; Inapplicable ; Inapplicable ; Inapplicable ; Inapplicable ; Pass      ; Inapplicable ; Inapplicable ;
; z_out[7][-11]      ; Inapplicable ; Inapplicable ; Inapplicable ; Inapplicable ; Inapplicable ; Pass      ; Inapplicable ; Inapplicable ; Pass      ; Pass      ; Inapplicable ; Pass         ; Inapplicable ; Inapplicable ; Inapplicable ; Inapplicable ; Pass         ; Inapplicable ; Inapplicable ; Inapplicable ; Inapplicable ; Pass         ; Inapplicable ; Inapplicable ; Inapplicable ; Inapplicable ; Inapplicable ; Pass      ; Inapplicable ; Inapplicable ;
; z_out[7][-10]      ; Inapplicable ; Inapplicable ; Inapplicable ; Inapplicable ; Inapplicable ; Pass      ; Inapplicable ; Inapplicable ; Pass      ; Pass      ; Inapplicable ; Pass         ; Inapplicable ; Inapplicable ; Inapplicable ; Inapplicable ; Pass         ; Inapplicable ; Inapplicable ; Inapplicable ; Inapplicable ; Pass         ; Inapplicable ; Inapplicable ; Inapplicable ; Inapplicable ; Inapplicable ; Pass      ; Inapplicable ; Inapplicable ;
; z_out[7][-9]       ; Inapplicable ; Inapplicable ; Inapplicable ; Inapplicable ; Inapplicable ; Pass      ; Inapplicable ; Inapplicable ; Pass      ; Pass      ; Inapplicable ; Pass         ; Inapplicable ; Inapplicable ; Inapplicable ; Inapplicable ; Pass         ; Inapplicable ; Inapplicable ; Inapplicable ; Inapplicable ; Pass         ; Inapplicable ; Inapplicable ; Inapplicable ; Inapplicable ; Inapplicable ; Pass      ; Inapplicable ; Inapplicable ;
; z_out[7][-8]       ; Inapplicable ; Inapplicable ; Inapplicable ; Inapplicable ; Inapplicable ; Pass      ; Inapplicable ; Inapplicable ; Pass      ; Pass      ; Inapplicable ; Pass         ; Inapplicable ; Inapplicable ; Inapplicable ; Inapplicable ; Pass         ; Inapplicable ; Inapplicable ; Inapplicable ; Inapplicable ; Pass         ; Inapplicable ; Inapplicable ; Inapplicable ; Inapplicable ; Inapplicable ; Pass      ; Inapplicable ; Inapplicable ;
; z_out[7][-7]       ; Inapplicable ; Inapplicable ; Inapplicable ; Inapplicable ; Inapplicable ; Pass      ; Inapplicable ; Inapplicable ; Pass      ; Pass      ; Inapplicable ; Pass         ; Inapplicable ; Inapplicable ; Inapplicable ; Inapplicable ; Pass         ; Inapplicable ; Inapplicable ; Inapplicable ; Inapplicable ; Pass         ; Inapplicable ; Inapplicable ; Inapplicable ; Inapplicable ; Inapplicable ; Pass      ; Inapplicable ; Inapplicable ;
; z_out[7][-6]       ; Inapplicable ; Inapplicable ; Inapplicable ; Inapplicable ; Inapplicable ; Pass      ; Inapplicable ; Inapplicable ; Pass      ; Pass      ; Inapplicable ; Pass         ; Inapplicable ; Inapplicable ; Inapplicable ; Inapplicable ; Pass         ; Inapplicable ; Inapplicable ; Inapplicable ; Inapplicable ; Pass         ; Inapplicable ; Inapplicable ; Inapplicable ; Inapplicable ; Inapplicable ; Pass      ; Inapplicable ; Inapplicable ;
; z_out[7][-5]       ; Inapplicable ; Inapplicable ; Inapplicable ; Inapplicable ; Inapplicable ; Pass      ; Inapplicable ; Inapplicable ; Pass      ; Pass      ; Inapplicable ; Pass         ; Inapplicable ; Inapplicable ; Inapplicable ; Inapplicable ; Pass         ; Inapplicable ; Inapplicable ; Inapplicable ; Inapplicable ; Pass         ; Inapplicable ; Inapplicable ; Inapplicable ; Inapplicable ; Inapplicable ; Pass      ; Inapplicable ; Inapplicable ;
; z_out[7][-4]       ; Inapplicable ; Inapplicable ; Inapplicable ; Inapplicable ; Inapplicable ; Pass      ; Inapplicable ; Inapplicable ; Pass      ; Pass      ; Inapplicable ; Pass         ; Inapplicable ; Inapplicable ; Inapplicable ; Inapplicable ; Pass         ; Inapplicable ; Inapplicable ; Inapplicable ; Inapplicable ; Pass         ; Inapplicable ; Inapplicable ; Inapplicable ; Inapplicable ; Inapplicable ; Pass      ; Inapplicable ; Inapplicable ;
; z_out[7][-3]       ; Inapplicable ; Inapplicable ; Inapplicable ; Inapplicable ; Inapplicable ; Pass      ; Inapplicable ; Inapplicable ; Pass      ; Pass      ; Inapplicable ; Pass         ; Inapplicable ; Inapplicable ; Inapplicable ; Inapplicable ; Pass         ; Inapplicable ; Inapplicable ; Inapplicable ; Inapplicable ; Pass         ; Inapplicable ; Inapplicable ; Inapplicable ; Inapplicable ; Inapplicable ; Pass      ; Inapplicable ; Inapplicable ;
; z_out[7][-2]       ; Inapplicable ; Inapplicable ; Inapplicable ; Inapplicable ; Inapplicable ; Pass      ; Inapplicable ; Inapplicable ; Pass      ; Pass      ; Inapplicable ; Pass         ; Inapplicable ; Inapplicable ; Inapplicable ; Inapplicable ; Pass         ; Inapplicable ; Inapplicable ; Inapplicable ; Inapplicable ; Pass         ; Inapplicable ; Inapplicable ; Inapplicable ; Inapplicable ; Inapplicable ; Pass      ; Inapplicable ; Inapplicable ;
; z_out[7][-1]       ; Inapplicable ; Inapplicable ; Inapplicable ; Inapplicable ; Inapplicable ; Pass      ; Inapplicable ; Inapplicable ; Pass      ; Pass      ; Inapplicable ; Pass         ; Inapplicable ; Inapplicable ; Inapplicable ; Inapplicable ; Pass         ; Inapplicable ; Inapplicable ; Inapplicable ; Inapplicable ; Pass         ; Inapplicable ; Inapplicable ; Inapplicable ; Inapplicable ; Inapplicable ; Pass      ; Inapplicable ; Inapplicable ;
; z_out[7][0]        ; Inapplicable ; Inapplicable ; Inapplicable ; Inapplicable ; Inapplicable ; Pass      ; Inapplicable ; Inapplicable ; Pass      ; Pass      ; Inapplicable ; Pass         ; Inapplicable ; Inapplicable ; Inapplicable ; Inapplicable ; Pass         ; Inapplicable ; Inapplicable ; Inapplicable ; Inapplicable ; Pass         ; Inapplicable ; Inapplicable ; Inapplicable ; Inapplicable ; Inapplicable ; Pass      ; Inapplicable ; Inapplicable ;
; z_out[6][-11]      ; Inapplicable ; Inapplicable ; Inapplicable ; Inapplicable ; Inapplicable ; Pass      ; Inapplicable ; Inapplicable ; Pass      ; Pass      ; Inapplicable ; Pass         ; Inapplicable ; Inapplicable ; Inapplicable ; Inapplicable ; Pass         ; Inapplicable ; Inapplicable ; Inapplicable ; Inapplicable ; Pass         ; Inapplicable ; Inapplicable ; Inapplicable ; Inapplicable ; Inapplicable ; Pass      ; Inapplicable ; Inapplicable ;
; z_out[6][-10]      ; Inapplicable ; Inapplicable ; Inapplicable ; Inapplicable ; Inapplicable ; Pass      ; Inapplicable ; Inapplicable ; Pass      ; Pass      ; Inapplicable ; Pass         ; Inapplicable ; Inapplicable ; Inapplicable ; Inapplicable ; Pass         ; Inapplicable ; Inapplicable ; Inapplicable ; Inapplicable ; Pass         ; Inapplicable ; Inapplicable ; Inapplicable ; Inapplicable ; Inapplicable ; Pass      ; Inapplicable ; Inapplicable ;
; z_out[6][-9]       ; Inapplicable ; Inapplicable ; Inapplicable ; Inapplicable ; Inapplicable ; Pass      ; Inapplicable ; Inapplicable ; Pass      ; Pass      ; Inapplicable ; Pass         ; Inapplicable ; Inapplicable ; Inapplicable ; Inapplicable ; Pass         ; Inapplicable ; Inapplicable ; Inapplicable ; Inapplicable ; Pass         ; Inapplicable ; Inapplicable ; Inapplicable ; Inapplicable ; Inapplicable ; Pass      ; Inapplicable ; Inapplicable ;
; z_out[6][-8]       ; Inapplicable ; Inapplicable ; Inapplicable ; Inapplicable ; Inapplicable ; Pass      ; Inapplicable ; Inapplicable ; Pass      ; Pass      ; Inapplicable ; Pass         ; Inapplicable ; Inapplicable ; Inapplicable ; Inapplicable ; Pass         ; Inapplicable ; Inapplicable ; Inapplicable ; Inapplicable ; Pass         ; Inapplicable ; Inapplicable ; Inapplicable ; Inapplicable ; Inapplicable ; Pass      ; Inapplicable ; Inapplicable ;
; z_out[6][-7]       ; Inapplicable ; Inapplicable ; Inapplicable ; Inapplicable ; Inapplicable ; Pass      ; Inapplicable ; Inapplicable ; Pass      ; Pass      ; Inapplicable ; Pass         ; Inapplicable ; Inapplicable ; Inapplicable ; Inapplicable ; Pass         ; Inapplicable ; Inapplicable ; Inapplicable ; Inapplicable ; Pass         ; Inapplicable ; Inapplicable ; Inapplicable ; Inapplicable ; Inapplicable ; Pass      ; Inapplicable ; Inapplicable ;
; z_out[6][-6]       ; Inapplicable ; Inapplicable ; Inapplicable ; Inapplicable ; Inapplicable ; Pass      ; Inapplicable ; Inapplicable ; Pass      ; Pass      ; Inapplicable ; Pass         ; Inapplicable ; Inapplicable ; Inapplicable ; Inapplicable ; Pass         ; Inapplicable ; Inapplicable ; Inapplicable ; Inapplicable ; Pass         ; Inapplicable ; Inapplicable ; Inapplicable ; Inapplicable ; Inapplicable ; Pass      ; Inapplicable ; Inapplicable ;
; z_out[6][-5]       ; Inapplicable ; Inapplicable ; Inapplicable ; Inapplicable ; Inapplicable ; Pass      ; Inapplicable ; Inapplicable ; Pass      ; Pass      ; Inapplicable ; Pass         ; Inapplicable ; Inapplicable ; Inapplicable ; Inapplicable ; Pass         ; Inapplicable ; Inapplicable ; Inapplicable ; Inapplicable ; Pass         ; Inapplicable ; Inapplicable ; Inapplicable ; Inapplicable ; Inapplicable ; Pass      ; Inapplicable ; Inapplicable ;
; z_out[6][-4]       ; Inapplicable ; Inapplicable ; Inapplicable ; Inapplicable ; Inapplicable ; Pass      ; Inapplicable ; Inapplicable ; Pass      ; Pass      ; Inapplicable ; Pass         ; Inapplicable ; Inapplicable ; Inapplicable ; Inapplicable ; Pass         ; Inapplicable ; Inapplicable ; Inapplicable ; Inapplicable ; Pass         ; Inapplicable ; Inapplicable ; Inapplicable ; Inapplicable ; Inapplicable ; Pass      ; Inapplicable ; Inapplicable ;
; z_out[6][-3]       ; Inapplicable ; Inapplicable ; Inapplicable ; Inapplicable ; Inapplicable ; Pass      ; Inapplicable ; Inapplicable ; Pass      ; Pass      ; Inapplicable ; Pass         ; Inapplicable ; Inapplicable ; Inapplicable ; Inapplicable ; Pass         ; Inapplicable ; Inapplicable ; Inapplicable ; Inapplicable ; Pass         ; Inapplicable ; Inapplicable ; Inapplicable ; Inapplicable ; Inapplicable ; Pass      ; Inapplicable ; Inapplicable ;
; z_out[6][-2]       ; Inapplicable ; Inapplicable ; Inapplicable ; Inapplicable ; Inapplicable ; Pass      ; Inapplicable ; Inapplicable ; Pass      ; Pass      ; Inapplicable ; Pass         ; Inapplicable ; Inapplicable ; Inapplicable ; Inapplicable ; Pass         ; Inapplicable ; Inapplicable ; Inapplicable ; Inapplicable ; Pass         ; Inapplicable ; Inapplicable ; Inapplicable ; Inapplicable ; Inapplicable ; Pass      ; Inapplicable ; Inapplicable ;
; z_out[6][-1]       ; Inapplicable ; Inapplicable ; Inapplicable ; Inapplicable ; Inapplicable ; Pass      ; Inapplicable ; Inapplicable ; Pass      ; Pass      ; Inapplicable ; Pass         ; Inapplicable ; Inapplicable ; Inapplicable ; Inapplicable ; Pass         ; Inapplicable ; Inapplicable ; Inapplicable ; Inapplicable ; Pass         ; Inapplicable ; Inapplicable ; Inapplicable ; Inapplicable ; Inapplicable ; Pass      ; Inapplicable ; Inapplicable ;
; z_out[6][0]        ; Inapplicable ; Inapplicable ; Inapplicable ; Inapplicable ; Inapplicable ; Pass      ; Inapplicable ; Inapplicable ; Pass      ; Pass      ; Inapplicable ; Pass         ; Inapplicable ; Inapplicable ; Inapplicable ; Inapplicable ; Pass         ; Inapplicable ; Inapplicable ; Inapplicable ; Inapplicable ; Pass         ; Inapplicable ; Inapplicable ; Inapplicable ; Inapplicable ; Inapplicable ; Pass      ; Inapplicable ; Inapplicable ;
; z_out[5][-11]      ; Inapplicable ; Inapplicable ; Inapplicable ; Inapplicable ; Inapplicable ; Pass      ; Inapplicable ; Inapplicable ; Pass      ; Pass      ; Inapplicable ; Pass         ; Inapplicable ; Inapplicable ; Inapplicable ; Inapplicable ; Pass         ; Inapplicable ; Inapplicable ; Inapplicable ; Inapplicable ; Pass         ; Inapplicable ; Inapplicable ; Inapplicable ; Inapplicable ; Inapplicable ; Pass      ; Inapplicable ; Inapplicable ;
; z_out[5][-10]      ; Inapplicable ; Inapplicable ; Inapplicable ; Inapplicable ; Inapplicable ; Pass      ; Inapplicable ; Inapplicable ; Pass      ; Pass      ; Inapplicable ; Pass         ; Inapplicable ; Inapplicable ; Inapplicable ; Inapplicable ; Pass         ; Inapplicable ; Inapplicable ; Inapplicable ; Inapplicable ; Pass         ; Inapplicable ; Inapplicable ; Inapplicable ; Inapplicable ; Inapplicable ; Pass      ; Inapplicable ; Inapplicable ;
; z_out[5][-9]       ; Inapplicable ; Inapplicable ; Inapplicable ; Inapplicable ; Inapplicable ; Pass      ; Inapplicable ; Inapplicable ; Pass      ; Pass      ; Inapplicable ; Pass         ; Inapplicable ; Inapplicable ; Inapplicable ; Inapplicable ; Pass         ; Inapplicable ; Inapplicable ; Inapplicable ; Inapplicable ; Pass         ; Inapplicable ; Inapplicable ; Inapplicable ; Inapplicable ; Inapplicable ; Pass      ; Inapplicable ; Inapplicable ;
; z_out[5][-8]       ; Inapplicable ; Inapplicable ; Inapplicable ; Inapplicable ; Inapplicable ; Pass      ; Inapplicable ; Inapplicable ; Pass      ; Pass      ; Inapplicable ; Pass         ; Inapplicable ; Inapplicable ; Inapplicable ; Inapplicable ; Pass         ; Inapplicable ; Inapplicable ; Inapplicable ; Inapplicable ; Pass         ; Inapplicable ; Inapplicable ; Inapplicable ; Inapplicable ; Inapplicable ; Pass      ; Inapplicable ; Inapplicable ;
; z_out[5][-7]       ; Inapplicable ; Inapplicable ; Inapplicable ; Inapplicable ; Inapplicable ; Pass      ; Inapplicable ; Inapplicable ; Pass      ; Pass      ; Inapplicable ; Pass         ; Inapplicable ; Inapplicable ; Inapplicable ; Inapplicable ; Pass         ; Inapplicable ; Inapplicable ; Inapplicable ; Inapplicable ; Pass         ; Inapplicable ; Inapplicable ; Inapplicable ; Inapplicable ; Inapplicable ; Pass      ; Inapplicable ; Inapplicable ;
; z_out[5][-6]       ; Inapplicable ; Inapplicable ; Inapplicable ; Inapplicable ; Inapplicable ; Pass      ; Inapplicable ; Inapplicable ; Pass      ; Pass      ; Inapplicable ; Pass         ; Inapplicable ; Inapplicable ; Inapplicable ; Inapplicable ; Pass         ; Inapplicable ; Inapplicable ; Inapplicable ; Inapplicable ; Pass         ; Inapplicable ; Inapplicable ; Inapplicable ; Inapplicable ; Inapplicable ; Pass      ; Inapplicable ; Inapplicable ;
; z_out[5][-5]       ; Inapplicable ; Inapplicable ; Inapplicable ; Inapplicable ; Inapplicable ; Pass      ; Inapplicable ; Inapplicable ; Pass      ; Pass      ; Inapplicable ; Pass         ; Inapplicable ; Inapplicable ; Inapplicable ; Inapplicable ; Pass         ; Inapplicable ; Inapplicable ; Inapplicable ; Inapplicable ; Pass         ; Inapplicable ; Inapplicable ; Inapplicable ; Inapplicable ; Inapplicable ; Pass      ; Inapplicable ; Inapplicable ;
; z_out[5][-4]       ; Inapplicable ; Inapplicable ; Inapplicable ; Inapplicable ; Inapplicable ; Pass      ; Inapplicable ; Inapplicable ; Pass      ; Pass      ; Inapplicable ; Pass         ; Inapplicable ; Inapplicable ; Inapplicable ; Inapplicable ; Pass         ; Inapplicable ; Inapplicable ; Inapplicable ; Inapplicable ; Pass         ; Inapplicable ; Inapplicable ; Inapplicable ; Inapplicable ; Inapplicable ; Pass      ; Inapplicable ; Inapplicable ;
; z_out[5][-3]       ; Inapplicable ; Inapplicable ; Inapplicable ; Inapplicable ; Inapplicable ; Pass      ; Inapplicable ; Inapplicable ; Pass      ; Pass      ; Inapplicable ; Pass         ; Inapplicable ; Inapplicable ; Inapplicable ; Inapplicable ; Pass         ; Inapplicable ; Inapplicable ; Inapplicable ; Inapplicable ; Pass         ; Inapplicable ; Inapplicable ; Inapplicable ; Inapplicable ; Inapplicable ; Pass      ; Inapplicable ; Inapplicable ;
; z_out[5][-2]       ; Inapplicable ; Inapplicable ; Inapplicable ; Inapplicable ; Inapplicable ; Pass      ; Inapplicable ; Inapplicable ; Pass      ; Pass      ; Inapplicable ; Pass         ; Inapplicable ; Inapplicable ; Inapplicable ; Inapplicable ; Pass         ; Inapplicable ; Inapplicable ; Inapplicable ; Inapplicable ; Pass         ; Inapplicable ; Inapplicable ; Inapplicable ; Inapplicable ; Inapplicable ; Pass      ; Inapplicable ; Inapplicable ;
; z_out[5][-1]       ; Inapplicable ; Inapplicable ; Inapplicable ; Inapplicable ; Inapplicable ; Pass      ; Inapplicable ; Inapplicable ; Pass      ; Pass      ; Inapplicable ; Pass         ; Inapplicable ; Inapplicable ; Inapplicable ; Inapplicable ; Pass         ; Inapplicable ; Inapplicable ; Inapplicable ; Inapplicable ; Pass         ; Inapplicable ; Inapplicable ; Inapplicable ; Inapplicable ; Inapplicable ; Pass      ; Inapplicable ; Inapplicable ;
; z_out[5][0]        ; Inapplicable ; Inapplicable ; Inapplicable ; Inapplicable ; Inapplicable ; Pass      ; Inapplicable ; Inapplicable ; Pass      ; Pass      ; Inapplicable ; Pass         ; Inapplicable ; Inapplicable ; Inapplicable ; Inapplicable ; Pass         ; Inapplicable ; Inapplicable ; Inapplicable ; Inapplicable ; Pass         ; Inapplicable ; Inapplicable ; Inapplicable ; Inapplicable ; Inapplicable ; Pass      ; Inapplicable ; Inapplicable ;
; z_out[4][-11]      ; Inapplicable ; Inapplicable ; Inapplicable ; Inapplicable ; Inapplicable ; Pass      ; Inapplicable ; Inapplicable ; Pass      ; Pass      ; Inapplicable ; Pass         ; Inapplicable ; Inapplicable ; Inapplicable ; Inapplicable ; Pass         ; Inapplicable ; Inapplicable ; Inapplicable ; Inapplicable ; Pass         ; Inapplicable ; Inapplicable ; Inapplicable ; Inapplicable ; Inapplicable ; Pass      ; Inapplicable ; Inapplicable ;
; z_out[4][-10]      ; Inapplicable ; Inapplicable ; Inapplicable ; Inapplicable ; Inapplicable ; Pass      ; Inapplicable ; Inapplicable ; Pass      ; Pass      ; Inapplicable ; Pass         ; Inapplicable ; Inapplicable ; Inapplicable ; Inapplicable ; Pass         ; Inapplicable ; Inapplicable ; Inapplicable ; Inapplicable ; Pass         ; Inapplicable ; Inapplicable ; Inapplicable ; Inapplicable ; Inapplicable ; Pass      ; Inapplicable ; Inapplicable ;
; z_out[4][-9]       ; Inapplicable ; Inapplicable ; Inapplicable ; Inapplicable ; Inapplicable ; Pass      ; Inapplicable ; Inapplicable ; Pass      ; Pass      ; Inapplicable ; Pass         ; Inapplicable ; Inapplicable ; Inapplicable ; Inapplicable ; Pass         ; Inapplicable ; Inapplicable ; Inapplicable ; Inapplicable ; Pass         ; Inapplicable ; Inapplicable ; Inapplicable ; Inapplicable ; Inapplicable ; Pass      ; Inapplicable ; Inapplicable ;
; z_out[4][-8]       ; Inapplicable ; Inapplicable ; Inapplicable ; Inapplicable ; Inapplicable ; Pass      ; Inapplicable ; Inapplicable ; Pass      ; Pass      ; Inapplicable ; Pass         ; Inapplicable ; Inapplicable ; Inapplicable ; Inapplicable ; Pass         ; Inapplicable ; Inapplicable ; Inapplicable ; Inapplicable ; Pass         ; Inapplicable ; Inapplicable ; Inapplicable ; Inapplicable ; Inapplicable ; Pass      ; Inapplicable ; Inapplicable ;
; z_out[4][-7]       ; Inapplicable ; Inapplicable ; Inapplicable ; Inapplicable ; Inapplicable ; Pass      ; Inapplicable ; Inapplicable ; Pass      ; Pass      ; Inapplicable ; Pass         ; Inapplicable ; Inapplicable ; Inapplicable ; Inapplicable ; Pass         ; Inapplicable ; Inapplicable ; Inapplicable ; Inapplicable ; Pass         ; Inapplicable ; Inapplicable ; Inapplicable ; Inapplicable ; Inapplicable ; Pass      ; Inapplicable ; Inapplicable ;
; z_out[4][-6]       ; Inapplicable ; Inapplicable ; Inapplicable ; Inapplicable ; Inapplicable ; Pass      ; Inapplicable ; Inapplicable ; Pass      ; Pass      ; Inapplicable ; Pass         ; Inapplicable ; Inapplicable ; Inapplicable ; Inapplicable ; Pass         ; Inapplicable ; Inapplicable ; Inapplicable ; Inapplicable ; Pass         ; Inapplicable ; Inapplicable ; Inapplicable ; Inapplicable ; Inapplicable ; Pass      ; Inapplicable ; Inapplicable ;
; z_out[4][-5]       ; Inapplicable ; Inapplicable ; Inapplicable ; Inapplicable ; Inapplicable ; Pass      ; Inapplicable ; Inapplicable ; Pass      ; Pass      ; Inapplicable ; Pass         ; Inapplicable ; Inapplicable ; Inapplicable ; Inapplicable ; Pass         ; Inapplicable ; Inapplicable ; Inapplicable ; Inapplicable ; Pass         ; Inapplicable ; Inapplicable ; Inapplicable ; Inapplicable ; Inapplicable ; Pass      ; Inapplicable ; Inapplicable ;
; z_out[4][-4]       ; Inapplicable ; Inapplicable ; Inapplicable ; Inapplicable ; Inapplicable ; Pass      ; Inapplicable ; Inapplicable ; Pass      ; Pass      ; Inapplicable ; Pass         ; Inapplicable ; Inapplicable ; Inapplicable ; Inapplicable ; Pass         ; Inapplicable ; Inapplicable ; Inapplicable ; Inapplicable ; Pass         ; Inapplicable ; Inapplicable ; Inapplicable ; Inapplicable ; Inapplicable ; Pass      ; Inapplicable ; Inapplicable ;
; z_out[4][-3]       ; Inapplicable ; Inapplicable ; Inapplicable ; Inapplicable ; Inapplicable ; Pass      ; Inapplicable ; Inapplicable ; Pass      ; Pass      ; Inapplicable ; Pass         ; Inapplicable ; Inapplicable ; Inapplicable ; Inapplicable ; Pass         ; Inapplicable ; Inapplicable ; Inapplicable ; Inapplicable ; Pass         ; Inapplicable ; Inapplicable ; Inapplicable ; Inapplicable ; Inapplicable ; Pass      ; Inapplicable ; Inapplicable ;
; z_out[4][-2]       ; Inapplicable ; Inapplicable ; Inapplicable ; Inapplicable ; Inapplicable ; Pass      ; Inapplicable ; Inapplicable ; Pass      ; Pass      ; Inapplicable ; Pass         ; Inapplicable ; Inapplicable ; Inapplicable ; Inapplicable ; Pass         ; Inapplicable ; Inapplicable ; Inapplicable ; Inapplicable ; Pass         ; Inapplicable ; Inapplicable ; Inapplicable ; Inapplicable ; Inapplicable ; Pass      ; Inapplicable ; Inapplicable ;
; z_out[4][-1]       ; Inapplicable ; Inapplicable ; Inapplicable ; Inapplicable ; Inapplicable ; Pass      ; Inapplicable ; Inapplicable ; Pass      ; Pass      ; Inapplicable ; Pass         ; Inapplicable ; Inapplicable ; Inapplicable ; Inapplicable ; Pass         ; Inapplicable ; Inapplicable ; Inapplicable ; Inapplicable ; Pass         ; Inapplicable ; Inapplicable ; Inapplicable ; Inapplicable ; Inapplicable ; Pass      ; Inapplicable ; Inapplicable ;
; z_out[4][0]        ; Inapplicable ; Inapplicable ; Inapplicable ; Inapplicable ; Inapplicable ; Pass      ; Inapplicable ; Inapplicable ; Pass      ; Pass      ; Inapplicable ; Pass         ; Inapplicable ; Inapplicable ; Inapplicable ; Inapplicable ; Pass         ; Inapplicable ; Inapplicable ; Inapplicable ; Inapplicable ; Pass         ; Inapplicable ; Inapplicable ; Inapplicable ; Inapplicable ; Inapplicable ; Pass      ; Inapplicable ; Inapplicable ;
; z_out[3][-11]      ; Inapplicable ; Inapplicable ; Inapplicable ; Inapplicable ; Inapplicable ; Pass      ; Inapplicable ; Inapplicable ; Pass      ; Pass      ; Inapplicable ; Pass         ; Inapplicable ; Inapplicable ; Inapplicable ; Inapplicable ; Pass         ; Inapplicable ; Inapplicable ; Inapplicable ; Inapplicable ; Pass         ; Inapplicable ; Inapplicable ; Inapplicable ; Inapplicable ; Inapplicable ; Pass      ; Inapplicable ; Inapplicable ;
; z_out[3][-10]      ; Inapplicable ; Inapplicable ; Inapplicable ; Inapplicable ; Inapplicable ; Pass      ; Inapplicable ; Inapplicable ; Pass      ; Pass      ; Inapplicable ; Pass         ; Inapplicable ; Inapplicable ; Inapplicable ; Inapplicable ; Pass         ; Inapplicable ; Inapplicable ; Inapplicable ; Inapplicable ; Pass         ; Inapplicable ; Inapplicable ; Inapplicable ; Inapplicable ; Inapplicable ; Pass      ; Inapplicable ; Inapplicable ;
; z_out[3][-9]       ; Inapplicable ; Inapplicable ; Inapplicable ; Inapplicable ; Inapplicable ; Pass      ; Inapplicable ; Inapplicable ; Pass      ; Pass      ; Inapplicable ; Pass         ; Inapplicable ; Inapplicable ; Inapplicable ; Inapplicable ; Pass         ; Inapplicable ; Inapplicable ; Inapplicable ; Inapplicable ; Pass         ; Inapplicable ; Inapplicable ; Inapplicable ; Inapplicable ; Inapplicable ; Pass      ; Inapplicable ; Inapplicable ;
; z_out[3][-8]       ; Inapplicable ; Inapplicable ; Inapplicable ; Inapplicable ; Inapplicable ; Pass      ; Inapplicable ; Inapplicable ; Pass      ; Pass      ; Inapplicable ; Pass         ; Inapplicable ; Inapplicable ; Inapplicable ; Inapplicable ; Pass         ; Inapplicable ; Inapplicable ; Inapplicable ; Inapplicable ; Pass         ; Inapplicable ; Inapplicable ; Inapplicable ; Inapplicable ; Inapplicable ; Pass      ; Inapplicable ; Inapplicable ;
; z_out[3][-7]       ; Inapplicable ; Inapplicable ; Inapplicable ; Inapplicable ; Inapplicable ; Pass      ; Inapplicable ; Inapplicable ; Pass      ; Pass      ; Inapplicable ; Pass         ; Inapplicable ; Inapplicable ; Inapplicable ; Inapplicable ; Pass         ; Inapplicable ; Inapplicable ; Inapplicable ; Inapplicable ; Pass         ; Inapplicable ; Inapplicable ; Inapplicable ; Inapplicable ; Inapplicable ; Pass      ; Inapplicable ; Inapplicable ;
; z_out[3][-6]       ; Inapplicable ; Inapplicable ; Inapplicable ; Inapplicable ; Inapplicable ; Pass      ; Inapplicable ; Inapplicable ; Pass      ; Pass      ; Inapplicable ; Pass         ; Inapplicable ; Inapplicable ; Inapplicable ; Inapplicable ; Pass         ; Inapplicable ; Inapplicable ; Inapplicable ; Inapplicable ; Pass         ; Inapplicable ; Inapplicable ; Inapplicable ; Inapplicable ; Inapplicable ; Pass      ; Inapplicable ; Inapplicable ;
; z_out[3][-5]       ; Inapplicable ; Inapplicable ; Inapplicable ; Inapplicable ; Inapplicable ; Pass      ; Inapplicable ; Inapplicable ; Pass      ; Pass      ; Inapplicable ; Pass         ; Inapplicable ; Inapplicable ; Inapplicable ; Inapplicable ; Pass         ; Inapplicable ; Inapplicable ; Inapplicable ; Inapplicable ; Pass         ; Inapplicable ; Inapplicable ; Inapplicable ; Inapplicable ; Inapplicable ; Pass      ; Inapplicable ; Inapplicable ;
; z_out[3][-4]       ; Inapplicable ; Inapplicable ; Inapplicable ; Inapplicable ; Inapplicable ; Pass      ; Inapplicable ; Inapplicable ; Pass      ; Pass      ; Inapplicable ; Pass         ; Inapplicable ; Inapplicable ; Inapplicable ; Inapplicable ; Pass         ; Inapplicable ; Inapplicable ; Inapplicable ; Inapplicable ; Pass         ; Inapplicable ; Inapplicable ; Inapplicable ; Inapplicable ; Inapplicable ; Pass      ; Inapplicable ; Inapplicable ;
; z_out[3][-3]       ; Inapplicable ; Inapplicable ; Inapplicable ; Inapplicable ; Inapplicable ; Pass      ; Inapplicable ; Inapplicable ; Pass      ; Pass      ; Inapplicable ; Pass         ; Inapplicable ; Inapplicable ; Inapplicable ; Inapplicable ; Pass         ; Inapplicable ; Inapplicable ; Inapplicable ; Inapplicable ; Pass         ; Inapplicable ; Inapplicable ; Inapplicable ; Inapplicable ; Inapplicable ; Pass      ; Inapplicable ; Inapplicable ;
; z_out[3][-2]       ; Inapplicable ; Inapplicable ; Inapplicable ; Inapplicable ; Inapplicable ; Pass      ; Inapplicable ; Inapplicable ; Pass      ; Pass      ; Inapplicable ; Pass         ; Inapplicable ; Inapplicable ; Inapplicable ; Inapplicable ; Pass         ; Inapplicable ; Inapplicable ; Inapplicable ; Inapplicable ; Pass         ; Inapplicable ; Inapplicable ; Inapplicable ; Inapplicable ; Inapplicable ; Pass      ; Inapplicable ; Inapplicable ;
; z_out[3][-1]       ; Inapplicable ; Inapplicable ; Inapplicable ; Inapplicable ; Inapplicable ; Pass      ; Inapplicable ; Inapplicable ; Pass      ; Pass      ; Inapplicable ; Pass         ; Inapplicable ; Inapplicable ; Inapplicable ; Inapplicable ; Pass         ; Inapplicable ; Inapplicable ; Inapplicable ; Inapplicable ; Pass         ; Inapplicable ; Inapplicable ; Inapplicable ; Inapplicable ; Inapplicable ; Pass      ; Inapplicable ; Inapplicable ;
; z_out[3][0]        ; Inapplicable ; Inapplicable ; Inapplicable ; Inapplicable ; Inapplicable ; Pass      ; Inapplicable ; Inapplicable ; Pass      ; Pass      ; Inapplicable ; Pass         ; Inapplicable ; Inapplicable ; Inapplicable ; Inapplicable ; Pass         ; Inapplicable ; Inapplicable ; Inapplicable ; Inapplicable ; Pass         ; Inapplicable ; Inapplicable ; Inapplicable ; Inapplicable ; Inapplicable ; Pass      ; Inapplicable ; Inapplicable ;
; z_out[2][-11]      ; Inapplicable ; Inapplicable ; Inapplicable ; Inapplicable ; Inapplicable ; Pass      ; Inapplicable ; Inapplicable ; Pass      ; Pass      ; Inapplicable ; Pass         ; Inapplicable ; Inapplicable ; Inapplicable ; Inapplicable ; Pass         ; Inapplicable ; Inapplicable ; Inapplicable ; Inapplicable ; Pass         ; Inapplicable ; Inapplicable ; Inapplicable ; Inapplicable ; Inapplicable ; Pass      ; Inapplicable ; Inapplicable ;
; z_out[2][-10]      ; Inapplicable ; Inapplicable ; Inapplicable ; Inapplicable ; Inapplicable ; Pass      ; Inapplicable ; Inapplicable ; Pass      ; Pass      ; Inapplicable ; Pass         ; Inapplicable ; Inapplicable ; Inapplicable ; Inapplicable ; Pass         ; Inapplicable ; Inapplicable ; Inapplicable ; Inapplicable ; Pass         ; Inapplicable ; Inapplicable ; Inapplicable ; Inapplicable ; Inapplicable ; Pass      ; Inapplicable ; Inapplicable ;
; z_out[2][-9]       ; Inapplicable ; Inapplicable ; Inapplicable ; Inapplicable ; Inapplicable ; Pass      ; Inapplicable ; Inapplicable ; Pass      ; Pass      ; Inapplicable ; Pass         ; Inapplicable ; Inapplicable ; Inapplicable ; Inapplicable ; Pass         ; Inapplicable ; Inapplicable ; Inapplicable ; Inapplicable ; Pass         ; Inapplicable ; Inapplicable ; Inapplicable ; Inapplicable ; Inapplicable ; Pass      ; Inapplicable ; Inapplicable ;
; z_out[2][-8]       ; Inapplicable ; Inapplicable ; Inapplicable ; Inapplicable ; Inapplicable ; Pass      ; Inapplicable ; Inapplicable ; Pass      ; Pass      ; Inapplicable ; Pass         ; Inapplicable ; Inapplicable ; Inapplicable ; Inapplicable ; Pass         ; Inapplicable ; Inapplicable ; Inapplicable ; Inapplicable ; Pass         ; Inapplicable ; Inapplicable ; Inapplicable ; Inapplicable ; Inapplicable ; Pass      ; Inapplicable ; Inapplicable ;
; z_out[2][-7]       ; Inapplicable ; Inapplicable ; Inapplicable ; Inapplicable ; Inapplicable ; Pass      ; Inapplicable ; Inapplicable ; Pass      ; Pass      ; Inapplicable ; Pass         ; Inapplicable ; Inapplicable ; Inapplicable ; Inapplicable ; Pass         ; Inapplicable ; Inapplicable ; Inapplicable ; Inapplicable ; Pass         ; Inapplicable ; Inapplicable ; Inapplicable ; Inapplicable ; Inapplicable ; Pass      ; Inapplicable ; Inapplicable ;
; z_out[2][-6]       ; Inapplicable ; Inapplicable ; Inapplicable ; Inapplicable ; Inapplicable ; Pass      ; Inapplicable ; Inapplicable ; Pass      ; Pass      ; Inapplicable ; Pass         ; Inapplicable ; Inapplicable ; Inapplicable ; Inapplicable ; Pass         ; Inapplicable ; Inapplicable ; Inapplicable ; Inapplicable ; Pass         ; Inapplicable ; Inapplicable ; Inapplicable ; Inapplicable ; Inapplicable ; Pass      ; Inapplicable ; Inapplicable ;
; z_out[2][-5]       ; Inapplicable ; Inapplicable ; Inapplicable ; Inapplicable ; Inapplicable ; Pass      ; Inapplicable ; Inapplicable ; Pass      ; Pass      ; Inapplicable ; Pass         ; Inapplicable ; Inapplicable ; Inapplicable ; Inapplicable ; Pass         ; Inapplicable ; Inapplicable ; Inapplicable ; Inapplicable ; Pass         ; Inapplicable ; Inapplicable ; Inapplicable ; Inapplicable ; Inapplicable ; Pass      ; Inapplicable ; Inapplicable ;
; z_out[2][-4]       ; Inapplicable ; Inapplicable ; Inapplicable ; Inapplicable ; Inapplicable ; Pass      ; Inapplicable ; Inapplicable ; Pass      ; Pass      ; Inapplicable ; Pass         ; Inapplicable ; Inapplicable ; Inapplicable ; Inapplicable ; Pass         ; Inapplicable ; Inapplicable ; Inapplicable ; Inapplicable ; Pass         ; Inapplicable ; Inapplicable ; Inapplicable ; Inapplicable ; Inapplicable ; Pass      ; Inapplicable ; Inapplicable ;
; z_out[2][-3]       ; Inapplicable ; Inapplicable ; Inapplicable ; Inapplicable ; Inapplicable ; Pass      ; Inapplicable ; Inapplicable ; Pass      ; Pass      ; Inapplicable ; Pass         ; Inapplicable ; Inapplicable ; Inapplicable ; Inapplicable ; Pass         ; Inapplicable ; Inapplicable ; Inapplicable ; Inapplicable ; Pass         ; Inapplicable ; Inapplicable ; Inapplicable ; Inapplicable ; Inapplicable ; Pass      ; Inapplicable ; Inapplicable ;
; z_out[2][-2]       ; Inapplicable ; Inapplicable ; Inapplicable ; Inapplicable ; Inapplicable ; Pass      ; Inapplicable ; Inapplicable ; Pass      ; Pass      ; Inapplicable ; Pass         ; Inapplicable ; Inapplicable ; Inapplicable ; Inapplicable ; Pass         ; Inapplicable ; Inapplicable ; Inapplicable ; Inapplicable ; Pass         ; Inapplicable ; Inapplicable ; Inapplicable ; Inapplicable ; Inapplicable ; Pass      ; Inapplicable ; Inapplicable ;
; z_out[2][-1]       ; Inapplicable ; Inapplicable ; Inapplicable ; Inapplicable ; Inapplicable ; Pass      ; Inapplicable ; Inapplicable ; Pass      ; Pass      ; Inapplicable ; Pass         ; Inapplicable ; Inapplicable ; Inapplicable ; Inapplicable ; Pass         ; Inapplicable ; Inapplicable ; Inapplicable ; Inapplicable ; Pass         ; Inapplicable ; Inapplicable ; Inapplicable ; Inapplicable ; Inapplicable ; Pass      ; Inapplicable ; Inapplicable ;
; z_out[2][0]        ; Inapplicable ; Inapplicable ; Inapplicable ; Inapplicable ; Inapplicable ; Pass      ; Inapplicable ; Inapplicable ; Pass      ; Pass      ; Inapplicable ; Pass         ; Inapplicable ; Inapplicable ; Inapplicable ; Inapplicable ; Pass         ; Inapplicable ; Inapplicable ; Inapplicable ; Inapplicable ; Pass         ; Inapplicable ; Inapplicable ; Inapplicable ; Inapplicable ; Inapplicable ; Pass      ; Inapplicable ; Inapplicable ;
; z_out[1][-11]      ; Inapplicable ; Inapplicable ; Inapplicable ; Inapplicable ; Inapplicable ; Pass      ; Inapplicable ; Inapplicable ; Pass      ; Pass      ; Inapplicable ; Pass         ; Inapplicable ; Inapplicable ; Inapplicable ; Inapplicable ; Pass         ; Inapplicable ; Inapplicable ; Inapplicable ; Inapplicable ; Pass         ; Inapplicable ; Inapplicable ; Inapplicable ; Inapplicable ; Inapplicable ; Pass      ; Inapplicable ; Inapplicable ;
; z_out[1][-10]      ; Inapplicable ; Inapplicable ; Inapplicable ; Inapplicable ; Inapplicable ; Pass      ; Inapplicable ; Inapplicable ; Pass      ; Pass      ; Inapplicable ; Pass         ; Inapplicable ; Inapplicable ; Inapplicable ; Inapplicable ; Pass         ; Inapplicable ; Inapplicable ; Inapplicable ; Inapplicable ; Pass         ; Inapplicable ; Inapplicable ; Inapplicable ; Inapplicable ; Inapplicable ; Pass      ; Inapplicable ; Inapplicable ;
; z_out[1][-9]       ; Inapplicable ; Inapplicable ; Inapplicable ; Inapplicable ; Inapplicable ; Pass      ; Inapplicable ; Inapplicable ; Pass      ; Pass      ; Inapplicable ; Pass         ; Inapplicable ; Inapplicable ; Inapplicable ; Inapplicable ; Pass         ; Inapplicable ; Inapplicable ; Inapplicable ; Inapplicable ; Pass         ; Inapplicable ; Inapplicable ; Inapplicable ; Inapplicable ; Inapplicable ; Pass      ; Inapplicable ; Inapplicable ;
; z_out[1][-8]       ; Inapplicable ; Inapplicable ; Inapplicable ; Inapplicable ; Inapplicable ; Pass      ; Inapplicable ; Inapplicable ; Pass      ; Pass      ; Inapplicable ; Pass         ; Inapplicable ; Inapplicable ; Inapplicable ; Inapplicable ; Pass         ; Inapplicable ; Inapplicable ; Inapplicable ; Inapplicable ; Pass         ; Inapplicable ; Inapplicable ; Inapplicable ; Inapplicable ; Inapplicable ; Pass      ; Inapplicable ; Inapplicable ;
; z_out[1][-7]       ; Inapplicable ; Inapplicable ; Inapplicable ; Inapplicable ; Inapplicable ; Pass      ; Inapplicable ; Inapplicable ; Pass      ; Pass      ; Inapplicable ; Pass         ; Inapplicable ; Inapplicable ; Inapplicable ; Inapplicable ; Pass         ; Inapplicable ; Inapplicable ; Inapplicable ; Inapplicable ; Pass         ; Inapplicable ; Inapplicable ; Inapplicable ; Inapplicable ; Inapplicable ; Pass      ; Inapplicable ; Inapplicable ;
; z_out[1][-6]       ; Inapplicable ; Inapplicable ; Inapplicable ; Inapplicable ; Inapplicable ; Pass      ; Inapplicable ; Inapplicable ; Pass      ; Pass      ; Inapplicable ; Pass         ; Inapplicable ; Inapplicable ; Inapplicable ; Inapplicable ; Pass         ; Inapplicable ; Inapplicable ; Inapplicable ; Inapplicable ; Pass         ; Inapplicable ; Inapplicable ; Inapplicable ; Inapplicable ; Inapplicable ; Pass      ; Inapplicable ; Inapplicable ;
; z_out[1][-5]       ; Inapplicable ; Inapplicable ; Inapplicable ; Inapplicable ; Inapplicable ; Pass      ; Inapplicable ; Inapplicable ; Pass      ; Pass      ; Inapplicable ; Pass         ; Inapplicable ; Inapplicable ; Inapplicable ; Inapplicable ; Pass         ; Inapplicable ; Inapplicable ; Inapplicable ; Inapplicable ; Pass         ; Inapplicable ; Inapplicable ; Inapplicable ; Inapplicable ; Inapplicable ; Pass      ; Inapplicable ; Inapplicable ;
; z_out[1][-4]       ; Inapplicable ; Inapplicable ; Inapplicable ; Inapplicable ; Inapplicable ; Pass      ; Inapplicable ; Inapplicable ; Pass      ; Pass      ; Inapplicable ; Pass         ; Inapplicable ; Inapplicable ; Inapplicable ; Inapplicable ; Pass         ; Inapplicable ; Inapplicable ; Inapplicable ; Inapplicable ; Pass         ; Inapplicable ; Inapplicable ; Inapplicable ; Inapplicable ; Inapplicable ; Pass      ; Inapplicable ; Inapplicable ;
; z_out[1][-3]       ; Inapplicable ; Inapplicable ; Inapplicable ; Inapplicable ; Inapplicable ; Pass      ; Inapplicable ; Inapplicable ; Pass      ; Pass      ; Inapplicable ; Pass         ; Inapplicable ; Inapplicable ; Inapplicable ; Inapplicable ; Pass         ; Inapplicable ; Inapplicable ; Inapplicable ; Inapplicable ; Pass         ; Inapplicable ; Inapplicable ; Inapplicable ; Inapplicable ; Inapplicable ; Pass      ; Inapplicable ; Inapplicable ;
; z_out[1][-2]       ; Inapplicable ; Inapplicable ; Inapplicable ; Inapplicable ; Inapplicable ; Pass      ; Inapplicable ; Inapplicable ; Pass      ; Pass      ; Inapplicable ; Pass         ; Inapplicable ; Inapplicable ; Inapplicable ; Inapplicable ; Pass         ; Inapplicable ; Inapplicable ; Inapplicable ; Inapplicable ; Pass         ; Inapplicable ; Inapplicable ; Inapplicable ; Inapplicable ; Inapplicable ; Pass      ; Inapplicable ; Inapplicable ;
; z_out[1][-1]       ; Inapplicable ; Inapplicable ; Inapplicable ; Inapplicable ; Inapplicable ; Pass      ; Inapplicable ; Inapplicable ; Pass      ; Pass      ; Inapplicable ; Pass         ; Inapplicable ; Inapplicable ; Inapplicable ; Inapplicable ; Pass         ; Inapplicable ; Inapplicable ; Inapplicable ; Inapplicable ; Pass         ; Inapplicable ; Inapplicable ; Inapplicable ; Inapplicable ; Inapplicable ; Pass      ; Inapplicable ; Inapplicable ;
; z_out[1][0]        ; Inapplicable ; Inapplicable ; Inapplicable ; Inapplicable ; Inapplicable ; Pass      ; Inapplicable ; Inapplicable ; Pass      ; Pass      ; Inapplicable ; Pass         ; Inapplicable ; Inapplicable ; Inapplicable ; Inapplicable ; Pass         ; Inapplicable ; Inapplicable ; Inapplicable ; Inapplicable ; Pass         ; Inapplicable ; Inapplicable ; Inapplicable ; Inapplicable ; Inapplicable ; Pass      ; Inapplicable ; Inapplicable ;
; z_out[0][-11]      ; Inapplicable ; Inapplicable ; Inapplicable ; Inapplicable ; Inapplicable ; Pass      ; Inapplicable ; Inapplicable ; Pass      ; Pass      ; Inapplicable ; Pass         ; Inapplicable ; Inapplicable ; Inapplicable ; Inapplicable ; Pass         ; Inapplicable ; Inapplicable ; Inapplicable ; Inapplicable ; Pass         ; Inapplicable ; Inapplicable ; Inapplicable ; Inapplicable ; Inapplicable ; Pass      ; Inapplicable ; Inapplicable ;
; z_out[0][-10]      ; Inapplicable ; Inapplicable ; Inapplicable ; Inapplicable ; Inapplicable ; Pass      ; Inapplicable ; Inapplicable ; Pass      ; Pass      ; Inapplicable ; Pass         ; Inapplicable ; Inapplicable ; Inapplicable ; Inapplicable ; Pass         ; Inapplicable ; Inapplicable ; Inapplicable ; Inapplicable ; Pass         ; Inapplicable ; Inapplicable ; Inapplicable ; Inapplicable ; Inapplicable ; Pass      ; Inapplicable ; Inapplicable ;
; z_out[0][-9]       ; Inapplicable ; Inapplicable ; Inapplicable ; Inapplicable ; Inapplicable ; Pass      ; Inapplicable ; Inapplicable ; Pass      ; Pass      ; Inapplicable ; Pass         ; Inapplicable ; Inapplicable ; Inapplicable ; Inapplicable ; Pass         ; Inapplicable ; Inapplicable ; Inapplicable ; Inapplicable ; Pass         ; Inapplicable ; Inapplicable ; Inapplicable ; Inapplicable ; Inapplicable ; Pass      ; Inapplicable ; Inapplicable ;
; z_out[0][-8]       ; Inapplicable ; Inapplicable ; Inapplicable ; Inapplicable ; Inapplicable ; Pass      ; Inapplicable ; Inapplicable ; Pass      ; Pass      ; Inapplicable ; Pass         ; Inapplicable ; Inapplicable ; Inapplicable ; Inapplicable ; Pass         ; Inapplicable ; Inapplicable ; Inapplicable ; Inapplicable ; Pass         ; Inapplicable ; Inapplicable ; Inapplicable ; Inapplicable ; Inapplicable ; Pass      ; Inapplicable ; Inapplicable ;
; z_out[0][-7]       ; Inapplicable ; Inapplicable ; Inapplicable ; Inapplicable ; Inapplicable ; Pass      ; Inapplicable ; Inapplicable ; Pass      ; Pass      ; Inapplicable ; Pass         ; Inapplicable ; Inapplicable ; Inapplicable ; Inapplicable ; Pass         ; Inapplicable ; Inapplicable ; Inapplicable ; Inapplicable ; Pass         ; Inapplicable ; Inapplicable ; Inapplicable ; Inapplicable ; Inapplicable ; Pass      ; Inapplicable ; Inapplicable ;
; z_out[0][-6]       ; Inapplicable ; Inapplicable ; Inapplicable ; Inapplicable ; Inapplicable ; Pass      ; Inapplicable ; Inapplicable ; Pass      ; Pass      ; Inapplicable ; Pass         ; Inapplicable ; Inapplicable ; Inapplicable ; Inapplicable ; Pass         ; Inapplicable ; Inapplicable ; Inapplicable ; Inapplicable ; Pass         ; Inapplicable ; Inapplicable ; Inapplicable ; Inapplicable ; Inapplicable ; Pass      ; Inapplicable ; Inapplicable ;
; z_out[0][-5]       ; Inapplicable ; Inapplicable ; Inapplicable ; Inapplicable ; Inapplicable ; Pass      ; Inapplicable ; Inapplicable ; Pass      ; Pass      ; Inapplicable ; Pass         ; Inapplicable ; Inapplicable ; Inapplicable ; Inapplicable ; Pass         ; Inapplicable ; Inapplicable ; Inapplicable ; Inapplicable ; Pass         ; Inapplicable ; Inapplicable ; Inapplicable ; Inapplicable ; Inapplicable ; Pass      ; Inapplicable ; Inapplicable ;
; z_out[0][-4]       ; Inapplicable ; Inapplicable ; Inapplicable ; Inapplicable ; Inapplicable ; Pass      ; Inapplicable ; Inapplicable ; Pass      ; Pass      ; Inapplicable ; Pass         ; Inapplicable ; Inapplicable ; Inapplicable ; Inapplicable ; Pass         ; Inapplicable ; Inapplicable ; Inapplicable ; Inapplicable ; Pass         ; Inapplicable ; Inapplicable ; Inapplicable ; Inapplicable ; Inapplicable ; Pass      ; Inapplicable ; Inapplicable ;
; z_out[0][-3]       ; Inapplicable ; Inapplicable ; Inapplicable ; Inapplicable ; Inapplicable ; Pass      ; Inapplicable ; Inapplicable ; Pass      ; Pass      ; Inapplicable ; Pass         ; Inapplicable ; Inapplicable ; Inapplicable ; Inapplicable ; Pass         ; Inapplicable ; Inapplicable ; Inapplicable ; Inapplicable ; Pass         ; Inapplicable ; Inapplicable ; Inapplicable ; Inapplicable ; Inapplicable ; Pass      ; Inapplicable ; Inapplicable ;
; z_out[0][-2]       ; Inapplicable ; Inapplicable ; Inapplicable ; Inapplicable ; Inapplicable ; Pass      ; Inapplicable ; Inapplicable ; Pass      ; Pass      ; Inapplicable ; Pass         ; Inapplicable ; Inapplicable ; Inapplicable ; Inapplicable ; Pass         ; Inapplicable ; Inapplicable ; Inapplicable ; Inapplicable ; Pass         ; Inapplicable ; Inapplicable ; Inapplicable ; Inapplicable ; Inapplicable ; Pass      ; Inapplicable ; Inapplicable ;
; z_out[0][-1]       ; Inapplicable ; Inapplicable ; Inapplicable ; Inapplicable ; Inapplicable ; Pass      ; Inapplicable ; Inapplicable ; Pass      ; Pass      ; Inapplicable ; Pass         ; Inapplicable ; Inapplicable ; Inapplicable ; Inapplicable ; Pass         ; Inapplicable ; Inapplicable ; Inapplicable ; Inapplicable ; Pass         ; Inapplicable ; Inapplicable ; Inapplicable ; Inapplicable ; Inapplicable ; Pass      ; Inapplicable ; Inapplicable ;
; z_out[0][0]        ; Inapplicable ; Inapplicable ; Inapplicable ; Inapplicable ; Inapplicable ; Pass      ; Inapplicable ; Inapplicable ; Pass      ; Pass      ; Inapplicable ; Pass         ; Inapplicable ; Inapplicable ; Inapplicable ; Inapplicable ; Pass         ; Inapplicable ; Inapplicable ; Inapplicable ; Inapplicable ; Pass         ; Inapplicable ; Inapplicable ; Inapplicable ; Inapplicable ; Inapplicable ; Pass      ; Inapplicable ; Inapplicable ;
; clk                ; Inapplicable ; Inapplicable ; Inapplicable ; Inapplicable ; Inapplicable ; Pass      ; Inapplicable ; Inapplicable ; Pass      ; Pass      ; Inapplicable ; Inapplicable ; Inapplicable ; Inapplicable ; Pass         ; Inapplicable ; Inapplicable ; Pass         ; Inapplicable ; Inapplicable ; Inapplicable ; Inapplicable ; Inapplicable ; Inapplicable ; Inapplicable ; Inapplicable ; Inapplicable ; Pass      ; Inapplicable ; Inapplicable ;
; x_in[0][-7]        ; Inapplicable ; Inapplicable ; Inapplicable ; Inapplicable ; Inapplicable ; Pass      ; Inapplicable ; Inapplicable ; Pass      ; Pass      ; Inapplicable ; Inapplicable ; Inapplicable ; Inapplicable ; Pass         ; Inapplicable ; Inapplicable ; Pass         ; Inapplicable ; Inapplicable ; Inapplicable ; Inapplicable ; Inapplicable ; Inapplicable ; Inapplicable ; Inapplicable ; Inapplicable ; Pass      ; Inapplicable ; Inapplicable ;
; x_in[8][-7]        ; Inapplicable ; Inapplicable ; Inapplicable ; Inapplicable ; Inapplicable ; Pass      ; Inapplicable ; Inapplicable ; Pass      ; Pass      ; Inapplicable ; Inapplicable ; Inapplicable ; Inapplicable ; Pass         ; Inapplicable ; Inapplicable ; Pass         ; Inapplicable ; Inapplicable ; Inapplicable ; Inapplicable ; Inapplicable ; Inapplicable ; Inapplicable ; Inapplicable ; Inapplicable ; Pass      ; Inapplicable ; Inapplicable ;
; x_in[0][-8]        ; Inapplicable ; Inapplicable ; Inapplicable ; Inapplicable ; Inapplicable ; Pass      ; Inapplicable ; Inapplicable ; Pass      ; Pass      ; Inapplicable ; Inapplicable ; Inapplicable ; Inapplicable ; Pass         ; Inapplicable ; Inapplicable ; Pass         ; Inapplicable ; Inapplicable ; Inapplicable ; Inapplicable ; Inapplicable ; Inapplicable ; Inapplicable ; Inapplicable ; Inapplicable ; Pass      ; Inapplicable ; Inapplicable ;
; x_in[8][-8]        ; Inapplicable ; Inapplicable ; Inapplicable ; Inapplicable ; Inapplicable ; Pass      ; Inapplicable ; Inapplicable ; Pass      ; Pass      ; Inapplicable ; Inapplicable ; Inapplicable ; Inapplicable ; Pass         ; Inapplicable ; Inapplicable ; Pass         ; Inapplicable ; Inapplicable ; Inapplicable ; Inapplicable ; Inapplicable ; Inapplicable ; Inapplicable ; Inapplicable ; Inapplicable ; Pass      ; Inapplicable ; Inapplicable ;
; x_in[0][-9]        ; Inapplicable ; Inapplicable ; Inapplicable ; Inapplicable ; Inapplicable ; Pass      ; Inapplicable ; Inapplicable ; Pass      ; Pass      ; Inapplicable ; Inapplicable ; Inapplicable ; Inapplicable ; Pass         ; Inapplicable ; Inapplicable ; Pass         ; Inapplicable ; Inapplicable ; Inapplicable ; Inapplicable ; Inapplicable ; Inapplicable ; Inapplicable ; Inapplicable ; Inapplicable ; Pass      ; Inapplicable ; Inapplicable ;
; x_in[8][-9]        ; Inapplicable ; Inapplicable ; Inapplicable ; Inapplicable ; Inapplicable ; Pass      ; Inapplicable ; Inapplicable ; Pass      ; Pass      ; Inapplicable ; Inapplicable ; Inapplicable ; Inapplicable ; Pass         ; Inapplicable ; Inapplicable ; Pass         ; Inapplicable ; Inapplicable ; Inapplicable ; Inapplicable ; Inapplicable ; Inapplicable ; Inapplicable ; Inapplicable ; Inapplicable ; Pass      ; Inapplicable ; Inapplicable ;
; x_in[0][-10]       ; Inapplicable ; Inapplicable ; Inapplicable ; Inapplicable ; Inapplicable ; Pass      ; Inapplicable ; Inapplicable ; Pass      ; Pass      ; Inapplicable ; Inapplicable ; Inapplicable ; Inapplicable ; Pass         ; Inapplicable ; Inapplicable ; Pass         ; Inapplicable ; Inapplicable ; Inapplicable ; Inapplicable ; Inapplicable ; Inapplicable ; Inapplicable ; Inapplicable ; Inapplicable ; Pass      ; Inapplicable ; Inapplicable ;
; x_in[8][-10]       ; Inapplicable ; Inapplicable ; Inapplicable ; Inapplicable ; Inapplicable ; Pass      ; Inapplicable ; Inapplicable ; Pass      ; Pass      ; Inapplicable ; Inapplicable ; Inapplicable ; Inapplicable ; Pass         ; Inapplicable ; Inapplicable ; Pass         ; Inapplicable ; Inapplicable ; Inapplicable ; Inapplicable ; Inapplicable ; Inapplicable ; Inapplicable ; Inapplicable ; Inapplicable ; Pass      ; Inapplicable ; Inapplicable ;
; x_in[0][-11]       ; Inapplicable ; Inapplicable ; Inapplicable ; Inapplicable ; Inapplicable ; Pass      ; Inapplicable ; Inapplicable ; Pass      ; Pass      ; Inapplicable ; Inapplicable ; Inapplicable ; Inapplicable ; Pass         ; Inapplicable ; Inapplicable ; Pass         ; Inapplicable ; Inapplicable ; Inapplicable ; Inapplicable ; Inapplicable ; Inapplicable ; Inapplicable ; Inapplicable ; Inapplicable ; Pass      ; Inapplicable ; Inapplicable ;
; x_in[8][-11]       ; Inapplicable ; Inapplicable ; Inapplicable ; Inapplicable ; Inapplicable ; Pass      ; Inapplicable ; Inapplicable ; Pass      ; Pass      ; Inapplicable ; Inapplicable ; Inapplicable ; Inapplicable ; Pass         ; Inapplicable ; Inapplicable ; Pass         ; Inapplicable ; Inapplicable ; Inapplicable ; Inapplicable ; Inapplicable ; Inapplicable ; Inapplicable ; Inapplicable ; Inapplicable ; Pass      ; Inapplicable ; Inapplicable ;
; x_in[4][-7]        ; Inapplicable ; Inapplicable ; Inapplicable ; Inapplicable ; Inapplicable ; Pass      ; Inapplicable ; Inapplicable ; Pass      ; Pass      ; Inapplicable ; Inapplicable ; Inapplicable ; Inapplicable ; Pass         ; Inapplicable ; Inapplicable ; Pass         ; Inapplicable ; Inapplicable ; Inapplicable ; Inapplicable ; Inapplicable ; Inapplicable ; Inapplicable ; Inapplicable ; Inapplicable ; Pass      ; Inapplicable ; Inapplicable ;
; x_in[12][-7]       ; Inapplicable ; Inapplicable ; Inapplicable ; Inapplicable ; Inapplicable ; Pass      ; Inapplicable ; Inapplicable ; Pass      ; Pass      ; Inapplicable ; Inapplicable ; Inapplicable ; Inapplicable ; Pass         ; Inapplicable ; Inapplicable ; Pass         ; Inapplicable ; Inapplicable ; Inapplicable ; Inapplicable ; Inapplicable ; Inapplicable ; Inapplicable ; Inapplicable ; Inapplicable ; Pass      ; Inapplicable ; Inapplicable ;
; x_in[4][-8]        ; Inapplicable ; Inapplicable ; Inapplicable ; Inapplicable ; Inapplicable ; Pass      ; Inapplicable ; Inapplicable ; Pass      ; Pass      ; Inapplicable ; Inapplicable ; Inapplicable ; Inapplicable ; Pass         ; Inapplicable ; Inapplicable ; Pass         ; Inapplicable ; Inapplicable ; Inapplicable ; Inapplicable ; Inapplicable ; Inapplicable ; Inapplicable ; Inapplicable ; Inapplicable ; Pass      ; Inapplicable ; Inapplicable ;
; x_in[12][-8]       ; Inapplicable ; Inapplicable ; Inapplicable ; Inapplicable ; Inapplicable ; Pass      ; Inapplicable ; Inapplicable ; Pass      ; Pass      ; Inapplicable ; Inapplicable ; Inapplicable ; Inapplicable ; Pass         ; Inapplicable ; Inapplicable ; Pass         ; Inapplicable ; Inapplicable ; Inapplicable ; Inapplicable ; Inapplicable ; Inapplicable ; Inapplicable ; Inapplicable ; Inapplicable ; Pass      ; Inapplicable ; Inapplicable ;
; x_in[4][-9]        ; Inapplicable ; Inapplicable ; Inapplicable ; Inapplicable ; Inapplicable ; Pass      ; Inapplicable ; Inapplicable ; Pass      ; Pass      ; Inapplicable ; Inapplicable ; Inapplicable ; Inapplicable ; Pass         ; Inapplicable ; Inapplicable ; Pass         ; Inapplicable ; Inapplicable ; Inapplicable ; Inapplicable ; Inapplicable ; Inapplicable ; Inapplicable ; Inapplicable ; Inapplicable ; Pass      ; Inapplicable ; Inapplicable ;
; x_in[12][-9]       ; Inapplicable ; Inapplicable ; Inapplicable ; Inapplicable ; Inapplicable ; Pass      ; Inapplicable ; Inapplicable ; Pass      ; Pass      ; Inapplicable ; Inapplicable ; Inapplicable ; Inapplicable ; Pass         ; Inapplicable ; Inapplicable ; Pass         ; Inapplicable ; Inapplicable ; Inapplicable ; Inapplicable ; Inapplicable ; Inapplicable ; Inapplicable ; Inapplicable ; Inapplicable ; Pass      ; Inapplicable ; Inapplicable ;
; x_in[4][-10]       ; Inapplicable ; Inapplicable ; Inapplicable ; Inapplicable ; Inapplicable ; Pass      ; Inapplicable ; Inapplicable ; Pass      ; Pass      ; Inapplicable ; Inapplicable ; Inapplicable ; Inapplicable ; Pass         ; Inapplicable ; Inapplicable ; Pass         ; Inapplicable ; Inapplicable ; Inapplicable ; Inapplicable ; Inapplicable ; Inapplicable ; Inapplicable ; Inapplicable ; Inapplicable ; Pass      ; Inapplicable ; Inapplicable ;
; x_in[12][-10]      ; Inapplicable ; Inapplicable ; Inapplicable ; Inapplicable ; Inapplicable ; Pass      ; Inapplicable ; Inapplicable ; Pass      ; Pass      ; Inapplicable ; Inapplicable ; Inapplicable ; Inapplicable ; Pass         ; Inapplicable ; Inapplicable ; Pass         ; Inapplicable ; Inapplicable ; Inapplicable ; Inapplicable ; Inapplicable ; Inapplicable ; Inapplicable ; Inapplicable ; Inapplicable ; Pass      ; Inapplicable ; Inapplicable ;
; x_in[4][-11]       ; Inapplicable ; Inapplicable ; Inapplicable ; Inapplicable ; Inapplicable ; Pass      ; Inapplicable ; Inapplicable ; Pass      ; Pass      ; Inapplicable ; Inapplicable ; Inapplicable ; Inapplicable ; Pass         ; Inapplicable ; Inapplicable ; Pass         ; Inapplicable ; Inapplicable ; Inapplicable ; Inapplicable ; Inapplicable ; Inapplicable ; Inapplicable ; Inapplicable ; Inapplicable ; Pass      ; Inapplicable ; Inapplicable ;
; x_in[12][-11]      ; Inapplicable ; Inapplicable ; Inapplicable ; Inapplicable ; Inapplicable ; Pass      ; Inapplicable ; Inapplicable ; Pass      ; Pass      ; Inapplicable ; Inapplicable ; Inapplicable ; Inapplicable ; Pass         ; Inapplicable ; Inapplicable ; Pass         ; Inapplicable ; Inapplicable ; Inapplicable ; Inapplicable ; Inapplicable ; Inapplicable ; Inapplicable ; Inapplicable ; Inapplicable ; Pass      ; Inapplicable ; Inapplicable ;
; x_in[2][-7]        ; Inapplicable ; Inapplicable ; Inapplicable ; Inapplicable ; Inapplicable ; Pass      ; Inapplicable ; Inapplicable ; Pass      ; Pass      ; Inapplicable ; Inapplicable ; Inapplicable ; Inapplicable ; Pass         ; Inapplicable ; Inapplicable ; Pass         ; Inapplicable ; Inapplicable ; Inapplicable ; Inapplicable ; Inapplicable ; Inapplicable ; Inapplicable ; Inapplicable ; Inapplicable ; Pass      ; Inapplicable ; Inapplicable ;
; x_in[10][-7]       ; Inapplicable ; Inapplicable ; Inapplicable ; Inapplicable ; Inapplicable ; Pass      ; Inapplicable ; Inapplicable ; Pass      ; Pass      ; Inapplicable ; Inapplicable ; Inapplicable ; Inapplicable ; Pass         ; Inapplicable ; Inapplicable ; Pass         ; Inapplicable ; Inapplicable ; Inapplicable ; Inapplicable ; Inapplicable ; Inapplicable ; Inapplicable ; Inapplicable ; Inapplicable ; Pass      ; Inapplicable ; Inapplicable ;
; x_in[2][-8]        ; Inapplicable ; Inapplicable ; Inapplicable ; Inapplicable ; Inapplicable ; Pass      ; Inapplicable ; Inapplicable ; Pass      ; Pass      ; Inapplicable ; Inapplicable ; Inapplicable ; Inapplicable ; Pass         ; Inapplicable ; Inapplicable ; Pass         ; Inapplicable ; Inapplicable ; Inapplicable ; Inapplicable ; Inapplicable ; Inapplicable ; Inapplicable ; Inapplicable ; Inapplicable ; Pass      ; Inapplicable ; Inapplicable ;
; x_in[10][-8]       ; Inapplicable ; Inapplicable ; Inapplicable ; Inapplicable ; Inapplicable ; Pass      ; Inapplicable ; Inapplicable ; Pass      ; Pass      ; Inapplicable ; Inapplicable ; Inapplicable ; Inapplicable ; Pass         ; Inapplicable ; Inapplicable ; Pass         ; Inapplicable ; Inapplicable ; Inapplicable ; Inapplicable ; Inapplicable ; Inapplicable ; Inapplicable ; Inapplicable ; Inapplicable ; Pass      ; Inapplicable ; Inapplicable ;
; x_in[2][-9]        ; Inapplicable ; Inapplicable ; Inapplicable ; Inapplicable ; Inapplicable ; Pass      ; Inapplicable ; Inapplicable ; Pass      ; Pass      ; Inapplicable ; Inapplicable ; Inapplicable ; Inapplicable ; Pass         ; Inapplicable ; Inapplicable ; Pass         ; Inapplicable ; Inapplicable ; Inapplicable ; Inapplicable ; Inapplicable ; Inapplicable ; Inapplicable ; Inapplicable ; Inapplicable ; Pass      ; Inapplicable ; Inapplicable ;
; x_in[10][-9]       ; Inapplicable ; Inapplicable ; Inapplicable ; Inapplicable ; Inapplicable ; Pass      ; Inapplicable ; Inapplicable ; Pass      ; Pass      ; Inapplicable ; Inapplicable ; Inapplicable ; Inapplicable ; Pass         ; Inapplicable ; Inapplicable ; Pass         ; Inapplicable ; Inapplicable ; Inapplicable ; Inapplicable ; Inapplicable ; Inapplicable ; Inapplicable ; Inapplicable ; Inapplicable ; Pass      ; Inapplicable ; Inapplicable ;
; x_in[2][-10]       ; Inapplicable ; Inapplicable ; Inapplicable ; Inapplicable ; Inapplicable ; Pass      ; Inapplicable ; Inapplicable ; Pass      ; Pass      ; Inapplicable ; Inapplicable ; Inapplicable ; Inapplicable ; Pass         ; Inapplicable ; Inapplicable ; Pass         ; Inapplicable ; Inapplicable ; Inapplicable ; Inapplicable ; Inapplicable ; Inapplicable ; Inapplicable ; Inapplicable ; Inapplicable ; Pass      ; Inapplicable ; Inapplicable ;
; x_in[10][-10]      ; Inapplicable ; Inapplicable ; Inapplicable ; Inapplicable ; Inapplicable ; Pass      ; Inapplicable ; Inapplicable ; Pass      ; Pass      ; Inapplicable ; Inapplicable ; Inapplicable ; Inapplicable ; Pass         ; Inapplicable ; Inapplicable ; Pass         ; Inapplicable ; Inapplicable ; Inapplicable ; Inapplicable ; Inapplicable ; Inapplicable ; Inapplicable ; Inapplicable ; Inapplicable ; Pass      ; Inapplicable ; Inapplicable ;
; x_in[2][-11]       ; Inapplicable ; Inapplicable ; Inapplicable ; Inapplicable ; Inapplicable ; Pass      ; Inapplicable ; Inapplicable ; Pass      ; Pass      ; Inapplicable ; Inapplicable ; Inapplicable ; Inapplicable ; Pass         ; Inapplicable ; Inapplicable ; Pass         ; Inapplicable ; Inapplicable ; Inapplicable ; Inapplicable ; Inapplicable ; Inapplicable ; Inapplicable ; Inapplicable ; Inapplicable ; Pass      ; Inapplicable ; Inapplicable ;
; x_in[10][-11]      ; Inapplicable ; Inapplicable ; Inapplicable ; Inapplicable ; Inapplicable ; Pass      ; Inapplicable ; Inapplicable ; Pass      ; Pass      ; Inapplicable ; Inapplicable ; Inapplicable ; Inapplicable ; Pass         ; Inapplicable ; Inapplicable ; Pass         ; Inapplicable ; Inapplicable ; Inapplicable ; Inapplicable ; Inapplicable ; Inapplicable ; Inapplicable ; Inapplicable ; Inapplicable ; Pass      ; Inapplicable ; Inapplicable ;
; x_in[6][-7]        ; Inapplicable ; Inapplicable ; Inapplicable ; Inapplicable ; Inapplicable ; Pass      ; Inapplicable ; Inapplicable ; Pass      ; Pass      ; Inapplicable ; Inapplicable ; Inapplicable ; Inapplicable ; Pass         ; Inapplicable ; Inapplicable ; Pass         ; Inapplicable ; Inapplicable ; Inapplicable ; Inapplicable ; Inapplicable ; Inapplicable ; Inapplicable ; Inapplicable ; Inapplicable ; Pass      ; Inapplicable ; Inapplicable ;
; x_in[14][-7]       ; Inapplicable ; Inapplicable ; Inapplicable ; Inapplicable ; Inapplicable ; Pass      ; Inapplicable ; Inapplicable ; Pass      ; Pass      ; Inapplicable ; Inapplicable ; Inapplicable ; Inapplicable ; Pass         ; Inapplicable ; Inapplicable ; Pass         ; Inapplicable ; Inapplicable ; Inapplicable ; Inapplicable ; Inapplicable ; Inapplicable ; Inapplicable ; Inapplicable ; Inapplicable ; Pass      ; Inapplicable ; Inapplicable ;
; x_in[6][-8]        ; Inapplicable ; Inapplicable ; Inapplicable ; Inapplicable ; Inapplicable ; Pass      ; Inapplicable ; Inapplicable ; Pass      ; Pass      ; Inapplicable ; Inapplicable ; Inapplicable ; Inapplicable ; Pass         ; Inapplicable ; Inapplicable ; Pass         ; Inapplicable ; Inapplicable ; Inapplicable ; Inapplicable ; Inapplicable ; Inapplicable ; Inapplicable ; Inapplicable ; Inapplicable ; Pass      ; Inapplicable ; Inapplicable ;
; x_in[14][-8]       ; Inapplicable ; Inapplicable ; Inapplicable ; Inapplicable ; Inapplicable ; Pass      ; Inapplicable ; Inapplicable ; Pass      ; Pass      ; Inapplicable ; Inapplicable ; Inapplicable ; Inapplicable ; Pass         ; Inapplicable ; Inapplicable ; Pass         ; Inapplicable ; Inapplicable ; Inapplicable ; Inapplicable ; Inapplicable ; Inapplicable ; Inapplicable ; Inapplicable ; Inapplicable ; Pass      ; Inapplicable ; Inapplicable ;
; x_in[6][-9]        ; Inapplicable ; Inapplicable ; Inapplicable ; Inapplicable ; Inapplicable ; Pass      ; Inapplicable ; Inapplicable ; Pass      ; Pass      ; Inapplicable ; Inapplicable ; Inapplicable ; Inapplicable ; Pass         ; Inapplicable ; Inapplicable ; Pass         ; Inapplicable ; Inapplicable ; Inapplicable ; Inapplicable ; Inapplicable ; Inapplicable ; Inapplicable ; Inapplicable ; Inapplicable ; Pass      ; Inapplicable ; Inapplicable ;
; x_in[14][-9]       ; Inapplicable ; Inapplicable ; Inapplicable ; Inapplicable ; Inapplicable ; Pass      ; Inapplicable ; Inapplicable ; Pass      ; Pass      ; Inapplicable ; Inapplicable ; Inapplicable ; Inapplicable ; Pass         ; Inapplicable ; Inapplicable ; Pass         ; Inapplicable ; Inapplicable ; Inapplicable ; Inapplicable ; Inapplicable ; Inapplicable ; Inapplicable ; Inapplicable ; Inapplicable ; Pass      ; Inapplicable ; Inapplicable ;
; x_in[6][-10]       ; Inapplicable ; Inapplicable ; Inapplicable ; Inapplicable ; Inapplicable ; Pass      ; Inapplicable ; Inapplicable ; Pass      ; Pass      ; Inapplicable ; Inapplicable ; Inapplicable ; Inapplicable ; Pass         ; Inapplicable ; Inapplicable ; Pass         ; Inapplicable ; Inapplicable ; Inapplicable ; Inapplicable ; Inapplicable ; Inapplicable ; Inapplicable ; Inapplicable ; Inapplicable ; Pass      ; Inapplicable ; Inapplicable ;
; x_in[14][-10]      ; Inapplicable ; Inapplicable ; Inapplicable ; Inapplicable ; Inapplicable ; Pass      ; Inapplicable ; Inapplicable ; Pass      ; Pass      ; Inapplicable ; Inapplicable ; Inapplicable ; Inapplicable ; Pass         ; Inapplicable ; Inapplicable ; Pass         ; Inapplicable ; Inapplicable ; Inapplicable ; Inapplicable ; Inapplicable ; Inapplicable ; Inapplicable ; Inapplicable ; Inapplicable ; Pass      ; Inapplicable ; Inapplicable ;
; x_in[6][-11]       ; Inapplicable ; Inapplicable ; Inapplicable ; Inapplicable ; Inapplicable ; Pass      ; Inapplicable ; Inapplicable ; Pass      ; Pass      ; Inapplicable ; Inapplicable ; Inapplicable ; Inapplicable ; Pass         ; Inapplicable ; Inapplicable ; Pass         ; Inapplicable ; Inapplicable ; Inapplicable ; Inapplicable ; Inapplicable ; Inapplicable ; Inapplicable ; Inapplicable ; Inapplicable ; Pass      ; Inapplicable ; Inapplicable ;
; x_in[14][-11]      ; Inapplicable ; Inapplicable ; Inapplicable ; Inapplicable ; Inapplicable ; Pass      ; Inapplicable ; Inapplicable ; Pass      ; Pass      ; Inapplicable ; Inapplicable ; Inapplicable ; Inapplicable ; Pass         ; Inapplicable ; Inapplicable ; Pass         ; Inapplicable ; Inapplicable ; Inapplicable ; Inapplicable ; Inapplicable ; Inapplicable ; Inapplicable ; Inapplicable ; Inapplicable ; Pass      ; Inapplicable ; Inapplicable ;
; x_in[1][-7]        ; Inapplicable ; Inapplicable ; Inapplicable ; Inapplicable ; Inapplicable ; Pass      ; Inapplicable ; Inapplicable ; Pass      ; Pass      ; Inapplicable ; Inapplicable ; Inapplicable ; Inapplicable ; Pass         ; Inapplicable ; Inapplicable ; Pass         ; Inapplicable ; Inapplicable ; Inapplicable ; Inapplicable ; Inapplicable ; Inapplicable ; Inapplicable ; Inapplicable ; Inapplicable ; Pass      ; Inapplicable ; Inapplicable ;
; x_in[9][-7]        ; Inapplicable ; Inapplicable ; Inapplicable ; Inapplicable ; Inapplicable ; Pass      ; Inapplicable ; Inapplicable ; Pass      ; Pass      ; Inapplicable ; Inapplicable ; Inapplicable ; Inapplicable ; Pass         ; Inapplicable ; Inapplicable ; Pass         ; Inapplicable ; Inapplicable ; Inapplicable ; Inapplicable ; Inapplicable ; Inapplicable ; Inapplicable ; Inapplicable ; Inapplicable ; Pass      ; Inapplicable ; Inapplicable ;
; x_in[1][-8]        ; Inapplicable ; Inapplicable ; Inapplicable ; Inapplicable ; Inapplicable ; Pass      ; Inapplicable ; Inapplicable ; Pass      ; Pass      ; Inapplicable ; Inapplicable ; Inapplicable ; Inapplicable ; Pass         ; Inapplicable ; Inapplicable ; Pass         ; Inapplicable ; Inapplicable ; Inapplicable ; Inapplicable ; Inapplicable ; Inapplicable ; Inapplicable ; Inapplicable ; Inapplicable ; Pass      ; Inapplicable ; Inapplicable ;
; x_in[9][-8]        ; Inapplicable ; Inapplicable ; Inapplicable ; Inapplicable ; Inapplicable ; Pass      ; Inapplicable ; Inapplicable ; Pass      ; Pass      ; Inapplicable ; Inapplicable ; Inapplicable ; Inapplicable ; Pass         ; Inapplicable ; Inapplicable ; Pass         ; Inapplicable ; Inapplicable ; Inapplicable ; Inapplicable ; Inapplicable ; Inapplicable ; Inapplicable ; Inapplicable ; Inapplicable ; Pass      ; Inapplicable ; Inapplicable ;
; x_in[1][-9]        ; Inapplicable ; Inapplicable ; Inapplicable ; Inapplicable ; Inapplicable ; Pass      ; Inapplicable ; Inapplicable ; Pass      ; Pass      ; Inapplicable ; Inapplicable ; Inapplicable ; Inapplicable ; Pass         ; Inapplicable ; Inapplicable ; Pass         ; Inapplicable ; Inapplicable ; Inapplicable ; Inapplicable ; Inapplicable ; Inapplicable ; Inapplicable ; Inapplicable ; Inapplicable ; Pass      ; Inapplicable ; Inapplicable ;
; x_in[9][-9]        ; Inapplicable ; Inapplicable ; Inapplicable ; Inapplicable ; Inapplicable ; Pass      ; Inapplicable ; Inapplicable ; Pass      ; Pass      ; Inapplicable ; Inapplicable ; Inapplicable ; Inapplicable ; Pass         ; Inapplicable ; Inapplicable ; Pass         ; Inapplicable ; Inapplicable ; Inapplicable ; Inapplicable ; Inapplicable ; Inapplicable ; Inapplicable ; Inapplicable ; Inapplicable ; Pass      ; Inapplicable ; Inapplicable ;
; x_in[1][-10]       ; Inapplicable ; Inapplicable ; Inapplicable ; Inapplicable ; Inapplicable ; Pass      ; Inapplicable ; Inapplicable ; Pass      ; Pass      ; Inapplicable ; Inapplicable ; Inapplicable ; Inapplicable ; Pass         ; Inapplicable ; Inapplicable ; Pass         ; Inapplicable ; Inapplicable ; Inapplicable ; Inapplicable ; Inapplicable ; Inapplicable ; Inapplicable ; Inapplicable ; Inapplicable ; Pass      ; Inapplicable ; Inapplicable ;
; x_in[9][-10]       ; Inapplicable ; Inapplicable ; Inapplicable ; Inapplicable ; Inapplicable ; Pass      ; Inapplicable ; Inapplicable ; Pass      ; Pass      ; Inapplicable ; Inapplicable ; Inapplicable ; Inapplicable ; Pass         ; Inapplicable ; Inapplicable ; Pass         ; Inapplicable ; Inapplicable ; Inapplicable ; Inapplicable ; Inapplicable ; Inapplicable ; Inapplicable ; Inapplicable ; Inapplicable ; Pass      ; Inapplicable ; Inapplicable ;
; x_in[1][-11]       ; Inapplicable ; Inapplicable ; Inapplicable ; Inapplicable ; Inapplicable ; Pass      ; Inapplicable ; Inapplicable ; Pass      ; Pass      ; Inapplicable ; Inapplicable ; Inapplicable ; Inapplicable ; Pass         ; Inapplicable ; Inapplicable ; Pass         ; Inapplicable ; Inapplicable ; Inapplicable ; Inapplicable ; Inapplicable ; Inapplicable ; Inapplicable ; Inapplicable ; Inapplicable ; Pass      ; Inapplicable ; Inapplicable ;
; x_in[9][-11]       ; Inapplicable ; Inapplicable ; Inapplicable ; Inapplicable ; Inapplicable ; Pass      ; Inapplicable ; Inapplicable ; Pass      ; Pass      ; Inapplicable ; Inapplicable ; Inapplicable ; Inapplicable ; Pass         ; Inapplicable ; Inapplicable ; Pass         ; Inapplicable ; Inapplicable ; Inapplicable ; Inapplicable ; Inapplicable ; Inapplicable ; Inapplicable ; Inapplicable ; Inapplicable ; Pass      ; Inapplicable ; Inapplicable ;
; x_in[5][-7]        ; Inapplicable ; Inapplicable ; Inapplicable ; Inapplicable ; Inapplicable ; Pass      ; Inapplicable ; Inapplicable ; Pass      ; Pass      ; Inapplicable ; Inapplicable ; Inapplicable ; Inapplicable ; Pass         ; Inapplicable ; Inapplicable ; Pass         ; Inapplicable ; Inapplicable ; Inapplicable ; Inapplicable ; Inapplicable ; Inapplicable ; Inapplicable ; Inapplicable ; Inapplicable ; Pass      ; Inapplicable ; Inapplicable ;
; x_in[13][-7]       ; Inapplicable ; Inapplicable ; Inapplicable ; Inapplicable ; Inapplicable ; Pass      ; Inapplicable ; Inapplicable ; Pass      ; Pass      ; Inapplicable ; Inapplicable ; Inapplicable ; Inapplicable ; Pass         ; Inapplicable ; Inapplicable ; Pass         ; Inapplicable ; Inapplicable ; Inapplicable ; Inapplicable ; Inapplicable ; Inapplicable ; Inapplicable ; Inapplicable ; Inapplicable ; Pass      ; Inapplicable ; Inapplicable ;
; x_in[5][-8]        ; Inapplicable ; Inapplicable ; Inapplicable ; Inapplicable ; Inapplicable ; Pass      ; Inapplicable ; Inapplicable ; Pass      ; Pass      ; Inapplicable ; Inapplicable ; Inapplicable ; Inapplicable ; Pass         ; Inapplicable ; Inapplicable ; Pass         ; Inapplicable ; Inapplicable ; Inapplicable ; Inapplicable ; Inapplicable ; Inapplicable ; Inapplicable ; Inapplicable ; Inapplicable ; Pass      ; Inapplicable ; Inapplicable ;
; x_in[13][-8]       ; Inapplicable ; Inapplicable ; Inapplicable ; Inapplicable ; Inapplicable ; Pass      ; Inapplicable ; Inapplicable ; Pass      ; Pass      ; Inapplicable ; Inapplicable ; Inapplicable ; Inapplicable ; Pass         ; Inapplicable ; Inapplicable ; Pass         ; Inapplicable ; Inapplicable ; Inapplicable ; Inapplicable ; Inapplicable ; Inapplicable ; Inapplicable ; Inapplicable ; Inapplicable ; Pass      ; Inapplicable ; Inapplicable ;
; x_in[5][-9]        ; Inapplicable ; Inapplicable ; Inapplicable ; Inapplicable ; Inapplicable ; Pass      ; Inapplicable ; Inapplicable ; Pass      ; Pass      ; Inapplicable ; Inapplicable ; Inapplicable ; Inapplicable ; Pass         ; Inapplicable ; Inapplicable ; Pass         ; Inapplicable ; Inapplicable ; Inapplicable ; Inapplicable ; Inapplicable ; Inapplicable ; Inapplicable ; Inapplicable ; Inapplicable ; Pass      ; Inapplicable ; Inapplicable ;
; x_in[13][-9]       ; Inapplicable ; Inapplicable ; Inapplicable ; Inapplicable ; Inapplicable ; Pass      ; Inapplicable ; Inapplicable ; Pass      ; Pass      ; Inapplicable ; Inapplicable ; Inapplicable ; Inapplicable ; Pass         ; Inapplicable ; Inapplicable ; Pass         ; Inapplicable ; Inapplicable ; Inapplicable ; Inapplicable ; Inapplicable ; Inapplicable ; Inapplicable ; Inapplicable ; Inapplicable ; Pass      ; Inapplicable ; Inapplicable ;
; x_in[5][-10]       ; Inapplicable ; Inapplicable ; Inapplicable ; Inapplicable ; Inapplicable ; Pass      ; Inapplicable ; Inapplicable ; Pass      ; Pass      ; Inapplicable ; Inapplicable ; Inapplicable ; Inapplicable ; Pass         ; Inapplicable ; Inapplicable ; Pass         ; Inapplicable ; Inapplicable ; Inapplicable ; Inapplicable ; Inapplicable ; Inapplicable ; Inapplicable ; Inapplicable ; Inapplicable ; Pass      ; Inapplicable ; Inapplicable ;
; x_in[13][-10]      ; Inapplicable ; Inapplicable ; Inapplicable ; Inapplicable ; Inapplicable ; Pass      ; Inapplicable ; Inapplicable ; Pass      ; Pass      ; Inapplicable ; Inapplicable ; Inapplicable ; Inapplicable ; Pass         ; Inapplicable ; Inapplicable ; Pass         ; Inapplicable ; Inapplicable ; Inapplicable ; Inapplicable ; Inapplicable ; Inapplicable ; Inapplicable ; Inapplicable ; Inapplicable ; Pass      ; Inapplicable ; Inapplicable ;
; x_in[5][-11]       ; Inapplicable ; Inapplicable ; Inapplicable ; Inapplicable ; Inapplicable ; Pass      ; Inapplicable ; Inapplicable ; Pass      ; Pass      ; Inapplicable ; Inapplicable ; Inapplicable ; Inapplicable ; Pass         ; Inapplicable ; Inapplicable ; Pass         ; Inapplicable ; Inapplicable ; Inapplicable ; Inapplicable ; Inapplicable ; Inapplicable ; Inapplicable ; Inapplicable ; Inapplicable ; Pass      ; Inapplicable ; Inapplicable ;
; x_in[13][-11]      ; Inapplicable ; Inapplicable ; Inapplicable ; Inapplicable ; Inapplicable ; Pass      ; Inapplicable ; Inapplicable ; Pass      ; Pass      ; Inapplicable ; Inapplicable ; Inapplicable ; Inapplicable ; Pass         ; Inapplicable ; Inapplicable ; Pass         ; Inapplicable ; Inapplicable ; Inapplicable ; Inapplicable ; Inapplicable ; Inapplicable ; Inapplicable ; Inapplicable ; Inapplicable ; Pass      ; Inapplicable ; Inapplicable ;
; x_in[3][-7]        ; Inapplicable ; Inapplicable ; Inapplicable ; Inapplicable ; Inapplicable ; Pass      ; Inapplicable ; Inapplicable ; Pass      ; Pass      ; Inapplicable ; Inapplicable ; Inapplicable ; Inapplicable ; Pass         ; Inapplicable ; Inapplicable ; Pass         ; Inapplicable ; Inapplicable ; Inapplicable ; Inapplicable ; Inapplicable ; Inapplicable ; Inapplicable ; Inapplicable ; Inapplicable ; Pass      ; Inapplicable ; Inapplicable ;
; x_in[11][-7]       ; Inapplicable ; Inapplicable ; Inapplicable ; Inapplicable ; Inapplicable ; Pass      ; Inapplicable ; Inapplicable ; Pass      ; Pass      ; Inapplicable ; Inapplicable ; Inapplicable ; Inapplicable ; Pass         ; Inapplicable ; Inapplicable ; Pass         ; Inapplicable ; Inapplicable ; Inapplicable ; Inapplicable ; Inapplicable ; Inapplicable ; Inapplicable ; Inapplicable ; Inapplicable ; Pass      ; Inapplicable ; Inapplicable ;
; x_in[3][-8]        ; Inapplicable ; Inapplicable ; Inapplicable ; Inapplicable ; Inapplicable ; Pass      ; Inapplicable ; Inapplicable ; Pass      ; Pass      ; Inapplicable ; Inapplicable ; Inapplicable ; Inapplicable ; Pass         ; Inapplicable ; Inapplicable ; Pass         ; Inapplicable ; Inapplicable ; Inapplicable ; Inapplicable ; Inapplicable ; Inapplicable ; Inapplicable ; Inapplicable ; Inapplicable ; Pass      ; Inapplicable ; Inapplicable ;
; x_in[11][-8]       ; Inapplicable ; Inapplicable ; Inapplicable ; Inapplicable ; Inapplicable ; Pass      ; Inapplicable ; Inapplicable ; Pass      ; Pass      ; Inapplicable ; Inapplicable ; Inapplicable ; Inapplicable ; Pass         ; Inapplicable ; Inapplicable ; Pass         ; Inapplicable ; Inapplicable ; Inapplicable ; Inapplicable ; Inapplicable ; Inapplicable ; Inapplicable ; Inapplicable ; Inapplicable ; Pass      ; Inapplicable ; Inapplicable ;
; x_in[3][-9]        ; Inapplicable ; Inapplicable ; Inapplicable ; Inapplicable ; Inapplicable ; Pass      ; Inapplicable ; Inapplicable ; Pass      ; Pass      ; Inapplicable ; Inapplicable ; Inapplicable ; Inapplicable ; Pass         ; Inapplicable ; Inapplicable ; Pass         ; Inapplicable ; Inapplicable ; Inapplicable ; Inapplicable ; Inapplicable ; Inapplicable ; Inapplicable ; Inapplicable ; Inapplicable ; Pass      ; Inapplicable ; Inapplicable ;
; x_in[11][-9]       ; Inapplicable ; Inapplicable ; Inapplicable ; Inapplicable ; Inapplicable ; Pass      ; Inapplicable ; Inapplicable ; Pass      ; Pass      ; Inapplicable ; Inapplicable ; Inapplicable ; Inapplicable ; Pass         ; Inapplicable ; Inapplicable ; Pass         ; Inapplicable ; Inapplicable ; Inapplicable ; Inapplicable ; Inapplicable ; Inapplicable ; Inapplicable ; Inapplicable ; Inapplicable ; Pass      ; Inapplicable ; Inapplicable ;
; x_in[3][-10]       ; Inapplicable ; Inapplicable ; Inapplicable ; Inapplicable ; Inapplicable ; Pass      ; Inapplicable ; Inapplicable ; Pass      ; Pass      ; Inapplicable ; Inapplicable ; Inapplicable ; Inapplicable ; Pass         ; Inapplicable ; Inapplicable ; Pass         ; Inapplicable ; Inapplicable ; Inapplicable ; Inapplicable ; Inapplicable ; Inapplicable ; Inapplicable ; Inapplicable ; Inapplicable ; Pass      ; Inapplicable ; Inapplicable ;
; x_in[11][-10]      ; Inapplicable ; Inapplicable ; Inapplicable ; Inapplicable ; Inapplicable ; Pass      ; Inapplicable ; Inapplicable ; Pass      ; Pass      ; Inapplicable ; Inapplicable ; Inapplicable ; Inapplicable ; Pass         ; Inapplicable ; Inapplicable ; Pass         ; Inapplicable ; Inapplicable ; Inapplicable ; Inapplicable ; Inapplicable ; Inapplicable ; Inapplicable ; Inapplicable ; Inapplicable ; Pass      ; Inapplicable ; Inapplicable ;
; x_in[3][-11]       ; Inapplicable ; Inapplicable ; Inapplicable ; Inapplicable ; Inapplicable ; Pass      ; Inapplicable ; Inapplicable ; Pass      ; Pass      ; Inapplicable ; Inapplicable ; Inapplicable ; Inapplicable ; Pass         ; Inapplicable ; Inapplicable ; Pass         ; Inapplicable ; Inapplicable ; Inapplicable ; Inapplicable ; Inapplicable ; Inapplicable ; Inapplicable ; Inapplicable ; Inapplicable ; Pass      ; Inapplicable ; Inapplicable ;
; x_in[11][-11]      ; Inapplicable ; Inapplicable ; Inapplicable ; Inapplicable ; Inapplicable ; Pass      ; Inapplicable ; Inapplicable ; Pass      ; Pass      ; Inapplicable ; Inapplicable ; Inapplicable ; Inapplicable ; Pass         ; Inapplicable ; Inapplicable ; Pass         ; Inapplicable ; Inapplicable ; Inapplicable ; Inapplicable ; Inapplicable ; Inapplicable ; Inapplicable ; Inapplicable ; Inapplicable ; Pass      ; Inapplicable ; Inapplicable ;
; x_in[7][-7]        ; Inapplicable ; Inapplicable ; Inapplicable ; Inapplicable ; Inapplicable ; Pass      ; Inapplicable ; Inapplicable ; Pass      ; Pass      ; Inapplicable ; Inapplicable ; Inapplicable ; Inapplicable ; Pass         ; Inapplicable ; Inapplicable ; Pass         ; Inapplicable ; Inapplicable ; Inapplicable ; Inapplicable ; Inapplicable ; Inapplicable ; Inapplicable ; Inapplicable ; Inapplicable ; Pass      ; Inapplicable ; Inapplicable ;
; x_in[15][-7]       ; Inapplicable ; Inapplicable ; Inapplicable ; Inapplicable ; Inapplicable ; Pass      ; Inapplicable ; Inapplicable ; Pass      ; Pass      ; Inapplicable ; Inapplicable ; Inapplicable ; Inapplicable ; Pass         ; Inapplicable ; Inapplicable ; Pass         ; Inapplicable ; Inapplicable ; Inapplicable ; Inapplicable ; Inapplicable ; Inapplicable ; Inapplicable ; Inapplicable ; Inapplicable ; Pass      ; Inapplicable ; Inapplicable ;
; x_in[7][-8]        ; Inapplicable ; Inapplicable ; Inapplicable ; Inapplicable ; Inapplicable ; Pass      ; Inapplicable ; Inapplicable ; Pass      ; Pass      ; Inapplicable ; Inapplicable ; Inapplicable ; Inapplicable ; Pass         ; Inapplicable ; Inapplicable ; Pass         ; Inapplicable ; Inapplicable ; Inapplicable ; Inapplicable ; Inapplicable ; Inapplicable ; Inapplicable ; Inapplicable ; Inapplicable ; Pass      ; Inapplicable ; Inapplicable ;
; x_in[15][-8]       ; Inapplicable ; Inapplicable ; Inapplicable ; Inapplicable ; Inapplicable ; Pass      ; Inapplicable ; Inapplicable ; Pass      ; Pass      ; Inapplicable ; Inapplicable ; Inapplicable ; Inapplicable ; Pass         ; Inapplicable ; Inapplicable ; Pass         ; Inapplicable ; Inapplicable ; Inapplicable ; Inapplicable ; Inapplicable ; Inapplicable ; Inapplicable ; Inapplicable ; Inapplicable ; Pass      ; Inapplicable ; Inapplicable ;
; x_in[7][-9]        ; Inapplicable ; Inapplicable ; Inapplicable ; Inapplicable ; Inapplicable ; Pass      ; Inapplicable ; Inapplicable ; Pass      ; Pass      ; Inapplicable ; Inapplicable ; Inapplicable ; Inapplicable ; Pass         ; Inapplicable ; Inapplicable ; Pass         ; Inapplicable ; Inapplicable ; Inapplicable ; Inapplicable ; Inapplicable ; Inapplicable ; Inapplicable ; Inapplicable ; Inapplicable ; Pass      ; Inapplicable ; Inapplicable ;
; x_in[15][-9]       ; Inapplicable ; Inapplicable ; Inapplicable ; Inapplicable ; Inapplicable ; Pass      ; Inapplicable ; Inapplicable ; Pass      ; Pass      ; Inapplicable ; Inapplicable ; Inapplicable ; Inapplicable ; Pass         ; Inapplicable ; Inapplicable ; Pass         ; Inapplicable ; Inapplicable ; Inapplicable ; Inapplicable ; Inapplicable ; Inapplicable ; Inapplicable ; Inapplicable ; Inapplicable ; Pass      ; Inapplicable ; Inapplicable ;
; x_in[7][-10]       ; Inapplicable ; Inapplicable ; Inapplicable ; Inapplicable ; Inapplicable ; Pass      ; Inapplicable ; Inapplicable ; Pass      ; Pass      ; Inapplicable ; Inapplicable ; Inapplicable ; Inapplicable ; Pass         ; Inapplicable ; Inapplicable ; Pass         ; Inapplicable ; Inapplicable ; Inapplicable ; Inapplicable ; Inapplicable ; Inapplicable ; Inapplicable ; Inapplicable ; Inapplicable ; Pass      ; Inapplicable ; Inapplicable ;
; x_in[15][-10]      ; Inapplicable ; Inapplicable ; Inapplicable ; Inapplicable ; Inapplicable ; Pass      ; Inapplicable ; Inapplicable ; Pass      ; Pass      ; Inapplicable ; Inapplicable ; Inapplicable ; Inapplicable ; Pass         ; Inapplicable ; Inapplicable ; Pass         ; Inapplicable ; Inapplicable ; Inapplicable ; Inapplicable ; Inapplicable ; Inapplicable ; Inapplicable ; Inapplicable ; Inapplicable ; Pass      ; Inapplicable ; Inapplicable ;
; x_in[7][-11]       ; Inapplicable ; Inapplicable ; Inapplicable ; Inapplicable ; Inapplicable ; Pass      ; Inapplicable ; Inapplicable ; Pass      ; Pass      ; Inapplicable ; Inapplicable ; Inapplicable ; Inapplicable ; Pass         ; Inapplicable ; Inapplicable ; Pass         ; Inapplicable ; Inapplicable ; Inapplicable ; Inapplicable ; Inapplicable ; Inapplicable ; Inapplicable ; Inapplicable ; Inapplicable ; Pass      ; Inapplicable ; Inapplicable ;
; x_in[15][-11]      ; Inapplicable ; Inapplicable ; Inapplicable ; Inapplicable ; Inapplicable ; Pass      ; Inapplicable ; Inapplicable ; Pass      ; Pass      ; Inapplicable ; Inapplicable ; Inapplicable ; Inapplicable ; Pass         ; Inapplicable ; Inapplicable ; Pass         ; Inapplicable ; Inapplicable ; Inapplicable ; Inapplicable ; Inapplicable ; Inapplicable ; Inapplicable ; Inapplicable ; Inapplicable ; Pass      ; Inapplicable ; Inapplicable ;
; x_in[0][-6]        ; Inapplicable ; Inapplicable ; Inapplicable ; Inapplicable ; Inapplicable ; Pass      ; Inapplicable ; Inapplicable ; Pass      ; Pass      ; Inapplicable ; Inapplicable ; Inapplicable ; Inapplicable ; Pass         ; Inapplicable ; Inapplicable ; Pass         ; Inapplicable ; Inapplicable ; Inapplicable ; Inapplicable ; Inapplicable ; Inapplicable ; Inapplicable ; Inapplicable ; Inapplicable ; Pass      ; Inapplicable ; Inapplicable ;
; x_in[8][-6]        ; Inapplicable ; Inapplicable ; Inapplicable ; Inapplicable ; Inapplicable ; Pass      ; Inapplicable ; Inapplicable ; Pass      ; Pass      ; Inapplicable ; Inapplicable ; Inapplicable ; Inapplicable ; Pass         ; Inapplicable ; Inapplicable ; Pass         ; Inapplicable ; Inapplicable ; Inapplicable ; Inapplicable ; Inapplicable ; Inapplicable ; Inapplicable ; Inapplicable ; Inapplicable ; Pass      ; Inapplicable ; Inapplicable ;
; x_in[4][-6]        ; Inapplicable ; Inapplicable ; Inapplicable ; Inapplicable ; Inapplicable ; Pass      ; Inapplicable ; Inapplicable ; Pass      ; Pass      ; Inapplicable ; Inapplicable ; Inapplicable ; Inapplicable ; Pass         ; Inapplicable ; Inapplicable ; Pass         ; Inapplicable ; Inapplicable ; Inapplicable ; Inapplicable ; Inapplicable ; Inapplicable ; Inapplicable ; Inapplicable ; Inapplicable ; Pass      ; Inapplicable ; Inapplicable ;
; x_in[12][-6]       ; Inapplicable ; Inapplicable ; Inapplicable ; Inapplicable ; Inapplicable ; Pass      ; Inapplicable ; Inapplicable ; Pass      ; Pass      ; Inapplicable ; Inapplicable ; Inapplicable ; Inapplicable ; Pass         ; Inapplicable ; Inapplicable ; Pass         ; Inapplicable ; Inapplicable ; Inapplicable ; Inapplicable ; Inapplicable ; Inapplicable ; Inapplicable ; Inapplicable ; Inapplicable ; Pass      ; Inapplicable ; Inapplicable ;
; x_in[2][-6]        ; Inapplicable ; Inapplicable ; Inapplicable ; Inapplicable ; Inapplicable ; Pass      ; Inapplicable ; Inapplicable ; Pass      ; Pass      ; Inapplicable ; Inapplicable ; Inapplicable ; Inapplicable ; Pass         ; Inapplicable ; Inapplicable ; Pass         ; Inapplicable ; Inapplicable ; Inapplicable ; Inapplicable ; Inapplicable ; Inapplicable ; Inapplicable ; Inapplicable ; Inapplicable ; Pass      ; Inapplicable ; Inapplicable ;
; x_in[10][-6]       ; Inapplicable ; Inapplicable ; Inapplicable ; Inapplicable ; Inapplicable ; Pass      ; Inapplicable ; Inapplicable ; Pass      ; Pass      ; Inapplicable ; Inapplicable ; Inapplicable ; Inapplicable ; Pass         ; Inapplicable ; Inapplicable ; Pass         ; Inapplicable ; Inapplicable ; Inapplicable ; Inapplicable ; Inapplicable ; Inapplicable ; Inapplicable ; Inapplicable ; Inapplicable ; Pass      ; Inapplicable ; Inapplicable ;
; x_in[6][-6]        ; Inapplicable ; Inapplicable ; Inapplicable ; Inapplicable ; Inapplicable ; Pass      ; Inapplicable ; Inapplicable ; Pass      ; Pass      ; Inapplicable ; Inapplicable ; Inapplicable ; Inapplicable ; Pass         ; Inapplicable ; Inapplicable ; Pass         ; Inapplicable ; Inapplicable ; Inapplicable ; Inapplicable ; Inapplicable ; Inapplicable ; Inapplicable ; Inapplicable ; Inapplicable ; Pass      ; Inapplicable ; Inapplicable ;
; x_in[14][-6]       ; Inapplicable ; Inapplicable ; Inapplicable ; Inapplicable ; Inapplicable ; Pass      ; Inapplicable ; Inapplicable ; Pass      ; Pass      ; Inapplicable ; Inapplicable ; Inapplicable ; Inapplicable ; Pass         ; Inapplicable ; Inapplicable ; Pass         ; Inapplicable ; Inapplicable ; Inapplicable ; Inapplicable ; Inapplicable ; Inapplicable ; Inapplicable ; Inapplicable ; Inapplicable ; Pass      ; Inapplicable ; Inapplicable ;
; x_in[1][-6]        ; Inapplicable ; Inapplicable ; Inapplicable ; Inapplicable ; Inapplicable ; Pass      ; Inapplicable ; Inapplicable ; Pass      ; Pass      ; Inapplicable ; Inapplicable ; Inapplicable ; Inapplicable ; Pass         ; Inapplicable ; Inapplicable ; Pass         ; Inapplicable ; Inapplicable ; Inapplicable ; Inapplicable ; Inapplicable ; Inapplicable ; Inapplicable ; Inapplicable ; Inapplicable ; Pass      ; Inapplicable ; Inapplicable ;
; x_in[9][-6]        ; Inapplicable ; Inapplicable ; Inapplicable ; Inapplicable ; Inapplicable ; Pass      ; Inapplicable ; Inapplicable ; Pass      ; Pass      ; Inapplicable ; Inapplicable ; Inapplicable ; Inapplicable ; Pass         ; Inapplicable ; Inapplicable ; Pass         ; Inapplicable ; Inapplicable ; Inapplicable ; Inapplicable ; Inapplicable ; Inapplicable ; Inapplicable ; Inapplicable ; Inapplicable ; Pass      ; Inapplicable ; Inapplicable ;
; x_in[5][-6]        ; Inapplicable ; Inapplicable ; Inapplicable ; Inapplicable ; Inapplicable ; Pass      ; Inapplicable ; Inapplicable ; Pass      ; Pass      ; Inapplicable ; Inapplicable ; Inapplicable ; Inapplicable ; Pass         ; Inapplicable ; Inapplicable ; Pass         ; Inapplicable ; Inapplicable ; Inapplicable ; Inapplicable ; Inapplicable ; Inapplicable ; Inapplicable ; Inapplicable ; Inapplicable ; Pass      ; Inapplicable ; Inapplicable ;
; x_in[13][-6]       ; Inapplicable ; Inapplicable ; Inapplicable ; Inapplicable ; Inapplicable ; Pass      ; Inapplicable ; Inapplicable ; Pass      ; Pass      ; Inapplicable ; Inapplicable ; Inapplicable ; Inapplicable ; Pass         ; Inapplicable ; Inapplicable ; Pass         ; Inapplicable ; Inapplicable ; Inapplicable ; Inapplicable ; Inapplicable ; Inapplicable ; Inapplicable ; Inapplicable ; Inapplicable ; Pass      ; Inapplicable ; Inapplicable ;
; x_in[3][-6]        ; Inapplicable ; Inapplicable ; Inapplicable ; Inapplicable ; Inapplicable ; Pass      ; Inapplicable ; Inapplicable ; Pass      ; Pass      ; Inapplicable ; Inapplicable ; Inapplicable ; Inapplicable ; Pass         ; Inapplicable ; Inapplicable ; Pass         ; Inapplicable ; Inapplicable ; Inapplicable ; Inapplicable ; Inapplicable ; Inapplicable ; Inapplicable ; Inapplicable ; Inapplicable ; Pass      ; Inapplicable ; Inapplicable ;
; x_in[11][-6]       ; Inapplicable ; Inapplicable ; Inapplicable ; Inapplicable ; Inapplicable ; Pass      ; Inapplicable ; Inapplicable ; Pass      ; Pass      ; Inapplicable ; Inapplicable ; Inapplicable ; Inapplicable ; Pass         ; Inapplicable ; Inapplicable ; Pass         ; Inapplicable ; Inapplicable ; Inapplicable ; Inapplicable ; Inapplicable ; Inapplicable ; Inapplicable ; Inapplicable ; Inapplicable ; Pass      ; Inapplicable ; Inapplicable ;
; x_in[7][-6]        ; Inapplicable ; Inapplicable ; Inapplicable ; Inapplicable ; Inapplicable ; Pass      ; Inapplicable ; Inapplicable ; Pass      ; Pass      ; Inapplicable ; Inapplicable ; Inapplicable ; Inapplicable ; Pass         ; Inapplicable ; Inapplicable ; Pass         ; Inapplicable ; Inapplicable ; Inapplicable ; Inapplicable ; Inapplicable ; Inapplicable ; Inapplicable ; Inapplicable ; Inapplicable ; Pass      ; Inapplicable ; Inapplicable ;
; x_in[15][-6]       ; Inapplicable ; Inapplicable ; Inapplicable ; Inapplicable ; Inapplicable ; Pass      ; Inapplicable ; Inapplicable ; Pass      ; Pass      ; Inapplicable ; Inapplicable ; Inapplicable ; Inapplicable ; Pass         ; Inapplicable ; Inapplicable ; Pass         ; Inapplicable ; Inapplicable ; Inapplicable ; Inapplicable ; Inapplicable ; Inapplicable ; Inapplicable ; Inapplicable ; Inapplicable ; Pass      ; Inapplicable ; Inapplicable ;
; x_in[0][-5]        ; Inapplicable ; Inapplicable ; Inapplicable ; Inapplicable ; Inapplicable ; Pass      ; Inapplicable ; Inapplicable ; Pass      ; Pass      ; Inapplicable ; Inapplicable ; Inapplicable ; Inapplicable ; Pass         ; Inapplicable ; Inapplicable ; Pass         ; Inapplicable ; Inapplicable ; Inapplicable ; Inapplicable ; Inapplicable ; Inapplicable ; Inapplicable ; Inapplicable ; Inapplicable ; Pass      ; Inapplicable ; Inapplicable ;
; x_in[8][-5]        ; Inapplicable ; Inapplicable ; Inapplicable ; Inapplicable ; Inapplicable ; Pass      ; Inapplicable ; Inapplicable ; Pass      ; Pass      ; Inapplicable ; Inapplicable ; Inapplicable ; Inapplicable ; Pass         ; Inapplicable ; Inapplicable ; Pass         ; Inapplicable ; Inapplicable ; Inapplicable ; Inapplicable ; Inapplicable ; Inapplicable ; Inapplicable ; Inapplicable ; Inapplicable ; Pass      ; Inapplicable ; Inapplicable ;
; x_in[4][-5]        ; Inapplicable ; Inapplicable ; Inapplicable ; Inapplicable ; Inapplicable ; Pass      ; Inapplicable ; Inapplicable ; Pass      ; Pass      ; Inapplicable ; Inapplicable ; Inapplicable ; Inapplicable ; Pass         ; Inapplicable ; Inapplicable ; Pass         ; Inapplicable ; Inapplicable ; Inapplicable ; Inapplicable ; Inapplicable ; Inapplicable ; Inapplicable ; Inapplicable ; Inapplicable ; Pass      ; Inapplicable ; Inapplicable ;
; x_in[12][-5]       ; Inapplicable ; Inapplicable ; Inapplicable ; Inapplicable ; Inapplicable ; Pass      ; Inapplicable ; Inapplicable ; Pass      ; Pass      ; Inapplicable ; Inapplicable ; Inapplicable ; Inapplicable ; Pass         ; Inapplicable ; Inapplicable ; Pass         ; Inapplicable ; Inapplicable ; Inapplicable ; Inapplicable ; Inapplicable ; Inapplicable ; Inapplicable ; Inapplicable ; Inapplicable ; Pass      ; Inapplicable ; Inapplicable ;
; x_in[2][-5]        ; Inapplicable ; Inapplicable ; Inapplicable ; Inapplicable ; Inapplicable ; Pass      ; Inapplicable ; Inapplicable ; Pass      ; Pass      ; Inapplicable ; Inapplicable ; Inapplicable ; Inapplicable ; Pass         ; Inapplicable ; Inapplicable ; Pass         ; Inapplicable ; Inapplicable ; Inapplicable ; Inapplicable ; Inapplicable ; Inapplicable ; Inapplicable ; Inapplicable ; Inapplicable ; Pass      ; Inapplicable ; Inapplicable ;
; x_in[10][-5]       ; Inapplicable ; Inapplicable ; Inapplicable ; Inapplicable ; Inapplicable ; Pass      ; Inapplicable ; Inapplicable ; Pass      ; Pass      ; Inapplicable ; Inapplicable ; Inapplicable ; Inapplicable ; Pass         ; Inapplicable ; Inapplicable ; Pass         ; Inapplicable ; Inapplicable ; Inapplicable ; Inapplicable ; Inapplicable ; Inapplicable ; Inapplicable ; Inapplicable ; Inapplicable ; Pass      ; Inapplicable ; Inapplicable ;
; x_in[6][-5]        ; Inapplicable ; Inapplicable ; Inapplicable ; Inapplicable ; Inapplicable ; Pass      ; Inapplicable ; Inapplicable ; Pass      ; Pass      ; Inapplicable ; Inapplicable ; Inapplicable ; Inapplicable ; Pass         ; Inapplicable ; Inapplicable ; Pass         ; Inapplicable ; Inapplicable ; Inapplicable ; Inapplicable ; Inapplicable ; Inapplicable ; Inapplicable ; Inapplicable ; Inapplicable ; Pass      ; Inapplicable ; Inapplicable ;
; x_in[14][-5]       ; Inapplicable ; Inapplicable ; Inapplicable ; Inapplicable ; Inapplicable ; Pass      ; Inapplicable ; Inapplicable ; Pass      ; Pass      ; Inapplicable ; Inapplicable ; Inapplicable ; Inapplicable ; Pass         ; Inapplicable ; Inapplicable ; Pass         ; Inapplicable ; Inapplicable ; Inapplicable ; Inapplicable ; Inapplicable ; Inapplicable ; Inapplicable ; Inapplicable ; Inapplicable ; Pass      ; Inapplicable ; Inapplicable ;
; x_in[1][-5]        ; Inapplicable ; Inapplicable ; Inapplicable ; Inapplicable ; Inapplicable ; Pass      ; Inapplicable ; Inapplicable ; Pass      ; Pass      ; Inapplicable ; Inapplicable ; Inapplicable ; Inapplicable ; Pass         ; Inapplicable ; Inapplicable ; Pass         ; Inapplicable ; Inapplicable ; Inapplicable ; Inapplicable ; Inapplicable ; Inapplicable ; Inapplicable ; Inapplicable ; Inapplicable ; Pass      ; Inapplicable ; Inapplicable ;
; x_in[9][-5]        ; Inapplicable ; Inapplicable ; Inapplicable ; Inapplicable ; Inapplicable ; Pass      ; Inapplicable ; Inapplicable ; Pass      ; Pass      ; Inapplicable ; Inapplicable ; Inapplicable ; Inapplicable ; Pass         ; Inapplicable ; Inapplicable ; Pass         ; Inapplicable ; Inapplicable ; Inapplicable ; Inapplicable ; Inapplicable ; Inapplicable ; Inapplicable ; Inapplicable ; Inapplicable ; Pass      ; Inapplicable ; Inapplicable ;
; x_in[5][-5]        ; Inapplicable ; Inapplicable ; Inapplicable ; Inapplicable ; Inapplicable ; Pass      ; Inapplicable ; Inapplicable ; Pass      ; Pass      ; Inapplicable ; Inapplicable ; Inapplicable ; Inapplicable ; Pass         ; Inapplicable ; Inapplicable ; Pass         ; Inapplicable ; Inapplicable ; Inapplicable ; Inapplicable ; Inapplicable ; Inapplicable ; Inapplicable ; Inapplicable ; Inapplicable ; Pass      ; Inapplicable ; Inapplicable ;
; x_in[13][-5]       ; Inapplicable ; Inapplicable ; Inapplicable ; Inapplicable ; Inapplicable ; Pass      ; Inapplicable ; Inapplicable ; Pass      ; Pass      ; Inapplicable ; Inapplicable ; Inapplicable ; Inapplicable ; Pass         ; Inapplicable ; Inapplicable ; Pass         ; Inapplicable ; Inapplicable ; Inapplicable ; Inapplicable ; Inapplicable ; Inapplicable ; Inapplicable ; Inapplicable ; Inapplicable ; Pass      ; Inapplicable ; Inapplicable ;
; x_in[3][-5]        ; Inapplicable ; Inapplicable ; Inapplicable ; Inapplicable ; Inapplicable ; Pass      ; Inapplicable ; Inapplicable ; Pass      ; Pass      ; Inapplicable ; Inapplicable ; Inapplicable ; Inapplicable ; Pass         ; Inapplicable ; Inapplicable ; Pass         ; Inapplicable ; Inapplicable ; Inapplicable ; Inapplicable ; Inapplicable ; Inapplicable ; Inapplicable ; Inapplicable ; Inapplicable ; Pass      ; Inapplicable ; Inapplicable ;
; x_in[11][-5]       ; Inapplicable ; Inapplicable ; Inapplicable ; Inapplicable ; Inapplicable ; Pass      ; Inapplicable ; Inapplicable ; Pass      ; Pass      ; Inapplicable ; Inapplicable ; Inapplicable ; Inapplicable ; Pass         ; Inapplicable ; Inapplicable ; Pass         ; Inapplicable ; Inapplicable ; Inapplicable ; Inapplicable ; Inapplicable ; Inapplicable ; Inapplicable ; Inapplicable ; Inapplicable ; Pass      ; Inapplicable ; Inapplicable ;
; x_in[7][-5]        ; Inapplicable ; Inapplicable ; Inapplicable ; Inapplicable ; Inapplicable ; Pass      ; Inapplicable ; Inapplicable ; Pass      ; Pass      ; Inapplicable ; Inapplicable ; Inapplicable ; Inapplicable ; Pass         ; Inapplicable ; Inapplicable ; Pass         ; Inapplicable ; Inapplicable ; Inapplicable ; Inapplicable ; Inapplicable ; Inapplicable ; Inapplicable ; Inapplicable ; Inapplicable ; Pass      ; Inapplicable ; Inapplicable ;
; x_in[15][-5]       ; Inapplicable ; Inapplicable ; Inapplicable ; Inapplicable ; Inapplicable ; Pass      ; Inapplicable ; Inapplicable ; Pass      ; Pass      ; Inapplicable ; Inapplicable ; Inapplicable ; Inapplicable ; Pass         ; Inapplicable ; Inapplicable ; Pass         ; Inapplicable ; Inapplicable ; Inapplicable ; Inapplicable ; Inapplicable ; Inapplicable ; Inapplicable ; Inapplicable ; Inapplicable ; Pass      ; Inapplicable ; Inapplicable ;
; x_in[0][-4]        ; Inapplicable ; Inapplicable ; Inapplicable ; Inapplicable ; Inapplicable ; Pass      ; Inapplicable ; Inapplicable ; Pass      ; Pass      ; Inapplicable ; Inapplicable ; Inapplicable ; Inapplicable ; Pass         ; Inapplicable ; Inapplicable ; Pass         ; Inapplicable ; Inapplicable ; Inapplicable ; Inapplicable ; Inapplicable ; Inapplicable ; Inapplicable ; Inapplicable ; Inapplicable ; Pass      ; Inapplicable ; Inapplicable ;
; x_in[8][-4]        ; Inapplicable ; Inapplicable ; Inapplicable ; Inapplicable ; Inapplicable ; Pass      ; Inapplicable ; Inapplicable ; Pass      ; Pass      ; Inapplicable ; Inapplicable ; Inapplicable ; Inapplicable ; Pass         ; Inapplicable ; Inapplicable ; Pass         ; Inapplicable ; Inapplicable ; Inapplicable ; Inapplicable ; Inapplicable ; Inapplicable ; Inapplicable ; Inapplicable ; Inapplicable ; Pass      ; Inapplicable ; Inapplicable ;
; x_in[4][-4]        ; Inapplicable ; Inapplicable ; Inapplicable ; Inapplicable ; Inapplicable ; Pass      ; Inapplicable ; Inapplicable ; Pass      ; Pass      ; Inapplicable ; Inapplicable ; Inapplicable ; Inapplicable ; Pass         ; Inapplicable ; Inapplicable ; Pass         ; Inapplicable ; Inapplicable ; Inapplicable ; Inapplicable ; Inapplicable ; Inapplicable ; Inapplicable ; Inapplicable ; Inapplicable ; Pass      ; Inapplicable ; Inapplicable ;
; x_in[12][-4]       ; Inapplicable ; Inapplicable ; Inapplicable ; Inapplicable ; Inapplicable ; Pass      ; Inapplicable ; Inapplicable ; Pass      ; Pass      ; Inapplicable ; Inapplicable ; Inapplicable ; Inapplicable ; Pass         ; Inapplicable ; Inapplicable ; Pass         ; Inapplicable ; Inapplicable ; Inapplicable ; Inapplicable ; Inapplicable ; Inapplicable ; Inapplicable ; Inapplicable ; Inapplicable ; Pass      ; Inapplicable ; Inapplicable ;
; x_in[2][-4]        ; Inapplicable ; Inapplicable ; Inapplicable ; Inapplicable ; Inapplicable ; Pass      ; Inapplicable ; Inapplicable ; Pass      ; Pass      ; Inapplicable ; Inapplicable ; Inapplicable ; Inapplicable ; Pass         ; Inapplicable ; Inapplicable ; Pass         ; Inapplicable ; Inapplicable ; Inapplicable ; Inapplicable ; Inapplicable ; Inapplicable ; Inapplicable ; Inapplicable ; Inapplicable ; Pass      ; Inapplicable ; Inapplicable ;
; x_in[10][-4]       ; Inapplicable ; Inapplicable ; Inapplicable ; Inapplicable ; Inapplicable ; Pass      ; Inapplicable ; Inapplicable ; Pass      ; Pass      ; Inapplicable ; Inapplicable ; Inapplicable ; Inapplicable ; Pass         ; Inapplicable ; Inapplicable ; Pass         ; Inapplicable ; Inapplicable ; Inapplicable ; Inapplicable ; Inapplicable ; Inapplicable ; Inapplicable ; Inapplicable ; Inapplicable ; Pass      ; Inapplicable ; Inapplicable ;
; x_in[6][-4]        ; Inapplicable ; Inapplicable ; Inapplicable ; Inapplicable ; Inapplicable ; Pass      ; Inapplicable ; Inapplicable ; Pass      ; Pass      ; Inapplicable ; Inapplicable ; Inapplicable ; Inapplicable ; Pass         ; Inapplicable ; Inapplicable ; Pass         ; Inapplicable ; Inapplicable ; Inapplicable ; Inapplicable ; Inapplicable ; Inapplicable ; Inapplicable ; Inapplicable ; Inapplicable ; Pass      ; Inapplicable ; Inapplicable ;
; x_in[14][-4]       ; Inapplicable ; Inapplicable ; Inapplicable ; Inapplicable ; Inapplicable ; Pass      ; Inapplicable ; Inapplicable ; Pass      ; Pass      ; Inapplicable ; Inapplicable ; Inapplicable ; Inapplicable ; Pass         ; Inapplicable ; Inapplicable ; Pass         ; Inapplicable ; Inapplicable ; Inapplicable ; Inapplicable ; Inapplicable ; Inapplicable ; Inapplicable ; Inapplicable ; Inapplicable ; Pass      ; Inapplicable ; Inapplicable ;
; x_in[1][-4]        ; Inapplicable ; Inapplicable ; Inapplicable ; Inapplicable ; Inapplicable ; Pass      ; Inapplicable ; Inapplicable ; Pass      ; Pass      ; Inapplicable ; Inapplicable ; Inapplicable ; Inapplicable ; Pass         ; Inapplicable ; Inapplicable ; Pass         ; Inapplicable ; Inapplicable ; Inapplicable ; Inapplicable ; Inapplicable ; Inapplicable ; Inapplicable ; Inapplicable ; Inapplicable ; Pass      ; Inapplicable ; Inapplicable ;
; x_in[9][-4]        ; Inapplicable ; Inapplicable ; Inapplicable ; Inapplicable ; Inapplicable ; Pass      ; Inapplicable ; Inapplicable ; Pass      ; Pass      ; Inapplicable ; Inapplicable ; Inapplicable ; Inapplicable ; Pass         ; Inapplicable ; Inapplicable ; Pass         ; Inapplicable ; Inapplicable ; Inapplicable ; Inapplicable ; Inapplicable ; Inapplicable ; Inapplicable ; Inapplicable ; Inapplicable ; Pass      ; Inapplicable ; Inapplicable ;
; x_in[5][-4]        ; Inapplicable ; Inapplicable ; Inapplicable ; Inapplicable ; Inapplicable ; Pass      ; Inapplicable ; Inapplicable ; Pass      ; Pass      ; Inapplicable ; Inapplicable ; Inapplicable ; Inapplicable ; Pass         ; Inapplicable ; Inapplicable ; Pass         ; Inapplicable ; Inapplicable ; Inapplicable ; Inapplicable ; Inapplicable ; Inapplicable ; Inapplicable ; Inapplicable ; Inapplicable ; Pass      ; Inapplicable ; Inapplicable ;
; x_in[13][-4]       ; Inapplicable ; Inapplicable ; Inapplicable ; Inapplicable ; Inapplicable ; Pass      ; Inapplicable ; Inapplicable ; Pass      ; Pass      ; Inapplicable ; Inapplicable ; Inapplicable ; Inapplicable ; Pass         ; Inapplicable ; Inapplicable ; Pass         ; Inapplicable ; Inapplicable ; Inapplicable ; Inapplicable ; Inapplicable ; Inapplicable ; Inapplicable ; Inapplicable ; Inapplicable ; Pass      ; Inapplicable ; Inapplicable ;
; x_in[3][-4]        ; Inapplicable ; Inapplicable ; Inapplicable ; Inapplicable ; Inapplicable ; Pass      ; Inapplicable ; Inapplicable ; Pass      ; Pass      ; Inapplicable ; Inapplicable ; Inapplicable ; Inapplicable ; Pass         ; Inapplicable ; Inapplicable ; Pass         ; Inapplicable ; Inapplicable ; Inapplicable ; Inapplicable ; Inapplicable ; Inapplicable ; Inapplicable ; Inapplicable ; Inapplicable ; Pass      ; Inapplicable ; Inapplicable ;
; x_in[11][-4]       ; Inapplicable ; Inapplicable ; Inapplicable ; Inapplicable ; Inapplicable ; Pass      ; Inapplicable ; Inapplicable ; Pass      ; Pass      ; Inapplicable ; Inapplicable ; Inapplicable ; Inapplicable ; Pass         ; Inapplicable ; Inapplicable ; Pass         ; Inapplicable ; Inapplicable ; Inapplicable ; Inapplicable ; Inapplicable ; Inapplicable ; Inapplicable ; Inapplicable ; Inapplicable ; Pass      ; Inapplicable ; Inapplicable ;
; x_in[7][-4]        ; Inapplicable ; Inapplicable ; Inapplicable ; Inapplicable ; Inapplicable ; Pass      ; Inapplicable ; Inapplicable ; Pass      ; Pass      ; Inapplicable ; Inapplicable ; Inapplicable ; Inapplicable ; Pass         ; Inapplicable ; Inapplicable ; Pass         ; Inapplicable ; Inapplicable ; Inapplicable ; Inapplicable ; Inapplicable ; Inapplicable ; Inapplicable ; Inapplicable ; Inapplicable ; Pass      ; Inapplicable ; Inapplicable ;
; x_in[15][-4]       ; Inapplicable ; Inapplicable ; Inapplicable ; Inapplicable ; Inapplicable ; Pass      ; Inapplicable ; Inapplicable ; Pass      ; Pass      ; Inapplicable ; Inapplicable ; Inapplicable ; Inapplicable ; Pass         ; Inapplicable ; Inapplicable ; Pass         ; Inapplicable ; Inapplicable ; Inapplicable ; Inapplicable ; Inapplicable ; Inapplicable ; Inapplicable ; Inapplicable ; Inapplicable ; Pass      ; Inapplicable ; Inapplicable ;
; x_in[0][-3]        ; Inapplicable ; Inapplicable ; Inapplicable ; Inapplicable ; Inapplicable ; Pass      ; Inapplicable ; Inapplicable ; Pass      ; Pass      ; Inapplicable ; Inapplicable ; Inapplicable ; Inapplicable ; Pass         ; Inapplicable ; Inapplicable ; Pass         ; Inapplicable ; Inapplicable ; Inapplicable ; Inapplicable ; Inapplicable ; Inapplicable ; Inapplicable ; Inapplicable ; Inapplicable ; Pass      ; Inapplicable ; Inapplicable ;
; x_in[8][-3]        ; Inapplicable ; Inapplicable ; Inapplicable ; Inapplicable ; Inapplicable ; Pass      ; Inapplicable ; Inapplicable ; Pass      ; Pass      ; Inapplicable ; Inapplicable ; Inapplicable ; Inapplicable ; Pass         ; Inapplicable ; Inapplicable ; Pass         ; Inapplicable ; Inapplicable ; Inapplicable ; Inapplicable ; Inapplicable ; Inapplicable ; Inapplicable ; Inapplicable ; Inapplicable ; Pass      ; Inapplicable ; Inapplicable ;
; x_in[4][-3]        ; Inapplicable ; Inapplicable ; Inapplicable ; Inapplicable ; Inapplicable ; Pass      ; Inapplicable ; Inapplicable ; Pass      ; Pass      ; Inapplicable ; Inapplicable ; Inapplicable ; Inapplicable ; Pass         ; Inapplicable ; Inapplicable ; Pass         ; Inapplicable ; Inapplicable ; Inapplicable ; Inapplicable ; Inapplicable ; Inapplicable ; Inapplicable ; Inapplicable ; Inapplicable ; Pass      ; Inapplicable ; Inapplicable ;
; x_in[12][-3]       ; Inapplicable ; Inapplicable ; Inapplicable ; Inapplicable ; Inapplicable ; Pass      ; Inapplicable ; Inapplicable ; Pass      ; Pass      ; Inapplicable ; Inapplicable ; Inapplicable ; Inapplicable ; Pass         ; Inapplicable ; Inapplicable ; Pass         ; Inapplicable ; Inapplicable ; Inapplicable ; Inapplicable ; Inapplicable ; Inapplicable ; Inapplicable ; Inapplicable ; Inapplicable ; Pass      ; Inapplicable ; Inapplicable ;
; x_in[2][-3]        ; Inapplicable ; Inapplicable ; Inapplicable ; Inapplicable ; Inapplicable ; Pass      ; Inapplicable ; Inapplicable ; Pass      ; Pass      ; Inapplicable ; Inapplicable ; Inapplicable ; Inapplicable ; Pass         ; Inapplicable ; Inapplicable ; Pass         ; Inapplicable ; Inapplicable ; Inapplicable ; Inapplicable ; Inapplicable ; Inapplicable ; Inapplicable ; Inapplicable ; Inapplicable ; Pass      ; Inapplicable ; Inapplicable ;
; x_in[10][-3]       ; Inapplicable ; Inapplicable ; Inapplicable ; Inapplicable ; Inapplicable ; Pass      ; Inapplicable ; Inapplicable ; Pass      ; Pass      ; Inapplicable ; Inapplicable ; Inapplicable ; Inapplicable ; Pass         ; Inapplicable ; Inapplicable ; Pass         ; Inapplicable ; Inapplicable ; Inapplicable ; Inapplicable ; Inapplicable ; Inapplicable ; Inapplicable ; Inapplicable ; Inapplicable ; Pass      ; Inapplicable ; Inapplicable ;
; x_in[6][-3]        ; Inapplicable ; Inapplicable ; Inapplicable ; Inapplicable ; Inapplicable ; Pass      ; Inapplicable ; Inapplicable ; Pass      ; Pass      ; Inapplicable ; Inapplicable ; Inapplicable ; Inapplicable ; Pass         ; Inapplicable ; Inapplicable ; Pass         ; Inapplicable ; Inapplicable ; Inapplicable ; Inapplicable ; Inapplicable ; Inapplicable ; Inapplicable ; Inapplicable ; Inapplicable ; Pass      ; Inapplicable ; Inapplicable ;
; x_in[14][-3]       ; Inapplicable ; Inapplicable ; Inapplicable ; Inapplicable ; Inapplicable ; Pass      ; Inapplicable ; Inapplicable ; Pass      ; Pass      ; Inapplicable ; Inapplicable ; Inapplicable ; Inapplicable ; Pass         ; Inapplicable ; Inapplicable ; Pass         ; Inapplicable ; Inapplicable ; Inapplicable ; Inapplicable ; Inapplicable ; Inapplicable ; Inapplicable ; Inapplicable ; Inapplicable ; Pass      ; Inapplicable ; Inapplicable ;
; x_in[1][-3]        ; Inapplicable ; Inapplicable ; Inapplicable ; Inapplicable ; Inapplicable ; Pass      ; Inapplicable ; Inapplicable ; Pass      ; Pass      ; Inapplicable ; Inapplicable ; Inapplicable ; Inapplicable ; Pass         ; Inapplicable ; Inapplicable ; Pass         ; Inapplicable ; Inapplicable ; Inapplicable ; Inapplicable ; Inapplicable ; Inapplicable ; Inapplicable ; Inapplicable ; Inapplicable ; Pass      ; Inapplicable ; Inapplicable ;
; x_in[9][-3]        ; Inapplicable ; Inapplicable ; Inapplicable ; Inapplicable ; Inapplicable ; Pass      ; Inapplicable ; Inapplicable ; Pass      ; Pass      ; Inapplicable ; Inapplicable ; Inapplicable ; Inapplicable ; Pass         ; Inapplicable ; Inapplicable ; Pass         ; Inapplicable ; Inapplicable ; Inapplicable ; Inapplicable ; Inapplicable ; Inapplicable ; Inapplicable ; Inapplicable ; Inapplicable ; Pass      ; Inapplicable ; Inapplicable ;
; x_in[5][-3]        ; Inapplicable ; Inapplicable ; Inapplicable ; Inapplicable ; Inapplicable ; Pass      ; Inapplicable ; Inapplicable ; Pass      ; Pass      ; Inapplicable ; Inapplicable ; Inapplicable ; Inapplicable ; Pass         ; Inapplicable ; Inapplicable ; Pass         ; Inapplicable ; Inapplicable ; Inapplicable ; Inapplicable ; Inapplicable ; Inapplicable ; Inapplicable ; Inapplicable ; Inapplicable ; Pass      ; Inapplicable ; Inapplicable ;
; x_in[13][-3]       ; Inapplicable ; Inapplicable ; Inapplicable ; Inapplicable ; Inapplicable ; Pass      ; Inapplicable ; Inapplicable ; Pass      ; Pass      ; Inapplicable ; Inapplicable ; Inapplicable ; Inapplicable ; Pass         ; Inapplicable ; Inapplicable ; Pass         ; Inapplicable ; Inapplicable ; Inapplicable ; Inapplicable ; Inapplicable ; Inapplicable ; Inapplicable ; Inapplicable ; Inapplicable ; Pass      ; Inapplicable ; Inapplicable ;
; x_in[3][-3]        ; Inapplicable ; Inapplicable ; Inapplicable ; Inapplicable ; Inapplicable ; Pass      ; Inapplicable ; Inapplicable ; Pass      ; Pass      ; Inapplicable ; Inapplicable ; Inapplicable ; Inapplicable ; Pass         ; Inapplicable ; Inapplicable ; Pass         ; Inapplicable ; Inapplicable ; Inapplicable ; Inapplicable ; Inapplicable ; Inapplicable ; Inapplicable ; Inapplicable ; Inapplicable ; Pass      ; Inapplicable ; Inapplicable ;
; x_in[11][-3]       ; Inapplicable ; Inapplicable ; Inapplicable ; Inapplicable ; Inapplicable ; Pass      ; Inapplicable ; Inapplicable ; Pass      ; Pass      ; Inapplicable ; Inapplicable ; Inapplicable ; Inapplicable ; Pass         ; Inapplicable ; Inapplicable ; Pass         ; Inapplicable ; Inapplicable ; Inapplicable ; Inapplicable ; Inapplicable ; Inapplicable ; Inapplicable ; Inapplicable ; Inapplicable ; Pass      ; Inapplicable ; Inapplicable ;
; x_in[7][-3]        ; Inapplicable ; Inapplicable ; Inapplicable ; Inapplicable ; Inapplicable ; Pass      ; Inapplicable ; Inapplicable ; Pass      ; Pass      ; Inapplicable ; Inapplicable ; Inapplicable ; Inapplicable ; Pass         ; Inapplicable ; Inapplicable ; Pass         ; Inapplicable ; Inapplicable ; Inapplicable ; Inapplicable ; Inapplicable ; Inapplicable ; Inapplicable ; Inapplicable ; Inapplicable ; Pass      ; Inapplicable ; Inapplicable ;
; x_in[15][-3]       ; Inapplicable ; Inapplicable ; Inapplicable ; Inapplicable ; Inapplicable ; Pass      ; Inapplicable ; Inapplicable ; Pass      ; Pass      ; Inapplicable ; Inapplicable ; Inapplicable ; Inapplicable ; Pass         ; Inapplicable ; Inapplicable ; Pass         ; Inapplicable ; Inapplicable ; Inapplicable ; Inapplicable ; Inapplicable ; Inapplicable ; Inapplicable ; Inapplicable ; Inapplicable ; Pass      ; Inapplicable ; Inapplicable ;
; x_in[0][-2]        ; Inapplicable ; Inapplicable ; Inapplicable ; Inapplicable ; Inapplicable ; Pass      ; Inapplicable ; Inapplicable ; Pass      ; Pass      ; Inapplicable ; Inapplicable ; Inapplicable ; Inapplicable ; Pass         ; Inapplicable ; Inapplicable ; Pass         ; Inapplicable ; Inapplicable ; Inapplicable ; Inapplicable ; Inapplicable ; Inapplicable ; Inapplicable ; Inapplicable ; Inapplicable ; Pass      ; Inapplicable ; Inapplicable ;
; x_in[8][-2]        ; Inapplicable ; Inapplicable ; Inapplicable ; Inapplicable ; Inapplicable ; Pass      ; Inapplicable ; Inapplicable ; Pass      ; Pass      ; Inapplicable ; Inapplicable ; Inapplicable ; Inapplicable ; Pass         ; Inapplicable ; Inapplicable ; Pass         ; Inapplicable ; Inapplicable ; Inapplicable ; Inapplicable ; Inapplicable ; Inapplicable ; Inapplicable ; Inapplicable ; Inapplicable ; Pass      ; Inapplicable ; Inapplicable ;
; x_in[4][-2]        ; Inapplicable ; Inapplicable ; Inapplicable ; Inapplicable ; Inapplicable ; Pass      ; Inapplicable ; Inapplicable ; Pass      ; Pass      ; Inapplicable ; Inapplicable ; Inapplicable ; Inapplicable ; Pass         ; Inapplicable ; Inapplicable ; Pass         ; Inapplicable ; Inapplicable ; Inapplicable ; Inapplicable ; Inapplicable ; Inapplicable ; Inapplicable ; Inapplicable ; Inapplicable ; Pass      ; Inapplicable ; Inapplicable ;
; x_in[12][-2]       ; Inapplicable ; Inapplicable ; Inapplicable ; Inapplicable ; Inapplicable ; Pass      ; Inapplicable ; Inapplicable ; Pass      ; Pass      ; Inapplicable ; Inapplicable ; Inapplicable ; Inapplicable ; Pass         ; Inapplicable ; Inapplicable ; Pass         ; Inapplicable ; Inapplicable ; Inapplicable ; Inapplicable ; Inapplicable ; Inapplicable ; Inapplicable ; Inapplicable ; Inapplicable ; Pass      ; Inapplicable ; Inapplicable ;
; x_in[2][-2]        ; Inapplicable ; Inapplicable ; Inapplicable ; Inapplicable ; Inapplicable ; Pass      ; Inapplicable ; Inapplicable ; Pass      ; Pass      ; Inapplicable ; Inapplicable ; Inapplicable ; Inapplicable ; Pass         ; Inapplicable ; Inapplicable ; Pass         ; Inapplicable ; Inapplicable ; Inapplicable ; Inapplicable ; Inapplicable ; Inapplicable ; Inapplicable ; Inapplicable ; Inapplicable ; Pass      ; Inapplicable ; Inapplicable ;
; x_in[10][-2]       ; Inapplicable ; Inapplicable ; Inapplicable ; Inapplicable ; Inapplicable ; Pass      ; Inapplicable ; Inapplicable ; Pass      ; Pass      ; Inapplicable ; Inapplicable ; Inapplicable ; Inapplicable ; Pass         ; Inapplicable ; Inapplicable ; Pass         ; Inapplicable ; Inapplicable ; Inapplicable ; Inapplicable ; Inapplicable ; Inapplicable ; Inapplicable ; Inapplicable ; Inapplicable ; Pass      ; Inapplicable ; Inapplicable ;
; x_in[6][-2]        ; Inapplicable ; Inapplicable ; Inapplicable ; Inapplicable ; Inapplicable ; Pass      ; Inapplicable ; Inapplicable ; Pass      ; Pass      ; Inapplicable ; Inapplicable ; Inapplicable ; Inapplicable ; Pass         ; Inapplicable ; Inapplicable ; Pass         ; Inapplicable ; Inapplicable ; Inapplicable ; Inapplicable ; Inapplicable ; Inapplicable ; Inapplicable ; Inapplicable ; Inapplicable ; Pass      ; Inapplicable ; Inapplicable ;
; x_in[14][-2]       ; Inapplicable ; Inapplicable ; Inapplicable ; Inapplicable ; Inapplicable ; Pass      ; Inapplicable ; Inapplicable ; Pass      ; Pass      ; Inapplicable ; Inapplicable ; Inapplicable ; Inapplicable ; Pass         ; Inapplicable ; Inapplicable ; Pass         ; Inapplicable ; Inapplicable ; Inapplicable ; Inapplicable ; Inapplicable ; Inapplicable ; Inapplicable ; Inapplicable ; Inapplicable ; Pass      ; Inapplicable ; Inapplicable ;
; x_in[1][-2]        ; Inapplicable ; Inapplicable ; Inapplicable ; Inapplicable ; Inapplicable ; Pass      ; Inapplicable ; Inapplicable ; Pass      ; Pass      ; Inapplicable ; Inapplicable ; Inapplicable ; Inapplicable ; Pass         ; Inapplicable ; Inapplicable ; Pass         ; Inapplicable ; Inapplicable ; Inapplicable ; Inapplicable ; Inapplicable ; Inapplicable ; Inapplicable ; Inapplicable ; Inapplicable ; Pass      ; Inapplicable ; Inapplicable ;
; x_in[9][-2]        ; Inapplicable ; Inapplicable ; Inapplicable ; Inapplicable ; Inapplicable ; Pass      ; Inapplicable ; Inapplicable ; Pass      ; Pass      ; Inapplicable ; Inapplicable ; Inapplicable ; Inapplicable ; Pass         ; Inapplicable ; Inapplicable ; Pass         ; Inapplicable ; Inapplicable ; Inapplicable ; Inapplicable ; Inapplicable ; Inapplicable ; Inapplicable ; Inapplicable ; Inapplicable ; Pass      ; Inapplicable ; Inapplicable ;
; x_in[5][-2]        ; Inapplicable ; Inapplicable ; Inapplicable ; Inapplicable ; Inapplicable ; Pass      ; Inapplicable ; Inapplicable ; Pass      ; Pass      ; Inapplicable ; Inapplicable ; Inapplicable ; Inapplicable ; Pass         ; Inapplicable ; Inapplicable ; Pass         ; Inapplicable ; Inapplicable ; Inapplicable ; Inapplicable ; Inapplicable ; Inapplicable ; Inapplicable ; Inapplicable ; Inapplicable ; Pass      ; Inapplicable ; Inapplicable ;
; x_in[13][-2]       ; Inapplicable ; Inapplicable ; Inapplicable ; Inapplicable ; Inapplicable ; Pass      ; Inapplicable ; Inapplicable ; Pass      ; Pass      ; Inapplicable ; Inapplicable ; Inapplicable ; Inapplicable ; Pass         ; Inapplicable ; Inapplicable ; Pass         ; Inapplicable ; Inapplicable ; Inapplicable ; Inapplicable ; Inapplicable ; Inapplicable ; Inapplicable ; Inapplicable ; Inapplicable ; Pass      ; Inapplicable ; Inapplicable ;
; x_in[3][-2]        ; Inapplicable ; Inapplicable ; Inapplicable ; Inapplicable ; Inapplicable ; Pass      ; Inapplicable ; Inapplicable ; Pass      ; Pass      ; Inapplicable ; Inapplicable ; Inapplicable ; Inapplicable ; Pass         ; Inapplicable ; Inapplicable ; Pass         ; Inapplicable ; Inapplicable ; Inapplicable ; Inapplicable ; Inapplicable ; Inapplicable ; Inapplicable ; Inapplicable ; Inapplicable ; Pass      ; Inapplicable ; Inapplicable ;
; x_in[11][-2]       ; Inapplicable ; Inapplicable ; Inapplicable ; Inapplicable ; Inapplicable ; Pass      ; Inapplicable ; Inapplicable ; Pass      ; Pass      ; Inapplicable ; Inapplicable ; Inapplicable ; Inapplicable ; Pass         ; Inapplicable ; Inapplicable ; Pass         ; Inapplicable ; Inapplicable ; Inapplicable ; Inapplicable ; Inapplicable ; Inapplicable ; Inapplicable ; Inapplicable ; Inapplicable ; Pass      ; Inapplicable ; Inapplicable ;
; x_in[7][-2]        ; Inapplicable ; Inapplicable ; Inapplicable ; Inapplicable ; Inapplicable ; Pass      ; Inapplicable ; Inapplicable ; Pass      ; Pass      ; Inapplicable ; Inapplicable ; Inapplicable ; Inapplicable ; Pass         ; Inapplicable ; Inapplicable ; Pass         ; Inapplicable ; Inapplicable ; Inapplicable ; Inapplicable ; Inapplicable ; Inapplicable ; Inapplicable ; Inapplicable ; Inapplicable ; Pass      ; Inapplicable ; Inapplicable ;
; x_in[15][-2]       ; Inapplicable ; Inapplicable ; Inapplicable ; Inapplicable ; Inapplicable ; Pass      ; Inapplicable ; Inapplicable ; Pass      ; Pass      ; Inapplicable ; Inapplicable ; Inapplicable ; Inapplicable ; Pass         ; Inapplicable ; Inapplicable ; Pass         ; Inapplicable ; Inapplicable ; Inapplicable ; Inapplicable ; Inapplicable ; Inapplicable ; Inapplicable ; Inapplicable ; Inapplicable ; Pass      ; Inapplicable ; Inapplicable ;
; x_in[0][-1]        ; Inapplicable ; Inapplicable ; Inapplicable ; Inapplicable ; Inapplicable ; Pass      ; Inapplicable ; Inapplicable ; Pass      ; Pass      ; Inapplicable ; Inapplicable ; Inapplicable ; Inapplicable ; Pass         ; Inapplicable ; Inapplicable ; Pass         ; Inapplicable ; Inapplicable ; Inapplicable ; Inapplicable ; Inapplicable ; Inapplicable ; Inapplicable ; Inapplicable ; Inapplicable ; Pass      ; Inapplicable ; Inapplicable ;
; x_in[8][-1]        ; Inapplicable ; Inapplicable ; Inapplicable ; Inapplicable ; Inapplicable ; Pass      ; Inapplicable ; Inapplicable ; Pass      ; Pass      ; Inapplicable ; Inapplicable ; Inapplicable ; Inapplicable ; Pass         ; Inapplicable ; Inapplicable ; Pass         ; Inapplicable ; Inapplicable ; Inapplicable ; Inapplicable ; Inapplicable ; Inapplicable ; Inapplicable ; Inapplicable ; Inapplicable ; Pass      ; Inapplicable ; Inapplicable ;
; x_in[4][-1]        ; Inapplicable ; Inapplicable ; Inapplicable ; Inapplicable ; Inapplicable ; Pass      ; Inapplicable ; Inapplicable ; Pass      ; Pass      ; Inapplicable ; Inapplicable ; Inapplicable ; Inapplicable ; Pass         ; Inapplicable ; Inapplicable ; Pass         ; Inapplicable ; Inapplicable ; Inapplicable ; Inapplicable ; Inapplicable ; Inapplicable ; Inapplicable ; Inapplicable ; Inapplicable ; Pass      ; Inapplicable ; Inapplicable ;
; x_in[12][-1]       ; Inapplicable ; Inapplicable ; Inapplicable ; Inapplicable ; Inapplicable ; Pass      ; Inapplicable ; Inapplicable ; Pass      ; Pass      ; Inapplicable ; Inapplicable ; Inapplicable ; Inapplicable ; Pass         ; Inapplicable ; Inapplicable ; Pass         ; Inapplicable ; Inapplicable ; Inapplicable ; Inapplicable ; Inapplicable ; Inapplicable ; Inapplicable ; Inapplicable ; Inapplicable ; Pass      ; Inapplicable ; Inapplicable ;
; x_in[2][-1]        ; Inapplicable ; Inapplicable ; Inapplicable ; Inapplicable ; Inapplicable ; Pass      ; Inapplicable ; Inapplicable ; Pass      ; Pass      ; Inapplicable ; Inapplicable ; Inapplicable ; Inapplicable ; Pass         ; Inapplicable ; Inapplicable ; Pass         ; Inapplicable ; Inapplicable ; Inapplicable ; Inapplicable ; Inapplicable ; Inapplicable ; Inapplicable ; Inapplicable ; Inapplicable ; Pass      ; Inapplicable ; Inapplicable ;
; x_in[10][-1]       ; Inapplicable ; Inapplicable ; Inapplicable ; Inapplicable ; Inapplicable ; Pass      ; Inapplicable ; Inapplicable ; Pass      ; Pass      ; Inapplicable ; Inapplicable ; Inapplicable ; Inapplicable ; Pass         ; Inapplicable ; Inapplicable ; Pass         ; Inapplicable ; Inapplicable ; Inapplicable ; Inapplicable ; Inapplicable ; Inapplicable ; Inapplicable ; Inapplicable ; Inapplicable ; Pass      ; Inapplicable ; Inapplicable ;
; x_in[6][-1]        ; Inapplicable ; Inapplicable ; Inapplicable ; Inapplicable ; Inapplicable ; Pass      ; Inapplicable ; Inapplicable ; Pass      ; Pass      ; Inapplicable ; Inapplicable ; Inapplicable ; Inapplicable ; Pass         ; Inapplicable ; Inapplicable ; Pass         ; Inapplicable ; Inapplicable ; Inapplicable ; Inapplicable ; Inapplicable ; Inapplicable ; Inapplicable ; Inapplicable ; Inapplicable ; Pass      ; Inapplicable ; Inapplicable ;
; x_in[14][-1]       ; Inapplicable ; Inapplicable ; Inapplicable ; Inapplicable ; Inapplicable ; Pass      ; Inapplicable ; Inapplicable ; Pass      ; Pass      ; Inapplicable ; Inapplicable ; Inapplicable ; Inapplicable ; Pass         ; Inapplicable ; Inapplicable ; Pass         ; Inapplicable ; Inapplicable ; Inapplicable ; Inapplicable ; Inapplicable ; Inapplicable ; Inapplicable ; Inapplicable ; Inapplicable ; Pass      ; Inapplicable ; Inapplicable ;
; x_in[1][-1]        ; Inapplicable ; Inapplicable ; Inapplicable ; Inapplicable ; Inapplicable ; Pass      ; Inapplicable ; Inapplicable ; Pass      ; Pass      ; Inapplicable ; Inapplicable ; Inapplicable ; Inapplicable ; Pass         ; Inapplicable ; Inapplicable ; Pass         ; Inapplicable ; Inapplicable ; Inapplicable ; Inapplicable ; Inapplicable ; Inapplicable ; Inapplicable ; Inapplicable ; Inapplicable ; Pass      ; Inapplicable ; Inapplicable ;
; x_in[9][-1]        ; Inapplicable ; Inapplicable ; Inapplicable ; Inapplicable ; Inapplicable ; Pass      ; Inapplicable ; Inapplicable ; Pass      ; Pass      ; Inapplicable ; Inapplicable ; Inapplicable ; Inapplicable ; Pass         ; Inapplicable ; Inapplicable ; Pass         ; Inapplicable ; Inapplicable ; Inapplicable ; Inapplicable ; Inapplicable ; Inapplicable ; Inapplicable ; Inapplicable ; Inapplicable ; Pass      ; Inapplicable ; Inapplicable ;
; x_in[5][-1]        ; Inapplicable ; Inapplicable ; Inapplicable ; Inapplicable ; Inapplicable ; Pass      ; Inapplicable ; Inapplicable ; Pass      ; Pass      ; Inapplicable ; Inapplicable ; Inapplicable ; Inapplicable ; Pass         ; Inapplicable ; Inapplicable ; Pass         ; Inapplicable ; Inapplicable ; Inapplicable ; Inapplicable ; Inapplicable ; Inapplicable ; Inapplicable ; Inapplicable ; Inapplicable ; Pass      ; Inapplicable ; Inapplicable ;
; x_in[13][-1]       ; Inapplicable ; Inapplicable ; Inapplicable ; Inapplicable ; Inapplicable ; Pass      ; Inapplicable ; Inapplicable ; Pass      ; Pass      ; Inapplicable ; Inapplicable ; Inapplicable ; Inapplicable ; Pass         ; Inapplicable ; Inapplicable ; Pass         ; Inapplicable ; Inapplicable ; Inapplicable ; Inapplicable ; Inapplicable ; Inapplicable ; Inapplicable ; Inapplicable ; Inapplicable ; Pass      ; Inapplicable ; Inapplicable ;
; x_in[3][-1]        ; Inapplicable ; Inapplicable ; Inapplicable ; Inapplicable ; Inapplicable ; Pass      ; Inapplicable ; Inapplicable ; Pass      ; Pass      ; Inapplicable ; Inapplicable ; Inapplicable ; Inapplicable ; Pass         ; Inapplicable ; Inapplicable ; Pass         ; Inapplicable ; Inapplicable ; Inapplicable ; Inapplicable ; Inapplicable ; Inapplicable ; Inapplicable ; Inapplicable ; Inapplicable ; Pass      ; Inapplicable ; Inapplicable ;
; x_in[11][-1]       ; Inapplicable ; Inapplicable ; Inapplicable ; Inapplicable ; Inapplicable ; Pass      ; Inapplicable ; Inapplicable ; Pass      ; Pass      ; Inapplicable ; Inapplicable ; Inapplicable ; Inapplicable ; Pass         ; Inapplicable ; Inapplicable ; Pass         ; Inapplicable ; Inapplicable ; Inapplicable ; Inapplicable ; Inapplicable ; Inapplicable ; Inapplicable ; Inapplicable ; Inapplicable ; Pass      ; Inapplicable ; Inapplicable ;
; x_in[7][-1]        ; Inapplicable ; Inapplicable ; Inapplicable ; Inapplicable ; Inapplicable ; Pass      ; Inapplicable ; Inapplicable ; Pass      ; Pass      ; Inapplicable ; Inapplicable ; Inapplicable ; Inapplicable ; Pass         ; Inapplicable ; Inapplicable ; Pass         ; Inapplicable ; Inapplicable ; Inapplicable ; Inapplicable ; Inapplicable ; Inapplicable ; Inapplicable ; Inapplicable ; Inapplicable ; Pass      ; Inapplicable ; Inapplicable ;
; x_in[15][-1]       ; Inapplicable ; Inapplicable ; Inapplicable ; Inapplicable ; Inapplicable ; Pass      ; Inapplicable ; Inapplicable ; Pass      ; Pass      ; Inapplicable ; Inapplicable ; Inapplicable ; Inapplicable ; Pass         ; Inapplicable ; Inapplicable ; Pass         ; Inapplicable ; Inapplicable ; Inapplicable ; Inapplicable ; Inapplicable ; Inapplicable ; Inapplicable ; Inapplicable ; Inapplicable ; Pass      ; Inapplicable ; Inapplicable ;
; x_in[0][0]         ; Inapplicable ; Inapplicable ; Inapplicable ; Inapplicable ; Inapplicable ; Pass      ; Inapplicable ; Inapplicable ; Pass      ; Pass      ; Inapplicable ; Inapplicable ; Inapplicable ; Inapplicable ; Pass         ; Inapplicable ; Inapplicable ; Pass         ; Inapplicable ; Inapplicable ; Inapplicable ; Inapplicable ; Inapplicable ; Inapplicable ; Inapplicable ; Inapplicable ; Inapplicable ; Pass      ; Inapplicable ; Inapplicable ;
; x_in[8][0]         ; Inapplicable ; Inapplicable ; Inapplicable ; Inapplicable ; Inapplicable ; Pass      ; Inapplicable ; Inapplicable ; Pass      ; Pass      ; Inapplicable ; Inapplicable ; Inapplicable ; Inapplicable ; Pass         ; Inapplicable ; Inapplicable ; Pass         ; Inapplicable ; Inapplicable ; Inapplicable ; Inapplicable ; Inapplicable ; Inapplicable ; Inapplicable ; Inapplicable ; Inapplicable ; Pass      ; Inapplicable ; Inapplicable ;
; x_in[4][0]         ; Inapplicable ; Inapplicable ; Inapplicable ; Inapplicable ; Inapplicable ; Pass      ; Inapplicable ; Inapplicable ; Pass      ; Pass      ; Inapplicable ; Inapplicable ; Inapplicable ; Inapplicable ; Pass         ; Inapplicable ; Inapplicable ; Pass         ; Inapplicable ; Inapplicable ; Inapplicable ; Inapplicable ; Inapplicable ; Inapplicable ; Inapplicable ; Inapplicable ; Inapplicable ; Pass      ; Inapplicable ; Inapplicable ;
; x_in[12][0]        ; Inapplicable ; Inapplicable ; Inapplicable ; Inapplicable ; Inapplicable ; Pass      ; Inapplicable ; Inapplicable ; Pass      ; Pass      ; Inapplicable ; Inapplicable ; Inapplicable ; Inapplicable ; Pass         ; Inapplicable ; Inapplicable ; Pass         ; Inapplicable ; Inapplicable ; Inapplicable ; Inapplicable ; Inapplicable ; Inapplicable ; Inapplicable ; Inapplicable ; Inapplicable ; Pass      ; Inapplicable ; Inapplicable ;
; x_in[2][0]         ; Inapplicable ; Inapplicable ; Inapplicable ; Inapplicable ; Inapplicable ; Pass      ; Inapplicable ; Inapplicable ; Pass      ; Pass      ; Inapplicable ; Inapplicable ; Inapplicable ; Inapplicable ; Pass         ; Inapplicable ; Inapplicable ; Pass         ; Inapplicable ; Inapplicable ; Inapplicable ; Inapplicable ; Inapplicable ; Inapplicable ; Inapplicable ; Inapplicable ; Inapplicable ; Pass      ; Inapplicable ; Inapplicable ;
; x_in[10][0]        ; Inapplicable ; Inapplicable ; Inapplicable ; Inapplicable ; Inapplicable ; Pass      ; Inapplicable ; Inapplicable ; Pass      ; Pass      ; Inapplicable ; Inapplicable ; Inapplicable ; Inapplicable ; Pass         ; Inapplicable ; Inapplicable ; Pass         ; Inapplicable ; Inapplicable ; Inapplicable ; Inapplicable ; Inapplicable ; Inapplicable ; Inapplicable ; Inapplicable ; Inapplicable ; Pass      ; Inapplicable ; Inapplicable ;
; x_in[6][0]         ; Inapplicable ; Inapplicable ; Inapplicable ; Inapplicable ; Inapplicable ; Pass      ; Inapplicable ; Inapplicable ; Pass      ; Pass      ; Inapplicable ; Inapplicable ; Inapplicable ; Inapplicable ; Pass         ; Inapplicable ; Inapplicable ; Pass         ; Inapplicable ; Inapplicable ; Inapplicable ; Inapplicable ; Inapplicable ; Inapplicable ; Inapplicable ; Inapplicable ; Inapplicable ; Pass      ; Inapplicable ; Inapplicable ;
; x_in[14][0]        ; Inapplicable ; Inapplicable ; Inapplicable ; Inapplicable ; Inapplicable ; Pass      ; Inapplicable ; Inapplicable ; Pass      ; Pass      ; Inapplicable ; Inapplicable ; Inapplicable ; Inapplicable ; Pass         ; Inapplicable ; Inapplicable ; Pass         ; Inapplicable ; Inapplicable ; Inapplicable ; Inapplicable ; Inapplicable ; Inapplicable ; Inapplicable ; Inapplicable ; Inapplicable ; Pass      ; Inapplicable ; Inapplicable ;
; x_in[1][0]         ; Inapplicable ; Inapplicable ; Inapplicable ; Inapplicable ; Inapplicable ; Pass      ; Inapplicable ; Inapplicable ; Pass      ; Pass      ; Inapplicable ; Inapplicable ; Inapplicable ; Inapplicable ; Pass         ; Inapplicable ; Inapplicable ; Pass         ; Inapplicable ; Inapplicable ; Inapplicable ; Inapplicable ; Inapplicable ; Inapplicable ; Inapplicable ; Inapplicable ; Inapplicable ; Pass      ; Inapplicable ; Inapplicable ;
; x_in[9][0]         ; Inapplicable ; Inapplicable ; Inapplicable ; Inapplicable ; Inapplicable ; Pass      ; Inapplicable ; Inapplicable ; Pass      ; Pass      ; Inapplicable ; Inapplicable ; Inapplicable ; Inapplicable ; Pass         ; Inapplicable ; Inapplicable ; Pass         ; Inapplicable ; Inapplicable ; Inapplicable ; Inapplicable ; Inapplicable ; Inapplicable ; Inapplicable ; Inapplicable ; Inapplicable ; Pass      ; Inapplicable ; Inapplicable ;
; x_in[5][0]         ; Inapplicable ; Inapplicable ; Inapplicable ; Inapplicable ; Inapplicable ; Pass      ; Inapplicable ; Inapplicable ; Pass      ; Pass      ; Inapplicable ; Inapplicable ; Inapplicable ; Inapplicable ; Pass         ; Inapplicable ; Inapplicable ; Pass         ; Inapplicable ; Inapplicable ; Inapplicable ; Inapplicable ; Inapplicable ; Inapplicable ; Inapplicable ; Inapplicable ; Inapplicable ; Pass      ; Inapplicable ; Inapplicable ;
; x_in[13][0]        ; Inapplicable ; Inapplicable ; Inapplicable ; Inapplicable ; Inapplicable ; Pass      ; Inapplicable ; Inapplicable ; Pass      ; Pass      ; Inapplicable ; Inapplicable ; Inapplicable ; Inapplicable ; Pass         ; Inapplicable ; Inapplicable ; Pass         ; Inapplicable ; Inapplicable ; Inapplicable ; Inapplicable ; Inapplicable ; Inapplicable ; Inapplicable ; Inapplicable ; Inapplicable ; Pass      ; Inapplicable ; Inapplicable ;
; x_in[3][0]         ; Inapplicable ; Inapplicable ; Inapplicable ; Inapplicable ; Inapplicable ; Pass      ; Inapplicable ; Inapplicable ; Pass      ; Pass      ; Inapplicable ; Inapplicable ; Inapplicable ; Inapplicable ; Pass         ; Inapplicable ; Inapplicable ; Pass         ; Inapplicable ; Inapplicable ; Inapplicable ; Inapplicable ; Inapplicable ; Inapplicable ; Inapplicable ; Inapplicable ; Inapplicable ; Pass      ; Inapplicable ; Inapplicable ;
; x_in[11][0]        ; Inapplicable ; Inapplicable ; Inapplicable ; Inapplicable ; Inapplicable ; Pass      ; Inapplicable ; Inapplicable ; Pass      ; Pass      ; Inapplicable ; Inapplicable ; Inapplicable ; Inapplicable ; Pass         ; Inapplicable ; Inapplicable ; Pass         ; Inapplicable ; Inapplicable ; Inapplicable ; Inapplicable ; Inapplicable ; Inapplicable ; Inapplicable ; Inapplicable ; Inapplicable ; Pass      ; Inapplicable ; Inapplicable ;
; x_in[7][0]         ; Inapplicable ; Inapplicable ; Inapplicable ; Inapplicable ; Inapplicable ; Pass      ; Inapplicable ; Inapplicable ; Pass      ; Pass      ; Inapplicable ; Inapplicable ; Inapplicable ; Inapplicable ; Pass         ; Inapplicable ; Inapplicable ; Pass         ; Inapplicable ; Inapplicable ; Inapplicable ; Inapplicable ; Inapplicable ; Inapplicable ; Inapplicable ; Inapplicable ; Inapplicable ; Pass      ; Inapplicable ; Inapplicable ;
; x_in[15][0]        ; Inapplicable ; Inapplicable ; Inapplicable ; Inapplicable ; Inapplicable ; Pass      ; Inapplicable ; Inapplicable ; Pass      ; Pass      ; Inapplicable ; Inapplicable ; Inapplicable ; Inapplicable ; Pass         ; Inapplicable ; Inapplicable ; Pass         ; Inapplicable ; Inapplicable ; Inapplicable ; Inapplicable ; Inapplicable ; Inapplicable ; Inapplicable ; Inapplicable ; Inapplicable ; Pass      ; Inapplicable ; Inapplicable ;
+--------------------+--------------+--------------+--------------+--------------+--------------+-----------+--------------+--------------+-----------+-----------+--------------+--------------+--------------+--------------+--------------+--------------+--------------+--------------+--------------+--------------+--------------+--------------+--------------+--------------+--------------+--------------+--------------+-----------+--------------+--------------+


+-------------------------------------------------------------------------------------------+
; Fitter Device Options                                                                     ;
+------------------------------------------------------------------+------------------------+
; Option                                                           ; Setting                ;
+------------------------------------------------------------------+------------------------+
; Enable user-supplied start-up clock (CLKUSR)                     ; Off                    ;
; Enable device-wide reset (DEV_CLRn)                              ; Off                    ;
; Enable device-wide output enable (DEV_OE)                        ; Off                    ;
; Enable INIT_DONE output                                          ; Off                    ;
; Configuration scheme                                             ; Internal Configuration ;
; Enable Error Detection CRC_ERROR pin                             ; Off                    ;
; Enable open drain on CRC_ERROR pin                               ; Off                    ;
; Enable nCONFIG, nSTATUS, and CONF_DONE pins                      ; On                     ;
; Enable JTAG pin sharing                                          ; Off                    ;
; Enable nCE pin                                                   ; Off                    ;
; Enable CONFIG_SEL pin                                            ; On                     ;
; Enable input tri-state on active configuration pins in user mode ; Off                    ;
; Configuration Voltage Level                                      ; Auto                   ;
; Force Configuration Voltage Level                                ; Off                    ;
; Data[0]                                                          ; Unreserved             ;
; Data[1]/ASDO                                                     ; Unreserved             ;
; FLASH_nCE/nCSO                                                   ; Unreserved             ;
; DCLK                                                             ; Unreserved             ;
+------------------------------------------------------------------+------------------------+


+------------------------------------+
; Operating Settings and Conditions  ;
+---------------------------+--------+
; Setting                   ; Value  ;
+---------------------------+--------+
; Nominal Core Voltage      ; 1.20 V ;
; Low Junction Temperature  ; 0 °C   ;
; High Junction Temperature ; 85 °C  ;
+---------------------------+--------+


+------------------------------------------------------------+
; Estimated Delay Added for Hold Timing Summary              ;
+-----------------+----------------------+-------------------+
; Source Clock(s) ; Destination Clock(s) ; Delay Added in ns ;
+-----------------+----------------------+-------------------+
; clk             ; clk                  ; 1.9               ;
+-----------------+----------------------+-------------------+
Note: For more information on problematic transfers, consider running the Fitter again with the Optimize hold timing option (Settings Menu) turned off.
This will disable optimization of problematic paths and expose them for further analysis using the Timing Analyzer.


+---------------------------------------------------------------------------------------------------------------------------------------------------------------------------------------------------------------------------------------------------------------------------------------------------------------------+
; Estimated Delay Added for Hold Timing Details                                                                                                                                                                                                                                                                       ;
+-----------------------------------------------------------------------------------------------------------------------------------+-------------------------------------------------------------------------------------------------------------------------------------------------------------+-------------------+
; Source Register                                                                                                                   ; Destination Register                                                                                                                                        ; Delay Added in ns ;
+-----------------------------------------------------------------------------------------------------------------------------------+-------------------------------------------------------------------------------------------------------------------------------------------------------------+-------------------+
; fft16OPT:UUT|calc_pot:\gen_pot:8:calc_Z|altshift_taps:sum_u_rtl_0|shift_taps_4hl:auto_generated|dffe3a[0]                         ; fft16OPT:UUT|calc_pot:\gen_pot:8:calc_Z|altshift_taps:sum_u_rtl_0|shift_taps_4hl:auto_generated|altsyncram_tv21:altsyncram4|ram_block5a0~portb_address_reg0 ; 0.321             ;
; fft16OPT:UUT|calc_pot:\gen_pot:8:calc_Z|altshift_taps:sum_u_rtl_0|shift_taps_4hl:auto_generated|cntr_s3f:cntr1|counter_reg_bit[0] ; fft16OPT:UUT|calc_pot:\gen_pot:8:calc_Z|altshift_taps:sum_u_rtl_0|shift_taps_4hl:auto_generated|altsyncram_tv21:altsyncram4|ram_block5a0~porta_address_reg0 ; 0.319             ;
; fft16OPT:UUT|calc_pot:\gen_pot:8:calc_Z|altshift_taps:sum_u_rtl_0|shift_taps_4hl:auto_generated|cntr_s3f:cntr1|counter_reg_bit[1] ; fft16OPT:UUT|calc_pot:\gen_pot:8:calc_Z|altshift_taps:sum_u_rtl_0|shift_taps_4hl:auto_generated|altsyncram_tv21:altsyncram4|ram_block5a0~porta_address_reg0 ; 0.319             ;
; fft16OPT:UUT|radix4:UUT1|y1i_r[-4]                                                                                                ; fft16OPT:UUT|altshift_taps:y1r_d_rtl_0|shift_taps_2hl:auto_generated|altsyncram_jo71:altsyncram2|ram_block3a52~porta_datain_reg0                            ; 0.069             ;
; fft16OPT:UUT|radix4:UUT1|y1i_r[-6]                                                                                                ; fft16OPT:UUT|altshift_taps:y1r_d_rtl_0|shift_taps_2hl:auto_generated|altsyncram_jo71:altsyncram2|ram_block3a54~porta_datain_reg0                            ; 0.069             ;
; fft16OPT:UUT|radix4:UUT1|y1i_r[-7]                                                                                                ; fft16OPT:UUT|altshift_taps:y1r_d_rtl_0|shift_taps_2hl:auto_generated|altsyncram_jo71:altsyncram2|ram_block3a55~porta_datain_reg0                            ; 0.069             ;
; fft16OPT:UUT|radix4:UUT1|y1i_r[-8]                                                                                                ; fft16OPT:UUT|altshift_taps:y1r_d_rtl_0|shift_taps_2hl:auto_generated|altsyncram_jo71:altsyncram2|ram_block3a56~porta_datain_reg0                            ; 0.067             ;
; fft16OPT:UUT|radix4:UUT1|y1i_r[-9]                                                                                                ; fft16OPT:UUT|altshift_taps:y1r_d_rtl_0|shift_taps_2hl:auto_generated|altsyncram_jo71:altsyncram2|ram_block3a57~porta_datain_reg0                            ; 0.067             ;
; fft16OPT:UUT|radix4:UUT1|y1i_r[-10]                                                                                               ; fft16OPT:UUT|altshift_taps:y1r_d_rtl_0|shift_taps_2hl:auto_generated|altsyncram_jo71:altsyncram2|ram_block3a58~porta_datain_reg0                            ; 0.052             ;
; fft16OPT:UUT|radix4:UUT1|y1i_r[-11]                                                                                               ; fft16OPT:UUT|altshift_taps:y1r_d_rtl_0|shift_taps_2hl:auto_generated|altsyncram_jo71:altsyncram2|ram_block3a59~porta_datain_reg0                            ; 0.052             ;
; fft16OPT:UUT|radix4:UUT1|y1i_r[-1]                                                                                                ; fft16OPT:UUT|altshift_taps:y1r_d_rtl_0|shift_taps_2hl:auto_generated|altsyncram_jo71:altsyncram2|ram_block3a49~porta_datain_reg0                            ; 0.050             ;
; fft16OPT:UUT|radix4:UUT1|y1i_r[-5]                                                                                                ; fft16OPT:UUT|altshift_taps:y1r_d_rtl_0|shift_taps_2hl:auto_generated|altsyncram_jo71:altsyncram2|ram_block3a53~porta_datain_reg0                            ; 0.044             ;
; fft16OPT:UUT|radix4:UUT1|y1i_r[-2]                                                                                                ; fft16OPT:UUT|altshift_taps:y1r_d_rtl_0|shift_taps_2hl:auto_generated|altsyncram_jo71:altsyncram2|ram_block3a50~porta_datain_reg0                            ; 0.043             ;
; fft16OPT:UUT|radix4:UUT1|y1i_r[-3]                                                                                                ; fft16OPT:UUT|altshift_taps:y1r_d_rtl_0|shift_taps_2hl:auto_generated|altsyncram_jo71:altsyncram2|ram_block3a51~porta_datain_reg0                            ; 0.041             ;
; fft16OPT:UUT|altshift_taps:y1r_d_rtl_0|shift_taps_2hl:auto_generated|cntr_q3f:cntr1|counter_reg_bit[0]                            ; fft16OPT:UUT|altshift_taps:y1r_d_rtl_0|shift_taps_2hl:auto_generated|altsyncram_jo71:altsyncram2|ram_block3a23~portb_address_reg0                           ; 0.036             ;
; fft16OPT:UUT|radix4:UUT1|y0r_r[-9]                                                                                                ; fft16OPT:UUT|altshift_taps:y1r_d_rtl_0|shift_taps_2hl:auto_generated|altsyncram_jo71:altsyncram2|ram_block3a33~porta_datain_reg0                            ; 0.027             ;
; fft16OPT:UUT|radix4:UUT1|y0r_r[-10]                                                                                               ; fft16OPT:UUT|altshift_taps:y1r_d_rtl_0|shift_taps_2hl:auto_generated|altsyncram_jo71:altsyncram2|ram_block3a34~porta_datain_reg0                            ; 0.027             ;
; fft16OPT:UUT|radix4:UUT1|y1i_r[0]                                                                                                 ; fft16OPT:UUT|altshift_taps:y1r_d_rtl_0|shift_taps_2hl:auto_generated|altsyncram_jo71:altsyncram2|ram_block3a48~porta_datain_reg0                            ; 0.025             ;
; fft16OPT:UUT|radix4:UUT1|y0r_r[-3]                                                                                                ; fft16OPT:UUT|altshift_taps:y1r_d_rtl_0|shift_taps_2hl:auto_generated|altsyncram_jo71:altsyncram2|ram_block3a27~porta_datain_reg0                            ; 0.025             ;
; fft16OPT:UUT|radix4:UUT1|y0r_r[-4]                                                                                                ; fft16OPT:UUT|altshift_taps:y1r_d_rtl_0|shift_taps_2hl:auto_generated|altsyncram_jo71:altsyncram2|ram_block3a28~porta_datain_reg0                            ; 0.025             ;
; fft16OPT:UUT|radix4:UUT1|y0r_r[-5]                                                                                                ; fft16OPT:UUT|altshift_taps:y1r_d_rtl_0|shift_taps_2hl:auto_generated|altsyncram_jo71:altsyncram2|ram_block3a29~porta_datain_reg0                            ; 0.024             ;
; fft16OPT:UUT|radix4:UUT1|y0r_r[0]                                                                                                 ; fft16OPT:UUT|altshift_taps:y1r_d_rtl_0|shift_taps_2hl:auto_generated|altsyncram_jo71:altsyncram2|ram_block3a24~porta_datain_reg0                            ; 0.022             ;
; fft16OPT:UUT|radix4:UUT1|y0r_r[-6]                                                                                                ; fft16OPT:UUT|altshift_taps:y1r_d_rtl_0|shift_taps_2hl:auto_generated|altsyncram_jo71:altsyncram2|ram_block3a30~porta_datain_reg0                            ; 0.017             ;
; fft16OPT:UUT|radix4:UUT1|y0r_r[-11]                                                                                               ; fft16OPT:UUT|altshift_taps:y1r_d_rtl_0|shift_taps_2hl:auto_generated|altsyncram_jo71:altsyncram2|ram_block3a35~porta_datain_reg0                            ; 0.014             ;
+-----------------------------------------------------------------------------------------------------------------------------------+-------------------------------------------------------------------------------------------------------------------------------------------------------------+-------------------+
Note: This table only shows the top 24 path(s) that have the largest delay added for hold.


+-----------------+
; Fitter Messages ;
+-----------------+
Warning (18236): Number of processors has not been specified which may cause overloading on shared machines.  Set the global assignment NUM_PARALLEL_PROCESSORS in your QSF to an appropriate value for best performance.
Info (20030): Parallel compilation is enabled and will use 10 of the 10 processors detected
Info (119006): Selected device 10M50DAF484C6GES for design "fft16OPT"
Info (21077): Low junction temperature is 0 degrees C
Info (21077): High junction temperature is 85 degrees C
Info (171003): Fitter is performing an Auto Fit compilation, which may decrease Fitter effort to reduce compilation time
Warning (292013): Feature LogicLock is only available with a valid subscription license. You can purchase a software subscription to gain full access to this feature.
Info (176444): Device migration not selected. If you intend to use device migration later, you may need to change the pin assignments as they may be incompatible with other devices
    Info (176445): Device 10M16DAF484I6G is compatible
    Info (176445): Device 10M25DAF484I6G is compatible
    Info (176445): Device 10M50DAF484I6G is compatible
    Info (176445): Device 10M40DAF484I6G is compatible
Info (169124): Fitter converted 8 user pins into dedicated programming pins
    Info (169125): Pin ~ALTERA_TMS~ is reserved at location H2
    Info (169125): Pin ~ALTERA_TCK~ is reserved at location G2
    Info (169125): Pin ~ALTERA_TDI~ is reserved at location L4
    Info (169125): Pin ~ALTERA_TDO~ is reserved at location M5
    Info (169125): Pin ~ALTERA_CONFIG_SEL~ is reserved at location H10
    Info (169125): Pin ~ALTERA_nCONFIG~ is reserved at location H9
    Info (169125): Pin ~ALTERA_nSTATUS~ is reserved at location G9
    Info (169125): Pin ~ALTERA_CONF_DONE~ is reserved at location F8
Info (169141): DATA[0] dual-purpose pin not reserved
Info (12825): Data[1]/ASDO dual-purpose pin not reserved
Info (12825): nCSO dual-purpose pin not reserved
Info (12825): DCLK dual-purpose pin not reserved
Warning (15714): Some pins have incomplete I/O assignments. Refer to the I/O Assignment Warnings report for details
Info (176045): Design uses memory blocks. Violating setup or hold times of memory block address registers for either read or write operations could cause memory contents to be corrupted. Make sure that all memory block address registers meet the setup and hold time requirements.
Critical Warning (169085): No exact pin location assignment(s) for 302 pins of 302 total pins. For the list of pins please refer to the I/O Assignment Warnings table in the fitter report.
Info (332104): Reading SDC File: 'constraints.sdc'
Critical Warning (332168): The following clock transfers have no clock uncertainty assignment. For more accurate results, apply clock uncertainty assignments or use the derive_clock_uncertainty command.
    Critical Warning (332169): From clk (Rise) to clk (Rise) (setup and hold)
Info (332129): Detected timing requirements -- optimizing circuit to achieve only the specified requirements
Info (332111): Found 1 clocks
    Info (332111):   Period   Clock Name
    Info (332111): ======== ============
    Info (332111):    5.000          clk
Info (176353): Automatically promoted node clk~input (placed in PIN M8 (CLK1n, DIFFIO_RX_L36n, DIFFOUT_L36n, High_Speed)) File: C:/Users/vitor/elec_num/projet_fft16/jalon_2/Quartus_seq/fft16OPT_sync_e.vhd Line: 10
    Info (176355): Automatically promoted destinations to use location or clock signal Global Clock CLKCTRL_G3
Info (176233): Starting register packing
Info (176235): Finished register packing
    Extra Info (176218): Packed 384 registers into blocks of type Embedded multiplier block
    Extra Info (176218): Packed 318 registers into blocks of type Embedded multiplier output
    Extra Info (176220): Created 192 register duplicates
Info (176214): Statistics of I/O pins that need to be placed that use the same VCCIO and VREF, before I/O pin placement
    Info (176211): Number of I/O pins in group: 301 (unused VREF, 2.5V VCCIO, 193 input, 108 output, 0 bidirectional)
        Info (176212): I/O standards used: 2.5 V.
Info (176215): I/O bank details before I/O pin placement
    Info (176214): Statistics of I/O banks
        Info (176213): I/O bank number 1A does not use VREF pins and has undetermined VCCIO pins. 0 total pin(s) used --  16 pins available
        Info (176213): I/O bank number 1B does not use VREF pins and has undetermined VCCIO pins. 4 total pin(s) used --  20 pins available
        Info (176213): I/O bank number 2 does not use VREF pins and has undetermined VCCIO pins. 1 total pin(s) used --  35 pins available
        Info (176213): I/O bank number 3 does not use VREF pins and has undetermined VCCIO pins. 0 total pin(s) used --  48 pins available
        Info (176213): I/O bank number 4 does not use VREF pins and has undetermined VCCIO pins. 0 total pin(s) used --  48 pins available
        Info (176213): I/O bank number 5 does not use VREF pins and has undetermined VCCIO pins. 0 total pin(s) used --  40 pins available
        Info (176213): I/O bank number 6 does not use VREF pins and has undetermined VCCIO pins. 0 total pin(s) used --  60 pins available
        Info (176213): I/O bank number 7 does not use VREF pins and has undetermined VCCIO pins. 0 total pin(s) used --  52 pins available
        Info (176213): I/O bank number 8 does not use VREF pins and has undetermined VCCIO pins. 4 total pin(s) used --  32 pins available
Warning (15705): Ignored locations or region assignments to the following nodes
    Warning (15706): Node "ADC_CLK_10" is assigned to location or region, but does not exist in design
    Warning (15706): Node "ARDUINO_IO[0]" is assigned to location or region, but does not exist in design
    Warning (15706): Node "ARDUINO_IO[10]" is assigned to location or region, but does not exist in design
    Warning (15706): Node "ARDUINO_IO[11]" is assigned to location or region, but does not exist in design
    Warning (15706): Node "ARDUINO_IO[12]" is assigned to location or region, but does not exist in design
    Warning (15706): Node "ARDUINO_IO[13]" is assigned to location or region, but does not exist in design
    Warning (15706): Node "ARDUINO_IO[14]" is assigned to location or region, but does not exist in design
    Warning (15706): Node "ARDUINO_IO[15]" is assigned to location or region, but does not exist in design
    Warning (15706): Node "ARDUINO_IO[1]" is assigned to location or region, but does not exist in design
    Warning (15706): Node "ARDUINO_IO[2]" is assigned to location or region, but does not exist in design
    Warning (15706): Node "ARDUINO_IO[3]" is assigned to location or region, but does not exist in design
    Warning (15706): Node "ARDUINO_IO[4]" is assigned to location or region, but does not exist in design
    Warning (15706): Node "ARDUINO_IO[5]" is assigned to location or region, but does not exist in design
    Warning (15706): Node "ARDUINO_IO[6]" is assigned to location or region, but does not exist in design
    Warning (15706): Node "ARDUINO_IO[7]" is assigned to location or region, but does not exist in design
    Warning (15706): Node "ARDUINO_IO[8]" is assigned to location or region, but does not exist in design
    Warning (15706): Node "ARDUINO_IO[9]" is assigned to location or region, but does not exist in design
    Warning (15706): Node "ARDUINO_RESET_N" is assigned to location or region, but does not exist in design
    Warning (15706): Node "DRAM_ADDR[0]" is assigned to location or region, but does not exist in design
    Warning (15706): Node "DRAM_ADDR[10]" is assigned to location or region, but does not exist in design
    Warning (15706): Node "DRAM_ADDR[11]" is assigned to location or region, but does not exist in design
    Warning (15706): Node "DRAM_ADDR[12]" is assigned to location or region, but does not exist in design
    Warning (15706): Node "DRAM_ADDR[1]" is assigned to location or region, but does not exist in design
    Warning (15706): Node "DRAM_ADDR[2]" is assigned to location or region, but does not exist in design
    Warning (15706): Node "DRAM_ADDR[3]" is assigned to location or region, but does not exist in design
    Warning (15706): Node "DRAM_ADDR[4]" is assigned to location or region, but does not exist in design
    Warning (15706): Node "DRAM_ADDR[5]" is assigned to location or region, but does not exist in design
    Warning (15706): Node "DRAM_ADDR[6]" is assigned to location or region, but does not exist in design
    Warning (15706): Node "DRAM_ADDR[7]" is assigned to location or region, but does not exist in design
    Warning (15706): Node "DRAM_ADDR[8]" is assigned to location or region, but does not exist in design
    Warning (15706): Node "DRAM_ADDR[9]" is assigned to location or region, but does not exist in design
    Warning (15706): Node "DRAM_BA[0]" is assigned to location or region, but does not exist in design
    Warning (15706): Node "DRAM_BA[1]" is assigned to location or region, but does not exist in design
    Warning (15706): Node "DRAM_CAS_N" is assigned to location or region, but does not exist in design
    Warning (15706): Node "DRAM_CKE" is assigned to location or region, but does not exist in design
    Warning (15706): Node "DRAM_CLK" is assigned to location or region, but does not exist in design
    Warning (15706): Node "DRAM_CS_N" is assigned to location or region, but does not exist in design
    Warning (15706): Node "DRAM_DQ[0]" is assigned to location or region, but does not exist in design
    Warning (15706): Node "DRAM_DQ[10]" is assigned to location or region, but does not exist in design
    Warning (15706): Node "DRAM_DQ[11]" is assigned to location or region, but does not exist in design
    Warning (15706): Node "DRAM_DQ[12]" is assigned to location or region, but does not exist in design
    Warning (15706): Node "DRAM_DQ[13]" is assigned to location or region, but does not exist in design
    Warning (15706): Node "DRAM_DQ[14]" is assigned to location or region, but does not exist in design
    Warning (15706): Node "DRAM_DQ[15]" is assigned to location or region, but does not exist in design
    Warning (15706): Node "DRAM_DQ[1]" is assigned to location or region, but does not exist in design
    Warning (15706): Node "DRAM_DQ[2]" is assigned to location or region, but does not exist in design
    Warning (15706): Node "DRAM_DQ[3]" is assigned to location or region, but does not exist in design
    Warning (15706): Node "DRAM_DQ[4]" is assigned to location or region, but does not exist in design
    Warning (15706): Node "DRAM_DQ[5]" is assigned to location or region, but does not exist in design
    Warning (15706): Node "DRAM_DQ[6]" is assigned to location or region, but does not exist in design
    Warning (15706): Node "DRAM_DQ[7]" is assigned to location or region, but does not exist in design
    Warning (15706): Node "DRAM_DQ[8]" is assigned to location or region, but does not exist in design
    Warning (15706): Node "DRAM_DQ[9]" is assigned to location or region, but does not exist in design
    Warning (15706): Node "DRAM_LDQM" is assigned to location or region, but does not exist in design
    Warning (15706): Node "DRAM_RAS_N" is assigned to location or region, but does not exist in design
    Warning (15706): Node "DRAM_UDQM" is assigned to location or region, but does not exist in design
    Warning (15706): Node "DRAM_WE_N" is assigned to location or region, but does not exist in design
    Warning (15706): Node "GPIO[0]" is assigned to location or region, but does not exist in design
    Warning (15706): Node "GPIO[10]" is assigned to location or region, but does not exist in design
    Warning (15706): Node "GPIO[11]" is assigned to location or region, but does not exist in design
    Warning (15706): Node "GPIO[12]" is assigned to location or region, but does not exist in design
    Warning (15706): Node "GPIO[13]" is assigned to location or region, but does not exist in design
    Warning (15706): Node "GPIO[14]" is assigned to location or region, but does not exist in design
    Warning (15706): Node "GPIO[15]" is assigned to location or region, but does not exist in design
    Warning (15706): Node "GPIO[16]" is assigned to location or region, but does not exist in design
    Warning (15706): Node "GPIO[17]" is assigned to location or region, but does not exist in design
    Warning (15706): Node "GPIO[18]" is assigned to location or region, but does not exist in design
    Warning (15706): Node "GPIO[19]" is assigned to location or region, but does not exist in design
    Warning (15706): Node "GPIO[1]" is assigned to location or region, but does not exist in design
    Warning (15706): Node "GPIO[20]" is assigned to location or region, but does not exist in design
    Warning (15706): Node "GPIO[21]" is assigned to location or region, but does not exist in design
    Warning (15706): Node "GPIO[22]" is assigned to location or region, but does not exist in design
    Warning (15706): Node "GPIO[23]" is assigned to location or region, but does not exist in design
    Warning (15706): Node "GPIO[24]" is assigned to location or region, but does not exist in design
    Warning (15706): Node "GPIO[25]" is assigned to location or region, but does not exist in design
    Warning (15706): Node "GPIO[26]" is assigned to location or region, but does not exist in design
    Warning (15706): Node "GPIO[27]" is assigned to location or region, but does not exist in design
    Warning (15706): Node "GPIO[28]" is assigned to location or region, but does not exist in design
    Warning (15706): Node "GPIO[29]" is assigned to location or region, but does not exist in design
    Warning (15706): Node "GPIO[2]" is assigned to location or region, but does not exist in design
    Warning (15706): Node "GPIO[30]" is assigned to location or region, but does not exist in design
    Warning (15706): Node "GPIO[31]" is assigned to location or region, but does not exist in design
    Warning (15706): Node "GPIO[32]" is assigned to location or region, but does not exist in design
    Warning (15706): Node "GPIO[33]" is assigned to location or region, but does not exist in design
    Warning (15706): Node "GPIO[34]" is assigned to location or region, but does not exist in design
    Warning (15706): Node "GPIO[35]" is assigned to location or region, but does not exist in design
    Warning (15706): Node "GPIO[3]" is assigned to location or region, but does not exist in design
    Warning (15706): Node "GPIO[4]" is assigned to location or region, but does not exist in design
    Warning (15706): Node "GPIO[5]" is assigned to location or region, but does not exist in design
    Warning (15706): Node "GPIO[6]" is assigned to location or region, but does not exist in design
    Warning (15706): Node "GPIO[7]" is assigned to location or region, but does not exist in design
    Warning (15706): Node "GPIO[8]" is assigned to location or region, but does not exist in design
    Warning (15706): Node "GPIO[9]" is assigned to location or region, but does not exist in design
    Warning (15706): Node "GSENSOR_CS_N" is assigned to location or region, but does not exist in design
    Warning (15706): Node "GSENSOR_INT[1]" is assigned to location or region, but does not exist in design
    Warning (15706): Node "GSENSOR_INT[2]" is assigned to location or region, but does not exist in design
    Warning (15706): Node "GSENSOR_SCLK" is assigned to location or region, but does not exist in design
    Warning (15706): Node "GSENSOR_SDI" is assigned to location or region, but does not exist in design
    Warning (15706): Node "GSENSOR_SDO" is assigned to location or region, but does not exist in design
    Warning (15706): Node "HEX0[0]" is assigned to location or region, but does not exist in design
    Warning (15706): Node "HEX0[1]" is assigned to location or region, but does not exist in design
    Warning (15706): Node "HEX0[2]" is assigned to location or region, but does not exist in design
    Warning (15706): Node "HEX0[3]" is assigned to location or region, but does not exist in design
    Warning (15706): Node "HEX0[4]" is assigned to location or region, but does not exist in design
    Warning (15706): Node "HEX0[5]" is assigned to location or region, but does not exist in design
    Warning (15706): Node "HEX0[6]" is assigned to location or region, but does not exist in design
    Warning (15706): Node "HEX0[7]" is assigned to location or region, but does not exist in design
    Warning (15706): Node "HEX1[0]" is assigned to location or region, but does not exist in design
    Warning (15706): Node "HEX1[1]" is assigned to location or region, but does not exist in design
    Warning (15706): Node "HEX1[2]" is assigned to location or region, but does not exist in design
    Warning (15706): Node "HEX1[3]" is assigned to location or region, but does not exist in design
    Warning (15706): Node "HEX1[4]" is assigned to location or region, but does not exist in design
    Warning (15706): Node "HEX1[5]" is assigned to location or region, but does not exist in design
    Warning (15706): Node "HEX1[6]" is assigned to location or region, but does not exist in design
    Warning (15706): Node "HEX1[7]" is assigned to location or region, but does not exist in design
    Warning (15706): Node "HEX2[0]" is assigned to location or region, but does not exist in design
    Warning (15706): Node "HEX2[1]" is assigned to location or region, but does not exist in design
    Warning (15706): Node "HEX2[2]" is assigned to location or region, but does not exist in design
    Warning (15706): Node "HEX2[3]" is assigned to location or region, but does not exist in design
    Warning (15706): Node "HEX2[4]" is assigned to location or region, but does not exist in design
    Warning (15706): Node "HEX2[5]" is assigned to location or region, but does not exist in design
    Warning (15706): Node "HEX2[6]" is assigned to location or region, but does not exist in design
    Warning (15706): Node "HEX2[7]" is assigned to location or region, but does not exist in design
    Warning (15706): Node "HEX3[0]" is assigned to location or region, but does not exist in design
    Warning (15706): Node "HEX3[1]" is assigned to location or region, but does not exist in design
    Warning (15706): Node "HEX3[2]" is assigned to location or region, but does not exist in design
    Warning (15706): Node "HEX3[3]" is assigned to location or region, but does not exist in design
    Warning (15706): Node "HEX3[4]" is assigned to location or region, but does not exist in design
    Warning (15706): Node "HEX3[5]" is assigned to location or region, but does not exist in design
    Warning (15706): Node "HEX3[6]" is assigned to location or region, but does not exist in design
    Warning (15706): Node "HEX3[7]" is assigned to location or region, but does not exist in design
    Warning (15706): Node "HEX4[0]" is assigned to location or region, but does not exist in design
    Warning (15706): Node "HEX4[1]" is assigned to location or region, but does not exist in design
    Warning (15706): Node "HEX4[2]" is assigned to location or region, but does not exist in design
    Warning (15706): Node "HEX4[3]" is assigned to location or region, but does not exist in design
    Warning (15706): Node "HEX4[4]" is assigned to location or region, but does not exist in design
    Warning (15706): Node "HEX4[5]" is assigned to location or region, but does not exist in design
    Warning (15706): Node "HEX4[6]" is assigned to location or region, but does not exist in design
    Warning (15706): Node "HEX4[7]" is assigned to location or region, but does not exist in design
    Warning (15706): Node "HEX5[0]" is assigned to location or region, but does not exist in design
    Warning (15706): Node "HEX5[1]" is assigned to location or region, but does not exist in design
    Warning (15706): Node "HEX5[2]" is assigned to location or region, but does not exist in design
    Warning (15706): Node "HEX5[3]" is assigned to location or region, but does not exist in design
    Warning (15706): Node "HEX5[4]" is assigned to location or region, but does not exist in design
    Warning (15706): Node "HEX5[5]" is assigned to location or region, but does not exist in design
    Warning (15706): Node "HEX5[6]" is assigned to location or region, but does not exist in design
    Warning (15706): Node "HEX5[7]" is assigned to location or region, but does not exist in design
    Warning (15706): Node "KEY[0]" is assigned to location or region, but does not exist in design
    Warning (15706): Node "KEY[1]" is assigned to location or region, but does not exist in design
    Warning (15706): Node "LEDR[0]" is assigned to location or region, but does not exist in design
    Warning (15706): Node "LEDR[1]" is assigned to location or region, but does not exist in design
    Warning (15706): Node "LEDR[2]" is assigned to location or region, but does not exist in design
    Warning (15706): Node "LEDR[3]" is assigned to location or region, but does not exist in design
    Warning (15706): Node "LEDR[4]" is assigned to location or region, but does not exist in design
    Warning (15706): Node "LEDR[5]" is assigned to location or region, but does not exist in design
    Warning (15706): Node "LEDR[6]" is assigned to location or region, but does not exist in design
    Warning (15706): Node "LEDR[7]" is assigned to location or region, but does not exist in design
    Warning (15706): Node "LEDR[8]" is assigned to location or region, but does not exist in design
    Warning (15706): Node "LEDR[9]" is assigned to location or region, but does not exist in design
    Warning (15706): Node "MAX10_CLK1_50" is assigned to location or region, but does not exist in design
    Warning (15706): Node "MAX10_CLK2_50" is assigned to location or region, but does not exist in design
    Warning (15706): Node "SW[0]" is assigned to location or region, but does not exist in design
    Warning (15706): Node "SW[1]" is assigned to location or region, but does not exist in design
    Warning (15706): Node "SW[2]" is assigned to location or region, but does not exist in design
    Warning (15706): Node "SW[3]" is assigned to location or region, but does not exist in design
    Warning (15706): Node "SW[4]" is assigned to location or region, but does not exist in design
    Warning (15706): Node "SW[5]" is assigned to location or region, but does not exist in design
    Warning (15706): Node "SW[6]" is assigned to location or region, but does not exist in design
    Warning (15706): Node "SW[7]" is assigned to location or region, but does not exist in design
    Warning (15706): Node "SW[8]" is assigned to location or region, but does not exist in design
    Warning (15706): Node "SW[9]" is assigned to location or region, but does not exist in design
    Warning (15706): Node "VGA_B[0]" is assigned to location or region, but does not exist in design
    Warning (15706): Node "VGA_B[1]" is assigned to location or region, but does not exist in design
    Warning (15706): Node "VGA_B[2]" is assigned to location or region, but does not exist in design
    Warning (15706): Node "VGA_B[3]" is assigned to location or region, but does not exist in design
    Warning (15706): Node "VGA_G[0]" is assigned to location or region, but does not exist in design
    Warning (15706): Node "VGA_G[1]" is assigned to location or region, but does not exist in design
    Warning (15706): Node "VGA_G[2]" is assigned to location or region, but does not exist in design
    Warning (15706): Node "VGA_G[3]" is assigned to location or region, but does not exist in design
    Warning (15706): Node "VGA_HS" is assigned to location or region, but does not exist in design
    Warning (15706): Node "VGA_R[0]" is assigned to location or region, but does not exist in design
    Warning (15706): Node "VGA_R[1]" is assigned to location or region, but does not exist in design
    Warning (15706): Node "VGA_R[2]" is assigned to location or region, but does not exist in design
    Warning (15706): Node "VGA_R[3]" is assigned to location or region, but does not exist in design
    Warning (15706): Node "VGA_VS" is assigned to location or region, but does not exist in design
Info (171121): Fitter preparation operations ending: elapsed time is 00:00:02
Info (14896): Fitter has disabled Advanced Physical Optimization because it is not supported for the current family.
Info (170189): Fitter placement preparation operations beginning
Info (170190): Fitter placement preparation operations ending: elapsed time is 00:00:00
Info (170191): Fitter placement operations beginning
Info (170137): Fitter placement was successful
Info (170192): Fitter placement operations ending: elapsed time is 00:00:13
Info (170193): Fitter routing operations beginning
Info (170195): Router estimated average interconnect usage is 2% of the available device resources
    Info (170196): Router estimated peak interconnect usage is 9% of the available device resources in the region that extends from location X45_Y11 to location X55_Y21
Info (170199): The Fitter performed an Auto Fit compilation.  Optimizations were skipped to reduce compilation time.
    Info (170201): Optimizations that may affect the design's routability were skipped
    Info (170200): Optimizations that may affect the design's timing were skipped
Info (170194): Fitter routing operations ending: elapsed time is 00:00:01
Info (11888): Total time spent on timing analysis during the Fitter is 1.06 seconds.
Info (334003): Started post-fitting delay annotation
Warning (334000): Timing characteristics of device 10M50DAF484C6GES are preliminary
Info (334004): Delay annotation completed successfully
Info (334003): Started post-fitting delay annotation
Warning (334000): Timing characteristics of device 10M50DAF484C6GES are preliminary
Info (334004): Delay annotation completed successfully
Info (11218): Fitter post-fit operations ending: elapsed time is 00:00:02
Warning (171167): Found invalid Fitter assignments. See the Ignored Assignments panel in the Fitter Compilation Report for more information.
Info (144001): Generated suppressed messages file C:/Users/vitor/elec_num/projet_fft16/jalon_2/Quartus_seq/output_files/fft16OPT.fit.smsg
Info: Quartus Prime Fitter was successful. 0 errors, 195 warnings
    Info: Peak virtual memory: 6138 megabytes
    Info: Processing ended: Thu Nov 13 16:16:07 2025
    Info: Elapsed time: 00:00:27
    Info: Total CPU time (on all processors): 00:00:41


+----------------------------+
; Fitter Suppressed Messages ;
+----------------------------+
The suppressed messages can be found in C:/Users/vitor/elec_num/projet_fft16/jalon_2/Quartus_seq/output_files/fft16OPT.fit.smsg.


